tv_grab_uk_freeview, 2026-10-08 01:26:58
----------------------------------------
getting list of channels:  URL= https://www.freeview.co.uk/api/channel-list?nid=64403 
Fetching https://www.freeview.co.uk/api/channel-list?nid=64403 from server.
##################################################
using cache '/home/runner/work/xmltv/xmltv/scripts//.xmltv/cache' 
using channel format 'number' 
using region id '64403' 
using icon ch string '?w=160' 
using icon pg string '?w=800' 
fetch 20 channels 
start/end grab: 1791504000 1791590400 
getting listings:  URL= https://www.freeview.co.uk/api/tv-guide?nid=64403&start=1791504000 
Fetching https://www.freeview.co.uk/api/tv-guide?nid=64403&start=1791504000 from server.
 Wanted 8384 
Fetching https://www.freeview.co.uk/api/program?sid=4&nid=64403&pid=crid://csi.digitaluk.co.uk/c3514b0f-ed55-458a-a208-0d62fddeaf7f&start=2026-10-09T00:00:00+0000&duration=PT55M from server.
Fetching https://www.freeview.co.uk/api/program?sid=4&nid=64403&pid=crid://csi.digitaluk.co.uk/f7704164-dc54-419a-b360-c9652d6d19e2&start=2026-10-09T00:55:00+0000&duration=PT50M from server.
Fetching https://www.freeview.co.uk/api/program?sid=4&nid=64403&pid=crid://movida.bebanjo.net/mas/version/77631/003/ASDELIVERED/C&start=2026-10-09T01:45:00+0000&duration=PT55M from server.
Fetching https://www.freeview.co.uk/api/program?sid=4&nid=64403&pid=crid://movida.bebanjo.net/mas/version/79485/003/ASDELIVERED/C&start=2026-10-09T02:40:00+0000&duration=PT40M from server.
Fetching https://www.freeview.co.uk/api/program?sid=4&nid=64403&pid=crid://csi.digitaluk.co.uk/ee78bed2-2e3a-4ab2-b58b-36a1f4a4c995&start=2026-10-09T03:20:00+0000&duration=PT15M from server.
Fetching https://www.freeview.co.uk/api/program?sid=4&nid=64403&pid=crid://csi.digitaluk.co.uk/7e03774d-9a37-4ca0-9f45-515ece45e95c&start=2026-10-09T03:35:00+0000&duration=PT25M from server.
Fetching https://www.freeview.co.uk/api/program?sid=4&nid=64403&pid=crid://csi.digitaluk.co.uk/67b359c5-fc51-4a69-9e0a-c757a80f50ba&start=2026-10-09T04:00:00+0000&duration=PT50M from server.
Fetching https://www.freeview.co.uk/api/program?sid=4&nid=64403&pid=crid://movida.bebanjo.net/mas/version/77002/134/ASDELIVERED/C&start=2026-10-09T04:50:00+0000&duration=PT40M from server.
Fetching https://www.freeview.co.uk/api/program?sid=4&nid=64403&pid=crid://csi.digitaluk.co.uk/b8ecb2fd-b818-4031-a491-4d440dd2400b&start=2026-10-09T05:30:00+0000&duration=PT25M from server.
Fetching https://www.freeview.co.uk/api/program?sid=4&nid=64403&pid=crid://csi.digitaluk.co.uk/526ee5b4-c1e5-4e65-a172-371cfae0808a&start=2026-10-09T05:55:00+0000&duration=PT25M from server.
Fetching https://www.freeview.co.uk/api/program?sid=4&nid=64403&pid=crid://csi.digitaluk.co.uk/48b30938-40b9-4da7-b5c3-f47d2fd7ee8a&start=2026-10-09T06:20:00+0000&duration=PT25M from server.
Fetching https://www.freeview.co.uk/api/program?sid=4&nid=64403&pid=crid://csi.digitaluk.co.uk/dddc2a55-7b2a-47c4-a029-1d5cf0b938c2&start=2026-10-09T06:45:00+0000&duration=PT25M from server.
Fetching https://www.freeview.co.uk/api/program?sid=4&nid=64403&pid=crid://csi.digitaluk.co.uk/a46a0ca6-c84f-41ee-a1ec-67bbf1cd8fb6&start=2026-10-09T07:10:00+0000&duration=PT30M from server.
Fetching https://www.freeview.co.uk/api/program?sid=4&nid=64403&pid=crid://csi.digitaluk.co.uk/6a030638-b828-4f49-8663-0a665f91ae56&start=2026-10-09T07:40:00+0000&duration=PT30M from server.
Fetching https://www.freeview.co.uk/api/program?sid=4&nid=64403&pid=crid://csi.digitaluk.co.uk/78c1421c-e7ce-4f17-8637-66470d2fffed&start=2026-10-09T08:10:00+0000&duration=PT30M from server.
Fetching https://www.freeview.co.uk/api/program?sid=4&nid=64403&pid=crid://csi.digitaluk.co.uk/3c2c4741-bf0a-48ef-8c56-95fe56e18d6f&start=2026-10-09T08:40:00+0000&duration=PT30M from server.
Fetching https://www.freeview.co.uk/api/program?sid=4&nid=64403&pid=crid://csi.digitaluk.co.uk/a01c7c9b-9f05-4a1f-b8aa-4ce261f477ac&start=2026-10-09T09:10:00+0000&duration=PT30M from server.
Fetching https://www.freeview.co.uk/api/program?sid=4&nid=64403&pid=crid://csi.digitaluk.co.uk/47a495c5-249c-4cf3-9ab8-ac4d35781ca7&start=2026-10-09T09:40:00+0000&duration=PT30M from server.
Fetching https://www.freeview.co.uk/api/program?sid=4&nid=64403&pid=crid://csi.digitaluk.co.uk/be880ddd-3390-45ee-8fac-594f767cd35d&start=2026-10-09T10:10:00+0000&duration=PT55M from server.
Fetching https://www.freeview.co.uk/api/program?sid=4&nid=64403&pid=crid://csi.digitaluk.co.uk/cc094812-1355-49bc-84cf-3b0d91002b2f&start=2026-10-09T11:05:00+0000&duration=PT5M from server.
Fetching https://www.freeview.co.uk/api/program?sid=4&nid=64403&pid=crid://csi.digitaluk.co.uk/0f9e7dca-8d89-4418-a1a1-69563ae79a75&start=2026-10-09T11:10:00+0000&duration=PT1H from server.
Fetching https://www.freeview.co.uk/api/program?sid=4&nid=64403&pid=crid://csi.digitaluk.co.uk/8e8da4b2-910d-456a-afda-4ec75497a7f6&start=2026-10-09T12:10:00+0000&duration=PT1H from server.
Fetching https://www.freeview.co.uk/api/program?sid=4&nid=64403&pid=crid://movida.bebanjo.net/mas/version/77002/135/ASDELIVERED/C&start=2026-10-09T13:10:00+0000&duration=PT50M from server.
Fetching https://www.freeview.co.uk/api/program?sid=4&nid=64403&pid=crid://csi.digitaluk.co.uk/667b8eab-5ca5-41b2-a230-f6ee0fdb9d28&start=2026-10-09T14:00:00+0000&duration=PT1H from server.
Fetching https://www.freeview.co.uk/api/program?sid=4&nid=64403&pid=crid://movida.bebanjo.net/mas/version/77004/025/ASDELIVERED/C&start=2026-10-09T15:00:00+0000&duration=PT1H from server.
Fetching https://www.freeview.co.uk/api/program?sid=4&nid=64403&pid=crid://movida.bebanjo.net/mas/version/77206/060/ASDELIVERED/C&start=2026-10-09T16:00:00+0000&duration=PT30M from server.
Fetching https://www.freeview.co.uk/api/program?sid=4&nid=64403&pid=crid://csi.digitaluk.co.uk/9375bd2e-5de3-4a3a-aa71-db6f3c9afe00&start=2026-10-09T16:30:00+0000&duration=PT30M from server.
Fetching https://www.freeview.co.uk/api/program?sid=4&nid=64403&pid=crid://csi.digitaluk.co.uk/715c5826-ab8c-42b9-941b-ec16a57627f9&start=2026-10-09T17:00:00+0000&duration=PT30M from server.
Fetching https://www.freeview.co.uk/api/program?sid=4&nid=64403&pid=crid://csi.digitaluk.co.uk/b25b5c8e-1355-412c-970f-ba822d3414b6&start=2026-10-09T17:30:00+0000&duration=PT30M from server.
Fetching https://www.freeview.co.uk/api/program?sid=4&nid=64403&pid=crid://csi.digitaluk.co.uk/b8ecccbc-1be3-4388-978f-d2364ddda1ab&start=2026-10-09T18:00:00+0000&duration=PT1H from server.
Fetching https://www.freeview.co.uk/api/program?sid=4&nid=64403&pid=crid://csi.digitaluk.co.uk/3fea86a5-89dd-42fc-9645-1b950da7621c&start=2026-10-09T19:00:00+0000&duration=PT1H5M from server.
Fetching https://www.freeview.co.uk/api/program?sid=4&nid=64403&pid=crid://csi.digitaluk.co.uk/400c6b45-9ff1-4a00-af54-7a0c285f46f0&start=2026-10-09T20:05:00+0000&duration=PT1H from server.
Fetching https://www.freeview.co.uk/api/program?sid=4&nid=64403&pid=crid://csi.digitaluk.co.uk/6594e3d9-a4fb-4c41-8779-04f112cd153a&start=2026-10-09T21:05:00+0000&duration=PT1H5M from server.
Fetching https://www.freeview.co.uk/api/program?sid=4&nid=64403&pid=crid://movida.bebanjo.net/mas/version/75373/001/POSTWATERSHED2100/C&start=2026-10-09T22:10:00+0000&duration=PT1H50M from server.
## Wanted 8500 
Fetching https://www.freeview.co.uk/api/program?sid=5&nid=64403&pid=crid://panorama.five.tv/versions/C5349600001A&start=2026-10-09T00:00:00+0000&duration=PT1H from server.
Fetching https://www.freeview.co.uk/api/program?sid=5&nid=64403&pid=crid://panorama.five.tv/versions/C5357660004A&start=2026-10-09T01:00:00+0000&duration=PT50M from server.
Fetching https://www.freeview.co.uk/api/program?sid=5&nid=64403&pid=crid://panorama.five.tv/versions/C5495570009A&start=2026-10-09T01:50:00+0000&duration=PT50M from server.
Fetching https://www.freeview.co.uk/api/program?sid=5&nid=64403&pid=crid://panorama.five.tv/versions/C5434620009B&start=2026-10-09T02:40:00+0000&duration=PT45M from server.
Fetching https://www.freeview.co.uk/api/program?sid=5&nid=64403&pid=crid://panorama.five.tv/versions/C5316600021A&start=2026-10-09T03:25:00+0000&duration=PT25M from server.
Fetching https://www.freeview.co.uk/api/program?sid=5&nid=64403&pid=crid://panorama.five.tv/versions/C5316600022A&start=2026-10-09T03:50:00+0000&duration=PT25M from server.
Fetching https://www.freeview.co.uk/api/program?sid=5&nid=64403&pid=crid://panorama.five.tv/versions/C5522700041A&start=2026-10-09T04:15:00+0000&duration=PT10M from server.
Fetching https://www.freeview.co.uk/api/program?sid=5&nid=64403&pid=crid://panorama.five.tv/versions/C5457060026A&start=2026-10-09T04:25:00+0000&duration=PT10M from server.
Fetching https://www.freeview.co.uk/api/program?sid=5&nid=64403&pid=crid://panorama.five.tv/versions/C5457060027A&start=2026-10-09T04:35:00+0000&duration=PT10M from server.
Fetching https://www.freeview.co.uk/api/program?sid=5&nid=64403&pid=crid://panorama.five.tv/versions/C5457060028A&start=2026-10-09T04:45:00+0000&duration=PT15M from server.
Fetching https://www.freeview.co.uk/api/program?sid=5&nid=64403&pid=crid://panorama.five.tv/versions/C5265570009B&start=2026-10-09T05:00:00+0000&duration=PT5M from server.
Fetching https://www.freeview.co.uk/api/program?sid=5&nid=64403&pid=crid://panorama.five.tv/versions/C5265570010B&start=2026-10-09T05:05:00+0000&duration=PT5M from server.
Fetching https://www.freeview.co.uk/api/program?sid=5&nid=64403&pid=crid://panorama.five.tv/versions/C5392420001A&start=2026-10-09T05:10:00+0000&duration=PT5M from server.
Fetching https://www.freeview.co.uk/api/program?sid=5&nid=64403&pid=crid://panorama.five.tv/versions/C5285600038A&start=2026-10-09T05:15:00+0000&duration=PT5M from server.
Fetching https://www.freeview.co.uk/api/program?sid=5&nid=64403&pid=crid://panorama.five.tv/versions/C5229750003A&start=2026-10-09T05:20:00+0000&duration=PT15M from server.
Fetching https://www.freeview.co.uk/api/program?sid=5&nid=64403&pid=crid://panorama.five.tv/versions/C5412200026A&start=2026-10-09T05:35:00+0000&duration=PT10M from server.
Fetching https://www.freeview.co.uk/api/program?sid=5&nid=64403&pid=crid://panorama.five.tv/versions/C5474560005A&start=2026-10-09T05:45:00+0000&duration=PT5M from server.
Use of uninitialized value $content in numeric eq (==) at /home/runner/work/xmltv/xmltv/scripts/tv_grab_uk_freeview/tv_grab_uk_freeview line 534.
no content - creating empty file
Fetching https://www.freeview.co.uk/api/program?sid=5&nid=64403&pid=crid://panorama.five.tv/versions/C5285620017A&start=2026-10-09T05:50:00+0000&duration=PT5M from server.
Fetching https://www.freeview.co.uk/api/program?sid=5&nid=64403&pid=crid://panorama.five.tv/versions/C5463820034A&start=2026-10-09T05:55:00+0000&duration=PT15M from server.
Fetching https://www.freeview.co.uk/api/program?sid=5&nid=64403&pid=crid://panorama.five.tv/versions/C5491450034A&start=2026-10-09T06:10:00+0000&duration=PT10M from server.
Fetching https://www.freeview.co.uk/api/program?sid=5&nid=64403&pid=crid://panorama.five.tv/versions/C5537020005B&start=2026-10-09T06:20:00+0000&duration=PT10M from server.
Fetching https://www.freeview.co.uk/api/program?sid=5&nid=64403&pid=crid://panorama.five.tv/versions/C5144870036C&start=2026-10-09T06:30:00+0000&duration=PT5M from server.
Fetching https://www.freeview.co.uk/api/program?sid=5&nid=64403&pid=crid://panorama.five.tv/versions/C5144870037C&start=2026-10-09T06:35:00+0000&duration=PT10M from server.
Fetching https://www.freeview.co.uk/api/program?sid=5&nid=64403&pid=crid://panorama.five.tv/versions/C5489560004A&start=2026-10-09T06:45:00+0000&duration=PT10M from server.
Fetching https://www.freeview.co.uk/api/program?sid=5&nid=64403&pid=crid://panorama.five.tv/versions/C5285680041A&start=2026-10-09T06:55:00+0000&duration=PT20M from server.
Fetching https://www.freeview.co.uk/api/program?sid=5&nid=64403&pid=crid://panorama.five.tv/versions/C5536940007A&start=2026-10-09T07:15:00+0000&duration=PT10M from server.
Fetching https://www.freeview.co.uk/api/program?sid=5&nid=64403&pid=crid://panorama.five.tv/versions/C5285580025A&start=2026-10-09T07:25:00+0000&duration=PT10M from server.
Fetching https://www.freeview.co.uk/api/program?sid=5&nid=64403&pid=crid://panorama.five.tv/versions/C5536760005A&start=2026-10-09T07:35:00+0000&duration=PT10M from server.
Fetching https://www.freeview.co.uk/api/program?sid=5&nid=64403&pid=crid://panorama.five.tv/versions/C5115230025C&start=2026-10-09T07:45:00+0000&duration=PT5M from server.
Fetching https://www.freeview.co.uk/api/program?sid=5&nid=64403&pid=crid://panorama.five.tv/versions/C5115230026C&start=2026-10-09T07:50:00+0000&duration=PT5M from server.
Fetching https://www.freeview.co.uk/api/program?sid=5&nid=64403&pid=crid://panorama.five.tv/versions/C5165010031A&start=2026-10-09T07:55:00+0000&duration=PT10M from server.
Fetching https://www.freeview.co.uk/api/program?sid=5&nid=64403&pid=crid://panorama.five.tv/versions/C5540840005A&start=2026-10-09T08:05:00+0000&duration=PT10M from server.
Fetching https://www.freeview.co.uk/api/program?sid=5&nid=64403&pid=crid://panorama.five.tv/versions/C5524340200A&start=2026-10-09T08:15:00+0000&duration=PT2H15M from server.
Fetching https://www.freeview.co.uk/api/program?sid=5&nid=64403&pid=crid://panorama.five.tv/versions/C5524360200A&start=2026-10-09T10:30:00+0000&duration=PT1H15M from server.
Fetching https://www.freeview.co.uk/api/program?sid=5&nid=64403&pid=crid://panorama.five.tv/versions/C5524440195A&start=2026-10-09T11:45:00+0000&duration=PT5M from server.
Fetching https://www.freeview.co.uk/api/program?sid=5&nid=64403&pid=crid://panorama.five.tv/versions/C5526780195A&start=2026-10-09T11:50:00+0000&duration=PT1H30M from server.
Fetching https://www.freeview.co.uk/api/program?sid=5&nid=64403&pid=crid://panorama.five.tv/versions/C5486740001E&start=2026-10-09T13:20:00+0000&duration=PT1H40M from server.
Fetching https://www.freeview.co.uk/api/program?sid=5&nid=64403&pid=crid://panorama.five.tv/versions/C5495570010A&start=2026-10-09T15:00:00+0000&duration=PT1H from server.
Fetching https://www.freeview.co.uk/api/program?sid=5&nid=64403&pid=crid://panorama.five.tv/versions/C5524400199A&start=2026-10-09T16:00:00+0000&duration=PT1H from server.
Fetching https://www.freeview.co.uk/api/program?sid=5&nid=64403&pid=crid://panorama.five.tv/versions/C5524580001A&start=2026-10-09T17:00:00+0000&duration=PT1H from server.
Fetching https://www.freeview.co.uk/api/program?sid=5&nid=64403&pid=crid://panorama.five.tv/versions/C5515920004C&start=2026-10-09T18:00:00+0000&duration=PT1H from server.
Fetching https://www.freeview.co.uk/api/program?sid=5&nid=64403&pid=crid://panorama.five.tv/versions/C5499510004A&start=2026-10-09T19:00:00+0000&duration=PT1H5M from server.
Fetching https://www.freeview.co.uk/api/program?sid=5&nid=64403&pid=crid://panorama.five.tv/versions/C5528100001C&start=2026-10-09T20:05:00+0000&duration=PT1H from server.
Fetching https://www.freeview.co.uk/api/program?sid=5&nid=64403&pid=crid://panorama.five.tv/versions/C5527200036A&start=2026-10-09T21:05:00+0000&duration=PT2H from server.
Fetching https://www.freeview.co.uk/api/program?sid=5&nid=64403&pid=crid://panorama.five.tv/versions/C5524560001C&start=2026-10-09T23:05:00+0000&duration=PT55M from server.
### Wanted 28000 
Fetching https://www.freeview.co.uk/api/program?sid=12&nid=64403&pid=crid://csi.digitaluk.co.uk/8d1fa410-f6a0-4149-a86a-03bf24905e00&start=2026-10-09T00:00:00+0000&duration=PT30M from server.
Fetching https://www.freeview.co.uk/api/program?sid=12&nid=64403&pid=crid://csi.digitaluk.co.uk/9cb1e131-837e-4f61-91c4-7412ce5d0646&start=2026-10-09T00:30:00+0000&duration=PT30M from server.
Fetching https://www.freeview.co.uk/api/program?sid=12&nid=64403&pid=crid://csi.digitaluk.co.uk/4635d1d9-3b3b-4a1f-bec9-788b24e588b9&start=2026-10-09T01:00:00+0000&duration=PT1H from server.
Fetching https://www.freeview.co.uk/api/program?sid=12&nid=64403&pid=crid://csi.digitaluk.co.uk/225db349-a5e8-497e-b2fb-cefea63058ac&start=2026-10-09T02:00:00+0000&duration=PT2H from server.
Fetching https://www.freeview.co.uk/api/program?sid=12&nid=64403&pid=crid://csi.digitaluk.co.uk/71d363d2-7ad2-4363-8cce-0497fe2d5423&start=2026-10-09T04:00:00+0000&duration=PT30M from server.
Fetching https://www.freeview.co.uk/api/program?sid=12&nid=64403&pid=crid://csi.digitaluk.co.uk/477a6c62-4568-4311-aec7-100a96c4ebf1&start=2026-10-09T04:30:00+0000&duration=PT30M from server.
Fetching https://www.freeview.co.uk/api/program?sid=12&nid=64403&pid=crid://csi.digitaluk.co.uk/5c72bfe7-e1c6-4e2d-b8e1-bb2c3eeb9149&start=2026-10-09T05:00:00+0000&duration=PT30M from server.
Fetching https://www.freeview.co.uk/api/program?sid=12&nid=64403&pid=crid://csi.digitaluk.co.uk/e248d357-b5dd-45e6-adb8-7273b0bc9cdd&start=2026-10-09T05:30:00+0000&duration=PT30M from server.
Fetching https://www.freeview.co.uk/api/program?sid=12&nid=64403&pid=crid://csi.digitaluk.co.uk/69e35e73-acbe-4509-81ac-f2a132bc279b&start=2026-10-09T06:00:00+0000&duration=PT30M from server.
Fetching https://www.freeview.co.uk/api/program?sid=12&nid=64403&pid=crid://csi.digitaluk.co.uk/50bfce86-3129-4012-81c7-1d182e4fee36&start=2026-10-09T06:30:00+0000&duration=PT30M from server.
Fetching https://www.freeview.co.uk/api/program?sid=12&nid=64403&pid=crid://csi.digitaluk.co.uk/fb135ac7-3aaf-428d-805e-215929c67ecb&start=2026-10-09T07:00:00+0000&duration=PT30M from server.
Fetching https://www.freeview.co.uk/api/program?sid=12&nid=64403&pid=crid://csi.digitaluk.co.uk/587f3577-90bd-4a9a-8338-ee26cbfaf278&start=2026-10-09T07:30:00+0000&duration=PT30M from server.
Fetching https://www.freeview.co.uk/api/program?sid=12&nid=64403&pid=crid://csi.digitaluk.co.uk/1ea8fb24-8587-49dd-9ded-f48beae9ed1b&start=2026-10-09T08:00:00+0000&duration=PT30M from server.
Fetching https://www.freeview.co.uk/api/program?sid=12&nid=64403&pid=crid://csi.digitaluk.co.uk/e6ca2e8b-5958-440f-8a70-92149d12af40&start=2026-10-09T08:30:00+0000&duration=PT30M from server.
Fetching https://www.freeview.co.uk/api/program?sid=12&nid=64403&pid=crid://csi.digitaluk.co.uk/2fa69ff9-57b4-4f09-a3c7-b27e9eb876a6&start=2026-10-09T09:00:00+0000&duration=PT30M from server.
Fetching https://www.freeview.co.uk/api/program?sid=12&nid=64403&pid=crid://csi.digitaluk.co.uk/2e6eb6c3-9475-4a11-93ea-61369985e40b&start=2026-10-09T09:30:00+0000&duration=PT30M from server.
Fetching https://www.freeview.co.uk/api/program?sid=12&nid=64403&pid=crid://csi.digitaluk.co.uk/c4e743d5-8da9-4a31-a18f-18eb8e9ed07c&start=2026-10-09T10:00:00+0000&duration=PT30M from server.
Fetching https://www.freeview.co.uk/api/program?sid=12&nid=64403&pid=crid://csi.digitaluk.co.uk/dd098e0d-15ed-4e25-ad60-262474495c8d&start=2026-10-09T10:30:00+0000&duration=PT30M from server.
Fetching https://www.freeview.co.uk/api/program?sid=12&nid=64403&pid=crid://csi.digitaluk.co.uk/7a277384-0e9e-496f-8c44-598eaf29820d&start=2026-10-09T11:00:00+0000&duration=PT30M from server.
Fetching https://www.freeview.co.uk/api/program?sid=12&nid=64403&pid=crid://csi.digitaluk.co.uk/19c3ecde-6177-4e52-aafd-720325948749&start=2026-10-09T11:30:00+0000&duration=PT30M from server.
Fetching https://www.freeview.co.uk/api/program?sid=12&nid=64403&pid=crid://csi.digitaluk.co.uk/44d5c556-e7ea-422d-a3d2-8b15525bd685&start=2026-10-09T12:00:00+0000&duration=PT30M from server.
Fetching https://www.freeview.co.uk/api/program?sid=12&nid=64403&pid=crid://csi.digitaluk.co.uk/5833b13e-5e0b-4e16-b151-4aca9fef49de&start=2026-10-09T12:30:00+0000&duration=PT30M from server.
Fetching https://www.freeview.co.uk/api/program?sid=12&nid=64403&pid=crid://csi.digitaluk.co.uk/906c50a8-a34a-4db5-8677-44ca4350b0cf&start=2026-10-09T13:00:00+0000&duration=PT30M from server.
Fetching https://www.freeview.co.uk/api/program?sid=12&nid=64403&pid=crid://csi.digitaluk.co.uk/b2920123-30cb-4764-b766-05b512e2cc62&start=2026-10-09T13:30:00+0000&duration=PT30M from server.
Fetching https://www.freeview.co.uk/api/program?sid=12&nid=64403&pid=crid://csi.digitaluk.co.uk/623f74a4-8b4a-4efa-8629-528b70acbd94&start=2026-10-09T14:00:00+0000&duration=PT30M from server.
Fetching https://www.freeview.co.uk/api/program?sid=12&nid=64403&pid=crid://csi.digitaluk.co.uk/2d5978be-7100-4f75-8a04-b9c2ae5f3200&start=2026-10-09T14:30:00+0000&duration=PT30M from server.
Fetching https://www.freeview.co.uk/api/program?sid=12&nid=64403&pid=crid://csi.digitaluk.co.uk/889d0d7e-115d-4325-8cc3-30d1f8051f2b&start=2026-10-09T15:00:00+0000&duration=PT30M from server.
Fetching https://www.freeview.co.uk/api/program?sid=12&nid=64403&pid=crid://csi.digitaluk.co.uk/9e65fec6-54c7-4aeb-8d2e-95561ced015f&start=2026-10-09T15:30:00+0000&duration=PT30M from server.
Fetching https://www.freeview.co.uk/api/program?sid=12&nid=64403&pid=crid://csi.digitaluk.co.uk/862db503-5037-4d5b-ae2d-7361f8c09715&start=2026-10-09T16:00:00+0000&duration=PT30M from server.
Fetching https://www.freeview.co.uk/api/program?sid=12&nid=64403&pid=crid://csi.digitaluk.co.uk/1823c460-8c1f-4e89-b82a-a5f3a3ce5280&start=2026-10-09T16:30:00+0000&duration=PT30M from server.
Fetching https://www.freeview.co.uk/api/program?sid=12&nid=64403&pid=crid://csi.digitaluk.co.uk/9d69bdd9-dcf9-4315-8a00-26aeb7a1513d&start=2026-10-09T17:00:00+0000&duration=PT30M from server.
Fetching https://www.freeview.co.uk/api/program?sid=12&nid=64403&pid=crid://csi.digitaluk.co.uk/98763b5a-eedd-4eaf-a084-0adee6e539ed&start=2026-10-09T17:30:00+0000&duration=PT30M from server.
Fetching https://www.freeview.co.uk/api/program?sid=12&nid=64403&pid=crid://csi.digitaluk.co.uk/c52c775c-c247-4a6f-9275-026e2ac86bd0&start=2026-10-09T18:00:00+0000&duration=PT30M from server.
Fetching https://www.freeview.co.uk/api/program?sid=12&nid=64403&pid=crid://csi.digitaluk.co.uk/640216b2-106f-4da4-a547-364e210c3f36&start=2026-10-09T18:30:00+0000&duration=PT30M from server.
Fetching https://www.freeview.co.uk/api/program?sid=12&nid=64403&pid=crid://csi.digitaluk.co.uk/116806e2-d0f1-41b6-9be2-aca5eddf9ad1&start=2026-10-09T19:00:00+0000&duration=PT30M from server.
Fetching https://www.freeview.co.uk/api/program?sid=12&nid=64403&pid=crid://csi.digitaluk.co.uk/1419118b-fdba-4de5-9f52-6e042c762069&start=2026-10-09T19:30:00+0000&duration=PT30M from server.
Fetching https://www.freeview.co.uk/api/program?sid=12&nid=64403&pid=crid://csi.digitaluk.co.uk/6f837461-8042-4ecc-9c6e-ecb318ffef64&start=2026-10-09T20:00:00+0000&duration=PT2H from server.
Fetching https://www.freeview.co.uk/api/program?sid=12&nid=64403&pid=crid://csi.digitaluk.co.uk/efc833b8-dce7-4594-9de0-3d0755a7a1bf&start=2026-10-09T22:00:00+0000&duration=PT1H from server.
Fetching https://www.freeview.co.uk/api/program?sid=12&nid=64403&pid=crid://csi.digitaluk.co.uk/12a45219-948b-418d-8f76-eb4870641255&start=2026-10-09T23:00:00+0000&duration=PT30M from server.
Fetching https://www.freeview.co.uk/api/program?sid=12&nid=64403&pid=crid://csi.digitaluk.co.uk/dfaef6d7-a551-45f1-9a9e-88c4db2f3fbd&start=2026-10-09T23:30:00+0000&duration=PT30M from server.
## Wanted 8448 
Fetching https://www.freeview.co.uk/api/program?sid=13&nid=64403&pid=crid://csi.digitaluk.co.uk/dda5e9d4-13b0-4d60-a9f5-8d0d92ee7d17&start=2026-10-09T00:05:00+0000&duration=PT1H5M from server.
Fetching https://www.freeview.co.uk/api/program?sid=13&nid=64403&pid=crid://csi.digitaluk.co.uk/7e9cad38-be89-4d41-849f-c755ed1cacb8&start=2026-10-09T01:10:00+0000&duration=PT55M from server.
Fetching https://www.freeview.co.uk/api/program?sid=13&nid=64403&pid=crid://csi.digitaluk.co.uk/a2f7d892-adfa-45a6-ad58-b84b783a818a&start=2026-10-09T02:05:00+0000&duration=PT55M from server.
Fetching https://www.freeview.co.uk/api/program?sid=13&nid=64403&pid=crid://csi.digitaluk.co.uk/d764819d-4bc2-4a7b-a8e1-e01aae3f1486&start=2026-10-09T03:00:00+0000&duration=PT25M from server.
Fetching https://www.freeview.co.uk/api/program?sid=13&nid=64403&pid=crid://csi.digitaluk.co.uk/6621a105-e1fc-4bbb-b81e-61bbd2bc58fc&start=2026-10-09T03:25:00+0000&duration=PT25M from server.
Fetching https://www.freeview.co.uk/api/program?sid=13&nid=64403&pid=crid://csi.digitaluk.co.uk/95947318-bcf4-49d0-b149-bfad155a7c8b&start=2026-10-09T03:50:00+0000&duration=PT25M from server.
Fetching https://www.freeview.co.uk/api/program?sid=13&nid=64403&pid=crid://csi.digitaluk.co.uk/da3f6251-4259-4244-a7d0-3df24f813bd4&start=2026-10-09T04:15:00+0000&duration=PT45M from server.
Fetching https://www.freeview.co.uk/api/program?sid=13&nid=64403&pid=crid://csi.digitaluk.co.uk/1ad1a094-6dcf-4d86-bf76-9e0205e2a5ba&start=2026-10-09T05:00:00+0000&duration=PT30M from server.
Fetching https://www.freeview.co.uk/api/program?sid=13&nid=64403&pid=crid://csi.digitaluk.co.uk/6d674931-eb54-4e9b-93af-b3e2318a1491&start=2026-10-09T05:30:00+0000&duration=PT25M from server.
Fetching https://www.freeview.co.uk/api/program?sid=13&nid=64403&pid=crid://csi.digitaluk.co.uk/35c65b22-f4c6-4044-a2b1-c4e986dfbeae&start=2026-10-09T05:55:00+0000&duration=PT5M from server.
Fetching https://www.freeview.co.uk/api/program?sid=13&nid=64403&pid=crid://csi.digitaluk.co.uk/c931dc33-c864-4da3-8ebc-33dda4b7add6&start=2026-10-09T06:00:00+0000&duration=PT1H from server.
Fetching https://www.freeview.co.uk/api/program?sid=13&nid=64403&pid=crid://csi.digitaluk.co.uk/f3ee19b5-aaad-4bc2-b85a-7f6d87a8c674&start=2026-10-09T07:00:00+0000&duration=PT1H from server.
Fetching https://www.freeview.co.uk/api/program?sid=13&nid=64403&pid=crid://csi.digitaluk.co.uk/669ee90b-39d0-4c8f-9705-ea356f269e39&start=2026-10-09T08:00:00+0000&duration=PT1H from server.
Fetching https://www.freeview.co.uk/api/program?sid=13&nid=64403&pid=crid://csi.digitaluk.co.uk/b90eb0c0-88cf-4487-957a-559d9e8728cf&start=2026-10-09T09:00:00+0000&duration=PT1H from server.
Fetching https://www.freeview.co.uk/api/program?sid=13&nid=64403&pid=crid://csi.digitaluk.co.uk/7827bd38-f7f2-42c8-8fb4-79e483edb8ca&start=2026-10-09T10:00:00+0000&duration=PT30M from server.
Fetching https://www.freeview.co.uk/api/program?sid=13&nid=64403&pid=crid://csi.digitaluk.co.uk/cbaea9f6-2ae2-46a3-9add-f1a4aa403d4f&start=2026-10-09T10:30:00+0000&duration=PT30M from server.
Fetching https://www.freeview.co.uk/api/program?sid=13&nid=64403&pid=crid://csi.digitaluk.co.uk/63791437-9123-490c-be6c-d4a8db5a9199&start=2026-10-09T11:00:00+0000&duration=PT30M from server.
Fetching https://www.freeview.co.uk/api/program?sid=13&nid=64403&pid=crid://csi.digitaluk.co.uk/9a030c2b-7380-4421-9b04-e9d0f250a8a7&start=2026-10-09T11:30:00+0000&duration=PT30M from server.
Fetching https://www.freeview.co.uk/api/program?sid=13&nid=64403&pid=crid://csi.digitaluk.co.uk/cc5bc3eb-6e6d-4e85-956b-23984d59dcbe&start=2026-10-09T12:00:00+0000&duration=PT30M from server.
Fetching https://www.freeview.co.uk/api/program?sid=13&nid=64403&pid=crid://csi.digitaluk.co.uk/474a552b-5b55-4010-91d7-124a66a8374a&start=2026-10-09T12:30:00+0000&duration=PT30M from server.
Fetching https://www.freeview.co.uk/api/program?sid=13&nid=64403&pid=crid://csi.digitaluk.co.uk/19723821-b111-42e3-88b2-b68eee361d0c&start=2026-10-09T13:00:00+0000&duration=PT30M from server.
Fetching https://www.freeview.co.uk/api/program?sid=13&nid=64403&pid=crid://csi.digitaluk.co.uk/385bbfef-6f69-4581-afb1-2f7c674c56b0&start=2026-10-09T13:30:00+0000&duration=PT30M from server.
Fetching https://www.freeview.co.uk/api/program?sid=13&nid=64403&pid=crid://csi.digitaluk.co.uk/050b7a25-dfcd-4ceb-9a79-a12a4eec55be&start=2026-10-09T14:00:00+0000&duration=PT30M from server.
Fetching https://www.freeview.co.uk/api/program?sid=13&nid=64403&pid=crid://csi.digitaluk.co.uk/da97c2e6-b1ee-44e5-8a74-cb75ef8327a1&start=2026-10-09T14:30:00+0000&duration=PT30M from server.
Fetching https://www.freeview.co.uk/api/program?sid=13&nid=64403&pid=crid://csi.digitaluk.co.uk/a1b75528-bada-45ae-9c96-02e335db437b&start=2026-10-09T15:00:00+0000&duration=PT30M from server.
Fetching https://www.freeview.co.uk/api/program?sid=13&nid=64403&pid=crid://csi.digitaluk.co.uk/8d056a39-6d2a-4a1e-9f2a-447722d14bfb&start=2026-10-09T15:30:00+0000&duration=PT30M from server.
Fetching https://www.freeview.co.uk/api/program?sid=13&nid=64403&pid=crid://csi.digitaluk.co.uk/4278de2e-fdbd-4e69-8e1e-b9ac4698c18e&start=2026-10-09T16:00:00+0000&duration=PT30M from server.
Fetching https://www.freeview.co.uk/api/program?sid=13&nid=64403&pid=crid://csi.digitaluk.co.uk/071503eb-380c-4ea9-b3aa-97928e39067a&start=2026-10-09T16:30:00+0000&duration=PT30M from server.
Fetching https://www.freeview.co.uk/api/program?sid=13&nid=64403&pid=crid://csi.digitaluk.co.uk/49500530-4ab8-4ac5-b6b6-07cea98ff8b8&start=2026-10-09T17:00:00+0000&duration=PT30M from server.
Fetching https://www.freeview.co.uk/api/program?sid=13&nid=64403&pid=crid://csi.digitaluk.co.uk/b1ac5a6d-25b2-4f47-ae4f-3ca8c214191b&start=2026-10-09T17:30:00+0000&duration=PT30M from server.
Fetching https://www.freeview.co.uk/api/program?sid=13&nid=64403&pid=crid://csi.digitaluk.co.uk/79045a65-4271-42c9-9b2a-350c2eea1293&start=2026-10-09T18:00:00+0000&duration=PT30M from server.
Fetching https://www.freeview.co.uk/api/program?sid=13&nid=64403&pid=crid://csi.digitaluk.co.uk/7d7d9807-6aee-47e0-938d-300e796afc66&start=2026-10-09T18:30:00+0000&duration=PT30M from server.
Fetching https://www.freeview.co.uk/api/program?sid=13&nid=64403&pid=crid://csi.digitaluk.co.uk/eb5cf4f6-41f5-415b-a635-6f3ce297fcef&start=2026-10-09T19:00:00+0000&duration=PT3H5M from server.
Fetching https://www.freeview.co.uk/api/program?sid=13&nid=64403&pid=crid://csi.digitaluk.co.uk/fb1731c9-d851-4d24-b139-3cf5ac28975f&start=2026-10-09T22:05:00+0000&duration=PT1H5M from server.
Fetching https://www.freeview.co.uk/api/program?sid=13&nid=64403&pid=crid://csi.digitaluk.co.uk/de58ece6-2796-4581-8af1-ac7d3070770c&start=2026-10-09T23:10:00+0000&duration=PT1H from server.
### Wanted 8385 
Fetching https://www.freeview.co.uk/api/program?sid=14&nid=64403&pid=crid://movida.bebanjo.net/mas/version/38533/001/POST2200/C&start=2026-10-09T00:50:00+0000&duration=PT1H50M from server.
Fetching https://www.freeview.co.uk/api/program?sid=14&nid=64403&pid=crid://csi.digitaluk.co.uk/77f50b9d-96d5-42d5-b5c0-4d238aad7dc0&start=2026-10-09T02:40:00+0000&duration=PT3H20M from server.
Fetching https://www.freeview.co.uk/api/program?sid=14&nid=64403&pid=crid://csi.digitaluk.co.uk/9eead337-c714-4170-916b-bb1c2d5e5946&start=2026-10-09T06:00:00+0000&duration=PT4H from server.
Fetching https://www.freeview.co.uk/api/program?sid=14&nid=64403&pid=crid://csi.digitaluk.co.uk/2e3aa74c-319b-4154-bddc-3578c43bc4ad&start=2026-10-09T10:00:00+0000&duration=PT2H10M from server.
Fetching https://www.freeview.co.uk/api/program?sid=14&nid=64403&pid=crid://csi.digitaluk.co.uk/ee97027f-4a85-4cc0-90e5-65d2159b33f3&start=2026-10-09T12:10:00+0000&duration=PT1H35M from server.
Fetching https://www.freeview.co.uk/api/program?sid=14&nid=64403&pid=crid://csi.digitaluk.co.uk/91034e09-6272-47e6-8d43-a43ffab9c176&start=2026-10-09T13:45:00+0000&duration=PT1H40M from server.
Fetching https://www.freeview.co.uk/api/program?sid=14&nid=64403&pid=crid://csi.digitaluk.co.uk/16cafece-cd7e-4050-aea2-fb104b46d359&start=2026-10-09T15:25:00+0000&duration=PT5M from server.
Fetching https://www.freeview.co.uk/api/program?sid=14&nid=64403&pid=crid://csi.digitaluk.co.uk/95468065-8bf9-4614-81d9-d688b20ced3a&start=2026-10-09T15:30:00+0000&duration=PT2H5M from server.
Fetching https://www.freeview.co.uk/api/program?sid=14&nid=64403&pid=crid://movida.bebanjo.net/mas/version/50070/001/ALLTIMESSWC/C&start=2026-10-09T17:35:00+0000&duration=PT2H25M from server.
Fetching https://www.freeview.co.uk/api/program?sid=14&nid=64403&pid=crid://csi.digitaluk.co.uk/5d4ac9c3-e670-475a-a98c-a836d07bbf46&start=2026-10-09T20:00:00+0000&duration=PT3H45M from server.
Fetching https://www.freeview.co.uk/api/program?sid=14&nid=64403&pid=crid://csi.digitaluk.co.uk/9975dc25-8475-4aef-8661-bc6dd2eba321&start=2026-10-09T23:45:00+0000&duration=PT2H35M from server.
## Wanted 27328 
Fetching https://www.freeview.co.uk/api/program?sid=17&nid=64403&pid=crid://csi.digitaluk.co.uk/21cf04a8-c311-49b4-8f19-be41251a3d2c&start=2026-10-09T00:00:00+0000&duration=PT1H from server.
Fetching https://www.freeview.co.uk/api/program?sid=17&nid=64403&pid=crid://csi.digitaluk.co.uk/532464e6-ecb8-4627-bfbf-7477ee97c4a7&start=2026-10-09T01:00:00+0000&duration=PT1H from server.
Fetching https://www.freeview.co.uk/api/program?sid=17&nid=64403&pid=crid://csi.digitaluk.co.uk/1ec08fb1-8e1c-4b96-93c6-df13fc276a9b&start=2026-10-09T02:00:00+0000&duration=PT1H from server.
Fetching https://www.freeview.co.uk/api/program?sid=17&nid=64403&pid=crid://csi.digitaluk.co.uk/bc19d963-b61d-4cdb-ab39-46a29e6fd221&start=2026-10-09T03:00:00+0000&duration=PT30M from server.
Fetching https://www.freeview.co.uk/api/program?sid=17&nid=64403&pid=crid://csi.digitaluk.co.uk/f737a8ea-c502-45e0-b943-4c4c5b737e22&start=2026-10-09T03:30:00+0000&duration=PT30M from server.
Fetching https://www.freeview.co.uk/api/program?sid=17&nid=64403&pid=crid://csi.digitaluk.co.uk/bfc55adf-358c-47bb-b0cc-85f2c0b380e4&start=2026-10-09T04:00:00+0000&duration=PT30M from server.
Fetching https://www.freeview.co.uk/api/program?sid=17&nid=64403&pid=crid://csi.digitaluk.co.uk/83c7e495-edad-4815-81f2-f8f528758563&start=2026-10-09T04:30:00+0000&duration=PT30M from server.
Fetching https://www.freeview.co.uk/api/program?sid=17&nid=64403&pid=crid://csi.digitaluk.co.uk/32fe1498-b926-4f06-b1b3-ca044edcd0dd&start=2026-10-09T05:00:00+0000&duration=PT1H from server.
Fetching https://www.freeview.co.uk/api/program?sid=17&nid=64403&pid=crid://csi.digitaluk.co.uk/18305419-de7d-44d9-9f3d-375f7a404dd1&start=2026-10-09T06:00:00+0000&duration=PT1H from server.
Fetching https://www.freeview.co.uk/api/program?sid=17&nid=64403&pid=crid://csi.digitaluk.co.uk/a45bd73e-b644-476e-b94c-f8699225264f&start=2026-10-09T07:00:00+0000&duration=PT1H from server.
Fetching https://www.freeview.co.uk/api/program?sid=17&nid=64403&pid=crid://csi.digitaluk.co.uk/ddb54943-a3cf-4311-ba86-0c79bf044a82&start=2026-10-09T08:00:00+0000&duration=PT1H from server.
Fetching https://www.freeview.co.uk/api/program?sid=17&nid=64403&pid=crid://csi.digitaluk.co.uk/131115b7-5bba-43b8-97f9-2567b6deee79&start=2026-10-09T09:00:00+0000&duration=PT1H from server.
Fetching https://www.freeview.co.uk/api/program?sid=17&nid=64403&pid=crid://csi.digitaluk.co.uk/0666ff9d-5297-4b08-84d4-6830a2cb8bcc&start=2026-10-09T10:00:00+0000&duration=PT1H from server.
Fetching https://www.freeview.co.uk/api/program?sid=17&nid=64403&pid=crid://csi.digitaluk.co.uk/19a6d790-5e8a-4409-92a4-c1b409830723&start=2026-10-09T11:00:00+0000&duration=PT1H from server.
Fetching https://www.freeview.co.uk/api/program?sid=17&nid=64403&pid=crid://csi.digitaluk.co.uk/7ba4817f-c9f1-4cbf-8bfd-a05a4b947965&start=2026-10-09T12:00:00+0000&duration=PT1H from server.
Fetching https://www.freeview.co.uk/api/program?sid=17&nid=64403&pid=crid://csi.digitaluk.co.uk/ab32ca68-3214-4923-93bc-61794f4b299b&start=2026-10-09T13:00:00+0000&duration=PT30M from server.
Fetching https://www.freeview.co.uk/api/program?sid=17&nid=64403&pid=crid://csi.digitaluk.co.uk/a44b1fd4-dbc2-4fa2-8f3c-362927f59429&start=2026-10-09T13:30:00+0000&duration=PT30M from server.
Fetching https://www.freeview.co.uk/api/program?sid=17&nid=64403&pid=crid://csi.digitaluk.co.uk/3304ac84-b0ea-4f30-94e2-472e4869749d&start=2026-10-09T14:00:00+0000&duration=PT30M from server.
Fetching https://www.freeview.co.uk/api/program?sid=17&nid=64403&pid=crid://csi.digitaluk.co.uk/163d73c8-b48f-42a4-b7ad-52eb6b727688&start=2026-10-09T14:30:00+0000&duration=PT30M from server.
Fetching https://www.freeview.co.uk/api/program?sid=17&nid=64403&pid=crid://csi.digitaluk.co.uk/43810d33-6e4b-4531-a333-a22a1e900da6&start=2026-10-09T15:00:00+0000&duration=PT1H from server.
Fetching https://www.freeview.co.uk/api/program?sid=17&nid=64403&pid=crid://csi.digitaluk.co.uk/6c5c18c9-6108-442f-a35e-73087976a75a&start=2026-10-09T16:00:00+0000&duration=PT1H from server.
Fetching https://www.freeview.co.uk/api/program?sid=17&nid=64403&pid=crid://csi.digitaluk.co.uk/8f513e98-c5f1-49b5-b5d2-b78912b15ab4&start=2026-10-09T17:00:00+0000&duration=PT1H from server.
Fetching https://www.freeview.co.uk/api/program?sid=17&nid=64403&pid=crid://csi.digitaluk.co.uk/435d701f-ad10-4888-9ea9-90641dd35f90&start=2026-10-09T18:00:00+0000&duration=PT1H from server.
Fetching https://www.freeview.co.uk/api/program?sid=17&nid=64403&pid=crid://csi.digitaluk.co.uk/cdbb89b1-d49c-4f53-b94c-3a2d258b26d6&start=2026-10-09T19:00:00+0000&duration=PT1H from server.
Fetching https://www.freeview.co.uk/api/program?sid=17&nid=64403&pid=crid://csi.digitaluk.co.uk/7f0eabd9-6be9-478d-a533-702f9b9a1865&start=2026-10-09T20:00:00+0000&duration=PT1H from server.
Fetching https://www.freeview.co.uk/api/program?sid=17&nid=64403&pid=crid://csi.digitaluk.co.uk/6e761223-c734-48a5-b8e4-936481fddd0f&start=2026-10-09T21:00:00+0000&duration=PT1H from server.
Fetching https://www.freeview.co.uk/api/program?sid=17&nid=64403&pid=crid://csi.digitaluk.co.uk/88425835-d51b-4423-9256-fd56eabe72bf&start=2026-10-09T22:00:00+0000&duration=PT30M from server.
Fetching https://www.freeview.co.uk/api/program?sid=17&nid=64403&pid=crid://csi.digitaluk.co.uk/46ab6c11-9afc-4944-8897-d1a224bea15d&start=2026-10-09T22:30:00+0000&duration=PT30M from server.
Fetching https://www.freeview.co.uk/api/program?sid=17&nid=64403&pid=crid://csi.digitaluk.co.uk/02a906eb-221e-40f1-bf88-4c0e9dc52ddf&start=2026-10-09T23:00:00+0000&duration=PT30M from server.
Fetching https://www.freeview.co.uk/api/program?sid=17&nid=64403&pid=crid://csi.digitaluk.co.uk/da76df67-f436-4f64-9b68-56958f6ccefd&start=2026-10-09T23:30:00+0000&duration=PT30M from server.
### Wanted 8442 
Fetching https://www.freeview.co.uk/api/program?sid=18&nid=64403&pid=crid://csi.digitaluk.co.uk/b2270310-d7e6-4d80-93c7-0ab8b4fb97ea&start=2026-10-09T00:15:00+0000&duration=PT1H5M from server.
Fetching https://www.freeview.co.uk/api/program?sid=18&nid=64403&pid=crid://csi.digitaluk.co.uk/7ff087c5-7854-4a44-a377-a30b9c6f3402&start=2026-10-09T01:20:00+0000&duration=PT1H5M from server.
Fetching https://www.freeview.co.uk/api/program?sid=18&nid=64403&pid=crid://csi.digitaluk.co.uk/2a866261-fce5-428c-b0f8-288c6a24def1&start=2026-10-09T02:25:00+0000&duration=PT30M from server.
Fetching https://www.freeview.co.uk/api/program?sid=18&nid=64403&pid=crid://csi.digitaluk.co.uk/69ba2403-0157-42a2-ba7f-b76b703dc380&start=2026-10-09T02:55:00+0000&duration=PT3H5M from server.
Fetching https://www.freeview.co.uk/api/program?sid=18&nid=64403&pid=crid://csi.digitaluk.co.uk/0c7a7274-c492-4da9-aeae-b2e73082fa41&start=2026-10-09T06:00:00+0000&duration=PT1H55M from server.
Fetching https://www.freeview.co.uk/api/program?sid=18&nid=64403&pid=crid://csi.digitaluk.co.uk/5dfcaec1-bef8-4cb5-bab5-d456ea38ed51&start=2026-10-09T07:55:00+0000&duration=PT35M from server.
Fetching https://www.freeview.co.uk/api/program?sid=18&nid=64403&pid=crid://csi.digitaluk.co.uk/bc9d336a-9781-4ce7-9411-83487a74a91b&start=2026-10-09T08:30:00+0000&duration=PT30M from server.
Fetching https://www.freeview.co.uk/api/program?sid=18&nid=64403&pid=crid://csi.digitaluk.co.uk/22a6004f-6caf-43df-8444-2f1f390e45c4&start=2026-10-09T09:00:00+0000&duration=PT30M from server.
Fetching https://www.freeview.co.uk/api/program?sid=18&nid=64403&pid=crid://csi.digitaluk.co.uk/f44f5d0e-52b6-4993-b451-d0d48e286690&start=2026-10-09T09:30:00+0000&duration=PT35M from server.
Fetching https://www.freeview.co.uk/api/program?sid=18&nid=64403&pid=crid://csi.digitaluk.co.uk/4c907432-9614-4d41-a3f5-3943a57362ce&start=2026-10-09T10:05:00+0000&duration=PT30M from server.
Fetching https://www.freeview.co.uk/api/program?sid=18&nid=64403&pid=crid://csi.digitaluk.co.uk/c4194b1f-8d7f-4135-be62-b8b78757fba5&start=2026-10-09T10:35:00+0000&duration=PT30M from server.
Fetching https://www.freeview.co.uk/api/program?sid=18&nid=64403&pid=crid://csi.digitaluk.co.uk/12fdf793-2d6f-4c31-8910-4359a7c00a11&start=2026-10-09T11:05:00+0000&duration=PT30M from server.
Fetching https://www.freeview.co.uk/api/program?sid=18&nid=64403&pid=crid://csi.digitaluk.co.uk/68b92992-4071-4ad7-8ccf-185b2e055e4b&start=2026-10-09T11:35:00+0000&duration=PT30M from server.
Fetching https://www.freeview.co.uk/api/program?sid=18&nid=64403&pid=crid://csi.digitaluk.co.uk/28fb00fd-1364-4cd4-ba52-9b5e0814c932&start=2026-10-09T12:05:00+0000&duration=PT35M from server.
Fetching https://www.freeview.co.uk/api/program?sid=18&nid=64403&pid=crid://csi.digitaluk.co.uk/af1df3ff-688c-4081-89f8-579b38371c8b&start=2026-10-09T12:40:00+0000&duration=PT35M from server.
Fetching https://www.freeview.co.uk/api/program?sid=18&nid=64403&pid=crid://csi.digitaluk.co.uk/e67ee13a-d509-4464-ba3e-de6e1c301ac8&start=2026-10-09T13:15:00+0000&duration=PT35M from server.
Fetching https://www.freeview.co.uk/api/program?sid=18&nid=64403&pid=crid://csi.digitaluk.co.uk/2a7afd2f-bc4e-4b01-b5e8-40c9b1ad116e&start=2026-10-09T13:50:00+0000&duration=PT30M from server.
Fetching https://www.freeview.co.uk/api/program?sid=18&nid=64403&pid=crid://csi.digitaluk.co.uk/e5bd0367-8237-4db5-ae67-f55b7271ad42&start=2026-10-09T14:20:00+0000&duration=PT30M from server.
Fetching https://www.freeview.co.uk/api/program?sid=18&nid=64403&pid=crid://csi.digitaluk.co.uk/27ec1775-5557-4673-8a15-95e25ffec286&start=2026-10-09T14:50:00+0000&duration=PT30M from server.
Fetching https://www.freeview.co.uk/api/program?sid=18&nid=64403&pid=crid://csi.digitaluk.co.uk/5031c214-ed77-4a7c-b39a-b22b5e9d82dd&start=2026-10-09T15:20:00+0000&duration=PT30M from server.
Fetching https://www.freeview.co.uk/api/program?sid=18&nid=64403&pid=crid://csi.digitaluk.co.uk/170ec51d-dfd8-434b-8db6-aa689ef4d5a0&start=2026-10-09T15:50:00+0000&duration=PT1H from server.
Fetching https://www.freeview.co.uk/api/program?sid=18&nid=64403&pid=crid://csi.digitaluk.co.uk/90b5bfe8-4dd3-4e25-a9c4-72d871a81aec&start=2026-10-09T16:50:00+0000&duration=PT1H from server.
Fetching https://www.freeview.co.uk/api/program?sid=18&nid=64403&pid=crid://csi.digitaluk.co.uk/918558dc-9aa4-431f-ac31-099940ee3dc6&start=2026-10-09T17:50:00+0000&duration=PT1H5M from server.
Fetching https://www.freeview.co.uk/api/program?sid=18&nid=64403&pid=crid://csi.digitaluk.co.uk/ea58c6f3-f589-405d-9c0f-46d5dd5465d9&start=2026-10-09T18:55:00+0000&duration=PT1H5M from server.
Fetching https://www.freeview.co.uk/api/program?sid=18&nid=64403&pid=crid://movida.bebanjo.net/mas/version/80604/004/ASDELIVERED/C&start=2026-10-09T20:00:00+0000&duration=PT1H15M from server.
Fetching https://www.freeview.co.uk/api/program?sid=18&nid=64403&pid=crid://csi.digitaluk.co.uk/2c6ed67f-c956-43cd-952a-3d1673237bf8&start=2026-10-09T21:15:00+0000&duration=PT1H5M from server.
Fetching https://www.freeview.co.uk/api/program?sid=18&nid=64403&pid=crid://csi.digitaluk.co.uk/80c07951-4a54-4ab0-941d-664b19c3a041&start=2026-10-09T22:20:00+0000&duration=PT1H from server.
Fetching https://www.freeview.co.uk/api/program?sid=18&nid=64403&pid=crid://csi.digitaluk.co.uk/7042dec6-a5af-42ee-bdc8-676d5d02a339&start=2026-10-09T23:20:00+0000&duration=PT1H5M from server.
## Wanted 12992 
Fetching https://www.freeview.co.uk/api/program?sid=21&nid=64403&pid=crid://panorama.five.tv/versions/C5492300015A&start=2026-10-09T00:55:00+0000&duration=PT1H from server.
Fetching https://www.freeview.co.uk/api/program?sid=21&nid=64403&pid=crid://panorama.five.tv/versions/C5492300016A&start=2026-10-09T01:55:00+0000&duration=PT55M from server.
Fetching https://www.freeview.co.uk/api/program?sid=21&nid=64403&pid=crid://panorama.five.tv/versions/C5522700041A&start=2026-10-09T02:50:00+0000&duration=PT10M from server.
Fetching https://www.freeview.co.uk/api/program?sid=21&nid=64403&pid=crid://panorama.five.tv/versions/C5266540001A&start=2026-10-09T03:00:00+0000&duration=PT2H from server.
Fetching https://www.freeview.co.uk/api/program?sid=21&nid=64403&pid=crid://panorama.five.tv/versions/C5474060001A&start=2026-10-09T05:00:00+0000&duration=PT3H from server.
Fetching https://www.freeview.co.uk/api/program?sid=21&nid=64403&pid=crid://csi.digitaluk.co.uk/c6d1205e-2746-4e49-897f-3432688063a4&start=2026-10-09T08:00:00+0000&duration=PT20M from server.
Fetching https://www.freeview.co.uk/api/program?sid=21&nid=64403&pid=crid://panorama.five.tv/versions/C5539260007A&start=2026-10-09T08:20:00+0000&duration=PT50M from server.
Fetching https://www.freeview.co.uk/api/program?sid=21&nid=64403&pid=crid://panorama.five.tv/versions/C5539260008A&start=2026-10-09T09:10:00+0000&duration=PT1H from server.
Fetching https://www.freeview.co.uk/api/program?sid=21&nid=64403&pid=crid://csi.digitaluk.co.uk/bca73c30-e0f6-4dcc-97bd-566ebaee4eb6&start=2026-10-09T10:10:00+0000&duration=PT1H from server.
Fetching https://www.freeview.co.uk/api/program?sid=21&nid=64403&pid=crid://panorama.five.tv/versions/C5145930021B&start=2026-10-09T11:10:00+0000&duration=PT1H from server.
Fetching https://www.freeview.co.uk/api/program?sid=21&nid=64403&pid=crid://csi.digitaluk.co.uk/4d02ff1b-d06c-421d-954e-0e83fdac1862&start=2026-10-09T12:10:00+0000&duration=PT55M from server.
Fetching https://www.freeview.co.uk/api/program?sid=21&nid=64403&pid=crid://csi.digitaluk.co.uk/e3873eaa-efd0-4257-a25e-108835a94671&start=2026-10-09T13:05:00+0000&duration=PT1H from server.
Fetching https://www.freeview.co.uk/api/program?sid=21&nid=64403&pid=crid://csi.digitaluk.co.uk/41f0f965-e35b-4d27-bc40-245aeedefd25&start=2026-10-09T14:05:00+0000&duration=PT1H from server.
Fetching https://www.freeview.co.uk/api/program?sid=21&nid=64403&pid=crid://csi.digitaluk.co.uk/4f51c17d-f5dc-4097-a626-f409615150b5&start=2026-10-09T15:05:00+0000&duration=PT55M from server.
Fetching https://www.freeview.co.uk/api/program?sid=21&nid=64403&pid=crid://csi.digitaluk.co.uk/88c52f5a-ddc0-4a2d-a499-7db2402dfcaf&start=2026-10-09T16:00:00+0000&duration=PT1H from server.
Fetching https://www.freeview.co.uk/api/program?sid=21&nid=64403&pid=crid://csi.digitaluk.co.uk/20576804-1eff-416f-ba79-763492546ded&start=2026-10-09T17:00:00+0000&duration=PT1H from server.
Fetching https://www.freeview.co.uk/api/program?sid=21&nid=64403&pid=crid://csi.digitaluk.co.uk/8bfe3778-d2d1-4c58-8bc9-0b45105558cc&start=2026-10-09T18:00:00+0000&duration=PT1H from server.
Fetching https://www.freeview.co.uk/api/program?sid=21&nid=64403&pid=crid://csi.digitaluk.co.uk/14c3ef58-3d27-4460-870d-9926af65c9f4&start=2026-10-09T19:00:00+0000&duration=PT1H from server.
Fetching https://www.freeview.co.uk/api/program?sid=21&nid=64403&pid=crid://panorama.five.tv/versions/C5533540017A&start=2026-10-09T20:00:00+0000&duration=PT1H from server.
Fetching https://www.freeview.co.uk/api/program?sid=21&nid=64403&pid=crid://panorama.five.tv/versions/C5533540018A&start=2026-10-09T21:00:00+0000&duration=PT1H from server.
Fetching https://www.freeview.co.uk/api/program?sid=21&nid=64403&pid=crid://csi.digitaluk.co.uk/383017d6-e8b3-40ee-9dbf-80cc2c2bcf98&start=2026-10-09T22:00:00+0000&duration=PT1H from server.
Fetching https://www.freeview.co.uk/api/program?sid=21&nid=64403&pid=crid://panorama.five.tv/versions/C5463880017A&start=2026-10-09T23:00:00+0000&duration=PT55M from server.
Fetching https://www.freeview.co.uk/api/program?sid=21&nid=64403&pid=crid://panorama.five.tv/versions/C5463880004A&start=2026-10-09T23:55:00+0000&duration=PT1H from server.
### Wanted 12928 
Fetching https://www.freeview.co.uk/api/program?sid=32&nid=64403&pid=crid://panorama.five.tv/versions/C5453340002C&start=2026-10-09T00:00:00+0000&duration=PT55M from server.
Fetching https://www.freeview.co.uk/api/program?sid=32&nid=64403&pid=crid://panorama.five.tv/versions/C5487360008A&start=2026-10-09T00:55:00+0000&duration=PT50M from server.
Fetching https://www.freeview.co.uk/api/program?sid=32&nid=64403&pid=crid://panorama.five.tv/versions/C5392360006A&start=2026-10-09T01:45:00+0000&duration=PT50M from server.
Fetching https://www.freeview.co.uk/api/program?sid=32&nid=64403&pid=crid://panorama.five.tv/versions/C5164553196A&start=2026-10-09T02:35:00+0000&duration=PT25M from server.
Fetching https://www.freeview.co.uk/api/program?sid=32&nid=64403&pid=crid://panorama.five.tv/versions/C5266540001A&start=2026-10-09T03:00:00+0000&duration=PT2H from server.
Fetching https://www.freeview.co.uk/api/program?sid=32&nid=64403&pid=crid://panorama.five.tv/versions/C5266540001A&start=2026-10-09T05:00:00+0000&duration=PT1H from server.
Fetching https://www.freeview.co.uk/api/program?sid=32&nid=64403&pid=crid://panorama.five.tv/versions/C5538100001A&start=2026-10-09T06:00:00+0000&duration=PT30M from server.
Fetching https://www.freeview.co.uk/api/program?sid=32&nid=64403&pid=crid://panorama.five.tv/versions/C5538120001A&start=2026-10-09T06:30:00+0000&duration=PT30M from server.
Fetching https://www.freeview.co.uk/api/program?sid=32&nid=64403&pid=crid://csi.digitaluk.co.uk/70d4aaa4-fe4e-4ad4-878c-bfda337badd2&start=2026-10-09T07:00:00+0000&duration=PT1H from server.
Fetching https://www.freeview.co.uk/api/program?sid=32&nid=64403&pid=crid://csi.digitaluk.co.uk/7d00c762-d0c3-417f-ac50-35821b229ff8&start=2026-10-09T08:00:00+0000&duration=PT1H from server.
Fetching https://www.freeview.co.uk/api/program?sid=32&nid=64403&pid=crid://csi.digitaluk.co.uk/ee62fa58-c702-4b12-bb91-b5dec3b364d8&start=2026-10-09T09:00:00+0000&duration=PT1H from server.
Fetching https://www.freeview.co.uk/api/program?sid=32&nid=64403&pid=crid://csi.digitaluk.co.uk/1ec59091-0905-4650-a983-a310ce5abec1&start=2026-10-09T10:00:00+0000&duration=PT1H from server.
Fetching https://www.freeview.co.uk/api/program?sid=32&nid=64403&pid=crid://csi.digitaluk.co.uk/20ed6673-4752-4dad-adfd-ebeb2806b84c&start=2026-10-09T11:00:00+0000&duration=PT1H from server.
Fetching https://www.freeview.co.uk/api/program?sid=32&nid=64403&pid=crid://csi.digitaluk.co.uk/baf4c55f-18c8-4b40-88ee-b02da0f347e1&start=2026-10-09T12:00:00+0000&duration=PT1H from server.
Fetching https://www.freeview.co.uk/api/program?sid=32&nid=64403&pid=crid://csi.digitaluk.co.uk/527549c1-2817-4bc4-bd59-fca4805749c3&start=2026-10-09T13:00:00+0000&duration=PT1H from server.
Fetching https://www.freeview.co.uk/api/program?sid=32&nid=64403&pid=crid://csi.digitaluk.co.uk/3cae100a-992d-4f69-8983-639b85a9449b&start=2026-10-09T14:00:00+0000&duration=PT1H from server.
Fetching https://www.freeview.co.uk/api/program?sid=32&nid=64403&pid=crid://csi.digitaluk.co.uk/e2646d3b-23a6-4bb6-9234-7a92c011d76c&start=2026-10-09T15:00:00+0000&duration=PT1H from server.
Fetching https://www.freeview.co.uk/api/program?sid=32&nid=64403&pid=crid://csi.digitaluk.co.uk/189364de-f8c6-4804-a8fa-812522458cf7&start=2026-10-09T16:00:00+0000&duration=PT1H from server.
Fetching https://www.freeview.co.uk/api/program?sid=32&nid=64403&pid=crid://panorama.five.tv/versions/C5164553200A&start=2026-10-09T17:00:00+0000&duration=PT30M from server.
Fetching https://www.freeview.co.uk/api/program?sid=32&nid=64403&pid=crid://panorama.five.tv/versions/C5164553201A&start=2026-10-09T17:30:00+0000&duration=PT30M from server.
Fetching https://www.freeview.co.uk/api/program?sid=32&nid=64403&pid=crid://csi.digitaluk.co.uk/ef9c0a36-693b-46fb-9c2a-64a93e6b87a2&start=2026-10-09T18:00:00+0000&duration=PT1H from server.
Fetching https://www.freeview.co.uk/api/program?sid=32&nid=64403&pid=crid://csi.digitaluk.co.uk/592bd284-3406-4f9d-9147-46d836458bdb&start=2026-10-09T19:00:00+0000&duration=PT1H from server.
Fetching https://www.freeview.co.uk/api/program?sid=32&nid=64403&pid=crid://csi.digitaluk.co.uk/a143d476-44aa-4cf1-b96f-93a57f9d3f8a&start=2026-10-09T20:00:00+0000&duration=PT1H from server.
Fetching https://www.freeview.co.uk/api/program?sid=32&nid=64403&pid=crid://panorama.five.tv/versions/C5519880002A&start=2026-10-09T21:00:00+0000&duration=PT1H from server.
Fetching https://www.freeview.co.uk/api/program?sid=32&nid=64403&pid=crid://csi.digitaluk.co.uk/413fb67a-7aec-4a2b-83c4-10da7c5fac79&start=2026-10-09T22:00:00+0000&duration=PT1H from server.
Fetching https://www.freeview.co.uk/api/program?sid=32&nid=64403&pid=crid://csi.digitaluk.co.uk/0d63c90f-5ecf-45f2-9eec-3c69f3708d97&start=2026-10-09T23:00:00+0000&duration=PT1H from server.
## Wanted 16112 
Fetching https://www.freeview.co.uk/api/program?sid=33&nid=64403&pid=crid://panorama.five.tv/versions/C5213640009A&start=2026-10-09T00:30:00+0000&duration=PT1H from server.
Fetching https://www.freeview.co.uk/api/program?sid=33&nid=64403&pid=crid://panorama.five.tv/versions/C5351620002A&start=2026-10-09T01:30:00+0000&duration=PT55M from server.
Fetching https://www.freeview.co.uk/api/program?sid=33&nid=64403&pid=crid://panorama.five.tv/versions/C5416320016A&start=2026-10-09T02:25:00+0000&duration=PT25M from server.
Fetching https://www.freeview.co.uk/api/program?sid=33&nid=64403&pid=crid://panorama.five.tv/versions/C5522700041A&start=2026-10-09T02:50:00+0000&duration=PT10M from server.
Fetching https://www.freeview.co.uk/api/program?sid=33&nid=64403&pid=crid://panorama.five.tv/versions/C5340000001A&start=2026-10-09T03:00:00+0000&duration=PT2H from server.
Fetching https://www.freeview.co.uk/api/program?sid=33&nid=64403&pid=crid://panorama.five.tv/versions/C5266540001A&start=2026-10-09T05:00:00+0000&duration=PT1H from server.
Fetching https://www.freeview.co.uk/api/program?sid=33&nid=64403&pid=crid://panorama.five.tv/versions/C5349600001A&start=2026-10-09T06:00:00+0000&duration=PT1H from server.
Fetching https://www.freeview.co.uk/api/program?sid=33&nid=64403&pid=crid://panorama.five.tv/versions/C5349600001A&start=2026-10-09T07:00:00+0000&duration=PT1H from server.
Fetching https://www.freeview.co.uk/api/program?sid=33&nid=64403&pid=crid://panorama.five.tv/versions/C5522700041A&start=2026-10-09T08:00:00+0000&duration=PT20M from server.
Fetching https://www.freeview.co.uk/api/program?sid=33&nid=64403&pid=crid://panorama.five.tv/versions/C5168190006F&start=2026-10-09T08:20:00+0000&duration=PT1H from server.
Fetching https://www.freeview.co.uk/api/program?sid=33&nid=64403&pid=crid://csi.digitaluk.co.uk/dcd650d3-61b2-453d-8c9c-efed32036b03&start=2026-10-09T09:20:00+0000&duration=PT1H from server.
Fetching https://www.freeview.co.uk/api/program?sid=33&nid=64403&pid=crid://panorama.five.tv/versions/C5517220001A&start=2026-10-09T10:20:00+0000&duration=PT1H5M from server.
Fetching https://www.freeview.co.uk/api/program?sid=33&nid=64403&pid=crid://panorama.five.tv/versions/C5517220001A&start=2026-10-09T11:30:00+0000&duration=PT1H20M from server.
Fetching https://www.freeview.co.uk/api/program?sid=33&nid=64403&pid=crid://panorama.five.tv/versions/C5172700001B&start=2026-10-09T12:50:00+0000&duration=PT1H from server.
Fetching https://www.freeview.co.uk/api/program?sid=33&nid=64403&pid=crid://panorama.five.tv/versions/C5172700001B&start=2026-10-09T13:55:00+0000&duration=PT1H5M from server.
Fetching https://www.freeview.co.uk/api/program?sid=33&nid=64403&pid=crid://panorama.five.tv/versions/C5253860007D&start=2026-10-09T15:00:00+0000&duration=PT1H from server.
Fetching https://www.freeview.co.uk/api/program?sid=33&nid=64403&pid=crid://panorama.five.tv/versions/C5453540010C&start=2026-10-09T16:00:00+0000&duration=PT1H from server.
Fetching https://www.freeview.co.uk/api/program?sid=33&nid=64403&pid=crid://panorama.five.tv/versions/C5151070011H&start=2026-10-09T17:00:00+0000&duration=PT1H from server.
Fetching https://www.freeview.co.uk/api/program?sid=33&nid=64403&pid=crid://panorama.five.tv/versions/C5151070012F&start=2026-10-09T18:00:00+0000&duration=PT1H from server.
Fetching https://www.freeview.co.uk/api/program?sid=33&nid=64403&pid=crid://panorama.five.tv/versions/C5490240001B&start=2026-10-09T19:00:00+0000&duration=PT1H from server.
Fetching https://www.freeview.co.uk/api/program?sid=33&nid=64403&pid=crid://panorama.five.tv/versions/C5106170001C&start=2026-10-09T20:00:00+0000&duration=PT1H44S from server.
Fetching https://www.freeview.co.uk/api/program?sid=33&nid=64403&pid=crid://csi.digitaluk.co.uk/602fed26-0605-4488-a4f6-96b43d9c0e52&start=2026-10-09T21:00:45+0000&duration=PT4M15S from server.
Fetching https://www.freeview.co.uk/api/program?sid=33&nid=64403&pid=crid://panorama.five.tv/versions/C5106170001C&start=2026-10-09T21:05:00+0000&duration=PT1H15M from server.
Fetching https://www.freeview.co.uk/api/program?sid=33&nid=64403&pid=crid://panorama.five.tv/versions/C5213950017A&start=2026-10-09T22:20:00+0000&duration=PT1H from server.
Fetching https://www.freeview.co.uk/api/program?sid=33&nid=64403&pid=crid://panorama.five.tv/versions/C5498000002B&start=2026-10-09T23:20:00+0000&duration=PT1H30M from server.
### Wanted 8373 
Fetching https://www.freeview.co.uk/api/program?sid=35&nid=64403&pid=crid://csi.digitaluk.co.uk/e3c78c97-fffc-4271-b98a-fc177824336f&start=2026-10-09T00:00:00+0000&duration=PT3H from server.
Fetching https://www.freeview.co.uk/api/program?sid=35&nid=64403&pid=crid://csi.digitaluk.co.uk/6d242ea7-d831-4202-a223-4367079a5ffb&start=2026-10-09T03:00:00+0000&duration=PT50M from server.
Fetching https://www.freeview.co.uk/api/program?sid=35&nid=64403&pid=crid://csi.digitaluk.co.uk/e723aefd-91a9-4a82-8048-910607ad8835&start=2026-10-09T03:50:00+0000&duration=PT1H15M from server.
Fetching https://www.freeview.co.uk/api/program?sid=35&nid=64403&pid=crid://csi.digitaluk.co.uk/778235d8-acbe-4a50-b945-18449ba17ff5&start=2026-10-09T05:05:00+0000&duration=PT55M from server.
Fetching https://www.freeview.co.uk/api/program?sid=35&nid=64403&pid=crid://csi.digitaluk.co.uk/791ca045-99a8-4335-93c2-e4f4d6c40713&start=2026-10-09T06:00:00+0000&duration=PT3H30M from server.
Fetching https://www.freeview.co.uk/api/program?sid=35&nid=64403&pid=crid://csi.digitaluk.co.uk/436b76d9-4ea8-429d-b1cf-859331e6a1ff&start=2026-10-09T09:30:00+0000&duration=PT30M from server.
Fetching https://www.freeview.co.uk/api/program?sid=35&nid=64403&pid=crid://csi.digitaluk.co.uk/c9371ee0-00c6-4501-8e6c-58b4f881e777&start=2026-10-09T10:00:00+0000&duration=PT2H30M from server.
Fetching https://www.freeview.co.uk/api/program?sid=35&nid=64403&pid=crid://csi.digitaluk.co.uk/a6db8bf4-7486-43fd-aeaa-40226912b8b0&start=2026-10-09T12:30:00+0000&duration=PT20M from server.
Fetching https://www.freeview.co.uk/api/program?sid=35&nid=64403&pid=crid://csi.digitaluk.co.uk/3687944b-2d64-47a6-b6a9-a6d42b2ee8eb&start=2026-10-09T12:50:00+0000&duration=PT10M from server.
Fetching https://www.freeview.co.uk/api/program?sid=35&nid=64403&pid=crid://csi.digitaluk.co.uk/7469fc4b-036e-4842-9692-2603de6cd6c4&start=2026-10-09T13:00:00+0000&duration=PT3H from server.
Fetching https://www.freeview.co.uk/api/program?sid=35&nid=64403&pid=crid://csi.digitaluk.co.uk/d200e5f9-eb40-4a58-a918-c7e9829dad73&start=2026-10-09T16:00:00+0000&duration=PT1H from server.
Fetching https://www.freeview.co.uk/api/program?sid=35&nid=64403&pid=crid://csi.digitaluk.co.uk/d8a6d0d4-de8f-4b32-a627-01fa8edd02f2&start=2026-10-09T17:00:00+0000&duration=PT2H50M from server.
Fetching https://www.freeview.co.uk/api/program?sid=35&nid=64403&pid=crid://csi.digitaluk.co.uk/f910a8dc-2d91-46ee-823d-4bfb766ec687&start=2026-10-09T19:50:00+0000&duration=PT5M from server.
Fetching https://www.freeview.co.uk/api/program?sid=35&nid=64403&pid=crid://csi.digitaluk.co.uk/ed5cdeca-4eb0-4ebd-a82a-78f8a5b20e43&start=2026-10-09T19:55:00+0000&duration=PT5M from server.
Fetching https://www.freeview.co.uk/api/program?sid=35&nid=64403&pid=crid://www.stv.tv/programInformation/234583&start=2026-10-09T20:00:00+0000&duration=PT30M from server.
Fetching https://www.freeview.co.uk/api/program?sid=35&nid=64403&pid=crid://www.stv.tv/programInformation/234591&start=2026-10-09T20:30:00+0000&duration=PT30M from server.
Fetching https://www.freeview.co.uk/api/program?sid=35&nid=64403&pid=crid://csi.digitaluk.co.uk/96ab1bcc-e50e-4825-a42e-bf55725c6777&start=2026-10-09T21:00:00+0000&duration=PT1H from server.
Fetching https://www.freeview.co.uk/api/program?sid=35&nid=64403&pid=crid://csi.digitaluk.co.uk/ee20f077-9a1d-4427-b22c-0447a2a0c215&start=2026-10-09T22:00:00+0000&duration=PT30M from server.
Fetching https://www.freeview.co.uk/api/program?sid=35&nid=64403&pid=crid://csi.digitaluk.co.uk/c3148c69-e074-487d-9578-5af266c0f553&start=2026-10-09T22:30:00+0000&duration=PT15M from server.
Fetching https://www.freeview.co.uk/api/program?sid=35&nid=64403&pid=crid://csi.digitaluk.co.uk/6b7e05b7-3926-4f9f-873f-80a8928b0de7&start=2026-10-09T22:45:00+0000&duration=PT2H30M from server.
## Wanted 27680 
Fetching https://www.freeview.co.uk/api/program?sid=39&nid=64403&pid=crid://csi.digitaluk.co.uk/4318a6e8-48a1-47c6-8996-18d0030f8da1&start=2026-10-09T00:00:00+0000&duration=PT1H from server.
Fetching https://www.freeview.co.uk/api/program?sid=39&nid=64403&pid=crid://csi.digitaluk.co.uk/89ed481e-15cc-4683-b7d3-330f18e1d629&start=2026-10-09T01:00:00+0000&duration=PT30M from server.
Fetching https://www.freeview.co.uk/api/program?sid=39&nid=64403&pid=crid://csi.digitaluk.co.uk/9a8fa6cd-a1eb-410b-a145-04b4e81372e3&start=2026-10-09T01:30:00+0000&duration=PT30M from server.
Fetching https://www.freeview.co.uk/api/program?sid=39&nid=64403&pid=crid://csi.digitaluk.co.uk/e71c1571-e0a6-4f0a-9d5a-da097ace9759&start=2026-10-09T02:00:00+0000&duration=PT30M from server.
Fetching https://www.freeview.co.uk/api/program?sid=39&nid=64403&pid=crid://csi.digitaluk.co.uk/28254027-1cec-4bab-9254-9750f30b60c9&start=2026-10-09T02:30:00+0000&duration=PT30M from server.
Fetching https://www.freeview.co.uk/api/program?sid=39&nid=64403&pid=crid://csi.digitaluk.co.uk/9bae9cf4-f309-40e1-93ee-7a36a8bc6b30&start=2026-10-09T03:00:00+0000&duration=PT30M from server.
Fetching https://www.freeview.co.uk/api/program?sid=39&nid=64403&pid=crid://csi.digitaluk.co.uk/7dc8c55b-3002-49eb-af19-37391252225d&start=2026-10-09T03:30:00+0000&duration=PT30M from server.
Fetching https://www.freeview.co.uk/api/program?sid=39&nid=64403&pid=crid://csi.digitaluk.co.uk/56b3d47c-f1ec-4384-b836-5b57ba733fd9&start=2026-10-09T04:00:00+0000&duration=PT30M from server.
Fetching https://www.freeview.co.uk/api/program?sid=39&nid=64403&pid=crid://csi.digitaluk.co.uk/be655b02-2a59-40d0-9cda-60ccb8f06bd1&start=2026-10-09T04:30:00+0000&duration=PT30M from server.
Fetching https://www.freeview.co.uk/api/program?sid=39&nid=64403&pid=crid://csi.digitaluk.co.uk/cd6f1d40-daed-4be7-b20b-d878d9fbb1ca&start=2026-10-09T05:00:00+0000&duration=PT1H from server.
Fetching https://www.freeview.co.uk/api/program?sid=39&nid=64403&pid=crid://csi.digitaluk.co.uk/4d7af180-449c-4d59-9a51-c6602c227ac7&start=2026-10-09T06:00:00+0000&duration=PT1H from server.
Fetching https://www.freeview.co.uk/api/program?sid=39&nid=64403&pid=crid://csi.digitaluk.co.uk/173af3d3-fa69-47b8-befb-d03540988741&start=2026-10-09T07:00:00+0000&duration=PT1H from server.
Fetching https://www.freeview.co.uk/api/program?sid=39&nid=64403&pid=crid://csi.digitaluk.co.uk/e653dd23-f2e2-4557-89b2-a07553bad520&start=2026-10-09T08:00:00+0000&duration=PT1H from server.
Fetching https://www.freeview.co.uk/api/program?sid=39&nid=64403&pid=crid://csi.digitaluk.co.uk/f8874189-b503-427e-8181-66c1599492d4&start=2026-10-09T09:00:00+0000&duration=PT1H from server.
Fetching https://www.freeview.co.uk/api/program?sid=39&nid=64403&pid=crid://csi.digitaluk.co.uk/c804438f-87dc-4e9a-bc59-298512cc76fd&start=2026-10-09T10:00:00+0000&duration=PT1H from server.
Fetching https://www.freeview.co.uk/api/program?sid=39&nid=64403&pid=crid://csi.digitaluk.co.uk/00b76699-292a-4553-aa0c-b91bda6b48d9&start=2026-10-09T11:00:00+0000&duration=PT1H from server.
Fetching https://www.freeview.co.uk/api/program?sid=39&nid=64403&pid=crid://csi.digitaluk.co.uk/bf165116-7152-476a-9a40-c82ec5098b34&start=2026-10-09T12:00:00+0000&duration=PT1H from server.
Fetching https://www.freeview.co.uk/api/program?sid=39&nid=64403&pid=crid://csi.digitaluk.co.uk/196d96b4-9bcb-4587-b24f-cdca89b3c56d&start=2026-10-09T13:00:00+0000&duration=PT1H from server.
Fetching https://www.freeview.co.uk/api/program?sid=39&nid=64403&pid=crid://csi.digitaluk.co.uk/10d9d541-62bb-4962-90ea-2c97f7d2a6b3&start=2026-10-09T14:00:00+0000&duration=PT2H from server.
Fetching https://www.freeview.co.uk/api/program?sid=39&nid=64403&pid=crid://csi.digitaluk.co.uk/da4456d4-00dd-4dce-9a2f-6643b55c2e70&start=2026-10-09T16:00:00+0000&duration=PT1H from server.
Fetching https://www.freeview.co.uk/api/program?sid=39&nid=64403&pid=crid://csi.digitaluk.co.uk/7e92b7ac-8ecd-42b9-89ec-51b4a42ff057&start=2026-10-09T17:00:00+0000&duration=PT1H from server.
Fetching https://www.freeview.co.uk/api/program?sid=39&nid=64403&pid=crid://csi.digitaluk.co.uk/06e3d58f-f007-44e7-85a2-c9492baf2c2a&start=2026-10-09T18:00:00+0000&duration=PT1H from server.
Fetching https://www.freeview.co.uk/api/program?sid=39&nid=64403&pid=crid://csi.digitaluk.co.uk/99e4049f-e199-44d0-aa52-3abae417e224&start=2026-10-09T19:00:00+0000&duration=PT1H from server.
Fetching https://www.freeview.co.uk/api/program?sid=39&nid=64403&pid=crid://csi.digitaluk.co.uk/4c895f83-09a0-4fef-87bf-2b139dd40723&start=2026-10-09T20:00:00+0000&duration=PT1H from server.
Fetching https://www.freeview.co.uk/api/program?sid=39&nid=64403&pid=crid://csi.digitaluk.co.uk/8a776763-526e-4fa6-9719-d4d79c49b148&start=2026-10-09T21:00:00+0000&duration=PT1H from server.
Fetching https://www.freeview.co.uk/api/program?sid=39&nid=64403&pid=crid://csi.digitaluk.co.uk/45c8ee5f-38e1-438f-b05f-bb9c9710380d&start=2026-10-09T22:00:00+0000&duration=PT1H from server.
Fetching https://www.freeview.co.uk/api/program?sid=39&nid=64403&pid=crid://csi.digitaluk.co.uk/bd1a70f7-00b5-48c2-8c60-e85bc53d5443&start=2026-10-09T23:00:00+0000&duration=PT1H from server.
### Wanted 23744 
Fetching https://www.freeview.co.uk/api/program?sid=40&nid=64403&pid=crid://csi.digitaluk.co.uk/5af03020-1dc5-4b13-9fdc-e7ebca93597a&start=2026-10-09T00:00:00+0000&duration=PT1H from server.
Fetching https://www.freeview.co.uk/api/program?sid=40&nid=64403&pid=crid://csi.digitaluk.co.uk/cc8f8cf3-f7c2-480f-88b7-92c2893e2b94&start=2026-10-09T01:00:00+0000&duration=PT1H from server.
Fetching https://www.freeview.co.uk/api/program?sid=40&nid=64403&pid=crid://csi.digitaluk.co.uk/f2b39158-b09d-408c-a490-c3a8b4195c86&start=2026-10-09T02:00:00+0000&duration=PT1H from server.
Fetching https://www.freeview.co.uk/api/program?sid=40&nid=64403&pid=crid://csi.digitaluk.co.uk/2f58b1d8-9814-41d6-9ea0-a39b8f74cc54&start=2026-10-09T03:00:00+0000&duration=PT30M from server.
Fetching https://www.freeview.co.uk/api/program?sid=40&nid=64403&pid=crid://csi.digitaluk.co.uk/fca7e171-7d5c-495b-8b84-51dfa9ba21ca&start=2026-10-09T03:30:00+0000&duration=PT30M from server.
Fetching https://www.freeview.co.uk/api/program?sid=40&nid=64403&pid=crid://csi.digitaluk.co.uk/53162326-d182-417b-9285-d4e03374f502&start=2026-10-09T04:00:00+0000&duration=PT30M from server.
Fetching https://www.freeview.co.uk/api/program?sid=40&nid=64403&pid=crid://csi.digitaluk.co.uk/67586ccf-f835-44bf-8e9e-19f658774e87&start=2026-10-09T04:30:00+0000&duration=PT30M from server.
Fetching https://www.freeview.co.uk/api/program?sid=40&nid=64403&pid=crid://csi.digitaluk.co.uk/8f603169-a335-4cb9-95de-23c91bc79710&start=2026-10-09T05:00:00+0000&duration=PT30M from server.
Fetching https://www.freeview.co.uk/api/program?sid=40&nid=64403&pid=crid://csi.digitaluk.co.uk/f9f61bc2-e2b4-4c6f-9791-7c3deba5ef5f&start=2026-10-09T05:30:00+0000&duration=PT30M from server.
Fetching https://www.freeview.co.uk/api/program?sid=40&nid=64403&pid=crid://csi.digitaluk.co.uk/a1be9fad-d8ec-402f-9fc8-676305e445a8&start=2026-10-09T06:00:00+0000&duration=PT1H from server.
Fetching https://www.freeview.co.uk/api/program?sid=40&nid=64403&pid=crid://csi.digitaluk.co.uk/6093dd26-f919-451b-b9c7-34d8a886b379&start=2026-10-09T07:00:00+0000&duration=PT30M from server.
Fetching https://www.freeview.co.uk/api/program?sid=40&nid=64403&pid=crid://csi.digitaluk.co.uk/242813ff-6f16-4d3c-ba29-1ef8285675ed&start=2026-10-09T07:30:00+0000&duration=PT30M from server.
Fetching https://www.freeview.co.uk/api/program?sid=40&nid=64403&pid=crid://csi.digitaluk.co.uk/2d30af22-b603-417a-9acd-a763a003026f&start=2026-10-09T08:00:00+0000&duration=PT30M from server.
Fetching https://www.freeview.co.uk/api/program?sid=40&nid=64403&pid=crid://csi.digitaluk.co.uk/fa9d2f77-df91-40b7-ac2c-0709ffa33b56&start=2026-10-09T08:30:00+0000&duration=PT30M from server.
Fetching https://www.freeview.co.uk/api/program?sid=40&nid=64403&pid=crid://csi.digitaluk.co.uk/146cea32-5604-45ef-9ca5-265f7d15cd9c&start=2026-10-09T09:00:00+0000&duration=PT1H from server.
Fetching https://www.freeview.co.uk/api/program?sid=40&nid=64403&pid=crid://csi.digitaluk.co.uk/f4616d90-d4f7-4ee8-987f-c0e5a0068987&start=2026-10-09T10:00:00+0000&duration=PT1H from server.
Fetching https://www.freeview.co.uk/api/program?sid=40&nid=64403&pid=crid://csi.digitaluk.co.uk/e51fa00f-b3cf-4413-bd48-0c8beb8c11cb&start=2026-10-09T11:00:00+0000&duration=PT1H from server.
Fetching https://www.freeview.co.uk/api/program?sid=40&nid=64403&pid=crid://csi.digitaluk.co.uk/622ccf34-edb8-49ef-a749-9e4d8e6366e0&start=2026-10-09T12:00:00+0000&duration=PT1H from server.
Fetching https://www.freeview.co.uk/api/program?sid=40&nid=64403&pid=crid://csi.digitaluk.co.uk/459d1e72-fd75-48f5-9a3b-81106ed81cc9&start=2026-10-09T13:00:00+0000&duration=PT1H from server.
Fetching https://www.freeview.co.uk/api/program?sid=40&nid=64403&pid=crid://csi.digitaluk.co.uk/e2bbc36d-7653-4f96-9b7e-a984dde22476&start=2026-10-09T14:00:00+0000&duration=PT1H from server.
Fetching https://www.freeview.co.uk/api/program?sid=40&nid=64403&pid=crid://csi.digitaluk.co.uk/682ed5bb-335c-4df2-8399-1cb2f19467d5&start=2026-10-09T15:00:00+0000&duration=PT1H from server.
Fetching https://www.freeview.co.uk/api/program?sid=40&nid=64403&pid=crid://csi.digitaluk.co.uk/a31fec08-dfa7-4f5d-8cf8-bd374ae04bb7&start=2026-10-09T16:00:00+0000&duration=PT1H from server.
Fetching https://www.freeview.co.uk/api/program?sid=40&nid=64403&pid=crid://csi.digitaluk.co.uk/18b93abb-abcb-4347-a4f4-131e841dd8de&start=2026-10-09T17:00:00+0000&duration=PT1H from server.
Fetching https://www.freeview.co.uk/api/program?sid=40&nid=64403&pid=crid://csi.digitaluk.co.uk/46de5aa8-4fe4-44ef-8ab7-dfc0c46aaf9e&start=2026-10-09T18:00:00+0000&duration=PT1H from server.
Fetching https://www.freeview.co.uk/api/program?sid=40&nid=64403&pid=crid://csi.digitaluk.co.uk/c5d4a99c-02c9-4936-bdd5-b2b692e55c80&start=2026-10-09T19:00:00+0000&duration=PT1H from server.
Fetching https://www.freeview.co.uk/api/program?sid=40&nid=64403&pid=crid://csi.digitaluk.co.uk/bc5b70ef-bea3-4284-b3b9-fb23b5e35d98&start=2026-10-09T20:00:00+0000&duration=PT1H from server.
Fetching https://www.freeview.co.uk/api/program?sid=40&nid=64403&pid=crid://csi.digitaluk.co.uk/b94cce55-d9ba-4551-bd12-18b836697855&start=2026-10-09T21:00:00+0000&duration=PT1H from server.
Fetching https://www.freeview.co.uk/api/program?sid=40&nid=64403&pid=crid://csi.digitaluk.co.uk/f031baa7-eafd-4eac-86aa-e93a5ba6c78c&start=2026-10-09T22:00:00+0000&duration=PT1H from server.
Fetching https://www.freeview.co.uk/api/program?sid=40&nid=64403&pid=crid://csi.digitaluk.co.uk/4924bf97-7540-44b4-8e0d-15633da6011e&start=2026-10-09T23:00:00+0000&duration=PT1H from server.
## Wanted 23040 
Fetching https://www.freeview.co.uk/api/program?sid=43&nid=64403&pid=crid://csi.digitaluk.co.uk/42c8d846-c6cd-4cd8-8b83-abd889e06584&start=2026-10-09T00:00:00+0000&duration=PT30M from server.
Fetching https://www.freeview.co.uk/api/program?sid=43&nid=64403&pid=crid://csi.digitaluk.co.uk/719592c5-78ea-4a57-ba25-81d77d00d415&start=2026-10-09T00:30:00+0000&duration=PT30M from server.
Fetching https://www.freeview.co.uk/api/program?sid=43&nid=64403&pid=crid://csi.digitaluk.co.uk/e6f63e4a-af10-4e4e-a7ce-4c708212c357&start=2026-10-09T01:00:00+0000&duration=PT30M from server.
Fetching https://www.freeview.co.uk/api/program?sid=43&nid=64403&pid=crid://csi.digitaluk.co.uk/460689b5-a372-41d8-82c6-c0b4fa34cdf9&start=2026-10-09T01:30:00+0000&duration=PT30M from server.
Fetching https://www.freeview.co.uk/api/program?sid=43&nid=64403&pid=crid://csi.digitaluk.co.uk/c85761e2-c11d-4392-bf63-780aad5adb73&start=2026-10-09T02:00:00+0000&duration=PT30M from server.
Fetching https://www.freeview.co.uk/api/program?sid=43&nid=64403&pid=crid://csi.digitaluk.co.uk/f8eaf0ed-2143-452c-90e9-d93a65c2c3c3&start=2026-10-09T02:30:00+0000&duration=PT30M from server.
Fetching https://www.freeview.co.uk/api/program?sid=43&nid=64403&pid=crid://csi.digitaluk.co.uk/84b28eef-db98-43c9-82f6-ccf5d302fd8c&start=2026-10-09T03:00:00+0000&duration=PT30M from server.
Fetching https://www.freeview.co.uk/api/program?sid=43&nid=64403&pid=crid://csi.digitaluk.co.uk/ea99cf46-2fa0-420d-9205-4579a609da05&start=2026-10-09T03:30:00+0000&duration=PT30M from server.
Fetching https://www.freeview.co.uk/api/program?sid=43&nid=64403&pid=crid://csi.digitaluk.co.uk/cd2f60f6-1deb-4142-9944-30a3e0e3b973&start=2026-10-09T04:00:00+0000&duration=PT30M from server.
Fetching https://www.freeview.co.uk/api/program?sid=43&nid=64403&pid=crid://csi.digitaluk.co.uk/e5e6e9c4-baae-466d-81d3-e6771123329b&start=2026-10-09T04:30:00+0000&duration=PT30M from server.
Fetching https://www.freeview.co.uk/api/program?sid=43&nid=64403&pid=crid://csi.digitaluk.co.uk/289f2691-e727-44e9-8f0b-04fd77c99d0b&start=2026-10-09T05:00:00+0000&duration=PT1H from server.
Fetching https://www.freeview.co.uk/api/program?sid=43&nid=64403&pid=crid://csi.digitaluk.co.uk/a01974c9-14fb-403e-9e57-73c816adaca4&start=2026-10-09T06:00:00+0000&duration=PT1H from server.
Fetching https://www.freeview.co.uk/api/program?sid=43&nid=64403&pid=crid://csi.digitaluk.co.uk/d2080886-670f-4edf-a23b-dcd62666235f&start=2026-10-09T07:00:00+0000&duration=PT30M from server.
Fetching https://www.freeview.co.uk/api/program?sid=43&nid=64403&pid=crid://csi.digitaluk.co.uk/1e339878-d168-431c-b55b-6e5f08406460&start=2026-10-09T07:30:00+0000&duration=PT30M from server.
Fetching https://www.freeview.co.uk/api/program?sid=43&nid=64403&pid=crid://csi.digitaluk.co.uk/99d72fec-9eb5-4b07-b423-2f3f1b79866a&start=2026-10-09T08:00:00+0000&duration=PT30M from server.
Fetching https://www.freeview.co.uk/api/program?sid=43&nid=64403&pid=crid://csi.digitaluk.co.uk/5f274afb-12e6-4468-9dd0-8fe24240afd2&start=2026-10-09T08:30:00+0000&duration=PT30M from server.
Fetching https://www.freeview.co.uk/api/program?sid=43&nid=64403&pid=crid://csi.digitaluk.co.uk/f8a30340-b48f-4402-9188-9792b5eb801c&start=2026-10-09T09:00:00+0000&duration=PT30M from server.
Fetching https://www.freeview.co.uk/api/program?sid=43&nid=64403&pid=crid://csi.digitaluk.co.uk/133f3e97-0a66-4e1a-b6de-40ade4e3f009&start=2026-10-09T09:30:00+0000&duration=PT30M from server.
Fetching https://www.freeview.co.uk/api/program?sid=43&nid=64403&pid=crid://csi.digitaluk.co.uk/354f0785-63c6-4dc2-bd83-38c170252b51&start=2026-10-09T10:00:00+0000&duration=PT1H30M from server.
Fetching https://www.freeview.co.uk/api/program?sid=43&nid=64403&pid=crid://csi.digitaluk.co.uk/80e5f7f7-9392-43f4-9cd6-36830ca44e2c&start=2026-10-09T11:30:00+0000&duration=PT30M from server.
Fetching https://www.freeview.co.uk/api/program?sid=43&nid=64403&pid=crid://csi.digitaluk.co.uk/25633bf7-5f93-4885-8cb0-11c5dea52cb4&start=2026-10-09T12:00:00+0000&duration=PT30M from server.
Fetching https://www.freeview.co.uk/api/program?sid=43&nid=64403&pid=crid://csi.digitaluk.co.uk/2146651b-14a4-4883-82fd-667f58f9d538&start=2026-10-09T12:30:00+0000&duration=PT30M from server.
Fetching https://www.freeview.co.uk/api/program?sid=43&nid=64403&pid=crid://csi.digitaluk.co.uk/c0c10ccf-bc87-40d9-9d45-b8222c7276c2&start=2026-10-09T13:00:00+0000&duration=PT30M from server.
Fetching https://www.freeview.co.uk/api/program?sid=43&nid=64403&pid=crid://csi.digitaluk.co.uk/db13fbee-6770-4186-bee7-a825d7568951&start=2026-10-09T13:30:00+0000&duration=PT30M from server.
Fetching https://www.freeview.co.uk/api/program?sid=43&nid=64403&pid=crid://csi.digitaluk.co.uk/f5dad472-d2c6-4d4a-b1d6-91e7f737cd75&start=2026-10-09T14:00:00+0000&duration=PT1H from server.
Fetching https://www.freeview.co.uk/api/program?sid=43&nid=64403&pid=crid://csi.digitaluk.co.uk/f555ff25-c8a0-47d8-8403-138025f07548&start=2026-10-09T15:00:00+0000&duration=PT30M from server.
Fetching https://www.freeview.co.uk/api/program?sid=43&nid=64403&pid=crid://csi.digitaluk.co.uk/f5259f9e-64fe-4297-a3a2-0cc26749698d&start=2026-10-09T15:30:00+0000&duration=PT30M from server.
Fetching https://www.freeview.co.uk/api/program?sid=43&nid=64403&pid=crid://csi.digitaluk.co.uk/e151a177-7a08-4b5f-bdec-92901e4d0235&start=2026-10-09T16:00:00+0000&duration=PT30M from server.
Fetching https://www.freeview.co.uk/api/program?sid=43&nid=64403&pid=crid://csi.digitaluk.co.uk/d58334de-aa92-4739-b8a9-458001978322&start=2026-10-09T16:30:00+0000&duration=PT30M from server.
Fetching https://www.freeview.co.uk/api/program?sid=43&nid=64403&pid=crid://csi.digitaluk.co.uk/c62ea43a-7a44-4f90-b9a0-0284c8f6f74a&start=2026-10-09T17:00:00+0000&duration=PT30M from server.
Fetching https://www.freeview.co.uk/api/program?sid=43&nid=64403&pid=crid://csi.digitaluk.co.uk/da199544-ac00-4909-98d1-29cb835637ff&start=2026-10-09T17:30:00+0000&duration=PT30M from server.
Fetching https://www.freeview.co.uk/api/program?sid=43&nid=64403&pid=crid://csi.digitaluk.co.uk/ff35a330-bbb9-4de8-a53e-b023401a13ec&start=2026-10-09T18:00:00+0000&duration=PT1H30M from server.
Fetching https://www.freeview.co.uk/api/program?sid=43&nid=64403&pid=crid://csi.digitaluk.co.uk/12c55893-443d-4fb9-ad11-1794f9cbbf62&start=2026-10-09T19:30:00+0000&duration=PT30M from server.
Fetching https://www.freeview.co.uk/api/program?sid=43&nid=64403&pid=crid://csi.digitaluk.co.uk/8f878787-607e-442c-b3b9-7622b87fecbd&start=2026-10-09T20:00:00+0000&duration=PT1H from server.
Fetching https://www.freeview.co.uk/api/program?sid=43&nid=64403&pid=crid://csi.digitaluk.co.uk/72ae210f-0136-4ebe-9f0f-6f70995e809e&start=2026-10-09T21:00:00+0000&duration=PT30M from server.
Fetching https://www.freeview.co.uk/api/program?sid=43&nid=64403&pid=crid://csi.digitaluk.co.uk/2614aa52-5ea9-4329-a236-4ee0b7c60296&start=2026-10-09T21:30:00+0000&duration=PT30M from server.
Fetching https://www.freeview.co.uk/api/program?sid=43&nid=64403&pid=crid://csi.digitaluk.co.uk/64bfcdb5-bb8a-4aec-a313-1c82390471b9&start=2026-10-09T22:00:00+0000&duration=PT30M from server.
Fetching https://www.freeview.co.uk/api/program?sid=43&nid=64403&pid=crid://csi.digitaluk.co.uk/3690ef79-1666-4607-962c-4a12265b1bea&start=2026-10-09T22:30:00+0000&duration=PT30M from server.
Fetching https://www.freeview.co.uk/api/program?sid=43&nid=64403&pid=crid://csi.digitaluk.co.uk/c0e5ff86-f4e9-4329-bf55-40fe2c854805&start=2026-10-09T23:00:00+0000&duration=PT30M from server.
Fetching https://www.freeview.co.uk/api/program?sid=43&nid=64403&pid=crid://csi.digitaluk.co.uk/259d5743-a7ec-4fd5-8f6e-4d95b633f090&start=2026-10-09T23:30:00+0000&duration=PT30M from server.
### Wanted 23712 
Fetching https://www.freeview.co.uk/api/program?sid=44&nid=64403&pid=crid://csi.digitaluk.co.uk/8555af3d-a9a4-4c38-add8-3837e85dbe01&start=2026-10-09T00:00:00+0000&duration=PT1H from server.
Fetching https://www.freeview.co.uk/api/program?sid=44&nid=64403&pid=crid://csi.digitaluk.co.uk/3c6fc5b0-2f13-489a-a06a-f2e5c0e7cb01&start=2026-10-09T01:00:00+0000&duration=PT2H from server.
Fetching https://www.freeview.co.uk/api/program?sid=44&nid=64403&pid=crid://csi.digitaluk.co.uk/fb503e47-638e-44c7-9f0d-9bbd335b9dda&start=2026-10-09T03:00:00+0000&duration=PT1H from server.
Fetching https://www.freeview.co.uk/api/program?sid=44&nid=64403&pid=crid://csi.digitaluk.co.uk/7bdf1967-b3ac-44f7-99b5-5e1bd6a9909c&start=2026-10-09T04:00:00+0000&duration=PT1H from server.
Fetching https://www.freeview.co.uk/api/program?sid=44&nid=64403&pid=crid://csi.digitaluk.co.uk/d837b8a6-80c6-4291-b31c-31b760a86840&start=2026-10-09T05:00:00+0000&duration=PT1H from server.
Fetching https://www.freeview.co.uk/api/program?sid=44&nid=64403&pid=crid://csi.digitaluk.co.uk/76457b66-3b1e-4427-af41-1c6bd51f8988&start=2026-10-09T06:00:00+0000&duration=PT1H from server.
Fetching https://www.freeview.co.uk/api/program?sid=44&nid=64403&pid=crid://csi.digitaluk.co.uk/4d6c19e2-0b2f-4039-9b2c-e4a7ef093518&start=2026-10-09T07:00:00+0000&duration=PT1H from server.
Fetching https://www.freeview.co.uk/api/program?sid=44&nid=64403&pid=crid://csi.digitaluk.co.uk/8af568c0-005b-4d2e-81f1-8f216c8b464d&start=2026-10-09T08:00:00+0000&duration=PT1H from server.
Fetching https://www.freeview.co.uk/api/program?sid=44&nid=64403&pid=crid://csi.digitaluk.co.uk/5fb02fec-e633-467b-91fe-dc6ad95e4468&start=2026-10-09T09:00:00+0000&duration=PT1H from server.
Fetching https://www.freeview.co.uk/api/program?sid=44&nid=64403&pid=crid://csi.digitaluk.co.uk/7f1cc9ab-93ea-4105-8f9b-524947117849&start=2026-10-09T10:00:00+0000&duration=PT1H from server.
Fetching https://www.freeview.co.uk/api/program?sid=44&nid=64403&pid=crid://csi.digitaluk.co.uk/c926bd48-0ba3-4515-bb2f-921dbc249dd4&start=2026-10-09T11:00:00+0000&duration=PT1H from server.
Fetching https://www.freeview.co.uk/api/program?sid=44&nid=64403&pid=crid://csi.digitaluk.co.uk/35260311-3db8-42d7-b3de-19f763d0313d&start=2026-10-09T12:00:00+0000&duration=PT1H from server.
Fetching https://www.freeview.co.uk/api/program?sid=44&nid=64403&pid=crid://csi.digitaluk.co.uk/d50a2ee7-8845-41d8-b4b4-89958fe324b8&start=2026-10-09T13:00:00+0000&duration=PT1H from server.
Fetching https://www.freeview.co.uk/api/program?sid=44&nid=64403&pid=crid://csi.digitaluk.co.uk/04eebe54-b111-4985-a9ea-560bd84022eb&start=2026-10-09T14:00:00+0000&duration=PT1H from server.
Fetching https://www.freeview.co.uk/api/program?sid=44&nid=64403&pid=crid://csi.digitaluk.co.uk/62a2fddc-9ee1-49fa-ad93-94c431bcb2f3&start=2026-10-09T15:00:00+0000&duration=PT1H from server.
Fetching https://www.freeview.co.uk/api/program?sid=44&nid=64403&pid=crid://csi.digitaluk.co.uk/4c6192fd-6b47-49fb-9ed3-76d14eca8009&start=2026-10-09T16:00:00+0000&duration=PT1H from server.
Fetching https://www.freeview.co.uk/api/program?sid=44&nid=64403&pid=crid://csi.digitaluk.co.uk/8ab54cd8-dca8-4137-89b5-37b97c246f7f&start=2026-10-09T17:00:00+0000&duration=PT1H from server.
Fetching https://www.freeview.co.uk/api/program?sid=44&nid=64403&pid=crid://csi.digitaluk.co.uk/d4a498ca-c4e3-4bbd-a936-5f6610b32f86&start=2026-10-09T18:00:00+0000&duration=PT1H from server.
Fetching https://www.freeview.co.uk/api/program?sid=44&nid=64403&pid=crid://csi.digitaluk.co.uk/eb705a0b-510b-4801-87b3-b331ca234cbf&start=2026-10-09T19:00:00+0000&duration=PT1H from server.
Fetching https://www.freeview.co.uk/api/program?sid=44&nid=64403&pid=crid://csi.digitaluk.co.uk/343490b6-d343-4c8d-bb74-9ae1618b3ae1&start=2026-10-09T20:00:00+0000&duration=PT1H from server.
Fetching https://www.freeview.co.uk/api/program?sid=44&nid=64403&pid=crid://csi.digitaluk.co.uk/8e3c30a3-c9ba-49da-b3de-01e8ce9a8340&start=2026-10-09T21:00:00+0000&duration=PT1H from server.
Fetching https://www.freeview.co.uk/api/program?sid=44&nid=64403&pid=crid://csi.digitaluk.co.uk/08ae78a3-20a6-4025-acda-e0a76de2fc6b&start=2026-10-09T22:00:00+0000&duration=PT1H from server.
Fetching https://www.freeview.co.uk/api/program?sid=44&nid=64403&pid=crid://csi.digitaluk.co.uk/06a3ac78-9273-4487-9090-39f380df0979&start=2026-10-09T23:00:00+0000&duration=PT1H from server.
## Wanted 20256 
Fetching https://www.freeview.co.uk/api/program?sid=46&nid=64403&pid=crid://panorama.five.tv/versions/C5500100012A&start=2026-10-09T00:30:00+0000&duration=PT55M from server.
Fetching https://www.freeview.co.uk/api/program?sid=46&nid=64403&pid=crid://panorama.five.tv/versions/C5500100014A&start=2026-10-09T01:25:00+0000&duration=PT55M from server.
Fetching https://www.freeview.co.uk/api/program?sid=46&nid=64403&pid=crid://panorama.five.tv/versions/C5410200005A&start=2026-10-09T02:20:00+0000&duration=PT25M from server.
Fetching https://www.freeview.co.uk/api/program?sid=46&nid=64403&pid=crid://panorama.five.tv/versions/C5522700041A&start=2026-10-09T02:45:00+0000&duration=PT15M from server.
Fetching https://www.freeview.co.uk/api/program?sid=46&nid=64403&pid=crid://panorama.five.tv/versions/C5266540001A&start=2026-10-09T03:00:00+0000&duration=PT2H from server.
Fetching https://www.freeview.co.uk/api/program?sid=46&nid=64403&pid=crid://panorama.five.tv/versions/C5480340001A&start=2026-10-09T05:00:00+0000&duration=PT30M from server.
Fetching https://www.freeview.co.uk/api/program?sid=46&nid=64403&pid=crid://panorama.five.tv/versions/C5326820001A&start=2026-10-09T05:30:00+0000&duration=PT30M from server.
Fetching https://www.freeview.co.uk/api/program?sid=46&nid=64403&pid=crid://panorama.five.tv/versions/C5349600001A&start=2026-10-09T06:00:00+0000&duration=PT1H from server.
Fetching https://www.freeview.co.uk/api/program?sid=46&nid=64403&pid=crid://panorama.five.tv/versions/C5349600001A&start=2026-10-09T07:00:00+0000&duration=PT1H from server.
Fetching https://www.freeview.co.uk/api/program?sid=46&nid=64403&pid=crid://panorama.five.tv/versions/C5296740005B&start=2026-10-09T08:00:00+0000&duration=PT1H from server.
Fetching https://www.freeview.co.uk/api/program?sid=46&nid=64403&pid=crid://panorama.five.tv/versions/C5296740006A&start=2026-10-09T09:00:00+0000&duration=PT1H from server.
Fetching https://www.freeview.co.uk/api/program?sid=46&nid=64403&pid=crid://panorama.five.tv/versions/C5496040001B&start=2026-10-09T10:00:00+0000&duration=PT1H from server.
Fetching https://www.freeview.co.uk/api/program?sid=46&nid=64403&pid=crid://panorama.five.tv/versions/C5496040002A&start=2026-10-09T11:00:00+0000&duration=PT1H from server.
Fetching https://www.freeview.co.uk/api/program?sid=46&nid=64403&pid=crid://panorama.five.tv/versions/C5269380003A&start=2026-10-09T12:00:00+0000&duration=PT1H from server.
Fetching https://www.freeview.co.uk/api/program?sid=46&nid=64403&pid=crid://panorama.five.tv/versions/C5269380004A&start=2026-10-09T13:00:00+0000&duration=PT1H from server.
Fetching https://www.freeview.co.uk/api/program?sid=46&nid=64403&pid=crid://panorama.five.tv/versions/C5085290001F&start=2026-10-09T14:00:00+0000&duration=PT2H from server.
Fetching https://www.freeview.co.uk/api/program?sid=46&nid=64403&pid=crid://panorama.five.tv/versions/C5478840001A&start=2026-10-09T16:00:00+0000&duration=PT1H from server.
Fetching https://www.freeview.co.uk/api/program?sid=46&nid=64403&pid=crid://panorama.five.tv/versions/C5478840002A&start=2026-10-09T17:00:00+0000&duration=PT1H from server.
Fetching https://www.freeview.co.uk/api/program?sid=46&nid=64403&pid=crid://panorama.five.tv/versions/C5496040003A&start=2026-10-09T18:00:00+0000&duration=PT1H from server.
Fetching https://www.freeview.co.uk/api/program?sid=46&nid=64403&pid=crid://panorama.five.tv/versions/C5496040004A&start=2026-10-09T19:00:00+0000&duration=PT1H from server.
Fetching https://www.freeview.co.uk/api/program?sid=46&nid=64403&pid=crid://panorama.five.tv/versions/C5517880005A&start=2026-10-09T20:00:00+0000&duration=PT2H5M from server.
Fetching https://www.freeview.co.uk/api/program?sid=46&nid=64403&pid=crid://panorama.five.tv/versions/C5478640064A&start=2026-10-09T22:05:00+0000&duration=PT1H5M from server.
Fetching https://www.freeview.co.uk/api/program?sid=46&nid=64403&pid=crid://panorama.five.tv/versions/C5478640065A&start=2026-10-09T23:10:00+0000&duration=PT1H from server.
### Wanted 8460 
Fetching https://www.freeview.co.uk/api/program?sid=49&nid=64403&pid=crid://csi.digitaluk.co.uk/667439f8-5dbf-4e79-a137-1c361fe1399a&start=2026-10-09T00:35:00+0000&duration=PT1H from server.
Fetching https://www.freeview.co.uk/api/program?sid=49&nid=64403&pid=crid://movida.bebanjo.net/mas/version/79049/006/ASDELIVERED/C&start=2026-10-09T01:35:00+0000&duration=PT1H from server.
Fetching https://www.freeview.co.uk/api/program?sid=49&nid=64403&pid=crid://movida.bebanjo.net/mas/version/78331/005/ASDELIVERED/C&start=2026-10-09T02:35:00+0000&duration=PT55M from server.
Fetching https://www.freeview.co.uk/api/program?sid=49&nid=64403&pid=crid://csi.digitaluk.co.uk/c723c934-6c9d-4e85-b98e-dfb8ad9e0c8d&start=2026-10-09T03:30:00+0000&duration=PT20M from server.
Fetching https://www.freeview.co.uk/api/program?sid=49&nid=64403&pid=crid://csi.digitaluk.co.uk/85980bbb-e656-4138-ba53-d0f225df8623&start=2026-10-09T03:50:00+0000&duration=PT2H10M from server.
Fetching https://www.freeview.co.uk/api/program?sid=49&nid=64403&pid=crid://csi.digitaluk.co.uk/9b9e3d00-cff2-46fb-9a18-221501e5fdb6&start=2026-10-09T06:00:00+0000&duration=PT2H from server.
Fetching https://www.freeview.co.uk/api/program?sid=49&nid=64403&pid=crid://csi.digitaluk.co.uk/dce33d50-7123-4114-a6a7-09280da7f569&start=2026-10-09T08:00:00+0000&duration=PT1H from server.
Fetching https://www.freeview.co.uk/api/program?sid=49&nid=64403&pid=crid://csi.digitaluk.co.uk/f6a0744b-c94a-4e20-8dba-0a2d3f5ec724&start=2026-10-09T09:00:00+0000&duration=PT1H from server.
Fetching https://www.freeview.co.uk/api/program?sid=49&nid=64403&pid=crid://movida.bebanjo.net/mas/version/77004/024/ASDELIVERED/C&start=2026-10-09T10:00:00+0000&duration=PT1H from server.
Fetching https://www.freeview.co.uk/api/program?sid=49&nid=64403&pid=crid://csi.digitaluk.co.uk/b85a4f01-f1bb-4689-93ae-5813d4aac556&start=2026-10-09T11:00:00+0000&duration=PT1H from server.
Fetching https://www.freeview.co.uk/api/program?sid=49&nid=64403&pid=crid://csi.digitaluk.co.uk/d579abfc-b7ed-4902-8614-9a576616a967&start=2026-10-09T12:00:00+0000&duration=PT1H from server.
Fetching https://www.freeview.co.uk/api/program?sid=49&nid=64403&pid=crid://csi.digitaluk.co.uk/1ea38e0e-07de-49b4-97f6-6320d7a7536a&start=2026-10-09T13:00:00+0000&duration=PT1H from server.
Fetching https://www.freeview.co.uk/api/program?sid=49&nid=64403&pid=crid://csi.digitaluk.co.uk/16a5d53a-5724-4238-adb3-af73760e3153&start=2026-10-09T14:00:00+0000&duration=PT30M from server.
Fetching https://www.freeview.co.uk/api/program?sid=49&nid=64403&pid=crid://csi.digitaluk.co.uk/78f7fbaf-81c6-4c62-a1f3-e5b9a2a4a95b&start=2026-10-09T14:30:00+0000&duration=PT30M from server.
Fetching https://www.freeview.co.uk/api/program?sid=49&nid=64403&pid=crid://csi.digitaluk.co.uk/b461aaa7-5560-47a5-aada-b44de4eb189b&start=2026-10-09T15:00:00+0000&duration=PT30M from server.
Fetching https://www.freeview.co.uk/api/program?sid=49&nid=64403&pid=crid://csi.digitaluk.co.uk/d8c3283b-2fe8-4f6f-a5fb-c92640f5c952&start=2026-10-09T15:30:00+0000&duration=PT30M from server.
Fetching https://www.freeview.co.uk/api/program?sid=49&nid=64403&pid=crid://csi.digitaluk.co.uk/549ec74d-d7de-461f-8b55-b4d8f926ce2f&start=2026-10-09T16:00:00+0000&duration=PT30M from server.
Fetching https://www.freeview.co.uk/api/program?sid=49&nid=64403&pid=crid://csi.digitaluk.co.uk/ead4af94-ad97-4b2f-993c-f97c704440fe&start=2026-10-09T16:30:00+0000&duration=PT30M from server.
Fetching https://www.freeview.co.uk/api/program?sid=49&nid=64403&pid=crid://csi.digitaluk.co.uk/195d522e-3ce8-4bd7-a390-b65656aabdd6&start=2026-10-09T17:00:00+0000&duration=PT1H from server.
Fetching https://www.freeview.co.uk/api/program?sid=49&nid=64403&pid=crid://csi.digitaluk.co.uk/cad29284-c644-4f36-ab96-5c8e186bb061&start=2026-10-09T18:00:00+0000&duration=PT30M from server.
Fetching https://www.freeview.co.uk/api/program?sid=49&nid=64403&pid=crid://movida.bebanjo.net/mas/version/79486/003/ASDELIVERED/C&start=2026-10-09T18:30:00+0000&duration=PT1H30M from server.
Fetching https://www.freeview.co.uk/api/program?sid=49&nid=64403&pid=crid://csi.digitaluk.co.uk/f6b80bb3-4fe0-4db4-b2bc-87510e5a0c99&start=2026-10-09T20:00:00+0000&duration=PT1H from server.
Fetching https://www.freeview.co.uk/api/program?sid=49&nid=64403&pid=crid://csi.digitaluk.co.uk/c2cbf402-73ba-4d93-b12b-3d7f32a70883&start=2026-10-09T21:00:00+0000&duration=PT1H from server.
Fetching https://www.freeview.co.uk/api/program?sid=49&nid=64403&pid=crid://csi.digitaluk.co.uk/24173b28-c762-4bc4-ac79-beb1e109a116&start=2026-10-09T22:00:00+0000&duration=PT1H5M from server.
Fetching https://www.freeview.co.uk/api/program?sid=49&nid=64403&pid=crid://movida.bebanjo.net/mas/version/78331/005/ASDELIVERED/C&start=2026-10-09T23:05:00+0000&duration=PT1H from server.
## Wanted 14384 
Fetching https://www.freeview.co.uk/api/program?sid=64&nid=64403&pid=crid://csi.digitaluk.co.uk/5acaa493-c215-443b-9ce9-cb6217e9a4df&start=2026-10-09T00:00:00+0000&duration=PT1H from server.
Fetching https://www.freeview.co.uk/api/program?sid=64&nid=64403&pid=crid://csi.digitaluk.co.uk/dd2f5501-7f25-4b5b-9b98-9c3a400a8d75&start=2026-10-09T01:00:00+0000&duration=PT1H from server.
Fetching https://www.freeview.co.uk/api/program?sid=64&nid=64403&pid=crid://csi.digitaluk.co.uk/46b64fc2-9e7f-4e8c-a07b-79444753c150&start=2026-10-09T02:00:00+0000&duration=PT45M from server.
Fetching https://www.freeview.co.uk/api/program?sid=64&nid=64403&pid=crid://csi.digitaluk.co.uk/5d90d4d9-2bbe-444e-8143-49160287266a&start=2026-10-09T02:45:00+0000&duration=PT25M from server.
Fetching https://www.freeview.co.uk/api/program?sid=64&nid=64403&pid=crid://csi.digitaluk.co.uk/0d3f3103-1b61-4fda-9e1e-4131007fe006&start=2026-10-09T03:10:00+0000&duration=PT25M from server.
Fetching https://www.freeview.co.uk/api/program?sid=64&nid=64403&pid=crid://csi.digitaluk.co.uk/bd823d56-44b5-426b-a7b7-979aa342680c&start=2026-10-09T03:35:00+0000&duration=PT25M from server.
Fetching https://www.freeview.co.uk/api/program?sid=64&nid=64403&pid=crid://csi.digitaluk.co.uk/d5fd73d3-e4aa-4373-83e9-acee5d8c0668&start=2026-10-09T04:00:00+0000&duration=PT1H from server.
Fetching https://www.freeview.co.uk/api/program?sid=64&nid=64403&pid=crid://csi.digitaluk.co.uk/fa07e8d9-e0d0-4279-a602-7e8c96b178c3&start=2026-10-09T05:00:00+0000&duration=PT45M from server.
Fetching https://www.freeview.co.uk/api/program?sid=64&nid=64403&pid=crid://csi.digitaluk.co.uk/bc81fb24-3017-49a3-986c-3dbb3a6a9c48&start=2026-10-09T05:45:00+0000&duration=PT45M from server.
Fetching https://www.freeview.co.uk/api/program?sid=64&nid=64403&pid=crid://csi.digitaluk.co.uk/961c0d78-8399-4870-86ab-36d03f6f4095&start=2026-10-09T06:30:00+0000&duration=PT55M from server.
Fetching https://www.freeview.co.uk/api/program?sid=64&nid=64403&pid=crid://csi.digitaluk.co.uk/2c800af6-54e5-407f-880c-4749bbd3f794&start=2026-10-09T07:25:00+0000&duration=PT55M from server.
Fetching https://www.freeview.co.uk/api/program?sid=64&nid=64403&pid=crid://csi.digitaluk.co.uk/99944415-61a2-4d54-a35a-8b153b9c7df1&start=2026-10-09T08:20:00+0000&duration=PT25M from server.
Fetching https://www.freeview.co.uk/api/program?sid=64&nid=64403&pid=crid://csi.digitaluk.co.uk/c9f6cfcd-4a5f-455e-9635-cc77fc05e94f&start=2026-10-09T08:45:00+0000&duration=PT30M from server.
Fetching https://www.freeview.co.uk/api/program?sid=64&nid=64403&pid=crid://csi.digitaluk.co.uk/953bfb6e-eb9e-4b3a-acc6-4c07942d0d4b&start=2026-10-09T09:15:00+0000&duration=PT25M from server.
Fetching https://www.freeview.co.uk/api/program?sid=64&nid=64403&pid=crid://csi.digitaluk.co.uk/e1ccb6f9-beef-4b9c-8824-a54ae16d42b0&start=2026-10-09T09:40:00+0000&duration=PT30M from server.
Fetching https://www.freeview.co.uk/api/program?sid=64&nid=64403&pid=crid://csi.digitaluk.co.uk/ec267153-64d5-47c5-8dc2-1ca23512ddcd&start=2026-10-09T10:10:00+0000&duration=PT30M from server.
Fetching https://www.freeview.co.uk/api/program?sid=64&nid=64403&pid=crid://csi.digitaluk.co.uk/89918afe-9036-42f4-b493-9b0da50d04ed&start=2026-10-09T10:40:00+0000&duration=PT30M from server.
Fetching https://www.freeview.co.uk/api/program?sid=64&nid=64403&pid=crid://csi.digitaluk.co.uk/972999fd-696b-480c-baa8-aa648166204b&start=2026-10-09T11:10:00+0000&duration=PT25M from server.
Fetching https://www.freeview.co.uk/api/program?sid=64&nid=64403&pid=crid://csi.digitaluk.co.uk/cc4a9386-783e-4135-ae93-685794be959a&start=2026-10-09T11:35:00+0000&duration=PT30M from server.
Fetching https://www.freeview.co.uk/api/program?sid=64&nid=64403&pid=crid://csi.digitaluk.co.uk/5d7f0046-53b7-4ce1-a69d-314f9460051d&start=2026-10-09T12:05:00+0000&duration=PT1H from server.
Fetching https://www.freeview.co.uk/api/program?sid=64&nid=64403&pid=crid://csi.digitaluk.co.uk/c02628c2-c27b-4ba0-8497-979b4520116c&start=2026-10-09T13:05:00+0000&duration=PT30M from server.
Fetching https://www.freeview.co.uk/api/program?sid=64&nid=64403&pid=crid://csi.digitaluk.co.uk/43c5e5b4-5214-4d51-b7a8-e50f1a8e3cf3&start=2026-10-09T13:35:00+0000&duration=PT30M from server.
Fetching https://www.freeview.co.uk/api/program?sid=64&nid=64403&pid=crid://csi.digitaluk.co.uk/9881b406-dac9-48c8-bf25-f9d56e768892&start=2026-10-09T14:05:00+0000&duration=PT1H from server.
Fetching https://www.freeview.co.uk/api/program?sid=64&nid=64403&pid=crid://csi.digitaluk.co.uk/ed637880-923c-407e-b6b7-d5b57d4556ec&start=2026-10-09T15:05:00+0000&duration=PT55M from server.
Fetching https://www.freeview.co.uk/api/program?sid=64&nid=64403&pid=crid://csi.digitaluk.co.uk/2d3cd3f8-a4b8-4e74-9e72-4fecade74316&start=2026-10-09T16:00:00+0000&duration=PT1H from server.
Fetching https://www.freeview.co.uk/api/program?sid=64&nid=64403&pid=crid://csi.digitaluk.co.uk/cf7f8faf-9370-4339-a054-145186476e41&start=2026-10-09T17:00:00+0000&duration=PT1H from server.
Fetching https://www.freeview.co.uk/api/program?sid=64&nid=64403&pid=crid://csi.digitaluk.co.uk/9c44dd40-0cd3-4a96-bcd7-faf61e02d12a&start=2026-10-09T18:00:00+0000&duration=PT1H from server.
Fetching https://www.freeview.co.uk/api/program?sid=64&nid=64403&pid=crid://csi.digitaluk.co.uk/20fadcf8-2aef-4005-a106-66dfcbabcd16&start=2026-10-09T19:00:00+0000&duration=PT1H from server.
Fetching https://www.freeview.co.uk/api/program?sid=64&nid=64403&pid=crid://csi.digitaluk.co.uk/af46fd53-9907-4e8b-a8f1-462be3ce8e6b&start=2026-10-09T20:00:00+0000&duration=PT30M from server.
Fetching https://www.freeview.co.uk/api/program?sid=64&nid=64403&pid=crid://csi.digitaluk.co.uk/c070d308-59a5-4789-a54d-4f5b3d0e68ba&start=2026-10-09T20:30:00+0000&duration=PT30M from server.
Fetching https://www.freeview.co.uk/api/program?sid=64&nid=64403&pid=crid://csi.digitaluk.co.uk/4f366812-e795-4182-be4a-2b08e85d2646&start=2026-10-09T21:00:00+0000&duration=PT1H from server.
Fetching https://www.freeview.co.uk/api/program?sid=64&nid=64403&pid=crid://csi.digitaluk.co.uk/2e4e3b5f-1def-47b8-a297-15180cafebe7&start=2026-10-09T22:00:00+0000&duration=PT1H from server.
Fetching https://www.freeview.co.uk/api/program?sid=64&nid=64403&pid=crid://csi.digitaluk.co.uk/c88da570-9440-479e-9f41-9eb328de7f6a&start=2026-10-09T23:00:00+0000&duration=PT1H from server.
### Wanted 17856 
Fetching https://www.freeview.co.uk/api/program?sid=103&nid=64403&pid=crid://csi.digitaluk.co.uk/7d6cc4e8-e2d1-4c97-ad74-2b93ce3e7beb&start=2026-10-09T02:00:00+0000&duration=PT50M from server.
Fetching https://www.freeview.co.uk/api/program?sid=103&nid=64403&pid=crid://csi.digitaluk.co.uk/7c0fed73-3efb-4d1b-a146-a6980da05bef&start=2026-10-09T02:50:00+0000&duration=PT1H15M from server.
Fetching https://www.freeview.co.uk/api/program?sid=103&nid=64403&pid=crid://csi.digitaluk.co.uk/4329b29f-f9f0-4028-a292-92cfbba912c4&start=2026-10-09T04:05:00+0000&duration=PT55M from server.
Fetching https://www.freeview.co.uk/api/program?sid=103&nid=64403&pid=crid://csi.digitaluk.co.uk/43c20261-41eb-4a55-a199-8df91feea560&start=2026-10-09T05:00:00+0000&duration=PT3H30M from server.
Fetching https://www.freeview.co.uk/api/program?sid=103&nid=64403&pid=crid://csi.digitaluk.co.uk/d7e88e14-1a12-4940-8570-d989d938889c&start=2026-10-09T08:30:00+0000&duration=PT30M from server.
Fetching https://www.freeview.co.uk/api/program?sid=103&nid=64403&pid=crid://csi.digitaluk.co.uk/a6841636-1a55-4a42-aee4-243170a1debb&start=2026-10-09T09:00:00+0000&duration=PT2H30M from server.
Fetching https://www.freeview.co.uk/api/program?sid=103&nid=64403&pid=crid://csi.digitaluk.co.uk/2122c594-285b-4977-ba9c-360b5e721fa8&start=2026-10-09T11:30:00+0000&duration=PT20M from server.
Fetching https://www.freeview.co.uk/api/program?sid=103&nid=64403&pid=crid://csi.digitaluk.co.uk/3a9328e3-c0af-4acf-b6d5-2a5aec88575a&start=2026-10-09T11:50:00+0000&duration=PT10M from server.
Fetching https://www.freeview.co.uk/api/program?sid=103&nid=64403&pid=crid://csi.digitaluk.co.uk/9b8d8d2f-a2a4-4a1d-8efa-c6538f5300da&start=2026-10-09T12:00:00+0000&duration=PT3H from server.
Fetching https://www.freeview.co.uk/api/program?sid=103&nid=64403&pid=crid://csi.digitaluk.co.uk/35f305e2-0f4f-45ef-b166-5f606e4508c7&start=2026-10-09T15:00:00+0000&duration=PT1H from server.
Fetching https://www.freeview.co.uk/api/program?sid=103&nid=64403&pid=crid://csi.digitaluk.co.uk/10dc85f4-cb68-4acd-8fd6-33464a374b52&start=2026-10-09T16:00:00+0000&duration=PT2H50M from server.
Fetching https://www.freeview.co.uk/api/program?sid=103&nid=64403&pid=crid://csi.digitaluk.co.uk/2aa73eb7-3e84-4876-b073-4594c970e802&start=2026-10-09T18:50:00+0000&duration=PT5M from server.
Fetching https://www.freeview.co.uk/api/program?sid=103&nid=64403&pid=crid://csi.digitaluk.co.uk/71bdbae0-5033-42a4-879e-dc08f5feee3d&start=2026-10-09T18:55:00+0000&duration=PT5M from server.
Fetching https://www.freeview.co.uk/api/program?sid=103&nid=64403&pid=crid://www.stv.tv/programInformation/234583&start=2026-10-09T19:00:00+0000&duration=PT30M from server.
Fetching https://www.freeview.co.uk/api/program?sid=103&nid=64403&pid=crid://www.stv.tv/programInformation/234591&start=2026-10-09T19:30:00+0000&duration=PT30M from server.
Fetching https://www.freeview.co.uk/api/program?sid=103&nid=64403&pid=crid://csi.digitaluk.co.uk/fe86e632-4b7f-4866-92a4-b3117ab168a4&start=2026-10-09T20:00:00+0000&duration=PT1H from server.
Fetching https://www.freeview.co.uk/api/program?sid=103&nid=64403&pid=crid://csi.digitaluk.co.uk/5e84e688-7b67-4d8f-a9ca-0644b63b6132&start=2026-10-09T21:00:00+0000&duration=PT30M from server.
Fetching https://www.freeview.co.uk/api/program?sid=103&nid=64403&pid=crid://csi.digitaluk.co.uk/1e84865a-339e-443d-9a5b-df2baa456d82&start=2026-10-09T21:30:00+0000&duration=PT15M from server.
Fetching https://www.freeview.co.uk/api/program?sid=103&nid=64403&pid=crid://csi.digitaluk.co.uk/0ecd8cd2-13da-4b12-91ab-454ed679b8ae&start=2026-10-09T21:45:00+0000&duration=PT2H30M from server.
## Wanted 22080 
Fetching https://www.freeview.co.uk/api/program?sid=233&nid=64403&pid=crid://csi.digitaluk.co.uk/b85551c6-af81-4714-9231-ec9e4381d067&start=2026-10-09T00:00:00+0000&duration=PT1H from server.
Fetching https://www.freeview.co.uk/api/program?sid=233&nid=64403&pid=crid://csi.digitaluk.co.uk/0ed69733-853d-40c1-a5e0-132878939d66&start=2026-10-09T01:00:00+0000&duration=PT1H from server.
Fetching https://www.freeview.co.uk/api/program?sid=233&nid=64403&pid=crid://csi.digitaluk.co.uk/6fea38db-3454-4996-aa08-60b9bfc20c6d&start=2026-10-09T02:00:00+0000&duration=PT1H from server.
Fetching https://www.freeview.co.uk/api/program?sid=233&nid=64403&pid=crid://csi.digitaluk.co.uk/77d6b433-28fb-4e66-b766-cd2197d17c5f&start=2026-10-09T03:00:00+0000&duration=PT1H from server.
Fetching https://www.freeview.co.uk/api/program?sid=233&nid=64403&pid=crid://csi.digitaluk.co.uk/491f8689-0bdb-4687-9a8c-87fb06b4ab8b&start=2026-10-09T04:00:00+0000&duration=PT1H from server.
Fetching https://www.freeview.co.uk/api/program?sid=233&nid=64403&pid=crid://csi.digitaluk.co.uk/ad069243-16dd-4fe7-884b-218bc241e622&start=2026-10-09T05:00:00+0000&duration=PT30M from server.
Fetching https://www.freeview.co.uk/api/program?sid=233&nid=64403&pid=crid://csi.digitaluk.co.uk/16df4d82-d6c3-45c7-81a6-f249b57d1e03&start=2026-10-09T05:30:00+0000&duration=PT30M from server.
Fetching https://www.freeview.co.uk/api/program?sid=233&nid=64403&pid=crid://csi.digitaluk.co.uk/63bb93a3-eff2-4b33-b1a2-dc966acab893&start=2026-10-09T06:00:00+0000&duration=PT30M from server.
Fetching https://www.freeview.co.uk/api/program?sid=233&nid=64403&pid=crid://csi.digitaluk.co.uk/95e75478-5f00-43fd-94cf-cf4b0a24bad2&start=2026-10-09T06:30:00+0000&duration=PT30M from server.
Fetching https://www.freeview.co.uk/api/program?sid=233&nid=64403&pid=crid://csi.digitaluk.co.uk/2dbcacf0-522d-4b1c-90e7-1138fe5da531&start=2026-10-09T07:00:00+0000&duration=PT30M from server.
Fetching https://www.freeview.co.uk/api/program?sid=233&nid=64403&pid=crid://csi.digitaluk.co.uk/102c4667-a6bf-4b88-8fd6-17eb75ad70d9&start=2026-10-09T07:30:00+0000&duration=PT30M from server.
Fetching https://www.freeview.co.uk/api/program?sid=233&nid=64403&pid=crid://csi.digitaluk.co.uk/b05873cf-23ea-4f4b-be09-1148c588435f&start=2026-10-09T08:00:00+0000&duration=PT30M from server.
Fetching https://www.freeview.co.uk/api/program?sid=233&nid=64403&pid=crid://csi.digitaluk.co.uk/ed089b26-de4c-4773-a06a-e7564532209b&start=2026-10-09T08:30:00+0000&duration=PT30M from server.
Fetching https://www.freeview.co.uk/api/program?sid=233&nid=64403&pid=crid://csi.digitaluk.co.uk/2bc073ed-d34f-4c14-b60f-c9bb06d9ba7d&start=2026-10-09T09:00:00+0000&duration=PT30M from server.
Fetching https://www.freeview.co.uk/api/program?sid=233&nid=64403&pid=crid://csi.digitaluk.co.uk/6e99d2c8-9c49-49d8-ba9c-2c210858b86d&start=2026-10-09T09:30:00+0000&duration=PT30M from server.
Fetching https://www.freeview.co.uk/api/program?sid=233&nid=64403&pid=crid://csi.digitaluk.co.uk/1e9e48f3-1e1a-4743-9f1a-4d52c8494090&start=2026-10-09T10:00:00+0000&duration=PT30M from server.
Fetching https://www.freeview.co.uk/api/program?sid=233&nid=64403&pid=crid://csi.digitaluk.co.uk/14a2c2bb-96eb-4217-8e62-814657ecf70a&start=2026-10-09T10:30:00+0000&duration=PT30M from server.
Fetching https://www.freeview.co.uk/api/program?sid=233&nid=64403&pid=crid://csi.digitaluk.co.uk/98fc6b33-3af2-4e1c-a808-2f42f95a8e1f&start=2026-10-09T11:00:00+0000&duration=PT30M from server.
Fetching https://www.freeview.co.uk/api/program?sid=233&nid=64403&pid=crid://csi.digitaluk.co.uk/0a86c224-8ec8-45e5-8ab7-c41ead83a2e9&start=2026-10-09T11:30:00+0000&duration=PT30M from server.
Fetching https://www.freeview.co.uk/api/program?sid=233&nid=64403&pid=crid://csi.digitaluk.co.uk/dac7cda5-7ad7-4da4-8f88-1f60034e4961&start=2026-10-09T12:00:00+0000&duration=PT30M from server.
Fetching https://www.freeview.co.uk/api/program?sid=233&nid=64403&pid=crid://csi.digitaluk.co.uk/7820ff58-90dc-4f8c-a082-16e9e4d01500&start=2026-10-09T12:30:00+0000&duration=PT30M from server.
Fetching https://www.freeview.co.uk/api/program?sid=233&nid=64403&pid=crid://csi.digitaluk.co.uk/693a3fa6-f456-4426-b1c4-0b4bd65a9fd4&start=2026-10-09T13:00:00+0000&duration=PT30M from server.
Fetching https://www.freeview.co.uk/api/program?sid=233&nid=64403&pid=crid://csi.digitaluk.co.uk/ff8b039a-aead-47e1-b5ec-45f2d5ce48cd&start=2026-10-09T13:30:00+0000&duration=PT30M from server.
Fetching https://www.freeview.co.uk/api/program?sid=233&nid=64403&pid=crid://csi.digitaluk.co.uk/207eb4ad-b042-4bef-aadd-a10b31e46926&start=2026-10-09T14:00:00+0000&duration=PT30M from server.
Fetching https://www.freeview.co.uk/api/program?sid=233&nid=64403&pid=crid://csi.digitaluk.co.uk/d9cb93c3-1324-467b-828d-cc8ebcd3e2f0&start=2026-10-09T14:30:00+0000&duration=PT30M from server.
Fetching https://www.freeview.co.uk/api/program?sid=233&nid=64403&pid=crid://csi.digitaluk.co.uk/53daf5e0-982d-4148-9251-09356b64d15f&start=2026-10-09T15:00:00+0000&duration=PT30M from server.
Fetching https://www.freeview.co.uk/api/program?sid=233&nid=64403&pid=crid://csi.digitaluk.co.uk/ff6e5062-7937-4e15-b5fe-2fa1bfa8e89f&start=2026-10-09T15:30:00+0000&duration=PT30M from server.
Fetching https://www.freeview.co.uk/api/program?sid=233&nid=64403&pid=crid://csi.digitaluk.co.uk/8a3a4f68-f0c1-4b31-8f57-7aa7232554ed&start=2026-10-09T16:00:00+0000&duration=PT30M from server.
Fetching https://www.freeview.co.uk/api/program?sid=233&nid=64403&pid=crid://csi.digitaluk.co.uk/e449e908-828a-41a4-b8d4-4e43d30a90dc&start=2026-10-09T16:30:00+0000&duration=PT30M from server.
Fetching https://www.freeview.co.uk/api/program?sid=233&nid=64403&pid=crid://csi.digitaluk.co.uk/28a2ec9c-1c2b-45de-9807-c15644e04a0a&start=2026-10-09T17:00:00+0000&duration=PT30M from server.
Fetching https://www.freeview.co.uk/api/program?sid=233&nid=64403&pid=crid://csi.digitaluk.co.uk/b16d2280-a950-46e5-9522-3438cbe40f50&start=2026-10-09T17:30:00+0000&duration=PT30M from server.
Fetching https://www.freeview.co.uk/api/program?sid=233&nid=64403&pid=crid://csi.digitaluk.co.uk/6cb88bba-1fee-4e9d-bb1e-6634c260c9a6&start=2026-10-09T18:00:00+0000&duration=PT30M from server.
Fetching https://www.freeview.co.uk/api/program?sid=233&nid=64403&pid=crid://csi.digitaluk.co.uk/8957f8c1-5f1a-4c43-87a1-6799f474d111&start=2026-10-09T18:30:00+0000&duration=PT30M from server.
Fetching https://www.freeview.co.uk/api/program?sid=233&nid=64403&pid=crid://csi.digitaluk.co.uk/d2ea0bb8-d176-4349-86ad-cb33ad742baf&start=2026-10-09T19:00:00+0000&duration=PT30M from server.
Fetching https://www.freeview.co.uk/api/program?sid=233&nid=64403&pid=crid://csi.digitaluk.co.uk/f0d13825-aa36-4148-9753-7d743af7959d&start=2026-10-09T19:30:00+0000&duration=PT30M from server.
Fetching https://www.freeview.co.uk/api/program?sid=233&nid=64403&pid=crid://csi.digitaluk.co.uk/7b4f30f0-b204-4ef6-81a1-2e0fb02e34c4&start=2026-10-09T20:00:00+0000&duration=PT30M from server.
Fetching https://www.freeview.co.uk/api/program?sid=233&nid=64403&pid=crid://csi.digitaluk.co.uk/af482085-4fb0-4c3a-898d-32ada9352350&start=2026-10-09T20:30:00+0000&duration=PT30M from server.
Fetching https://www.freeview.co.uk/api/program?sid=233&nid=64403&pid=crid://csi.digitaluk.co.uk/4a3abe4b-599f-4862-bf07-52358248ab4e&start=2026-10-09T21:00:00+0000&duration=PT30M from server.
Fetching https://www.freeview.co.uk/api/program?sid=233&nid=64403&pid=crid://csi.digitaluk.co.uk/8feb8e3f-91bb-4663-b3e2-d1c93bdeeebe&start=2026-10-09T21:30:00+0000&duration=PT30M from server.
Fetching https://www.freeview.co.uk/api/program?sid=233&nid=64403&pid=crid://csi.digitaluk.co.uk/db42af42-a8e8-42a0-839f-24cad19ac6c9&start=2026-10-09T22:00:00+0000&duration=PT30M from server.
Fetching https://www.freeview.co.uk/api/program?sid=233&nid=64403&pid=crid://csi.digitaluk.co.uk/e0dd39d0-b1aa-4158-9039-b1414d3bde1f&start=2026-10-09T22:30:00+0000&duration=PT30M from server.
Fetching https://www.freeview.co.uk/api/program?sid=233&nid=64403&pid=crid://csi.digitaluk.co.uk/23b28820-534a-4f04-8a39-873de20355d0&start=2026-10-09T23:00:00+0000&duration=PT1H from server.
###
