tv_grab_uk_freeview, 2026-09-12 23:35:09
----------------------------------------
getting list of channels:  URL= https://www.freeview.co.uk/api/channel-list?nid=64403 
Fetching https://www.freeview.co.uk/api/channel-list?nid=64403 from server.
##################################################
using cache '/home/runner/work/xmltv/xmltv/scripts//.xmltv/cache' 
using channel format 'number' 
using region id '64403' 
using icon ch string '?w=160' 
using icon pg string '?w=800' 
fetch 20 channels 
start/end grab: 1789776000 1789862400 
getting listings:  URL= https://www.freeview.co.uk/api/tv-guide?nid=64403&start=1789776000 
Fetching https://www.freeview.co.uk/api/tv-guide?nid=64403&start=1789776000 from server.
 Wanted 8384 
Fetching https://www.freeview.co.uk/api/program?sid=4&nid=64403&pid=crid://csi.digitaluk.co.uk/1e3add40-e7ed-4ba1-9721-b4955e7ba3cd&start=2026-09-19T00:20:00+0000&duration=PT2H20M from server.
Fetching https://www.freeview.co.uk/api/program?sid=4&nid=64403&pid=crid://csi.digitaluk.co.uk/0bf9bac3-36ac-45af-9421-cf4ea9c6ea3e&start=2026-09-19T02:40:00+0000&duration=PT15M from server.
Fetching https://www.freeview.co.uk/api/program?sid=4&nid=64403&pid=crid://csi.digitaluk.co.uk/ed92cd4c-89b9-49b7-b95f-8a0b32c7fb89&start=2026-09-19T02:55:00+0000&duration=PT25M from server.
Fetching https://www.freeview.co.uk/api/program?sid=4&nid=64403&pid=crid://csi.digitaluk.co.uk/92f11cc6-ca96-4b46-adbf-8ce5f3d686a3&start=2026-09-19T03:20:00+0000&duration=PT30M from server.
Fetching https://www.freeview.co.uk/api/program?sid=4&nid=64403&pid=crid://csi.digitaluk.co.uk/b8d76677-aa9f-48e2-84c6-c73d6060ca27&start=2026-09-19T03:50:00+0000&duration=PT25M from server.
Fetching https://www.freeview.co.uk/api/program?sid=4&nid=64403&pid=crid://csi.digitaluk.co.uk/9fed832b-04c0-4133-bc38-41d1ab1c57c2&start=2026-09-19T04:15:00+0000&duration=PT25M from server.
Fetching https://www.freeview.co.uk/api/program?sid=4&nid=64403&pid=crid://csi.digitaluk.co.uk/1f12e7e8-acd9-4c01-903b-033ad432d3cf&start=2026-09-19T04:40:00+0000&duration=PT30M from server.
Fetching https://www.freeview.co.uk/api/program?sid=4&nid=64403&pid=crid://csi.digitaluk.co.uk/abbbc775-3348-4bd2-a990-b639fc8918e6&start=2026-09-19T05:10:00+0000&duration=PT25M from server.
Fetching https://www.freeview.co.uk/api/program?sid=4&nid=64403&pid=crid://csi.digitaluk.co.uk/8d3565c6-394b-402a-9a9c-d587e2a82933&start=2026-09-19T05:35:00+0000&duration=PT30M from server.
Fetching https://www.freeview.co.uk/api/program?sid=4&nid=64403&pid=crid://csi.digitaluk.co.uk/11ab52ac-4f56-4d4e-a28f-aa9fdb2fdf6d&start=2026-09-19T06:05:00+0000&duration=PT30M from server.
Fetching https://www.freeview.co.uk/api/program?sid=4&nid=64403&pid=crid://csi.digitaluk.co.uk/d1fab06d-b6ba-4122-98b4-616fd915bf00&start=2026-09-19T06:35:00+0000&duration=PT25M from server.
Fetching https://www.freeview.co.uk/api/program?sid=4&nid=64403&pid=crid://csi.digitaluk.co.uk/33382748-fd4a-4522-ae1f-30023feed17c&start=2026-09-19T07:00:00+0000&duration=PT25M from server.
Fetching https://www.freeview.co.uk/api/program?sid=4&nid=64403&pid=crid://csi.digitaluk.co.uk/abb32c11-67a6-4685-8e42-822f292518dc&start=2026-09-19T07:25:00+0000&duration=PT30M from server.
Fetching https://www.freeview.co.uk/api/program?sid=4&nid=64403&pid=crid://csi.digitaluk.co.uk/e5603fb6-3a98-42f4-b3ec-40e0bc00db55&start=2026-09-19T07:55:00+0000&duration=PT30M from server.
Fetching https://www.freeview.co.uk/api/program?sid=4&nid=64403&pid=crid://csi.digitaluk.co.uk/cecd63fa-65c2-46c6-a088-5e0dcd09b38d&start=2026-09-19T08:25:00+0000&duration=PT30M from server.
Fetching https://www.freeview.co.uk/api/program?sid=4&nid=64403&pid=crid://csi.digitaluk.co.uk/b8e757bd-0179-42eb-9b15-2e4a1e053783&start=2026-09-19T08:55:00+0000&duration=PT30M from server.
Fetching https://www.freeview.co.uk/api/program?sid=4&nid=64403&pid=crid://csi.digitaluk.co.uk/3fc0c083-dee7-4074-95aa-6bad1c4a2c0f&start=2026-09-19T09:25:00+0000&duration=PT30M from server.
Fetching https://www.freeview.co.uk/api/program?sid=4&nid=64403&pid=crid://csi.digitaluk.co.uk/cb8c8048-7680-4898-ab22-744d57aa14f3&start=2026-09-19T09:55:00+0000&duration=PT30M from server.
Fetching https://www.freeview.co.uk/api/program?sid=4&nid=64403&pid=crid://csi.digitaluk.co.uk/2f7579ea-d4f2-4508-9de3-72781754c85b&start=2026-09-19T10:25:00+0000&duration=PT25M from server.
Fetching https://www.freeview.co.uk/api/program?sid=4&nid=64403&pid=crid://csi.digitaluk.co.uk/dd69e0bf-fb87-406e-823a-4c6bec23a2d0&start=2026-09-19T10:50:00+0000&duration=PT30M from server.
Fetching https://www.freeview.co.uk/api/program?sid=4&nid=64403&pid=crid://csi.digitaluk.co.uk/b403bcde-a076-4310-9110-0f08c1501e6a&start=2026-09-19T11:20:00+0000&duration=PT30M from server.
Fetching https://www.freeview.co.uk/api/program?sid=4&nid=64403&pid=crid://csi.digitaluk.co.uk/62ef5801-b782-40ad-83e9-f88ac91e2f66&start=2026-09-19T11:50:00+0000&duration=PT2H5M from server.
Fetching https://www.freeview.co.uk/api/program?sid=4&nid=64403&pid=crid://csi.digitaluk.co.uk/967f0405-deef-4e73-b55f-68d3b5caa34a&start=2026-09-19T13:55:00+0000&duration=PT30M from server.
Fetching https://www.freeview.co.uk/api/program?sid=4&nid=64403&pid=crid://csi.digitaluk.co.uk/d586ecd8-17d0-4af1-b5ce-c6e467587456&start=2026-09-19T14:25:00+0000&duration=PT30M from server.
Fetching https://www.freeview.co.uk/api/program?sid=4&nid=64403&pid=crid://csi.digitaluk.co.uk/434ae060-1e50-4e15-8add-2c178898b919&start=2026-09-19T14:55:00+0000&duration=PT30M from server.
Fetching https://www.freeview.co.uk/api/program?sid=4&nid=64403&pid=crid://csi.digitaluk.co.uk/afe1c1b5-47cc-4605-8a27-025444434f7e&start=2026-09-19T15:25:00+0000&duration=PT30M from server.
Fetching https://www.freeview.co.uk/api/program?sid=4&nid=64403&pid=crid://csi.digitaluk.co.uk/09ef7b09-dba7-4035-ac26-7a10abc27294&start=2026-09-19T15:55:00+0000&duration=PT30M from server.
Fetching https://www.freeview.co.uk/api/program?sid=4&nid=64403&pid=crid://csi.digitaluk.co.uk/2f570550-3fe5-430c-92f3-19ddf3ed8d2f&start=2026-09-19T16:25:00+0000&duration=PT1H from server.
Fetching https://www.freeview.co.uk/api/program?sid=4&nid=64403&pid=crid://csi.digitaluk.co.uk/0956e50c-cf34-407e-b8bc-b229cd8906f4&start=2026-09-19T17:25:00+0000&duration=PT30M from server.
Fetching https://www.freeview.co.uk/api/program?sid=4&nid=64403&pid=crid://csi.digitaluk.co.uk/9746f257-7353-4b10-a33f-89641315296f&start=2026-09-19T17:55:00+0000&duration=PT2H20M from server.
Fetching https://www.freeview.co.uk/api/program?sid=4&nid=64403&pid=crid://csi.digitaluk.co.uk/a52af354-7923-4929-b39d-06766a804313&start=2026-09-19T20:15:00+0000&duration=PT2H40M from server.
Fetching https://www.freeview.co.uk/api/program?sid=4&nid=64403&pid=crid://csi.digitaluk.co.uk/164df196-9032-4c85-8b38-990cffb974bf&start=2026-09-19T22:55:00+0000&duration=PT1H40M from server.
## Wanted 8500 
Fetching https://www.freeview.co.uk/api/program?sid=5&nid=64403&pid=crid://panorama.five.tv/versions/C5349600001A&start=2026-09-19T00:00:00+0000&duration=PT1H from server.
Fetching https://www.freeview.co.uk/api/program?sid=5&nid=64403&pid=crid://panorama.five.tv/versions/C5449940001A&start=2026-09-19T01:00:00+0000&duration=PT50M from server.
Fetching https://www.freeview.co.uk/api/program?sid=5&nid=64403&pid=crid://csi.digitaluk.co.uk/f0c1e0c3-aee7-46c8-a503-6cd543162a50&start=2026-09-19T01:50:00+0000&duration=PT45M from server.
Fetching https://www.freeview.co.uk/api/program?sid=5&nid=64403&pid=crid://csi.digitaluk.co.uk/f97537f0-8382-4353-933e-d6fc2069c9e3&start=2026-09-19T02:35:00+0000&duration=PT50M from server.
Fetching https://www.freeview.co.uk/api/program?sid=5&nid=64403&pid=crid://csi.digitaluk.co.uk/7c30f5f9-f1a3-4600-be92-b9c47e68c5f1&start=2026-09-19T03:25:00+0000&duration=PT1H10M from server.
Fetching https://www.freeview.co.uk/api/program?sid=5&nid=64403&pid=crid://panorama.five.tv/versions/C5522700039A&start=2026-09-19T04:35:00+0000&duration=PT15M from server.
Fetching https://www.freeview.co.uk/api/program?sid=5&nid=64403&pid=crid://csi.digitaluk.co.uk/e29b2351-11e2-410d-8452-227d2aea960f&start=2026-09-19T04:50:00+0000&duration=PT10M from server.
Fetching https://www.freeview.co.uk/api/program?sid=5&nid=64403&pid=crid://panorama.five.tv/versions/C5092870052C&start=2026-09-19T05:00:00+0000&duration=PT5M from server.
Fetching https://www.freeview.co.uk/api/program?sid=5&nid=64403&pid=crid://panorama.five.tv/versions/C5115230001C&start=2026-09-19T05:05:00+0000&duration=PT5M from server.
Fetching https://www.freeview.co.uk/api/program?sid=5&nid=64403&pid=crid://panorama.five.tv/versions/C5115230003C&start=2026-09-19T05:10:00+0000&duration=PT5M from server.
Fetching https://www.freeview.co.uk/api/program?sid=5&nid=64403&pid=crid://panorama.five.tv/versions/C5416540008A&start=2026-09-19T05:15:00+0000&duration=PT10M from server.
Fetching https://www.freeview.co.uk/api/program?sid=5&nid=64403&pid=crid://panorama.five.tv/versions/C5357220042A&start=2026-09-19T05:25:00+0000&duration=PT10M from server.
Fetching https://www.freeview.co.uk/api/program?sid=5&nid=64403&pid=crid://panorama.five.tv/versions/C5457120007A&start=2026-09-19T05:35:00+0000&duration=PT10M from server.
Fetching https://www.freeview.co.uk/api/program?sid=5&nid=64403&pid=crid://panorama.five.tv/versions/C5463820004A&start=2026-09-19T05:45:00+0000&duration=PT15M from server.
Fetching https://www.freeview.co.uk/api/program?sid=5&nid=64403&pid=crid://panorama.five.tv/versions/C5463540005C&start=2026-09-19T06:00:00+0000&duration=PT10M from server.
Fetching https://www.freeview.co.uk/api/program?sid=5&nid=64403&pid=crid://panorama.five.tv/versions/C5408820016A&start=2026-09-19T06:10:00+0000&duration=PT5M from server.
Fetching https://www.freeview.co.uk/api/program?sid=5&nid=64403&pid=crid://panorama.five.tv/versions/C5408820017A&start=2026-09-19T06:15:00+0000&duration=PT10M from server.
Fetching https://www.freeview.co.uk/api/program?sid=5&nid=64403&pid=crid://panorama.five.tv/versions/C5270620009A&start=2026-09-19T06:25:00+0000&duration=PT5M from server.
Fetching https://www.freeview.co.uk/api/program?sid=5&nid=64403&pid=crid://panorama.five.tv/versions/C5270620010A&start=2026-09-19T06:30:00+0000&duration=PT5M from server.
Fetching https://www.freeview.co.uk/api/program?sid=5&nid=64403&pid=crid://panorama.five.tv/versions/C5446160004A&start=2026-09-19T06:35:00+0000&duration=PT15M from server.
Fetching https://www.freeview.co.uk/api/program?sid=5&nid=64403&pid=crid://panorama.five.tv/versions/C5446160005A&start=2026-09-19T06:50:00+0000&duration=PT20M from server.
Fetching https://www.freeview.co.uk/api/program?sid=5&nid=64403&pid=crid://panorama.five.tv/versions/C5514960003B&start=2026-09-19T07:10:00+0000&duration=PT10M from server.
Fetching https://www.freeview.co.uk/api/program?sid=5&nid=64403&pid=crid://panorama.five.tv/versions/C5528860021A&start=2026-09-19T07:20:00+0000&duration=PT15M from server.
Fetching https://www.freeview.co.uk/api/program?sid=5&nid=64403&pid=crid://panorama.five.tv/versions/C5531680004A&start=2026-09-19T07:35:00+0000&duration=PT15M from server.
Fetching https://www.freeview.co.uk/api/program?sid=5&nid=64403&pid=crid://panorama.five.tv/versions/C5461220037A&start=2026-09-19T07:50:00+0000&duration=PT10M from server.
Fetching https://www.freeview.co.uk/api/program?sid=5&nid=64403&pid=crid://panorama.five.tv/versions/C5522900190A&start=2026-09-19T08:00:00+0000&duration=PT5M from server.
Fetching https://www.freeview.co.uk/api/program?sid=5&nid=64403&pid=crid://panorama.five.tv/versions/C5458300003C&start=2026-09-19T08:05:00+0000&duration=PT1H from server.
Fetching https://www.freeview.co.uk/api/program?sid=5&nid=64403&pid=crid://panorama.five.tv/versions/C5458300004A&start=2026-09-19T09:05:00+0000&duration=PT1H from server.
Fetching https://www.freeview.co.uk/api/program?sid=5&nid=64403&pid=crid://panorama.five.tv/versions/C5460390003A&start=2026-09-19T10:05:00+0000&duration=PT55M from server.
Fetching https://www.freeview.co.uk/api/program?sid=5&nid=64403&pid=crid://panorama.five.tv/versions/C5460390004A&start=2026-09-19T11:00:00+0000&duration=PT1H from server.
Fetching https://www.freeview.co.uk/api/program?sid=5&nid=64403&pid=crid://panorama.five.tv/versions/C5537320013A&start=2026-09-19T12:00:00+0000&duration=PT1H from server.
Fetching https://www.freeview.co.uk/api/program?sid=5&nid=64403&pid=crid://panorama.five.tv/versions/C5520860004A&start=2026-09-19T13:00:00+0000&duration=PT4H30M from server.
Fetching https://www.freeview.co.uk/api/program?sid=5&nid=64403&pid=crid://panorama.five.tv/versions/C5524420075A&start=2026-09-19T17:30:00+0000&duration=PT5M from server.
Fetching https://www.freeview.co.uk/api/program?sid=5&nid=64403&pid=crid://panorama.five.tv/versions/C5510220001A&start=2026-09-19T17:35:00+0000&duration=PT1H10M from server.
Fetching https://www.freeview.co.uk/api/program?sid=5&nid=64403&pid=crid://panorama.five.tv/versions/C5434680001A&start=2026-09-19T18:45:00+0000&duration=PT1H30M from server.
Fetching https://www.freeview.co.uk/api/program?sid=5&nid=64403&pid=crid://panorama.five.tv/versions/C5519680001A&start=2026-09-19T20:15:00+0000&duration=PT1H20M from server.
Fetching https://www.freeview.co.uk/api/program?sid=5&nid=64403&pid=crid://panorama.five.tv/versions/C5478140001A&start=2026-09-19T21:35:00+0000&duration=PT2H from server.
Fetching https://www.freeview.co.uk/api/program?sid=5&nid=64403&pid=crid://panorama.five.tv/versions/C5432900001A&start=2026-09-19T23:35:00+0000&duration=PT1H25M from server.
### Wanted 28000 
Fetching https://www.freeview.co.uk/api/program?sid=12&nid=64403&pid=crid://csi.digitaluk.co.uk/429fd2bf-40e5-4b59-8a19-0fd92552054e&start=2026-09-19T00:00:00+0000&duration=PT30M from server.
Fetching https://www.freeview.co.uk/api/program?sid=12&nid=64403&pid=crid://csi.digitaluk.co.uk/bd1a1aa7-1869-48c0-a0ac-038d9d42853c&start=2026-09-19T00:30:00+0000&duration=PT1H from server.
Fetching https://www.freeview.co.uk/api/program?sid=12&nid=64403&pid=crid://csi.digitaluk.co.uk/c6ee6402-1e6f-4a08-b6dc-57c3bcb6c3cc&start=2026-09-19T01:30:00+0000&duration=PT2H from server.
Fetching https://www.freeview.co.uk/api/program?sid=12&nid=64403&pid=crid://csi.digitaluk.co.uk/9192faa8-11d9-4d56-80f8-9f9191fe780c&start=2026-09-19T03:30:00+0000&duration=PT30M from server.
Fetching https://www.freeview.co.uk/api/program?sid=12&nid=64403&pid=crid://csi.digitaluk.co.uk/70ddb8a4-4134-413b-b38a-a5ae0bc83b6e&start=2026-09-19T04:00:00+0000&duration=PT1H from server.
Fetching https://www.freeview.co.uk/api/program?sid=12&nid=64403&pid=crid://csi.digitaluk.co.uk/2137a898-75b7-4f36-9739-ac36be7435ad&start=2026-09-19T05:00:00+0000&duration=PT30M from server.
Fetching https://www.freeview.co.uk/api/program?sid=12&nid=64403&pid=crid://csi.digitaluk.co.uk/fe399d3b-6bd1-45b7-b7fa-17b2869f3295&start=2026-09-19T05:30:00+0000&duration=PT30M from server.
Fetching https://www.freeview.co.uk/api/program?sid=12&nid=64403&pid=crid://csi.digitaluk.co.uk/f6217f18-c33c-4282-943f-961bebff50f2&start=2026-09-19T06:00:00+0000&duration=PT30M from server.
Fetching https://www.freeview.co.uk/api/program?sid=12&nid=64403&pid=crid://csi.digitaluk.co.uk/284fca22-2501-454b-b560-c5bbca3dbbf8&start=2026-09-19T06:30:00+0000&duration=PT30M from server.
Fetching https://www.freeview.co.uk/api/program?sid=12&nid=64403&pid=crid://csi.digitaluk.co.uk/1bb49f24-fd8b-4d6b-b177-c9e906be9872&start=2026-09-19T07:00:00+0000&duration=PT30M from server.
Fetching https://www.freeview.co.uk/api/program?sid=12&nid=64403&pid=crid://csi.digitaluk.co.uk/bcc8f915-4866-499b-8583-1d75e12b97da&start=2026-09-19T07:30:00+0000&duration=PT30M from server.
Fetching https://www.freeview.co.uk/api/program?sid=12&nid=64403&pid=crid://csi.digitaluk.co.uk/68501bf1-958b-4abc-93d4-786be23eeb2c&start=2026-09-19T08:00:00+0000&duration=PT30M from server.
Fetching https://www.freeview.co.uk/api/program?sid=12&nid=64403&pid=crid://csi.digitaluk.co.uk/26d32be2-ea02-445b-bab9-a05d06c9ba26&start=2026-09-19T08:30:00+0000&duration=PT30M from server.
Fetching https://www.freeview.co.uk/api/program?sid=12&nid=64403&pid=crid://csi.digitaluk.co.uk/321cc8cc-d992-4887-8e24-0047befbef86&start=2026-09-19T09:00:00+0000&duration=PT30M from server.
Fetching https://www.freeview.co.uk/api/program?sid=12&nid=64403&pid=crid://csi.digitaluk.co.uk/b587e7b4-3a9e-417a-8ecd-a371e6281acd&start=2026-09-19T09:30:00+0000&duration=PT30M from server.
Fetching https://www.freeview.co.uk/api/program?sid=12&nid=64403&pid=crid://csi.digitaluk.co.uk/a4c6c05d-590b-405f-aef1-df4bd13be1ec&start=2026-09-19T10:00:00+0000&duration=PT30M from server.
Fetching https://www.freeview.co.uk/api/program?sid=12&nid=64403&pid=crid://csi.digitaluk.co.uk/27a422e6-b5fe-49bb-9451-9588851ac20b&start=2026-09-19T10:30:00+0000&duration=PT30M from server.
Fetching https://www.freeview.co.uk/api/program?sid=12&nid=64403&pid=crid://csi.digitaluk.co.uk/ddd0ede2-f44f-4b69-95e1-06de9e0bc7bf&start=2026-09-19T11:00:00+0000&duration=PT30M from server.
Fetching https://www.freeview.co.uk/api/program?sid=12&nid=64403&pid=crid://csi.digitaluk.co.uk/ec615dbc-b364-40bb-b997-a43540dd4d3c&start=2026-09-19T11:30:00+0000&duration=PT30M from server.
Fetching https://www.freeview.co.uk/api/program?sid=12&nid=64403&pid=crid://csi.digitaluk.co.uk/3e7316a2-2090-4525-9c07-b81e35265778&start=2026-09-19T12:00:00+0000&duration=PT30M from server.
Fetching https://www.freeview.co.uk/api/program?sid=12&nid=64403&pid=crid://csi.digitaluk.co.uk/e92cd5d9-333a-485b-a537-bc5d840d37e2&start=2026-09-19T12:30:00+0000&duration=PT30M from server.
Fetching https://www.freeview.co.uk/api/program?sid=12&nid=64403&pid=crid://csi.digitaluk.co.uk/6ce9c9f5-c3f7-4045-8973-851564935862&start=2026-09-19T13:00:00+0000&duration=PT30M from server.
Fetching https://www.freeview.co.uk/api/program?sid=12&nid=64403&pid=crid://csi.digitaluk.co.uk/7fe737ba-7626-4b65-974a-006548dbd518&start=2026-09-19T13:30:00+0000&duration=PT30M from server.
Fetching https://www.freeview.co.uk/api/program?sid=12&nid=64403&pid=crid://csi.digitaluk.co.uk/29570c1a-7523-46c2-8eac-fa58d2c5d083&start=2026-09-19T14:00:00+0000&duration=PT30M from server.
Fetching https://www.freeview.co.uk/api/program?sid=12&nid=64403&pid=crid://csi.digitaluk.co.uk/4d928021-c5cf-4e1d-85cb-dc019e6ab3af&start=2026-09-19T14:30:00+0000&duration=PT30M from server.
Fetching https://www.freeview.co.uk/api/program?sid=12&nid=64403&pid=crid://csi.digitaluk.co.uk/a4c3f920-b818-4c13-9430-c96584d5a93a&start=2026-09-19T15:00:00+0000&duration=PT30M from server.
Fetching https://www.freeview.co.uk/api/program?sid=12&nid=64403&pid=crid://csi.digitaluk.co.uk/4a6d46b1-6f33-498f-b3e6-8c7716f992e4&start=2026-09-19T15:30:00+0000&duration=PT30M from server.
Fetching https://www.freeview.co.uk/api/program?sid=12&nid=64403&pid=crid://csi.digitaluk.co.uk/51bfa7d5-4773-40ef-9591-d0d8bf3f95fe&start=2026-09-19T16:00:00+0000&duration=PT30M from server.
Fetching https://www.freeview.co.uk/api/program?sid=12&nid=64403&pid=crid://csi.digitaluk.co.uk/df969ddf-892a-4e83-b975-9ec622da0b72&start=2026-09-19T16:30:00+0000&duration=PT30M from server.
Fetching https://www.freeview.co.uk/api/program?sid=12&nid=64403&pid=crid://csi.digitaluk.co.uk/3e38e2a4-e7f3-4a64-a5cb-0e3c1b6c5b52&start=2026-09-19T17:00:00+0000&duration=PT30M from server.
Fetching https://www.freeview.co.uk/api/program?sid=12&nid=64403&pid=crid://csi.digitaluk.co.uk/8b966e6f-105a-4259-b1a2-6dd75be80edd&start=2026-09-19T17:30:00+0000&duration=PT30M from server.
Fetching https://www.freeview.co.uk/api/program?sid=12&nid=64403&pid=crid://csi.digitaluk.co.uk/d54d4e80-2f7c-4a84-8d08-ce2003f8dfed&start=2026-09-19T18:00:00+0000&duration=PT30M from server.
Fetching https://www.freeview.co.uk/api/program?sid=12&nid=64403&pid=crid://csi.digitaluk.co.uk/f3a7819e-b461-4a0a-b691-d43c62a7216a&start=2026-09-19T18:30:00+0000&duration=PT30M from server.
Fetching https://www.freeview.co.uk/api/program?sid=12&nid=64403&pid=crid://csi.digitaluk.co.uk/5fa7d9cb-6388-485c-b36f-5c53ab8edbfb&start=2026-09-19T19:00:00+0000&duration=PT30M from server.
Fetching https://www.freeview.co.uk/api/program?sid=12&nid=64403&pid=crid://csi.digitaluk.co.uk/9e0760c3-9015-4ce3-9b73-3ad3f3a19c73&start=2026-09-19T19:30:00+0000&duration=PT30M from server.
Fetching https://www.freeview.co.uk/api/program?sid=12&nid=64403&pid=crid://csi.digitaluk.co.uk/b8e15b68-ed24-4a7c-b3c7-e66e29f6c482&start=2026-09-19T20:00:00+0000&duration=PT1H from server.
Fetching https://www.freeview.co.uk/api/program?sid=12&nid=64403&pid=crid://csi.digitaluk.co.uk/864b6cee-c62e-42cd-9f9c-d40f6d1e7d62&start=2026-09-19T21:00:00+0000&duration=PT1H from server.
Fetching https://www.freeview.co.uk/api/program?sid=12&nid=64403&pid=crid://csi.digitaluk.co.uk/2e527655-df0b-4a06-b77d-eb77f99f58c8&start=2026-09-19T22:00:00+0000&duration=PT1H from server.
Fetching https://www.freeview.co.uk/api/program?sid=12&nid=64403&pid=crid://csi.digitaluk.co.uk/2769a04b-1018-45d8-936c-2b7a21dc60be&start=2026-09-19T23:00:00+0000&duration=PT1H from server.
## Wanted 8448 
Fetching https://www.freeview.co.uk/api/program?sid=13&nid=64403&pid=crid://csi.digitaluk.co.uk/3d09e5ed-295c-404f-ba79-42c8ed245739&start=2026-09-19T02:05:00+0000&duration=PT50M from server.
Fetching https://www.freeview.co.uk/api/program?sid=13&nid=64403&pid=crid://csi.digitaluk.co.uk/2ddbbd61-2402-4a5a-960f-d63547b050ae&start=2026-09-19T02:55:00+0000&duration=PT25M from server.
Fetching https://www.freeview.co.uk/api/program?sid=13&nid=64403&pid=crid://csi.digitaluk.co.uk/d9f732e7-b2a5-4237-8a64-9e5ff82dddea&start=2026-09-19T03:20:00+0000&duration=PT25M from server.
Fetching https://www.freeview.co.uk/api/program?sid=13&nid=64403&pid=crid://csi.digitaluk.co.uk/bda8d40c-f590-4019-a1a8-36797576d321&start=2026-09-19T03:45:00+0000&duration=PT25M from server.
Fetching https://www.freeview.co.uk/api/program?sid=13&nid=64403&pid=crid://csi.digitaluk.co.uk/6eeec183-5eca-4427-bb61-2f828a6192ad&start=2026-09-19T04:10:00+0000&duration=PT25M from server.
Fetching https://www.freeview.co.uk/api/program?sid=13&nid=64403&pid=crid://csi.digitaluk.co.uk/4481fd72-1ae6-4233-b285-c739b57c0bfd&start=2026-09-19T04:35:00+0000&duration=PT25M from server.
Fetching https://www.freeview.co.uk/api/program?sid=13&nid=64403&pid=crid://csi.digitaluk.co.uk/d88a3815-2067-4e2a-a483-0d2f627dbeba&start=2026-09-19T05:00:00+0000&duration=PT1H from server.
Fetching https://www.freeview.co.uk/api/program?sid=13&nid=64403&pid=crid://csi.digitaluk.co.uk/200c9ebb-29a6-4a49-ae8b-4f9dda7a8f1c&start=2026-09-19T06:00:00+0000&duration=PT30M from server.
Fetching https://www.freeview.co.uk/api/program?sid=13&nid=64403&pid=crid://csi.digitaluk.co.uk/7bc91bb0-0787-4675-880f-31620c4f68c0&start=2026-09-19T06:30:00+0000&duration=PT1H5M from server.
Fetching https://www.freeview.co.uk/api/program?sid=13&nid=64403&pid=crid://csi.digitaluk.co.uk/69ccd247-521f-41d3-bf61-9d59e2c6a6af&start=2026-09-19T07:35:00+0000&duration=PT1H from server.
Fetching https://www.freeview.co.uk/api/program?sid=13&nid=64403&pid=crid://csi.digitaluk.co.uk/d24171cb-103d-416d-aa2a-1c3daf61c49a&start=2026-09-19T08:35:00+0000&duration=PT1H from server.
Fetching https://www.freeview.co.uk/api/program?sid=13&nid=64403&pid=crid://csi.digitaluk.co.uk/a34fed21-35fd-4c5c-bd76-a64d942ed547&start=2026-09-19T09:35:00+0000&duration=PT1H from server.
Fetching https://www.freeview.co.uk/api/program?sid=13&nid=64403&pid=crid://csi.digitaluk.co.uk/2a664561-bb4f-42ae-8292-e7d15b02408b&start=2026-09-19T10:35:00+0000&duration=PT55M from server.
Fetching https://www.freeview.co.uk/api/program?sid=13&nid=64403&pid=crid://csi.digitaluk.co.uk/880068c7-ad53-4186-a804-2d1274ccc80e&start=2026-09-19T11:30:00+0000&duration=PT2H5M from server.
Fetching https://www.freeview.co.uk/api/program?sid=13&nid=64403&pid=crid://csi.digitaluk.co.uk/2668e4cd-dfc3-41a8-9c87-853aea7ff81e&start=2026-09-19T13:35:00+0000&duration=PT1H55M from server.
Fetching https://www.freeview.co.uk/api/program?sid=13&nid=64403&pid=crid://csi.digitaluk.co.uk/cb507f75-ae66-4e68-b542-d1f9f0a3bf7e&start=2026-09-19T15:30:00+0000&duration=PT30M from server.
Fetching https://www.freeview.co.uk/api/program?sid=13&nid=64403&pid=crid://csi.digitaluk.co.uk/cdd95cc4-9bd4-4c85-99be-75843e5bf4d4&start=2026-09-19T16:00:00+0000&duration=PT30M from server.
Fetching https://www.freeview.co.uk/api/program?sid=13&nid=64403&pid=crid://csi.digitaluk.co.uk/a447407f-b5cd-4fac-990f-9e3283b6bc4f&start=2026-09-19T16:30:00+0000&duration=PT30M from server.
Fetching https://www.freeview.co.uk/api/program?sid=13&nid=64403&pid=crid://csi.digitaluk.co.uk/e65e49bc-3dd6-46a0-812d-46c1ff24d7a1&start=2026-09-19T17:00:00+0000&duration=PT30M from server.
Fetching https://www.freeview.co.uk/api/program?sid=13&nid=64403&pid=crid://csi.digitaluk.co.uk/d2d54d99-ad76-4d6e-a93a-2f2c855a4472&start=2026-09-19T17:30:00+0000&duration=PT30M from server.
Fetching https://www.freeview.co.uk/api/program?sid=13&nid=64403&pid=crid://csi.digitaluk.co.uk/e70c5146-9e85-4dd5-9ebc-79b559c3ee02&start=2026-09-19T18:00:00+0000&duration=PT30M from server.
Fetching https://www.freeview.co.uk/api/program?sid=13&nid=64403&pid=crid://csi.digitaluk.co.uk/7b44271d-9864-4d30-ac9c-7762aac329ce&start=2026-09-19T18:30:00+0000&duration=PT30M from server.
Fetching https://www.freeview.co.uk/api/program?sid=13&nid=64403&pid=crid://csi.digitaluk.co.uk/2f50da82-7c48-452a-a5d3-718b3fbc66f0&start=2026-09-19T19:00:00+0000&duration=PT30M from server.
Fetching https://www.freeview.co.uk/api/program?sid=13&nid=64403&pid=crid://csi.digitaluk.co.uk/d14db663-da2f-49fb-ad1f-d2c100dbdca1&start=2026-09-19T19:30:00+0000&duration=PT30M from server.
Fetching https://www.freeview.co.uk/api/program?sid=13&nid=64403&pid=crid://csi.digitaluk.co.uk/08c6a8f6-413f-42e5-b2ea-09c4aa5d369f&start=2026-09-19T20:00:00+0000&duration=PT1H from server.
Fetching https://www.freeview.co.uk/api/program?sid=13&nid=64403&pid=crid://csi.digitaluk.co.uk/ae556c89-a0bf-4884-9e4c-286dcbb1184a&start=2026-09-19T21:00:00+0000&duration=PT1H5M from server.
Fetching https://www.freeview.co.uk/api/program?sid=13&nid=64403&pid=crid://csi.digitaluk.co.uk/1995b0fd-e7fe-478d-a4cf-1f8fc7fb3c85&start=2026-09-19T22:05:00+0000&duration=PT1H from server.
Fetching https://www.freeview.co.uk/api/program?sid=13&nid=64403&pid=crid://csi.digitaluk.co.uk/63f94d08-f5ae-42dd-9bf2-67e03d5b71f8&start=2026-09-19T23:05:00+0000&duration=PT1H5M from server.
### Wanted 8385 
Fetching https://www.freeview.co.uk/api/program?sid=14&nid=64403&pid=crid://csi.digitaluk.co.uk/c6c503d2-714d-406e-ba9d-440dcd0d347f&start=2026-09-19T00:45:00+0000&duration=PT2H5M from server.
Fetching https://www.freeview.co.uk/api/program?sid=14&nid=64403&pid=crid://csi.digitaluk.co.uk/0d6ba761-c70e-4f42-a37b-974583245a09&start=2026-09-19T02:50:00+0000&duration=PT3H10M from server.
Fetching https://www.freeview.co.uk/api/program?sid=14&nid=64403&pid=crid://csi.digitaluk.co.uk/118574a9-ddda-4e48-9991-d2ca26a7d73f&start=2026-09-19T06:00:00+0000&duration=PT4H from server.
Fetching https://www.freeview.co.uk/api/program?sid=14&nid=64403&pid=crid://csi.digitaluk.co.uk/96df3165-424f-4edc-9b5b-b0941d9b95dd&start=2026-09-19T10:00:00+0000&duration=PT1H45M from server.
Fetching https://www.freeview.co.uk/api/program?sid=14&nid=64403&pid=crid://csi.digitaluk.co.uk/35ea824f-e837-4c54-aecc-9cdfb4ce99ce&start=2026-09-19T11:45:00+0000&duration=PT2H from server.
Fetching https://www.freeview.co.uk/api/program?sid=14&nid=64403&pid=crid://csi.digitaluk.co.uk/727225ab-90ed-4814-9ff7-a97e85d48c60&start=2026-09-19T13:45:00+0000&duration=PT1H45M from server.
Fetching https://www.freeview.co.uk/api/program?sid=14&nid=64403&pid=crid://csi.digitaluk.co.uk/9bedcbb7-06bc-4750-b7d2-21d176777027&start=2026-09-19T15:30:00+0000&duration=PT2H25M from server.
Fetching https://www.freeview.co.uk/api/program?sid=14&nid=64403&pid=crid://csi.digitaluk.co.uk/0e42f50f-2205-4e04-b188-c25e6d3be432&start=2026-09-19T17:55:00+0000&duration=PT2H5M from server.
Fetching https://www.freeview.co.uk/api/program?sid=14&nid=64403&pid=crid://csi.digitaluk.co.uk/48d74315-e781-4e0f-a659-5760f0594e79&start=2026-09-19T20:00:00+0000&duration=PT3H30M from server.
Fetching https://www.freeview.co.uk/api/program?sid=14&nid=64403&pid=crid://csi.digitaluk.co.uk/c7711873-0f51-4de8-bc5e-12fb3f2e70e3&start=2026-09-19T23:30:00+0000&duration=PT1H35M from server.
## Wanted 27328 
Fetching https://www.freeview.co.uk/api/program?sid=17&nid=64403&pid=crid://csi.digitaluk.co.uk/a132f70e-1d87-42fc-979b-271beeab6e1d&start=2026-09-19T00:00:00+0000&duration=PT1H from server.
Fetching https://www.freeview.co.uk/api/program?sid=17&nid=64403&pid=crid://csi.digitaluk.co.uk/73954af3-5bdd-44ee-918a-f8da425ac879&start=2026-09-19T01:00:00+0000&duration=PT1H from server.
Fetching https://www.freeview.co.uk/api/program?sid=17&nid=64403&pid=crid://csi.digitaluk.co.uk/14ddd72a-26ee-4764-bb54-204091aaf568&start=2026-09-19T02:00:00+0000&duration=PT1H from server.
Fetching https://www.freeview.co.uk/api/program?sid=17&nid=64403&pid=crid://csi.digitaluk.co.uk/69304a1c-e168-4601-a981-c850bee7379c&start=2026-09-19T03:00:00+0000&duration=PT30M from server.
Fetching https://www.freeview.co.uk/api/program?sid=17&nid=64403&pid=crid://csi.digitaluk.co.uk/ad2fb8eb-ba68-4111-b144-624e242eddb7&start=2026-09-19T03:30:00+0000&duration=PT30M from server.
Fetching https://www.freeview.co.uk/api/program?sid=17&nid=64403&pid=crid://csi.digitaluk.co.uk/c393988b-dcb8-4af3-8fe6-85d947877266&start=2026-09-19T04:00:00+0000&duration=PT30M from server.
Fetching https://www.freeview.co.uk/api/program?sid=17&nid=64403&pid=crid://csi.digitaluk.co.uk/6229fabd-64e3-4ed6-a3c8-40ab4c9e1e81&start=2026-09-19T04:30:00+0000&duration=PT30M from server.
Fetching https://www.freeview.co.uk/api/program?sid=17&nid=64403&pid=crid://csi.digitaluk.co.uk/e0e3f262-616d-44be-8c05-8f9cb245b3fd&start=2026-09-19T05:00:00+0000&duration=PT1H from server.
Fetching https://www.freeview.co.uk/api/program?sid=17&nid=64403&pid=crid://csi.digitaluk.co.uk/40ec78e3-a986-4b3b-900c-428e9474b9d1&start=2026-09-19T06:00:00+0000&duration=PT1H from server.
Fetching https://www.freeview.co.uk/api/program?sid=17&nid=64403&pid=crid://csi.digitaluk.co.uk/d6c69bc6-1856-40fe-b90a-5d932aa8f1a8&start=2026-09-19T07:00:00+0000&duration=PT1H from server.
Fetching https://www.freeview.co.uk/api/program?sid=17&nid=64403&pid=crid://csi.digitaluk.co.uk/d4bd8c82-09ff-4fbc-92cb-f72446e16b77&start=2026-09-19T08:00:00+0000&duration=PT1H from server.
Fetching https://www.freeview.co.uk/api/program?sid=17&nid=64403&pid=crid://csi.digitaluk.co.uk/c51a8c36-38c6-4e0a-afa7-912b0bd5e869&start=2026-09-19T09:00:00+0000&duration=PT1H from server.
Fetching https://www.freeview.co.uk/api/program?sid=17&nid=64403&pid=crid://csi.digitaluk.co.uk/6a30d392-03d4-4e8a-998f-c49f0431ba6c&start=2026-09-19T10:00:00+0000&duration=PT1H from server.
Fetching https://www.freeview.co.uk/api/program?sid=17&nid=64403&pid=crid://csi.digitaluk.co.uk/9a3929b4-79db-4a45-8428-5fb3004940a8&start=2026-09-19T11:00:00+0000&duration=PT1H from server.
Fetching https://www.freeview.co.uk/api/program?sid=17&nid=64403&pid=crid://csi.digitaluk.co.uk/58002dab-b693-4d1d-9886-f46f08ac166e&start=2026-09-19T12:00:00+0000&duration=PT1H from server.
Fetching https://www.freeview.co.uk/api/program?sid=17&nid=64403&pid=crid://csi.digitaluk.co.uk/e7dbe9ae-761b-40c3-8559-dffe320c2382&start=2026-09-19T13:00:00+0000&duration=PT1H from server.
Fetching https://www.freeview.co.uk/api/program?sid=17&nid=64403&pid=crid://csi.digitaluk.co.uk/23689446-19ce-4660-ba7e-65b29ccf3eb9&start=2026-09-19T14:00:00+0000&duration=PT1H from server.
Fetching https://www.freeview.co.uk/api/program?sid=17&nid=64403&pid=crid://csi.digitaluk.co.uk/77011dc8-25f1-4fd7-a01a-217494494c5e&start=2026-09-19T15:00:00+0000&duration=PT1H from server.
Fetching https://www.freeview.co.uk/api/program?sid=17&nid=64403&pid=crid://csi.digitaluk.co.uk/508c7ddf-aa07-4a9f-95da-fcfff0e2241a&start=2026-09-19T16:00:00+0000&duration=PT30M from server.
Fetching https://www.freeview.co.uk/api/program?sid=17&nid=64403&pid=crid://csi.digitaluk.co.uk/fdca4091-d701-44ed-9d07-260ca3f235d8&start=2026-09-19T16:30:00+0000&duration=PT30M from server.
Fetching https://www.freeview.co.uk/api/program?sid=17&nid=64403&pid=crid://csi.digitaluk.co.uk/d0e68f2d-be9b-43c7-ac82-8ebc1261487a&start=2026-09-19T17:00:00+0000&duration=PT30M from server.
Fetching https://www.freeview.co.uk/api/program?sid=17&nid=64403&pid=crid://csi.digitaluk.co.uk/faca5690-5e82-48e1-82fc-fa1e9e33220d&start=2026-09-19T17:30:00+0000&duration=PT30M from server.
Fetching https://www.freeview.co.uk/api/program?sid=17&nid=64403&pid=crid://csi.digitaluk.co.uk/8050e90f-67bc-431b-aa48-2ef8dd648c00&start=2026-09-19T18:00:00+0000&duration=PT1H from server.
Fetching https://www.freeview.co.uk/api/program?sid=17&nid=64403&pid=crid://csi.digitaluk.co.uk/0e746b00-57a5-4860-88a4-b499aca26937&start=2026-09-19T19:00:00+0000&duration=PT1H from server.
Fetching https://www.freeview.co.uk/api/program?sid=17&nid=64403&pid=crid://csi.digitaluk.co.uk/ae0e045a-5b36-4f49-a6ec-f4a935e2472b&start=2026-09-19T20:00:00+0000&duration=PT1H from server.
Fetching https://www.freeview.co.uk/api/program?sid=17&nid=64403&pid=crid://csi.digitaluk.co.uk/d5ecf86c-609a-41ba-8059-d37af627073d&start=2026-09-19T21:00:00+0000&duration=PT1H from server.
Fetching https://www.freeview.co.uk/api/program?sid=17&nid=64403&pid=crid://csi.digitaluk.co.uk/57b8b8ba-b091-4d7f-a5a4-deb95591f872&start=2026-09-19T22:00:00+0000&duration=PT1H from server.
Fetching https://www.freeview.co.uk/api/program?sid=17&nid=64403&pid=crid://csi.digitaluk.co.uk/e1246cba-dd9f-40e4-b360-5b67753fe70b&start=2026-09-19T23:00:00+0000&duration=PT1H from server.
### Wanted 8442 
Fetching https://www.freeview.co.uk/api/program?sid=18&nid=64403&pid=crid://csi.digitaluk.co.uk/ed8d26d4-726f-4ed7-89d0-2fd24f204217&start=2026-09-19T00:25:00+0000&duration=PT1H from server.
Fetching https://www.freeview.co.uk/api/program?sid=18&nid=64403&pid=crid://csi.digitaluk.co.uk/b5d8d65f-4469-4d7a-b707-9c2364f85cb8&start=2026-09-19T01:25:00+0000&duration=PT1H5M from server.
Fetching https://www.freeview.co.uk/api/program?sid=18&nid=64403&pid=crid://csi.digitaluk.co.uk/50c04dbd-ef2f-4126-9980-7e4ffecf5407&start=2026-09-19T02:30:00+0000&duration=PT30M from server.
Fetching https://www.freeview.co.uk/api/program?sid=18&nid=64403&pid=crid://csi.digitaluk.co.uk/bf0949db-9f36-49b9-9640-3dde3c8f49b4&start=2026-09-19T03:00:00+0000&duration=PT3H from server.
Fetching https://www.freeview.co.uk/api/program?sid=18&nid=64403&pid=crid://csi.digitaluk.co.uk/2e676046-d7a7-4500-8a4d-4178f834851c&start=2026-09-19T06:00:00+0000&duration=PT1H55M from server.
Fetching https://www.freeview.co.uk/api/program?sid=18&nid=64403&pid=crid://csi.digitaluk.co.uk/1152f46c-8975-4dbf-8e06-56657109b325&start=2026-09-19T07:55:00+0000&duration=PT35M from server.
Fetching https://www.freeview.co.uk/api/program?sid=18&nid=64403&pid=crid://csi.digitaluk.co.uk/6a380d70-539b-4b56-b41d-4029aa2e4820&start=2026-09-19T08:30:00+0000&duration=PT25M from server.
Fetching https://www.freeview.co.uk/api/program?sid=18&nid=64403&pid=crid://csi.digitaluk.co.uk/dd68f856-2210-449c-8ecd-ca8d041a4385&start=2026-09-19T08:55:00+0000&duration=PT35M from server.
Fetching https://www.freeview.co.uk/api/program?sid=18&nid=64403&pid=crid://csi.digitaluk.co.uk/c26218f5-9778-47b7-9427-18360a80f75c&start=2026-09-19T09:30:00+0000&duration=PT30M from server.
Fetching https://www.freeview.co.uk/api/program?sid=18&nid=64403&pid=crid://csi.digitaluk.co.uk/48137d04-a459-4e3b-a7de-490fa7bd0efb&start=2026-09-19T10:00:00+0000&duration=PT35M from server.
Fetching https://www.freeview.co.uk/api/program?sid=18&nid=64403&pid=crid://csi.digitaluk.co.uk/55271a9f-5c39-49fa-9674-839be1a9651e&start=2026-09-19T10:35:00+0000&duration=PT1H from server.
Fetching https://www.freeview.co.uk/api/program?sid=18&nid=64403&pid=crid://csi.digitaluk.co.uk/ff3eee12-dfc2-460b-8f4f-0ce63a613b03&start=2026-09-19T11:35:00+0000&duration=PT1H from server.
Fetching https://www.freeview.co.uk/api/program?sid=18&nid=64403&pid=crid://csi.digitaluk.co.uk/0833c143-39cc-494c-ac20-d57f89885d54&start=2026-09-19T12:35:00+0000&duration=PT1H5M from server.
Fetching https://www.freeview.co.uk/api/program?sid=18&nid=64403&pid=crid://csi.digitaluk.co.uk/bbefbefc-36b1-4e5a-8a6c-3ea5c0b9d9e6&start=2026-09-19T13:40:00+0000&duration=PT35M from server.
Fetching https://www.freeview.co.uk/api/program?sid=18&nid=64403&pid=crid://csi.digitaluk.co.uk/39c591ca-cdbb-4ce4-8652-d0ecd74d7589&start=2026-09-19T14:15:00+0000&duration=PT35M from server.
Fetching https://www.freeview.co.uk/api/program?sid=18&nid=64403&pid=crid://csi.digitaluk.co.uk/3f3ceee0-6366-4c0c-b14a-84b9d49fe45e&start=2026-09-19T14:50:00+0000&duration=PT30M from server.
Fetching https://www.freeview.co.uk/api/program?sid=18&nid=64403&pid=crid://csi.digitaluk.co.uk/5ccfa9af-f6f8-4b38-99a4-557f3dd1742c&start=2026-09-19T15:20:00+0000&duration=PT30M from server.
Fetching https://www.freeview.co.uk/api/program?sid=18&nid=64403&pid=crid://csi.digitaluk.co.uk/072e265f-1b98-4a2d-87f3-f4f6c733d385&start=2026-09-19T15:50:00+0000&duration=PT30M from server.
Fetching https://www.freeview.co.uk/api/program?sid=18&nid=64403&pid=crid://csi.digitaluk.co.uk/cae487df-94ea-45ec-bee6-6a1499373338&start=2026-09-19T16:20:00+0000&duration=PT35M from server.
Fetching https://www.freeview.co.uk/api/program?sid=18&nid=64403&pid=crid://csi.digitaluk.co.uk/d9a1fd70-0f4b-42e4-8f8e-f10644b161d0&start=2026-09-19T16:55:00+0000&duration=PT30M from server.
Fetching https://www.freeview.co.uk/api/program?sid=18&nid=64403&pid=crid://csi.digitaluk.co.uk/58e4f0e7-ab6e-4010-acae-1b94b2437da1&start=2026-09-19T17:25:00+0000&duration=PT30M from server.
Fetching https://www.freeview.co.uk/api/program?sid=18&nid=64403&pid=crid://csi.digitaluk.co.uk/38849d2f-51f9-4ee0-9da5-d83caf111b60&start=2026-09-19T17:55:00+0000&duration=PT30M from server.
Fetching https://www.freeview.co.uk/api/program?sid=18&nid=64403&pid=crid://csi.digitaluk.co.uk/79fa4647-e3f1-47ed-a883-bf1cf8f7d913&start=2026-09-19T18:25:00+0000&duration=PT35M from server.
Fetching https://www.freeview.co.uk/api/program?sid=18&nid=64403&pid=crid://csi.digitaluk.co.uk/979f4256-bf70-4696-ab83-19ae917aa1c5&start=2026-09-19T19:00:00+0000&duration=PT1H from server.
Fetching https://www.freeview.co.uk/api/program?sid=18&nid=64403&pid=crid://csi.digitaluk.co.uk/01716f89-4515-4feb-949f-3cb2a82ad2e0&start=2026-09-19T20:00:00+0000&duration=PT1H from server.
Fetching https://www.freeview.co.uk/api/program?sid=18&nid=64403&pid=crid://csi.digitaluk.co.uk/3fb9683e-930d-42de-9a94-12f476fa8b92&start=2026-09-19T21:00:00+0000&duration=PT1H5M from server.
Fetching https://www.freeview.co.uk/api/program?sid=18&nid=64403&pid=crid://csi.digitaluk.co.uk/c76daeb8-55cb-45ea-8aa4-dbb82dffd62a&start=2026-09-19T22:05:00+0000&duration=PT1H5M from server.
Fetching https://www.freeview.co.uk/api/program?sid=18&nid=64403&pid=crid://csi.digitaluk.co.uk/7940814c-8c12-4100-b934-388b8649e632&start=2026-09-19T23:10:00+0000&duration=PT1H5M from server.
## Wanted 12992 
Fetching https://www.freeview.co.uk/api/program?sid=21&nid=64403&pid=crid://csi.digitaluk.co.uk/881351f9-a4c4-4560-a1af-2010e5c8a3bc&start=2026-09-19T00:55:00+0000&duration=PT55M from server.
Fetching https://www.freeview.co.uk/api/program?sid=21&nid=64403&pid=crid://panorama.five.tv/versions/C5501660005A&start=2026-09-19T01:50:00+0000&duration=PT55M from server.
Fetching https://www.freeview.co.uk/api/program?sid=21&nid=64403&pid=crid://panorama.five.tv/versions/C5522700039A&start=2026-09-19T02:45:00+0000&duration=PT15M from server.
Fetching https://www.freeview.co.uk/api/program?sid=21&nid=64403&pid=crid://panorama.five.tv/versions/C5266540001A&start=2026-09-19T03:00:00+0000&duration=PT2H from server.
Fetching https://www.freeview.co.uk/api/program?sid=21&nid=64403&pid=crid://panorama.five.tv/versions/C5474060001A&start=2026-09-19T05:00:00+0000&duration=PT3H from server.
Fetching https://www.freeview.co.uk/api/program?sid=21&nid=64403&pid=crid://panorama.five.tv/versions/C5522700039A&start=2026-09-19T08:00:00+0000&duration=PT10M from server.
Fetching https://www.freeview.co.uk/api/program?sid=21&nid=64403&pid=crid://panorama.five.tv/versions/C5479940018A&start=2026-09-19T08:10:00+0000&duration=PT50M from server.
Fetching https://www.freeview.co.uk/api/program?sid=21&nid=64403&pid=crid://panorama.five.tv/versions/C5479940019A&start=2026-09-19T09:00:00+0000&duration=PT1H from server.
Fetching https://www.freeview.co.uk/api/program?sid=21&nid=64403&pid=crid://panorama.five.tv/versions/C5479940020A&start=2026-09-19T10:00:00+0000&duration=PT55M from server.
Fetching https://www.freeview.co.uk/api/program?sid=21&nid=64403&pid=crid://panorama.five.tv/versions/C5479940021A&start=2026-09-19T10:55:00+0000&duration=PT1H from server.
Fetching https://www.freeview.co.uk/api/program?sid=21&nid=64403&pid=crid://panorama.five.tv/versions/C5522780007A&start=2026-09-19T11:55:00+0000&duration=PT1H from server.
Fetching https://www.freeview.co.uk/api/program?sid=21&nid=64403&pid=crid://panorama.five.tv/versions/C5522780008A&start=2026-09-19T12:55:00+0000&duration=PT1H15M from server.
Fetching https://www.freeview.co.uk/api/program?sid=21&nid=64403&pid=crid://panorama.five.tv/versions/C5522780009A&start=2026-09-19T14:10:00+0000&duration=PT1H from server.
Fetching https://www.freeview.co.uk/api/program?sid=21&nid=64403&pid=crid://panorama.five.tv/versions/C5539240021A&start=2026-09-19T15:10:00+0000&duration=PT55M from server.
Fetching https://www.freeview.co.uk/api/program?sid=21&nid=64403&pid=crid://panorama.five.tv/versions/C5539240022A&start=2026-09-19T16:05:00+0000&duration=PT55M from server.
Fetching https://www.freeview.co.uk/api/program?sid=21&nid=64403&pid=crid://panorama.five.tv/versions/C5539240023A&start=2026-09-19T17:00:00+0000&duration=PT1H from server.
Fetching https://www.freeview.co.uk/api/program?sid=21&nid=64403&pid=crid://panorama.five.tv/versions/C5539240024A&start=2026-09-19T18:00:00+0000&duration=PT1H from server.
Fetching https://www.freeview.co.uk/api/program?sid=21&nid=64403&pid=crid://panorama.five.tv/versions/C5526240001A&start=2026-09-19T19:00:00+0000&duration=PT1H from server.
Fetching https://www.freeview.co.uk/api/program?sid=21&nid=64403&pid=crid://panorama.five.tv/versions/C5526240002A&start=2026-09-19T20:00:00+0000&duration=PT1H from server.
Fetching https://www.freeview.co.uk/api/program?sid=21&nid=64403&pid=crid://panorama.five.tv/versions/C5396820013A&start=2026-09-19T21:00:00+0000&duration=PT1H from server.
Fetching https://www.freeview.co.uk/api/program?sid=21&nid=64403&pid=crid://panorama.five.tv/versions/C5396820014A&start=2026-09-19T22:00:00+0000&duration=PT1H from server.
Fetching https://www.freeview.co.uk/api/program?sid=21&nid=64403&pid=crid://panorama.five.tv/versions/C5396820001A&start=2026-09-19T23:00:00+0000&duration=PT1H from server.
### Wanted 12928 
Fetching https://www.freeview.co.uk/api/program?sid=32&nid=64403&pid=crid://panorama.five.tv/versions/C5399060010C&start=2026-09-19T00:00:00+0000&duration=PT1H from server.
Fetching https://www.freeview.co.uk/api/program?sid=32&nid=64403&pid=crid://panorama.five.tv/versions/C5513950001B&start=2026-09-19T01:00:00+0000&duration=PT45M from server.
Fetching https://www.freeview.co.uk/api/program?sid=32&nid=64403&pid=crid://panorama.five.tv/versions/C5525380007A&start=2026-09-19T01:45:00+0000&duration=PT50M from server.
Fetching https://www.freeview.co.uk/api/program?sid=32&nid=64403&pid=crid://panorama.five.tv/versions/C5164553180A&start=2026-09-19T02:35:00+0000&duration=PT25M from server.
Fetching https://www.freeview.co.uk/api/program?sid=32&nid=64403&pid=crid://panorama.five.tv/versions/C5266540001A&start=2026-09-19T03:00:00+0000&duration=PT2H from server.
Fetching https://www.freeview.co.uk/api/program?sid=32&nid=64403&pid=crid://panorama.five.tv/versions/C5266540001A&start=2026-09-19T05:00:00+0000&duration=PT1H from server.
Fetching https://www.freeview.co.uk/api/program?sid=32&nid=64403&pid=crid://panorama.five.tv/versions/C5326820001A&start=2026-09-19T06:00:00+0000&duration=PT30M from server.
Fetching https://www.freeview.co.uk/api/program?sid=32&nid=64403&pid=crid://panorama.five.tv/versions/C5266540001A&start=2026-09-19T06:30:00+0000&duration=PT30M from server.
Fetching https://www.freeview.co.uk/api/program?sid=32&nid=64403&pid=crid://panorama.five.tv/versions/C5508810009A&start=2026-09-19T07:00:00+0000&duration=PT1H from server.
Fetching https://www.freeview.co.uk/api/program?sid=32&nid=64403&pid=crid://panorama.five.tv/versions/C5508810010A&start=2026-09-19T08:00:00+0000&duration=PT1H from server.
Fetching https://www.freeview.co.uk/api/program?sid=32&nid=64403&pid=crid://panorama.five.tv/versions/C5404060005D&start=2026-09-19T09:00:00+0000&duration=PT1H from server.
Fetching https://www.freeview.co.uk/api/program?sid=32&nid=64403&pid=crid://panorama.five.tv/versions/C5404060006C&start=2026-09-19T10:00:00+0000&duration=PT1H from server.
Fetching https://www.freeview.co.uk/api/program?sid=32&nid=64403&pid=crid://panorama.five.tv/versions/C5495500001B&start=2026-09-19T11:00:00+0000&duration=PT1H from server.
Fetching https://www.freeview.co.uk/api/program?sid=32&nid=64403&pid=crid://panorama.five.tv/versions/C5495500002B&start=2026-09-19T12:00:00+0000&duration=PT1H from server.
Fetching https://www.freeview.co.uk/api/program?sid=32&nid=64403&pid=crid://panorama.five.tv/versions/C5495500003C&start=2026-09-19T13:00:00+0000&duration=PT1H from server.
Fetching https://www.freeview.co.uk/api/program?sid=32&nid=64403&pid=crid://panorama.five.tv/versions/C5407200001D&start=2026-09-19T14:00:00+0000&duration=PT1H from server.
Fetching https://www.freeview.co.uk/api/program?sid=32&nid=64403&pid=crid://panorama.five.tv/versions/C5407200002D&start=2026-09-19T15:00:00+0000&duration=PT1H from server.
Fetching https://www.freeview.co.uk/api/program?sid=32&nid=64403&pid=crid://panorama.five.tv/versions/C5407200003F&start=2026-09-19T16:00:00+0000&duration=PT1H from server.
Fetching https://www.freeview.co.uk/api/program?sid=32&nid=64403&pid=crid://panorama.five.tv/versions/C5407200004C&start=2026-09-19T17:00:00+0000&duration=PT55M from server.
Fetching https://www.freeview.co.uk/api/program?sid=32&nid=64403&pid=crid://csi.digitaluk.co.uk/ec79e2bf-8034-4f92-acdd-bd0c40bb1610&start=2026-09-19T17:55:00+0000&duration=PT1H from server.
Fetching https://www.freeview.co.uk/api/program?sid=32&nid=64403&pid=crid://csi.digitaluk.co.uk/addf2803-102b-488b-b168-64a750d2fcb0&start=2026-09-19T18:55:00+0000&duration=PT5M from server.
Fetching https://www.freeview.co.uk/api/program?sid=32&nid=64403&pid=crid://csi.digitaluk.co.uk/76e4824d-dc1a-4d7c-aa2c-16dc9898a110&start=2026-09-19T19:00:00+0000&duration=PT1H from server.
Fetching https://www.freeview.co.uk/api/program?sid=32&nid=64403&pid=crid://panorama.five.tv/versions/C5222640001A&start=2026-09-19T20:00:00+0000&duration=PT1H from server.
Fetching https://www.freeview.co.uk/api/program?sid=32&nid=64403&pid=crid://csi.digitaluk.co.uk/deb127bf-1b7f-45eb-9708-40a0ca2739d8&start=2026-09-19T21:00:00+0000&duration=PT5M from server.
Fetching https://www.freeview.co.uk/api/program?sid=32&nid=64403&pid=crid://panorama.five.tv/versions/C5222640001A&start=2026-09-19T21:05:00+0000&duration=PT1H25M from server.
Fetching https://www.freeview.co.uk/api/program?sid=32&nid=64403&pid=crid://panorama.five.tv/versions/C5527200033A&start=2026-09-19T22:30:00+0000&duration=PT1H55M from server.
## Wanted 16112 
Fetching https://www.freeview.co.uk/api/program?sid=33&nid=64403&pid=crid://csi.digitaluk.co.uk/30fa008c-262a-4f05-878b-233085e42ab4&start=2026-09-19T00:45:00+0000&duration=PT1H from server.
Fetching https://www.freeview.co.uk/api/program?sid=33&nid=64403&pid=crid://panorama.five.tv/versions/C5293050010A&start=2026-09-19T01:45:00+0000&duration=PT55M from server.
Fetching https://www.freeview.co.uk/api/program?sid=33&nid=64403&pid=crid://panorama.five.tv/versions/C5487460003A&start=2026-09-19T02:40:00+0000&duration=PT15M from server.
Fetching https://www.freeview.co.uk/api/program?sid=33&nid=64403&pid=crid://panorama.five.tv/versions/C5522880038A&start=2026-09-19T02:55:00+0000&duration=PT5M from server.
Fetching https://www.freeview.co.uk/api/program?sid=33&nid=64403&pid=crid://panorama.five.tv/versions/C5340000001A&start=2026-09-19T03:00:00+0000&duration=PT2H from server.
Fetching https://www.freeview.co.uk/api/program?sid=33&nid=64403&pid=crid://panorama.five.tv/versions/C5266540001A&start=2026-09-19T05:00:00+0000&duration=PT1H from server.
Fetching https://www.freeview.co.uk/api/program?sid=33&nid=64403&pid=crid://panorama.five.tv/versions/C5502160001A&start=2026-09-19T06:00:00+0000&duration=PT30M from server.
Fetching https://www.freeview.co.uk/api/program?sid=33&nid=64403&pid=crid://panorama.five.tv/versions/C5480340001A&start=2026-09-19T06:30:00+0000&duration=PT30M from server.
Fetching https://www.freeview.co.uk/api/program?sid=33&nid=64403&pid=crid://panorama.five.tv/versions/C5349600001A&start=2026-09-19T07:00:00+0000&duration=PT1H from server.
Fetching https://www.freeview.co.uk/api/program?sid=33&nid=64403&pid=crid://panorama.five.tv/versions/C5372680021D&start=2026-09-19T08:00:00+0000&duration=PT1H from server.
Fetching https://www.freeview.co.uk/api/program?sid=33&nid=64403&pid=crid://panorama.five.tv/versions/C5372680020C&start=2026-09-19T09:00:00+0000&duration=PT1H from server.
Fetching https://www.freeview.co.uk/api/program?sid=33&nid=64403&pid=crid://panorama.five.tv/versions/C5372680012C&start=2026-09-19T10:00:00+0000&duration=PT1H from server.
Fetching https://www.freeview.co.uk/api/program?sid=33&nid=64403&pid=crid://panorama.five.tv/versions/C5278170005E&start=2026-09-19T11:00:00+0000&duration=PT1H from server.
Fetching https://www.freeview.co.uk/api/program?sid=33&nid=64403&pid=crid://panorama.five.tv/versions/C5223390001J&start=2026-09-19T12:00:00+0000&duration=PT1H from server.
Fetching https://www.freeview.co.uk/api/program?sid=33&nid=64403&pid=crid://panorama.five.tv/versions/C5223390003E&start=2026-09-19T13:00:00+0000&duration=PT55M from server.
Fetching https://www.freeview.co.uk/api/program?sid=33&nid=64403&pid=crid://panorama.five.tv/versions/C5223390004C&start=2026-09-19T13:55:00+0000&duration=PT1H from server.
Fetching https://www.freeview.co.uk/api/program?sid=33&nid=64403&pid=crid://panorama.five.tv/versions/C5223390005D&start=2026-09-19T14:55:00+0000&duration=PT1H from server.
Fetching https://www.freeview.co.uk/api/program?sid=33&nid=64403&pid=crid://panorama.five.tv/versions/C5024770001C&start=2026-09-19T15:55:00+0000&duration=PT1H from server.
Fetching https://www.freeview.co.uk/api/program?sid=33&nid=64403&pid=crid://panorama.five.tv/versions/C5522900190A&start=2026-09-19T16:55:00+0000&duration=PT5M from server.
Fetching https://www.freeview.co.uk/api/program?sid=33&nid=64403&pid=crid://panorama.five.tv/versions/C5024770001C&start=2026-09-19T17:00:00+0000&duration=PT35M from server.
Fetching https://www.freeview.co.uk/api/program?sid=33&nid=64403&pid=crid://panorama.five.tv/versions/C5277420001B&start=2026-09-19T17:35:00+0000&duration=PT1H from server.
Fetching https://www.freeview.co.uk/api/program?sid=33&nid=64403&pid=crid://panorama.five.tv/versions/C5522900190A&start=2026-09-19T18:35:00+0000&duration=PT5M from server.
Fetching https://www.freeview.co.uk/api/program?sid=33&nid=64403&pid=crid://panorama.five.tv/versions/C5277420001B&start=2026-09-19T18:40:00+0000&duration=PT1H20M from server.
Fetching https://www.freeview.co.uk/api/program?sid=33&nid=64403&pid=crid://csi.digitaluk.co.uk/e1f55db2-1be8-4ea0-a515-f7c10be9f25a&start=2026-09-19T20:00:00+0000&duration=PT1H from server.
Fetching https://www.freeview.co.uk/api/program?sid=33&nid=64403&pid=crid://panorama.five.tv/versions/C5522900190A&start=2026-09-19T21:00:00+0000&duration=PT5M from server.
Fetching https://www.freeview.co.uk/api/program?sid=33&nid=64403&pid=crid://csi.digitaluk.co.uk/803bd1cd-6b98-4487-bdef-c2ab998587e9&start=2026-09-19T21:05:00+0000&duration=PT50M from server.
Fetching https://www.freeview.co.uk/api/program?sid=33&nid=64403&pid=crid://panorama.five.tv/versions/C5213580018A&start=2026-09-19T21:55:00+0000&duration=PT1H from server.
Fetching https://www.freeview.co.uk/api/program?sid=33&nid=64403&pid=crid://panorama.five.tv/versions/C5213580020A&start=2026-09-19T22:55:00+0000&duration=PT1H from server.
Fetching https://www.freeview.co.uk/api/program?sid=33&nid=64403&pid=crid://panorama.five.tv/versions/C5213580021A&start=2026-09-19T23:55:00+0000&duration=PT1H from server.
### Wanted 8373 
Fetching https://www.freeview.co.uk/api/program?sid=35&nid=64403&pid=crid://csi.digitaluk.co.uk/c1af87cb-e0ab-4fb3-9f60-6910236b15df&start=2026-09-19T00:00:00+0000&duration=PT3H from server.
Fetching https://www.freeview.co.uk/api/program?sid=35&nid=64403&pid=crid://csi.digitaluk.co.uk/f2691a50-7fdc-4bfa-92cd-5273ab4525d0&start=2026-09-19T03:00:00+0000&duration=PT50M from server.
Fetching https://www.freeview.co.uk/api/program?sid=35&nid=64403&pid=crid://csi.digitaluk.co.uk/640e6dc7-57ab-4ead-afa2-aca0513fdb2e&start=2026-09-19T03:50:00+0000&duration=PT1H15M from server.
Fetching https://www.freeview.co.uk/api/program?sid=35&nid=64403&pid=crid://csi.digitaluk.co.uk/06589f02-25e2-4135-9321-81b8c6cd505f&start=2026-09-19T05:05:00+0000&duration=PT55M from server.
Fetching https://www.freeview.co.uk/api/program?sid=35&nid=64403&pid=crid://csi.digitaluk.co.uk/e8d306d2-bdb8-45d9-a74a-872eebce6a74&start=2026-09-19T06:00:00+0000&duration=PT30M from server.
Fetching https://www.freeview.co.uk/api/program?sid=35&nid=64403&pid=crid://csi.digitaluk.co.uk/45a01352-7487-43ad-ab1c-9cd5d67d31cb&start=2026-09-19T06:30:00+0000&duration=PT1H55M from server.
Fetching https://www.freeview.co.uk/api/program?sid=35&nid=64403&pid=crid://csi.digitaluk.co.uk/41deb22c-8930-4785-bec9-d99ba0f57ce6&start=2026-09-19T08:25:00+0000&duration=PT1H from server.
Fetching https://www.freeview.co.uk/api/program?sid=35&nid=64403&pid=crid://csi.digitaluk.co.uk/60fa5903-bbfb-42b2-bc3a-1b3fb39e05fc&start=2026-09-19T09:25:00+0000&duration=PT5M from server.
Fetching https://www.freeview.co.uk/api/program?sid=35&nid=64403&pid=crid://csi.digitaluk.co.uk/d149d3ca-011b-4d03-a451-8003b96e07c5&start=2026-09-19T09:30:00+0000&duration=PT2H30M from server.
Fetching https://www.freeview.co.uk/api/program?sid=35&nid=64403&pid=crid://csi.digitaluk.co.uk/b319e705-2319-48d7-aaf4-90c815c82fce&start=2026-09-19T12:00:00+0000&duration=PT2H55M from server.
Fetching https://www.freeview.co.uk/api/program?sid=35&nid=64403&pid=crid://csi.digitaluk.co.uk/24d25760-8bf3-48da-b74f-c6e518d0d410&start=2026-09-19T14:55:00+0000&duration=PT2H40M from server.
Fetching https://www.freeview.co.uk/api/program?sid=35&nid=64403&pid=crid://csi.digitaluk.co.uk/d08cf681-9a17-4294-ada5-0f4beddf295c&start=2026-09-19T17:35:00+0000&duration=PT20M from server.
Fetching https://www.freeview.co.uk/api/program?sid=35&nid=64403&pid=crid://csi.digitaluk.co.uk/f4297b68-fa56-465a-9386-bdbf44bcf2d4&start=2026-09-19T17:55:00+0000&duration=PT15M from server.
Fetching https://www.freeview.co.uk/api/program?sid=35&nid=64403&pid=crid://csi.digitaluk.co.uk/7d6568d2-6c27-40cf-8fba-e176f87545be&start=2026-09-19T18:10:00+0000&duration=PT1H15M from server.
Fetching https://www.freeview.co.uk/api/program?sid=35&nid=64403&pid=crid://csi.digitaluk.co.uk/a55b4702-f5ff-4bf1-b7e9-054c5018e4da&start=2026-09-19T19:25:00+0000&duration=PT1H from server.
Fetching https://www.freeview.co.uk/api/program?sid=35&nid=64403&pid=crid://csi.digitaluk.co.uk/d16ec9b4-5381-4419-a20c-34c5e8fba7f3&start=2026-09-19T20:25:00+0000&duration=PT1H from server.
Fetching https://www.freeview.co.uk/api/program?sid=35&nid=64403&pid=crid://csi.digitaluk.co.uk/65256417-5922-4bce-a69a-34839d1d0637&start=2026-09-19T21:25:00+0000&duration=PT50M from server.
Fetching https://www.freeview.co.uk/api/program?sid=35&nid=64403&pid=crid://csi.digitaluk.co.uk/3c98ea01-6d00-45e1-bd73-fcfc5b76635c&start=2026-09-19T22:15:00+0000&duration=PT20M from server.
Fetching https://www.freeview.co.uk/api/program?sid=35&nid=64403&pid=crid://csi.digitaluk.co.uk/157c94cc-24f8-427f-8933-2de5ac5ba655&start=2026-09-19T22:35:00+0000&duration=PT1H40M from server.
## Wanted 27680 
Fetching https://www.freeview.co.uk/api/program?sid=39&nid=64403&pid=crid://csi.digitaluk.co.uk/a310a3e6-2407-4117-8233-8bffbbf57e16&start=2026-09-19T00:00:00+0000&duration=PT1H from server.
Fetching https://www.freeview.co.uk/api/program?sid=39&nid=64403&pid=crid://csi.digitaluk.co.uk/09601d06-a908-4f28-a3da-475387ab3c1e&start=2026-09-19T01:00:00+0000&duration=PT30M from server.
Fetching https://www.freeview.co.uk/api/program?sid=39&nid=64403&pid=crid://csi.digitaluk.co.uk/8990d4ce-0d46-40ac-baf0-336af2393e6e&start=2026-09-19T01:30:00+0000&duration=PT30M from server.
Fetching https://www.freeview.co.uk/api/program?sid=39&nid=64403&pid=crid://csi.digitaluk.co.uk/fe33df02-e6d5-441e-be2f-59f0c126fbcf&start=2026-09-19T02:00:00+0000&duration=PT30M from server.
Fetching https://www.freeview.co.uk/api/program?sid=39&nid=64403&pid=crid://csi.digitaluk.co.uk/685f9edc-68a0-4772-ac49-25b5a1eebac2&start=2026-09-19T02:30:00+0000&duration=PT30M from server.
Fetching https://www.freeview.co.uk/api/program?sid=39&nid=64403&pid=crid://csi.digitaluk.co.uk/4a8e23a7-11db-4578-9ed7-5c7f81320453&start=2026-09-19T03:00:00+0000&duration=PT30M from server.
Fetching https://www.freeview.co.uk/api/program?sid=39&nid=64403&pid=crid://csi.digitaluk.co.uk/b3ecc798-ac28-40fd-bbbe-3e909f8c4f1a&start=2026-09-19T03:30:00+0000&duration=PT30M from server.
Fetching https://www.freeview.co.uk/api/program?sid=39&nid=64403&pid=crid://csi.digitaluk.co.uk/24fbc1cf-3dd4-4ed6-ade7-b97167e1a47a&start=2026-09-19T04:00:00+0000&duration=PT30M from server.
Fetching https://www.freeview.co.uk/api/program?sid=39&nid=64403&pid=crid://csi.digitaluk.co.uk/d7dbe893-dde5-4f60-95ce-e4b716faa517&start=2026-09-19T04:30:00+0000&duration=PT30M from server.
Fetching https://www.freeview.co.uk/api/program?sid=39&nid=64403&pid=crid://csi.digitaluk.co.uk/f93bb1b3-b1ff-4bed-8581-9b578aeb5671&start=2026-09-19T05:00:00+0000&duration=PT1H from server.
Fetching https://www.freeview.co.uk/api/program?sid=39&nid=64403&pid=crid://csi.digitaluk.co.uk/9d4576a2-38c9-4fbb-b0ae-a4197c03a637&start=2026-09-19T06:00:00+0000&duration=PT1H from server.
Fetching https://www.freeview.co.uk/api/program?sid=39&nid=64403&pid=crid://csi.digitaluk.co.uk/24740d4b-f527-491f-8b65-4e1e09f2cf0b&start=2026-09-19T07:00:00+0000&duration=PT1H from server.
Fetching https://www.freeview.co.uk/api/program?sid=39&nid=64403&pid=crid://csi.digitaluk.co.uk/a1271ada-03f1-4961-b1af-5c0c8d47ebca&start=2026-09-19T08:00:00+0000&duration=PT1H from server.
Fetching https://www.freeview.co.uk/api/program?sid=39&nid=64403&pid=crid://csi.digitaluk.co.uk/4fe4bae9-0c80-48b8-9604-4213ab2091f6&start=2026-09-19T09:00:00+0000&duration=PT1H from server.
Fetching https://www.freeview.co.uk/api/program?sid=39&nid=64403&pid=crid://csi.digitaluk.co.uk/126f83ba-2f14-4370-bbf9-f22260d6720a&start=2026-09-19T10:00:00+0000&duration=PT1H from server.
Fetching https://www.freeview.co.uk/api/program?sid=39&nid=64403&pid=crid://csi.digitaluk.co.uk/aba8e428-4e4e-4b03-aaa8-d73dec3be03b&start=2026-09-19T11:00:00+0000&duration=PT1H from server.
Fetching https://www.freeview.co.uk/api/program?sid=39&nid=64403&pid=crid://csi.digitaluk.co.uk/0b368de4-1502-4c44-814a-22799ad2fc1e&start=2026-09-19T12:00:00+0000&duration=PT1H from server.
Fetching https://www.freeview.co.uk/api/program?sid=39&nid=64403&pid=crid://csi.digitaluk.co.uk/f3345ec9-e757-4d2f-adec-2b0fe654cb62&start=2026-09-19T13:00:00+0000&duration=PT1H from server.
Fetching https://www.freeview.co.uk/api/program?sid=39&nid=64403&pid=crid://csi.digitaluk.co.uk/cbd34844-ac1e-4750-94a7-7ac6554d4c38&start=2026-09-19T14:00:00+0000&duration=PT1H from server.
Fetching https://www.freeview.co.uk/api/program?sid=39&nid=64403&pid=crid://csi.digitaluk.co.uk/11c593aa-7d85-4b1f-9f0f-9cbbc34c7c5b&start=2026-09-19T15:00:00+0000&duration=PT1H from server.
Fetching https://www.freeview.co.uk/api/program?sid=39&nid=64403&pid=crid://csi.digitaluk.co.uk/82324452-47c6-4a2b-b6dd-69d032653b67&start=2026-09-19T16:00:00+0000&duration=PT1H from server.
Fetching https://www.freeview.co.uk/api/program?sid=39&nid=64403&pid=crid://csi.digitaluk.co.uk/2fa2bac2-a276-44d6-a6c2-b51ca7ef4605&start=2026-09-19T17:00:00+0000&duration=PT1H from server.
Fetching https://www.freeview.co.uk/api/program?sid=39&nid=64403&pid=crid://csi.digitaluk.co.uk/d5558215-dd74-4032-92b2-527a1c00edbd&start=2026-09-19T18:00:00+0000&duration=PT1H from server.
Fetching https://www.freeview.co.uk/api/program?sid=39&nid=64403&pid=crid://csi.digitaluk.co.uk/3127c00e-a89a-44f0-92cd-1c8ffe24f732&start=2026-09-19T19:00:00+0000&duration=PT1H from server.
Fetching https://www.freeview.co.uk/api/program?sid=39&nid=64403&pid=crid://csi.digitaluk.co.uk/b5cb49ca-2e12-4736-84a0-2cadb9bc6c5d&start=2026-09-19T20:00:00+0000&duration=PT1H from server.
Fetching https://www.freeview.co.uk/api/program?sid=39&nid=64403&pid=crid://csi.digitaluk.co.uk/c010f5e2-d2c9-4619-899c-ac661f30f67c&start=2026-09-19T21:00:00+0000&duration=PT1H from server.
Fetching https://www.freeview.co.uk/api/program?sid=39&nid=64403&pid=crid://csi.digitaluk.co.uk/6c247bc7-b2eb-4c2e-9466-6ee1a64a7604&start=2026-09-19T22:00:00+0000&duration=PT1H from server.
Fetching https://www.freeview.co.uk/api/program?sid=39&nid=64403&pid=crid://csi.digitaluk.co.uk/3c9996f2-d72f-418f-ad69-48511b23d43d&start=2026-09-19T23:00:00+0000&duration=PT1H from server.
### Wanted 23744 
Fetching https://www.freeview.co.uk/api/program?sid=40&nid=64403&pid=crid://csi.digitaluk.co.uk/0174c15a-a649-4f7e-b6f0-db721a8c3c69&start=2026-09-19T00:00:00+0000&duration=PT1H from server.
Fetching https://www.freeview.co.uk/api/program?sid=40&nid=64403&pid=crid://csi.digitaluk.co.uk/304ab03c-c606-43ad-8a61-2c8c14338e7d&start=2026-09-19T01:00:00+0000&duration=PT1H from server.
Fetching https://www.freeview.co.uk/api/program?sid=40&nid=64403&pid=crid://csi.digitaluk.co.uk/709f44b7-5fc5-47e0-a5f3-3354abc70baa&start=2026-09-19T02:00:00+0000&duration=PT1H from server.
Fetching https://www.freeview.co.uk/api/program?sid=40&nid=64403&pid=crid://csi.digitaluk.co.uk/d57e7557-8d02-42ce-baf4-1888f11e23f2&start=2026-09-19T03:00:00+0000&duration=PT30M from server.
Fetching https://www.freeview.co.uk/api/program?sid=40&nid=64403&pid=crid://csi.digitaluk.co.uk/49986c15-be7b-4a32-99ad-21bb538e7aa6&start=2026-09-19T03:30:00+0000&duration=PT30M from server.
Fetching https://www.freeview.co.uk/api/program?sid=40&nid=64403&pid=crid://csi.digitaluk.co.uk/a5d4ee8c-b6b5-4384-9198-90f1b2c9b9d9&start=2026-09-19T04:00:00+0000&duration=PT30M from server.
Fetching https://www.freeview.co.uk/api/program?sid=40&nid=64403&pid=crid://csi.digitaluk.co.uk/bee4d672-96fa-4057-8baf-b7906d42a6fd&start=2026-09-19T04:30:00+0000&duration=PT30M from server.
Fetching https://www.freeview.co.uk/api/program?sid=40&nid=64403&pid=crid://csi.digitaluk.co.uk/04a926ed-c0a2-4e80-982c-0698753db413&start=2026-09-19T05:00:00+0000&duration=PT30M from server.
Fetching https://www.freeview.co.uk/api/program?sid=40&nid=64403&pid=crid://csi.digitaluk.co.uk/bf6f5f01-a55f-4204-9845-9c70b9784b9d&start=2026-09-19T05:30:00+0000&duration=PT30M from server.
Fetching https://www.freeview.co.uk/api/program?sid=40&nid=64403&pid=crid://csi.digitaluk.co.uk/361bde08-f6fb-4681-a4ed-cf41f181e10d&start=2026-09-19T06:00:00+0000&duration=PT30M from server.
Fetching https://www.freeview.co.uk/api/program?sid=40&nid=64403&pid=crid://csi.digitaluk.co.uk/6c646c40-c013-4f3b-a6c0-22f7f614a81c&start=2026-09-19T06:30:00+0000&duration=PT30M from server.
Fetching https://www.freeview.co.uk/api/program?sid=40&nid=64403&pid=crid://csi.digitaluk.co.uk/000d9309-cefa-4a1f-8845-a1f9a8cc669b&start=2026-09-19T07:00:00+0000&duration=PT30M from server.
Fetching https://www.freeview.co.uk/api/program?sid=40&nid=64403&pid=crid://csi.digitaluk.co.uk/42332799-d4b3-4cd1-950b-81785f2d0bbf&start=2026-09-19T07:30:00+0000&duration=PT30M from server.
Fetching https://www.freeview.co.uk/api/program?sid=40&nid=64403&pid=crid://csi.digitaluk.co.uk/124caf03-644a-4e36-8d0c-10fe34cb8627&start=2026-09-19T08:00:00+0000&duration=PT30M from server.
Fetching https://www.freeview.co.uk/api/program?sid=40&nid=64403&pid=crid://csi.digitaluk.co.uk/2ff36b02-980c-4e58-924b-4bed881af52a&start=2026-09-19T08:30:00+0000&duration=PT30M from server.
Fetching https://www.freeview.co.uk/api/program?sid=40&nid=64403&pid=crid://csi.digitaluk.co.uk/657ad35e-8eb4-4f2c-8e74-01a6179f6f8f&start=2026-09-19T09:00:00+0000&duration=PT1H from server.
Fetching https://www.freeview.co.uk/api/program?sid=40&nid=64403&pid=crid://csi.digitaluk.co.uk/e2d47dca-67ac-4488-b530-ddb4352c5e0c&start=2026-09-19T10:00:00+0000&duration=PT1H from server.
Fetching https://www.freeview.co.uk/api/program?sid=40&nid=64403&pid=crid://csi.digitaluk.co.uk/8cf7174b-9fc2-4b7d-9b34-e030dbd2d0e5&start=2026-09-19T11:00:00+0000&duration=PT1H from server.
Fetching https://www.freeview.co.uk/api/program?sid=40&nid=64403&pid=crid://csi.digitaluk.co.uk/0f5b2450-0d85-4582-aca2-9ef19ca2da31&start=2026-09-19T12:00:00+0000&duration=PT1H from server.
Fetching https://www.freeview.co.uk/api/program?sid=40&nid=64403&pid=crid://csi.digitaluk.co.uk/3a33b87c-290b-451c-84b6-bc56971cb328&start=2026-09-19T13:00:00+0000&duration=PT1H from server.
Fetching https://www.freeview.co.uk/api/program?sid=40&nid=64403&pid=crid://csi.digitaluk.co.uk/e9cb2f6d-550b-4612-8a35-f6cf1f5bf5ec&start=2026-09-19T14:00:00+0000&duration=PT1H from server.
Fetching https://www.freeview.co.uk/api/program?sid=40&nid=64403&pid=crid://csi.digitaluk.co.uk/4ad88630-91ad-4ee8-80c5-0a980444760d&start=2026-09-19T15:00:00+0000&duration=PT1H from server.
Fetching https://www.freeview.co.uk/api/program?sid=40&nid=64403&pid=crid://csi.digitaluk.co.uk/79c8a00f-2667-4805-a5a5-b669e4f27198&start=2026-09-19T16:00:00+0000&duration=PT1H from server.
Fetching https://www.freeview.co.uk/api/program?sid=40&nid=64403&pid=crid://csi.digitaluk.co.uk/d08f7750-7185-4bfd-ac88-850b3610ee0e&start=2026-09-19T17:00:00+0000&duration=PT1H from server.
Fetching https://www.freeview.co.uk/api/program?sid=40&nid=64403&pid=crid://csi.digitaluk.co.uk/7c319f12-436a-45de-9614-f24aa28a671b&start=2026-09-19T18:00:00+0000&duration=PT1H from server.
Fetching https://www.freeview.co.uk/api/program?sid=40&nid=64403&pid=crid://csi.digitaluk.co.uk/c5f7d71b-76f7-4eb6-a3ad-c7073b7f924e&start=2026-09-19T19:00:00+0000&duration=PT1H from server.
Fetching https://www.freeview.co.uk/api/program?sid=40&nid=64403&pid=crid://csi.digitaluk.co.uk/3c1448d3-e2ca-418a-b42e-52f74474ca74&start=2026-09-19T20:00:00+0000&duration=PT1H from server.
Fetching https://www.freeview.co.uk/api/program?sid=40&nid=64403&pid=crid://csi.digitaluk.co.uk/005ce79b-e217-441a-a4b1-41bd8674f46a&start=2026-09-19T21:00:00+0000&duration=PT1H from server.
Fetching https://www.freeview.co.uk/api/program?sid=40&nid=64403&pid=crid://csi.digitaluk.co.uk/a6568919-285f-4bc3-990a-cd787dbd0d24&start=2026-09-19T22:00:00+0000&duration=PT1H from server.
Fetching https://www.freeview.co.uk/api/program?sid=40&nid=64403&pid=crid://csi.digitaluk.co.uk/c1585232-3507-46d9-8957-465bbcc5177f&start=2026-09-19T23:00:00+0000&duration=PT1H from server.
## Wanted 23040 
Fetching https://www.freeview.co.uk/api/program?sid=43&nid=64403&pid=crid://csi.digitaluk.co.uk/bcaff62a-3433-4774-9ff8-a6cdc81fa29f&start=2026-09-19T00:00:00+0000&duration=PT30M from server.
Fetching https://www.freeview.co.uk/api/program?sid=43&nid=64403&pid=crid://csi.digitaluk.co.uk/e81943c2-4dbe-465c-b239-f18b687779af&start=2026-09-19T00:30:00+0000&duration=PT30M from server.
Fetching https://www.freeview.co.uk/api/program?sid=43&nid=64403&pid=crid://csi.digitaluk.co.uk/c31cc733-e943-4c07-9395-a95a8c462f6b&start=2026-09-19T01:00:00+0000&duration=PT30M from server.
Fetching https://www.freeview.co.uk/api/program?sid=43&nid=64403&pid=crid://csi.digitaluk.co.uk/1bbe2432-4226-45a5-ab45-9d9a260a7d68&start=2026-09-19T01:30:00+0000&duration=PT30M from server.
Fetching https://www.freeview.co.uk/api/program?sid=43&nid=64403&pid=crid://csi.digitaluk.co.uk/3be5eafe-c1fa-4490-9a6b-46798b79980e&start=2026-09-19T02:00:00+0000&duration=PT30M from server.
Fetching https://www.freeview.co.uk/api/program?sid=43&nid=64403&pid=crid://csi.digitaluk.co.uk/75d7f828-21da-4d03-acfd-1726785cec21&start=2026-09-19T02:30:00+0000&duration=PT30M from server.
Fetching https://www.freeview.co.uk/api/program?sid=43&nid=64403&pid=crid://csi.digitaluk.co.uk/bf34f32e-0b95-4e53-9a61-f0a069a30cc7&start=2026-09-19T03:00:00+0000&duration=PT30M from server.
Fetching https://www.freeview.co.uk/api/program?sid=43&nid=64403&pid=crid://csi.digitaluk.co.uk/fb602072-0777-4f35-b0f2-b241e6366632&start=2026-09-19T03:30:00+0000&duration=PT30M from server.
Fetching https://www.freeview.co.uk/api/program?sid=43&nid=64403&pid=crid://csi.digitaluk.co.uk/d0c13d6e-fdda-490e-b0f2-b949be352d53&start=2026-09-19T04:00:00+0000&duration=PT30M from server.
Fetching https://www.freeview.co.uk/api/program?sid=43&nid=64403&pid=crid://csi.digitaluk.co.uk/4d52b902-bff7-4904-9f07-5b2ed4b1dd99&start=2026-09-19T04:30:00+0000&duration=PT30M from server.
Fetching https://www.freeview.co.uk/api/program?sid=43&nid=64403&pid=crid://csi.digitaluk.co.uk/935d8dcc-4375-4e7c-95af-57543e8590f5&start=2026-09-19T05:00:00+0000&duration=PT30M from server.
Fetching https://www.freeview.co.uk/api/program?sid=43&nid=64403&pid=crid://csi.digitaluk.co.uk/6b72cb0a-a41f-46e3-adee-6716795e5fbf&start=2026-09-19T05:30:00+0000&duration=PT30M from server.
Fetching https://www.freeview.co.uk/api/program?sid=43&nid=64403&pid=crid://csi.digitaluk.co.uk/28b64526-57ba-457b-bcd3-151a72491b0a&start=2026-09-19T06:00:00+0000&duration=PT30M from server.
Fetching https://www.freeview.co.uk/api/program?sid=43&nid=64403&pid=crid://csi.digitaluk.co.uk/92d6bd77-b3b6-4f17-8202-e5776193c76c&start=2026-09-19T06:30:00+0000&duration=PT30M from server.
Fetching https://www.freeview.co.uk/api/program?sid=43&nid=64403&pid=crid://csi.digitaluk.co.uk/3bba7d99-b4be-4b2b-acd8-60483837d715&start=2026-09-19T07:00:00+0000&duration=PT30M from server.
Fetching https://www.freeview.co.uk/api/program?sid=43&nid=64403&pid=crid://csi.digitaluk.co.uk/a352bce6-ecde-4d53-8836-afe4a59666e8&start=2026-09-19T07:30:00+0000&duration=PT30M from server.
Fetching https://www.freeview.co.uk/api/program?sid=43&nid=64403&pid=crid://csi.digitaluk.co.uk/dd7885d7-fb93-4ead-8ca0-f3297bc7c1a8&start=2026-09-19T08:00:00+0000&duration=PT30M from server.
Fetching https://www.freeview.co.uk/api/program?sid=43&nid=64403&pid=crid://csi.digitaluk.co.uk/8c621f29-fcb7-4f39-b46d-988601616100&start=2026-09-19T08:30:00+0000&duration=PT30M from server.
Fetching https://www.freeview.co.uk/api/program?sid=43&nid=64403&pid=crid://csi.digitaluk.co.uk/9489c016-2145-4e74-90cc-e529e5496c11&start=2026-09-19T09:00:00+0000&duration=PT30M from server.
Fetching https://www.freeview.co.uk/api/program?sid=43&nid=64403&pid=crid://csi.digitaluk.co.uk/3aa8a13d-1911-47c1-95bb-619cc79e14ce&start=2026-09-19T09:30:00+0000&duration=PT30M from server.
Fetching https://www.freeview.co.uk/api/program?sid=43&nid=64403&pid=crid://csi.digitaluk.co.uk/525d8baa-90ef-427a-a347-c38915aeb406&start=2026-09-19T10:00:00+0000&duration=PT1H from server.
Fetching https://www.freeview.co.uk/api/program?sid=43&nid=64403&pid=crid://csi.digitaluk.co.uk/d2c2c19c-f5bb-4081-922d-bc3208c81345&start=2026-09-19T11:00:00+0000&duration=PT1H from server.
Fetching https://www.freeview.co.uk/api/program?sid=43&nid=64403&pid=crid://csi.digitaluk.co.uk/dd0b1b6c-ea2c-4f9f-ada1-21d196b8efae&start=2026-09-19T12:00:00+0000&duration=PT30M from server.
Fetching https://www.freeview.co.uk/api/program?sid=43&nid=64403&pid=crid://csi.digitaluk.co.uk/6f19ef10-91fc-4c1b-b8b9-a430b05e123a&start=2026-09-19T12:30:00+0000&duration=PT30M from server.
Fetching https://www.freeview.co.uk/api/program?sid=43&nid=64403&pid=crid://csi.digitaluk.co.uk/3a450e77-ab3c-412b-8f1a-cef50f43585e&start=2026-09-19T13:00:00+0000&duration=PT30M from server.
Fetching https://www.freeview.co.uk/api/program?sid=43&nid=64403&pid=crid://csi.digitaluk.co.uk/373a9ca3-fb25-462b-967b-759973cbc7ca&start=2026-09-19T13:30:00+0000&duration=PT30M from server.
Fetching https://www.freeview.co.uk/api/program?sid=43&nid=64403&pid=crid://csi.digitaluk.co.uk/d7475834-ec75-42e5-b43a-599dd4b64e55&start=2026-09-19T14:00:00+0000&duration=PT30M from server.
Fetching https://www.freeview.co.uk/api/program?sid=43&nid=64403&pid=crid://csi.digitaluk.co.uk/f6532b33-50f4-43d7-97de-783306a3edab&start=2026-09-19T14:30:00+0000&duration=PT30M from server.
Fetching https://www.freeview.co.uk/api/program?sid=43&nid=64403&pid=crid://csi.digitaluk.co.uk/3c67a3c0-e0c3-404a-8a25-1d1309657bc1&start=2026-09-19T15:00:00+0000&duration=PT30M from server.
Fetching https://www.freeview.co.uk/api/program?sid=43&nid=64403&pid=crid://csi.digitaluk.co.uk/62ff5def-ba0d-4ab2-b529-25f578364e5a&start=2026-09-19T15:30:00+0000&duration=PT30M from server.
Fetching https://www.freeview.co.uk/api/program?sid=43&nid=64403&pid=crid://csi.digitaluk.co.uk/fa10d960-b30b-4225-8eb8-bdfca0e7f716&start=2026-09-19T16:00:00+0000&duration=PT30M from server.
Fetching https://www.freeview.co.uk/api/program?sid=43&nid=64403&pid=crid://csi.digitaluk.co.uk/467ae11c-4b16-476e-9632-b22fb9d22364&start=2026-09-19T16:30:00+0000&duration=PT30M from server.
Fetching https://www.freeview.co.uk/api/program?sid=43&nid=64403&pid=crid://csi.digitaluk.co.uk/f834f1b4-7625-40a1-82e9-bc92cb2e7307&start=2026-09-19T17:00:00+0000&duration=PT30M from server.
Fetching https://www.freeview.co.uk/api/program?sid=43&nid=64403&pid=crid://csi.digitaluk.co.uk/a794ca0e-a64c-4655-8a8d-fe28e6478249&start=2026-09-19T17:30:00+0000&duration=PT30M from server.
Fetching https://www.freeview.co.uk/api/program?sid=43&nid=64403&pid=crid://csi.digitaluk.co.uk/1695694f-7339-4502-9155-6d3130818863&start=2026-09-19T18:00:00+0000&duration=PT30M from server.
Fetching https://www.freeview.co.uk/api/program?sid=43&nid=64403&pid=crid://csi.digitaluk.co.uk/3cc0dc86-5323-4543-bbdc-1a3f98687b5f&start=2026-09-19T18:30:00+0000&duration=PT30M from server.
Fetching https://www.freeview.co.uk/api/program?sid=43&nid=64403&pid=crid://csi.digitaluk.co.uk/766e6ff8-7525-48eb-a83c-cbba35918392&start=2026-09-19T19:00:00+0000&duration=PT1H from server.
Fetching https://www.freeview.co.uk/api/program?sid=43&nid=64403&pid=crid://csi.digitaluk.co.uk/dd5a3b8d-0a0f-404e-bfb6-31ec5a6a93cc&start=2026-09-19T20:00:00+0000&duration=PT30M from server.
Fetching https://www.freeview.co.uk/api/program?sid=43&nid=64403&pid=crid://csi.digitaluk.co.uk/b7bac3a4-9afa-4005-a8ba-441ea3ae7624&start=2026-09-19T20:30:00+0000&duration=PT30M from server.
Fetching https://www.freeview.co.uk/api/program?sid=43&nid=64403&pid=crid://csi.digitaluk.co.uk/af8159a4-6e79-408e-aa4a-bdf3d029b68f&start=2026-09-19T21:00:00+0000&duration=PT30M from server.
Fetching https://www.freeview.co.uk/api/program?sid=43&nid=64403&pid=crid://csi.digitaluk.co.uk/fa047559-e749-4752-b47e-33b5c1d3684b&start=2026-09-19T21:30:00+0000&duration=PT30M from server.
Fetching https://www.freeview.co.uk/api/program?sid=43&nid=64403&pid=crid://csi.digitaluk.co.uk/59ae12cd-3983-4b84-a478-e26d9be2f139&start=2026-09-19T22:00:00+0000&duration=PT30M from server.
Fetching https://www.freeview.co.uk/api/program?sid=43&nid=64403&pid=crid://csi.digitaluk.co.uk/7b3071f8-fe61-469d-840b-3645f35ef091&start=2026-09-19T22:30:00+0000&duration=PT30M from server.
Fetching https://www.freeview.co.uk/api/program?sid=43&nid=64403&pid=crid://csi.digitaluk.co.uk/9e83e7aa-1d82-41a8-89ec-2260f2ac6f1e&start=2026-09-19T23:00:00+0000&duration=PT30M from server.
Fetching https://www.freeview.co.uk/api/program?sid=43&nid=64403&pid=crid://csi.digitaluk.co.uk/47635d90-a35c-4cea-a3b9-3f6f0d09f8dc&start=2026-09-19T23:30:00+0000&duration=PT30M from server.
### Wanted 23712 
Fetching https://www.freeview.co.uk/api/program?sid=44&nid=64403&pid=crid://csi.digitaluk.co.uk/01d96640-9760-4034-b360-bd2f9183942f&start=2026-09-19T00:00:00+0000&duration=PT1H from server.
Fetching https://www.freeview.co.uk/api/program?sid=44&nid=64403&pid=crid://csi.digitaluk.co.uk/c737079d-4919-47df-a8f5-91259f1978ac&start=2026-09-19T01:00:00+0000&duration=PT2H from server.
Fetching https://www.freeview.co.uk/api/program?sid=44&nid=64403&pid=crid://csi.digitaluk.co.uk/c1fd15db-70c4-486f-8402-7a84029de34d&start=2026-09-19T03:00:00+0000&duration=PT1H from server.
Fetching https://www.freeview.co.uk/api/program?sid=44&nid=64403&pid=crid://csi.digitaluk.co.uk/7233bdad-1c3f-4569-a431-226120e6a0ef&start=2026-09-19T04:00:00+0000&duration=PT1H from server.
Fetching https://www.freeview.co.uk/api/program?sid=44&nid=64403&pid=crid://csi.digitaluk.co.uk/626b94e2-9c2f-4789-af2c-ed7dc9db9d08&start=2026-09-19T05:00:00+0000&duration=PT1H from server.
Fetching https://www.freeview.co.uk/api/program?sid=44&nid=64403&pid=crid://csi.digitaluk.co.uk/5efd9a3c-4d6f-41cc-87fb-9ac5c84abd11&start=2026-09-19T06:00:00+0000&duration=PT1H from server.
Fetching https://www.freeview.co.uk/api/program?sid=44&nid=64403&pid=crid://csi.digitaluk.co.uk/8a3bfa68-3d36-40fe-8126-8877e36a757e&start=2026-09-19T07:00:00+0000&duration=PT1H from server.
Fetching https://www.freeview.co.uk/api/program?sid=44&nid=64403&pid=crid://csi.digitaluk.co.uk/d608f076-292e-466b-a666-33b00a9a81ef&start=2026-09-19T08:00:00+0000&duration=PT1H from server.
Fetching https://www.freeview.co.uk/api/program?sid=44&nid=64403&pid=crid://csi.digitaluk.co.uk/1676d560-cc37-43c5-88d3-d2a9c08f2ccf&start=2026-09-19T09:00:00+0000&duration=PT1H from server.
Fetching https://www.freeview.co.uk/api/program?sid=44&nid=64403&pid=crid://csi.digitaluk.co.uk/4233d51d-49d9-4a6d-abd7-cd8dffad56f8&start=2026-09-19T10:00:00+0000&duration=PT1H from server.
Fetching https://www.freeview.co.uk/api/program?sid=44&nid=64403&pid=crid://csi.digitaluk.co.uk/48b73b76-23bd-48f9-b048-58b9fe93b07d&start=2026-09-19T11:00:00+0000&duration=PT1H from server.
Fetching https://www.freeview.co.uk/api/program?sid=44&nid=64403&pid=crid://csi.digitaluk.co.uk/19683998-90cd-4dd5-b02c-68a304704663&start=2026-09-19T12:00:00+0000&duration=PT1H from server.
Fetching https://www.freeview.co.uk/api/program?sid=44&nid=64403&pid=crid://csi.digitaluk.co.uk/59afe379-9590-4259-844f-3f7cf7c1d2a3&start=2026-09-19T13:00:00+0000&duration=PT1H from server.
Fetching https://www.freeview.co.uk/api/program?sid=44&nid=64403&pid=crid://csi.digitaluk.co.uk/1b519ef5-6025-468b-97ed-5ef27d294a48&start=2026-09-19T14:00:00+0000&duration=PT1H from server.
Fetching https://www.freeview.co.uk/api/program?sid=44&nid=64403&pid=crid://csi.digitaluk.co.uk/03395247-d0a5-4066-bbce-21d8a8fc386c&start=2026-09-19T15:00:00+0000&duration=PT1H from server.
Fetching https://www.freeview.co.uk/api/program?sid=44&nid=64403&pid=crid://csi.digitaluk.co.uk/0b93d2ed-f4ce-4292-97b2-275d9d4d0a3b&start=2026-09-19T16:00:00+0000&duration=PT1H from server.
Fetching https://www.freeview.co.uk/api/program?sid=44&nid=64403&pid=crid://csi.digitaluk.co.uk/6a011076-768e-4925-ab45-d50c46d0ebe9&start=2026-09-19T17:00:00+0000&duration=PT1H from server.
Fetching https://www.freeview.co.uk/api/program?sid=44&nid=64403&pid=crid://csi.digitaluk.co.uk/0a30cd18-7a99-4341-99f7-d0640158f886&start=2026-09-19T18:00:00+0000&duration=PT1H from server.
Fetching https://www.freeview.co.uk/api/program?sid=44&nid=64403&pid=crid://csi.digitaluk.co.uk/0ba399a4-9ec7-43d2-9f7d-85b6417e0ec9&start=2026-09-19T19:00:00+0000&duration=PT1H from server.
Fetching https://www.freeview.co.uk/api/program?sid=44&nid=64403&pid=crid://csi.digitaluk.co.uk/afcdfe10-beb4-41d9-b4ff-33cbb8633110&start=2026-09-19T20:00:00+0000&duration=PT1H from server.
Fetching https://www.freeview.co.uk/api/program?sid=44&nid=64403&pid=crid://csi.digitaluk.co.uk/8a2324c8-ab6b-4500-8184-67546f2b96ab&start=2026-09-19T21:00:00+0000&duration=PT1H from server.
Fetching https://www.freeview.co.uk/api/program?sid=44&nid=64403&pid=crid://csi.digitaluk.co.uk/0890118b-02ea-4fe3-9163-c149e9ca72de&start=2026-09-19T22:00:00+0000&duration=PT1H from server.
Fetching https://www.freeview.co.uk/api/program?sid=44&nid=64403&pid=crid://csi.digitaluk.co.uk/7ef4ce2c-7cea-478e-bfb0-e54ba4ab1c3a&start=2026-09-19T23:00:00+0000&duration=PT1H from server.
## Wanted 20256 
Fetching https://www.freeview.co.uk/api/program?sid=46&nid=64403&pid=crid://panorama.five.tv/versions/C5488960009A&start=2026-09-19T00:10:00+0000&duration=PT1H from server.
Fetching https://www.freeview.co.uk/api/program?sid=46&nid=64403&pid=crid://panorama.five.tv/versions/C5488960010A&start=2026-09-19T01:10:00+0000&duration=PT1H from server.
Fetching https://www.freeview.co.uk/api/program?sid=46&nid=64403&pid=crid://panorama.five.tv/versions/C5323920003B&start=2026-09-19T02:10:00+0000&duration=PT50M from server.
Fetching https://www.freeview.co.uk/api/program?sid=46&nid=64403&pid=crid://panorama.five.tv/versions/C5266540001A&start=2026-09-19T03:00:00+0000&duration=PT2H from server.
Fetching https://www.freeview.co.uk/api/program?sid=46&nid=64403&pid=crid://panorama.five.tv/versions/C5480340001A&start=2026-09-19T05:00:00+0000&duration=PT30M from server.
Fetching https://www.freeview.co.uk/api/program?sid=46&nid=64403&pid=crid://panorama.five.tv/versions/C5326820001A&start=2026-09-19T05:30:00+0000&duration=PT30M from server.
Fetching https://www.freeview.co.uk/api/program?sid=46&nid=64403&pid=crid://panorama.five.tv/versions/C5349600001A&start=2026-09-19T06:00:00+0000&duration=PT1H from server.
Fetching https://www.freeview.co.uk/api/program?sid=46&nid=64403&pid=crid://panorama.five.tv/versions/C5349600001A&start=2026-09-19T07:00:00+0000&duration=PT1H from server.
Fetching https://www.freeview.co.uk/api/program?sid=46&nid=64403&pid=crid://panorama.five.tv/versions/C5348700005B&start=2026-09-19T08:00:00+0000&duration=PT1H from server.
Fetching https://www.freeview.co.uk/api/program?sid=46&nid=64403&pid=crid://panorama.five.tv/versions/C5348700006A&start=2026-09-19T09:00:00+0000&duration=PT1H from server.
Fetching https://www.freeview.co.uk/api/program?sid=46&nid=64403&pid=crid://panorama.five.tv/versions/C5348700007B&start=2026-09-19T10:00:00+0000&duration=PT1H from server.
Fetching https://www.freeview.co.uk/api/program?sid=46&nid=64403&pid=crid://panorama.five.tv/versions/C5348700008A&start=2026-09-19T11:00:00+0000&duration=PT1H from server.
Fetching https://www.freeview.co.uk/api/program?sid=46&nid=64403&pid=crid://panorama.five.tv/versions/C5348700009A&start=2026-09-19T12:00:00+0000&duration=PT1H from server.
Fetching https://www.freeview.co.uk/api/program?sid=46&nid=64403&pid=crid://panorama.five.tv/versions/C5348700010A&start=2026-09-19T13:00:00+0000&duration=PT1H from server.
Fetching https://www.freeview.co.uk/api/program?sid=46&nid=64403&pid=crid://panorama.five.tv/versions/C5348700011B&start=2026-09-19T14:00:00+0000&duration=PT1H from server.
Fetching https://www.freeview.co.uk/api/program?sid=46&nid=64403&pid=crid://panorama.five.tv/versions/C5348700012B&start=2026-09-19T15:00:00+0000&duration=PT1H from server.
Fetching https://www.freeview.co.uk/api/program?sid=46&nid=64403&pid=crid://panorama.five.tv/versions/C5348700013A&start=2026-09-19T16:00:00+0000&duration=PT1H from server.
Fetching https://www.freeview.co.uk/api/program?sid=46&nid=64403&pid=crid://panorama.five.tv/versions/C5348700014A&start=2026-09-19T17:00:00+0000&duration=PT1H from server.
Fetching https://www.freeview.co.uk/api/program?sid=46&nid=64403&pid=crid://panorama.five.tv/versions/C5537920008A&start=2026-09-19T18:00:00+0000&duration=PT1H from server.
Fetching https://www.freeview.co.uk/api/program?sid=46&nid=64403&pid=crid://panorama.five.tv/versions/C5216620002A&start=2026-09-19T19:00:00+0000&duration=PT1H from server.
Fetching https://www.freeview.co.uk/api/program?sid=46&nid=64403&pid=crid://panorama.five.tv/versions/C5477180001A&start=2026-09-19T20:00:00+0000&duration=PT1H from server.
Fetching https://www.freeview.co.uk/api/program?sid=46&nid=64403&pid=crid://panorama.five.tv/versions/C5477180002A&start=2026-09-19T21:00:00+0000&duration=PT1H from server.
Fetching https://www.freeview.co.uk/api/program?sid=46&nid=64403&pid=crid://panorama.five.tv/versions/C5478640030A&start=2026-09-19T22:00:00+0000&duration=PT1H from server.
Fetching https://www.freeview.co.uk/api/program?sid=46&nid=64403&pid=crid://panorama.five.tv/versions/C5478640031A&start=2026-09-19T23:00:00+0000&duration=PT1H from server.
### Wanted 8460 
Fetching https://www.freeview.co.uk/api/program?sid=49&nid=64403&pid=crid://movida.bebanjo.net/mas/version/78331/002/ASDELIVERED/C&start=2026-09-19T00:05:00+0000&duration=PT1H5M from server.
Fetching https://www.freeview.co.uk/api/program?sid=49&nid=64403&pid=crid://movida.bebanjo.net/mas/version/79049/003/ASDELIVERED/C&start=2026-09-19T01:10:00+0000&duration=PT1H from server.
Fetching https://www.freeview.co.uk/api/program?sid=49&nid=64403&pid=crid://movida.bebanjo.net/mas/version/78515/001/ASDELIVERED/C&start=2026-09-19T02:10:00+0000&duration=PT1H5M from server.
Fetching https://www.freeview.co.uk/api/program?sid=49&nid=64403&pid=crid://csi.digitaluk.co.uk/8281b086-4bf9-43cb-aa81-01d93e8a5cca&start=2026-09-19T03:15:00+0000&duration=PT30M from server.
Fetching https://www.freeview.co.uk/api/program?sid=49&nid=64403&pid=crid://csi.digitaluk.co.uk/a95eaf4a-0d48-4303-a80b-f464481a8694&start=2026-09-19T03:45:00+0000&duration=PT2H15M from server.
Fetching https://www.freeview.co.uk/api/program?sid=49&nid=64403&pid=crid://csi.digitaluk.co.uk/1154abac-3ab5-4d25-8383-17a2d8af3389&start=2026-09-19T06:00:00+0000&duration=PT2H from server.
Fetching https://www.freeview.co.uk/api/program?sid=49&nid=64403&pid=crid://csi.digitaluk.co.uk/76210286-48e4-47f4-9de2-f155027953c1&start=2026-09-19T08:00:00+0000&duration=PT35M from server.
Fetching https://www.freeview.co.uk/api/program?sid=49&nid=64403&pid=crid://csi.digitaluk.co.uk/8277bbc8-1f55-4758-a4ed-8fb9cb8f2959&start=2026-09-19T08:35:00+0000&duration=PT1H from server.
Fetching https://www.freeview.co.uk/api/program?sid=49&nid=64403&pid=crid://csi.digitaluk.co.uk/896c9114-b95e-42f3-a336-6b884eb635a2&start=2026-09-19T09:35:00+0000&duration=PT55M from server.
Fetching https://www.freeview.co.uk/api/program?sid=49&nid=64403&pid=crid://csi.digitaluk.co.uk/6461f965-5ba3-42b8-9164-23d80464a94b&start=2026-09-19T10:30:00+0000&duration=PT30M from server.
Fetching https://www.freeview.co.uk/api/program?sid=49&nid=64403&pid=crid://csi.digitaluk.co.uk/7f79f937-b0a7-4de0-8d86-ac3142e85119&start=2026-09-19T11:00:00+0000&duration=PT30M from server.
Fetching https://www.freeview.co.uk/api/program?sid=49&nid=64403&pid=crid://csi.digitaluk.co.uk/e8a11375-447d-495e-bb34-c9d7de6bbe4b&start=2026-09-19T11:30:00+0000&duration=PT30M from server.
Fetching https://www.freeview.co.uk/api/program?sid=49&nid=64403&pid=crid://csi.digitaluk.co.uk/dc4b9578-5e81-40a7-a7d2-4dc17eddf5f9&start=2026-09-19T12:00:00+0000&duration=PT30M from server.
Fetching https://www.freeview.co.uk/api/program?sid=49&nid=64403&pid=crid://csi.digitaluk.co.uk/52b288f2-16ae-4370-be15-c0a7ff065947&start=2026-09-19T12:30:00+0000&duration=PT30M from server.
Fetching https://www.freeview.co.uk/api/program?sid=49&nid=64403&pid=crid://csi.digitaluk.co.uk/3b640adf-adcb-4679-845f-420888ce805f&start=2026-09-19T13:00:00+0000&duration=PT1H from server.
Fetching https://www.freeview.co.uk/api/program?sid=49&nid=64403&pid=crid://csi.digitaluk.co.uk/ae71ca5a-2ae6-4858-b795-a01a36307aa8&start=2026-09-19T14:00:00+0000&duration=PT1H from server.
Fetching https://www.freeview.co.uk/api/program?sid=49&nid=64403&pid=crid://csi.digitaluk.co.uk/198ad744-c5e2-436e-9bac-ca3895fc7ed3&start=2026-09-19T15:00:00+0000&duration=PT1H from server.
Fetching https://www.freeview.co.uk/api/program?sid=49&nid=64403&pid=crid://csi.digitaluk.co.uk/56612be6-fd43-42e3-be81-6de7226177bb&start=2026-09-19T16:00:00+0000&duration=PT1H from server.
Fetching https://www.freeview.co.uk/api/program?sid=49&nid=64403&pid=crid://csi.digitaluk.co.uk/a695ca15-dcb6-4151-899c-65e4bac2efd3&start=2026-09-19T17:00:00+0000&duration=PT1H from server.
Fetching https://www.freeview.co.uk/api/program?sid=49&nid=64403&pid=crid://csi.digitaluk.co.uk/79a74551-800d-4c76-bd2c-d597bd69468c&start=2026-09-19T18:00:00+0000&duration=PT1H from server.
Fetching https://www.freeview.co.uk/api/program?sid=49&nid=64403&pid=crid://movida.bebanjo.net/mas/version/77321/001/ASDELIVERED/C&start=2026-09-19T19:00:00+0000&duration=PT1H from server.
Fetching https://www.freeview.co.uk/api/program?sid=49&nid=64403&pid=crid://movida.bebanjo.net/mas/version/76838/005/ASDELIVERED/C&start=2026-09-19T20:00:00+0000&duration=PT1H from server.
Fetching https://www.freeview.co.uk/api/program?sid=49&nid=64403&pid=crid://movida.bebanjo.net/mas/version/79049/003/ASDELIVERED/C&start=2026-09-19T21:00:00+0000&duration=PT1H5M from server.
Fetching https://www.freeview.co.uk/api/program?sid=49&nid=64403&pid=crid://csi.digitaluk.co.uk/40790eaa-6213-49ba-aca5-a4c0a8c3df9e&start=2026-09-19T22:05:00+0000&duration=PT1H from server.
Fetching https://www.freeview.co.uk/api/program?sid=49&nid=64403&pid=crid://csi.digitaluk.co.uk/83555c7b-a4fb-47a4-9e7b-969d1e167e3e&start=2026-09-19T23:05:00+0000&duration=PT1H from server.
## Wanted 14384 
Fetching https://www.freeview.co.uk/api/program?sid=64&nid=64403&pid=crid://csi.digitaluk.co.uk/89fac404-4404-4a5c-b7d6-b2118fb93e4b&start=2026-09-19T00:00:00+0000&duration=PT1H from server.
Fetching https://www.freeview.co.uk/api/program?sid=64&nid=64403&pid=crid://csi.digitaluk.co.uk/35622e0e-b73f-4f91-a32f-10060ed1b0e2&start=2026-09-19T01:00:00+0000&duration=PT1H from server.
Fetching https://www.freeview.co.uk/api/program?sid=64&nid=64403&pid=crid://csi.digitaluk.co.uk/a18e49ce-a83d-4bc4-bac6-e2263bd7b6d9&start=2026-09-19T02:00:00+0000&duration=PT45M from server.
Fetching https://www.freeview.co.uk/api/program?sid=64&nid=64403&pid=crid://csi.digitaluk.co.uk/35369bf1-09ff-438d-9105-8a56e02d657b&start=2026-09-19T02:45:00+0000&duration=PT25M from server.
Fetching https://www.freeview.co.uk/api/program?sid=64&nid=64403&pid=crid://csi.digitaluk.co.uk/ba6aa406-ac9e-43b1-972d-7bc2ce6c3e96&start=2026-09-19T03:10:00+0000&duration=PT25M from server.
Fetching https://www.freeview.co.uk/api/program?sid=64&nid=64403&pid=crid://csi.digitaluk.co.uk/31b19dc9-32bf-4826-96c5-4723145547cc&start=2026-09-19T03:35:00+0000&duration=PT25M from server.
Fetching https://www.freeview.co.uk/api/program?sid=64&nid=64403&pid=crid://csi.digitaluk.co.uk/8c5d2b6d-5fb2-404c-85a4-430120466962&start=2026-09-19T04:00:00+0000&duration=PT1H from server.
Fetching https://www.freeview.co.uk/api/program?sid=64&nid=64403&pid=crid://csi.digitaluk.co.uk/728c5f2e-8726-4d70-8ace-f851914abbb1&start=2026-09-19T05:00:00+0000&duration=PT20M from server.
Fetching https://www.freeview.co.uk/api/program?sid=64&nid=64403&pid=crid://csi.digitaluk.co.uk/f1561c6c-ab40-4fc1-ab48-c8aab75a87ae&start=2026-09-19T05:20:00+0000&duration=PT25M from server.
Fetching https://www.freeview.co.uk/api/program?sid=64&nid=64403&pid=crid://csi.digitaluk.co.uk/e636baa7-13e3-45c8-b6ef-90a89710d00a&start=2026-09-19T05:45:00+0000&duration=PT25M from server.
Fetching https://www.freeview.co.uk/api/program?sid=64&nid=64403&pid=crid://csi.digitaluk.co.uk/a6a5cd39-70f7-48c3-8af4-c0b4f7e9c8dd&start=2026-09-19T06:10:00+0000&duration=PT20M from server.
Fetching https://www.freeview.co.uk/api/program?sid=64&nid=64403&pid=crid://csi.digitaluk.co.uk/21f7f92e-fc04-45bc-8dd3-4a9c6cbdc0bc&start=2026-09-19T06:30:00+0000&duration=PT25M from server.
Fetching https://www.freeview.co.uk/api/program?sid=64&nid=64403&pid=crid://csi.digitaluk.co.uk/916e8ff6-10fe-4070-9019-d3d40b07e02d&start=2026-09-19T06:55:00+0000&duration=PT25M from server.
Fetching https://www.freeview.co.uk/api/program?sid=64&nid=64403&pid=crid://csi.digitaluk.co.uk/c29dc083-af54-4f31-8fa3-9ed81b165a70&start=2026-09-19T07:20:00+0000&duration=PT55M from server.
Fetching https://www.freeview.co.uk/api/program?sid=64&nid=64403&pid=crid://csi.digitaluk.co.uk/ba82d9cb-2150-435f-8494-6160cb0b18f5&start=2026-09-19T08:15:00+0000&duration=PT55M from server.
Fetching https://www.freeview.co.uk/api/program?sid=64&nid=64403&pid=crid://csi.digitaluk.co.uk/5caadb5c-2b6d-4b47-bfea-52b5f8cc1a99&start=2026-09-19T09:10:00+0000&duration=PT30M from server.
Fetching https://www.freeview.co.uk/api/program?sid=64&nid=64403&pid=crid://csi.digitaluk.co.uk/6526f39c-bd81-4e33-83dd-fac52c9ea3bc&start=2026-09-19T09:40:00+0000&duration=PT30M from server.
Fetching https://www.freeview.co.uk/api/program?sid=64&nid=64403&pid=crid://csi.digitaluk.co.uk/a6541df4-1acc-43f1-a097-2454335d6b72&start=2026-09-19T10:10:00+0000&duration=PT30M from server.
Fetching https://www.freeview.co.uk/api/program?sid=64&nid=64403&pid=crid://csi.digitaluk.co.uk/42666761-b46b-4273-8dec-7cf4eba1d939&start=2026-09-19T10:40:00+0000&duration=PT25M from server.
Fetching https://www.freeview.co.uk/api/program?sid=64&nid=64403&pid=crid://csi.digitaluk.co.uk/81b9bfd6-8308-45df-a6e7-bd59e09e84f9&start=2026-09-19T11:05:00+0000&duration=PT1H from server.
Fetching https://www.freeview.co.uk/api/program?sid=64&nid=64403&pid=crid://csi.digitaluk.co.uk/6ebcb241-de7a-45aa-bdd4-d8540907f67d&start=2026-09-19T12:05:00+0000&duration=PT1H from server.
Fetching https://www.freeview.co.uk/api/program?sid=64&nid=64403&pid=crid://csi.digitaluk.co.uk/d583e97a-d828-4cf1-a748-ee28e1877a7e&start=2026-09-19T13:05:00+0000&duration=PT1H from server.
Fetching https://www.freeview.co.uk/api/program?sid=64&nid=64403&pid=crid://csi.digitaluk.co.uk/ae9a3dc2-166e-407c-914e-d99d4a69f482&start=2026-09-19T14:05:00+0000&duration=PT1H from server.
Fetching https://www.freeview.co.uk/api/program?sid=64&nid=64403&pid=crid://csi.digitaluk.co.uk/6beea0f6-e196-4f04-98d6-35aa0c4348e1&start=2026-09-19T15:05:00+0000&duration=PT1H from server.
Fetching https://www.freeview.co.uk/api/program?sid=64&nid=64403&pid=crid://csi.digitaluk.co.uk/486e0dad-0845-4a87-ba31-84f4c03346c7&start=2026-09-19T16:05:00+0000&duration=PT55M from server.
Fetching https://www.freeview.co.uk/api/program?sid=64&nid=64403&pid=crid://csi.digitaluk.co.uk/5487fb23-38ff-4682-b3be-0256f94287f8&start=2026-09-19T17:00:00+0000&duration=PT1H from server.
Fetching https://www.freeview.co.uk/api/program?sid=64&nid=64403&pid=crid://csi.digitaluk.co.uk/fbdcc34b-7387-4979-ac81-e83afd236643&start=2026-09-19T18:00:00+0000&duration=PT1H from server.
Fetching https://www.freeview.co.uk/api/program?sid=64&nid=64403&pid=crid://csi.digitaluk.co.uk/34eb6c89-8d62-4061-9d2f-62484d6ba953&start=2026-09-19T19:00:00+0000&duration=PT1H from server.
Fetching https://www.freeview.co.uk/api/program?sid=64&nid=64403&pid=crid://csi.digitaluk.co.uk/bb36f618-8a61-41a2-8e3c-fe11433bdbb2&start=2026-09-19T20:00:00+0000&duration=PT1H from server.
Fetching https://www.freeview.co.uk/api/program?sid=64&nid=64403&pid=crid://csi.digitaluk.co.uk/1b9c7093-4ba9-41b5-ab7e-45560ecce12e&start=2026-09-19T21:00:00+0000&duration=PT1H from server.
Fetching https://www.freeview.co.uk/api/program?sid=64&nid=64403&pid=crid://csi.digitaluk.co.uk/09e04705-ab9c-42bb-aa7c-95d0b7623f7a&start=2026-09-19T22:00:00+0000&duration=PT1H from server.
Fetching https://www.freeview.co.uk/api/program?sid=64&nid=64403&pid=crid://csi.digitaluk.co.uk/d98fde4a-c698-46bd-a3e0-3ef2072767d6&start=2026-09-19T23:00:00+0000&duration=PT1H from server.
### Wanted 17856 
Fetching https://www.freeview.co.uk/api/program?sid=103&nid=64403&pid=crid://csi.digitaluk.co.uk/945f900b-27d2-458e-ab0c-44bc5c36200c&start=2026-09-19T02:00:00+0000&duration=PT50M from server.
Fetching https://www.freeview.co.uk/api/program?sid=103&nid=64403&pid=crid://csi.digitaluk.co.uk/61df6cf2-7208-4a51-8934-a70978c882bb&start=2026-09-19T02:50:00+0000&duration=PT1H15M from server.
Fetching https://www.freeview.co.uk/api/program?sid=103&nid=64403&pid=crid://csi.digitaluk.co.uk/e148e8d3-c938-4d8a-b01e-e5bca7477e8c&start=2026-09-19T04:05:00+0000&duration=PT55M from server.
Fetching https://www.freeview.co.uk/api/program?sid=103&nid=64403&pid=crid://csi.digitaluk.co.uk/bae72629-e640-4780-b793-bc6c41a73e21&start=2026-09-19T05:00:00+0000&duration=PT30M from server.
Fetching https://www.freeview.co.uk/api/program?sid=103&nid=64403&pid=crid://csi.digitaluk.co.uk/6675a43a-6437-41e1-9861-e6f4929f223c&start=2026-09-19T05:30:00+0000&duration=PT1H55M from server.
Fetching https://www.freeview.co.uk/api/program?sid=103&nid=64403&pid=crid://csi.digitaluk.co.uk/ff7341e1-a027-48f2-99b2-fb6f8c39d087&start=2026-09-19T07:25:00+0000&duration=PT1H from server.
Fetching https://www.freeview.co.uk/api/program?sid=103&nid=64403&pid=crid://csi.digitaluk.co.uk/81fd9dec-e101-4cda-9ad4-b85b9d23ad39&start=2026-09-19T08:25:00+0000&duration=PT5M from server.
Fetching https://www.freeview.co.uk/api/program?sid=103&nid=64403&pid=crid://csi.digitaluk.co.uk/d9fb69c4-2a21-49f0-96d6-c86d825a0301&start=2026-09-19T08:30:00+0000&duration=PT2H30M from server.
Fetching https://www.freeview.co.uk/api/program?sid=103&nid=64403&pid=crid://csi.digitaluk.co.uk/87392505-3697-4e75-b868-6e4b960be924&start=2026-09-19T11:00:00+0000&duration=PT2H55M from server.
Fetching https://www.freeview.co.uk/api/program?sid=103&nid=64403&pid=crid://csi.digitaluk.co.uk/c2078e25-8c90-450c-a605-a0339250957d&start=2026-09-19T13:55:00+0000&duration=PT2H40M from server.
Fetching https://www.freeview.co.uk/api/program?sid=103&nid=64403&pid=crid://csi.digitaluk.co.uk/272e9da5-c850-40e2-b831-8485049027ba&start=2026-09-19T16:35:00+0000&duration=PT20M from server.
Fetching https://www.freeview.co.uk/api/program?sid=103&nid=64403&pid=crid://csi.digitaluk.co.uk/ff37d1a5-925c-4a8b-bd59-1517ac12f7b0&start=2026-09-19T16:55:00+0000&duration=PT15M from server.
Fetching https://www.freeview.co.uk/api/program?sid=103&nid=64403&pid=crid://csi.digitaluk.co.uk/998338b8-dd92-4f79-b5cd-ebdccbd28833&start=2026-09-19T17:10:00+0000&duration=PT1H15M from server.
Fetching https://www.freeview.co.uk/api/program?sid=103&nid=64403&pid=crid://csi.digitaluk.co.uk/3ee098c2-dded-4206-b154-00a817d78f2b&start=2026-09-19T18:25:00+0000&duration=PT1H from server.
Fetching https://www.freeview.co.uk/api/program?sid=103&nid=64403&pid=crid://csi.digitaluk.co.uk/802af5db-ae54-4e1a-9083-e0d1fc1412dd&start=2026-09-19T19:25:00+0000&duration=PT1H from server.
Fetching https://www.freeview.co.uk/api/program?sid=103&nid=64403&pid=crid://csi.digitaluk.co.uk/357a59ff-546e-4663-a29b-71929988bffb&start=2026-09-19T20:25:00+0000&duration=PT50M from server.
Fetching https://www.freeview.co.uk/api/program?sid=103&nid=64403&pid=crid://csi.digitaluk.co.uk/969ddde3-3e65-4415-9173-7026464a95af&start=2026-09-19T21:15:00+0000&duration=PT20M from server.
Fetching https://www.freeview.co.uk/api/program?sid=103&nid=64403&pid=crid://csi.digitaluk.co.uk/559661aa-46d5-40a6-95bd-e7a13bf8bc9c&start=2026-09-19T21:35:00+0000&duration=PT1H40M from server.
Fetching https://www.freeview.co.uk/api/program?sid=103&nid=64403&pid=crid://csi.digitaluk.co.uk/94413575-f014-4177-99d5-ef5d832b7d7d&start=2026-09-19T23:15:00+0000&duration=PT1H15M from server.
## Wanted 22080 
Fetching https://www.freeview.co.uk/api/program?sid=233&nid=64403&pid=crid://csi.digitaluk.co.uk/cd9060d1-3e6e-4d18-ab4f-858d51f29e81&start=2026-09-19T00:00:00+0000&duration=PT1H from server.
Fetching https://www.freeview.co.uk/api/program?sid=233&nid=64403&pid=crid://csi.digitaluk.co.uk/40990895-4756-4521-a0e4-bf5d1ea32172&start=2026-09-19T01:00:00+0000&duration=PT1H from server.
Fetching https://www.freeview.co.uk/api/program?sid=233&nid=64403&pid=crid://csi.digitaluk.co.uk/2a6b7f58-74f3-425a-85fb-c48e40a3a7c6&start=2026-09-19T02:00:00+0000&duration=PT1H from server.
Fetching https://www.freeview.co.uk/api/program?sid=233&nid=64403&pid=crid://csi.digitaluk.co.uk/7a5a23a4-ae7e-4562-a913-e8b2ad639661&start=2026-09-19T03:00:00+0000&duration=PT1H from server.
Fetching https://www.freeview.co.uk/api/program?sid=233&nid=64403&pid=crid://csi.digitaluk.co.uk/46c41bf7-2186-432b-b73a-0fcf2d93969f&start=2026-09-19T04:00:00+0000&duration=PT1H from server.
Fetching https://www.freeview.co.uk/api/program?sid=233&nid=64403&pid=crid://csi.digitaluk.co.uk/4c612ac9-bd86-46aa-ba69-ebe02bf29651&start=2026-09-19T05:00:00+0000&duration=PT30M from server.
Fetching https://www.freeview.co.uk/api/program?sid=233&nid=64403&pid=crid://csi.digitaluk.co.uk/28c2d4ea-0b88-4c5c-b812-82295e741280&start=2026-09-19T05:30:00+0000&duration=PT30M from server.
Fetching https://www.freeview.co.uk/api/program?sid=233&nid=64403&pid=crid://csi.digitaluk.co.uk/cb3f6932-e6ff-4623-8b49-9b088fd9cec8&start=2026-09-19T06:00:00+0000&duration=PT30M from server.
Fetching https://www.freeview.co.uk/api/program?sid=233&nid=64403&pid=crid://csi.digitaluk.co.uk/86508295-da20-41b9-8687-1d25402245d0&start=2026-09-19T06:30:00+0000&duration=PT30M from server.
Fetching https://www.freeview.co.uk/api/program?sid=233&nid=64403&pid=crid://csi.digitaluk.co.uk/d213f237-b6ae-4ef1-8ae9-bc8143864312&start=2026-09-19T07:00:00+0000&duration=PT30M from server.
Fetching https://www.freeview.co.uk/api/program?sid=233&nid=64403&pid=crid://csi.digitaluk.co.uk/358af969-6330-40dc-b81e-9295214c53fa&start=2026-09-19T07:30:00+0000&duration=PT30M from server.
Fetching https://www.freeview.co.uk/api/program?sid=233&nid=64403&pid=crid://csi.digitaluk.co.uk/4c53e0d7-0227-40f4-a2a4-f4eefd12fcb2&start=2026-09-19T08:00:00+0000&duration=PT30M from server.
Fetching https://www.freeview.co.uk/api/program?sid=233&nid=64403&pid=crid://csi.digitaluk.co.uk/3cad0aa7-78e4-4095-82e1-981a6a733478&start=2026-09-19T08:30:00+0000&duration=PT30M from server.
Fetching https://www.freeview.co.uk/api/program?sid=233&nid=64403&pid=crid://csi.digitaluk.co.uk/a48bcd7f-7e04-4f47-b469-ecf3d540f0ec&start=2026-09-19T09:00:00+0000&duration=PT30M from server.
Fetching https://www.freeview.co.uk/api/program?sid=233&nid=64403&pid=crid://csi.digitaluk.co.uk/7720b788-216a-411a-b1f2-8b1b1984a87c&start=2026-09-19T09:30:00+0000&duration=PT30M from server.
Fetching https://www.freeview.co.uk/api/program?sid=233&nid=64403&pid=crid://csi.digitaluk.co.uk/904698b4-76de-44df-96a4-6a1fd9723a59&start=2026-09-19T10:00:00+0000&duration=PT30M from server.
Fetching https://www.freeview.co.uk/api/program?sid=233&nid=64403&pid=crid://csi.digitaluk.co.uk/a79f6105-038a-4265-bbdd-0a551a608c41&start=2026-09-19T10:30:00+0000&duration=PT30M from server.
Fetching https://www.freeview.co.uk/api/program?sid=233&nid=64403&pid=crid://csi.digitaluk.co.uk/8ef740f5-4c62-4846-89ed-c4075c96a8ed&start=2026-09-19T11:00:00+0000&duration=PT30M from server.
Fetching https://www.freeview.co.uk/api/program?sid=233&nid=64403&pid=crid://csi.digitaluk.co.uk/10e6c88d-5085-4b10-bbb0-4ec48b11b37e&start=2026-09-19T11:30:00+0000&duration=PT30M from server.
Fetching https://www.freeview.co.uk/api/program?sid=233&nid=64403&pid=crid://csi.digitaluk.co.uk/d6b0ee65-263f-4bda-941e-a66e17056199&start=2026-09-19T12:00:00+0000&duration=PT30M from server.
Fetching https://www.freeview.co.uk/api/program?sid=233&nid=64403&pid=crid://csi.digitaluk.co.uk/01f2d341-039e-4fcf-8e16-1ea2e4c377d8&start=2026-09-19T12:30:00+0000&duration=PT30M from server.
Fetching https://www.freeview.co.uk/api/program?sid=233&nid=64403&pid=crid://csi.digitaluk.co.uk/a948d8f3-e7fb-4545-948a-cf9266d85dde&start=2026-09-19T13:00:00+0000&duration=PT30M from server.
Fetching https://www.freeview.co.uk/api/program?sid=233&nid=64403&pid=crid://csi.digitaluk.co.uk/170376cd-cf37-473f-8557-6b84347854c0&start=2026-09-19T13:30:00+0000&duration=PT30M from server.
Fetching https://www.freeview.co.uk/api/program?sid=233&nid=64403&pid=crid://csi.digitaluk.co.uk/d07741cb-5336-40b6-a1e2-96c7d6eb0fcf&start=2026-09-19T14:00:00+0000&duration=PT30M from server.
Fetching https://www.freeview.co.uk/api/program?sid=233&nid=64403&pid=crid://csi.digitaluk.co.uk/51f5ae3b-a81c-4d78-b62f-6640385d096b&start=2026-09-19T14:30:00+0000&duration=PT30M from server.
Fetching https://www.freeview.co.uk/api/program?sid=233&nid=64403&pid=crid://csi.digitaluk.co.uk/7a44f131-b20f-42ca-87d4-f3b733972a62&start=2026-09-19T15:00:00+0000&duration=PT30M from server.
Fetching https://www.freeview.co.uk/api/program?sid=233&nid=64403&pid=crid://csi.digitaluk.co.uk/6e590c66-9f0b-4da3-874a-564c19c62b0e&start=2026-09-19T15:30:00+0000&duration=PT30M from server.
Fetching https://www.freeview.co.uk/api/program?sid=233&nid=64403&pid=crid://csi.digitaluk.co.uk/815a320c-a6ed-41e2-a257-73eca4dadab1&start=2026-09-19T16:00:00+0000&duration=PT30M from server.
Fetching https://www.freeview.co.uk/api/program?sid=233&nid=64403&pid=crid://csi.digitaluk.co.uk/0fb7b131-5b1c-4fff-ac4f-c202744471a3&start=2026-09-19T16:30:00+0000&duration=PT30M from server.
Fetching https://www.freeview.co.uk/api/program?sid=233&nid=64403&pid=crid://csi.digitaluk.co.uk/28d8afb8-4601-4575-bf39-5c9d97ac0c88&start=2026-09-19T17:00:00+0000&duration=PT30M from server.
Fetching https://www.freeview.co.uk/api/program?sid=233&nid=64403&pid=crid://csi.digitaluk.co.uk/3d804afc-2951-47a7-8e1b-e26af8eaa0d3&start=2026-09-19T17:30:00+0000&duration=PT30M from server.
Fetching https://www.freeview.co.uk/api/program?sid=233&nid=64403&pid=crid://csi.digitaluk.co.uk/3399bebc-030f-4a36-9d96-2f31b36e8ea7&start=2026-09-19T18:00:00+0000&duration=PT30M from server.
Fetching https://www.freeview.co.uk/api/program?sid=233&nid=64403&pid=crid://csi.digitaluk.co.uk/72c3dc96-23ea-464c-a62d-afef927b6858&start=2026-09-19T18:30:00+0000&duration=PT30M from server.
Fetching https://www.freeview.co.uk/api/program?sid=233&nid=64403&pid=crid://csi.digitaluk.co.uk/c50fbf1c-3fc5-44d5-b4ec-ed88c4951b90&start=2026-09-19T19:00:00+0000&duration=PT30M from server.
Fetching https://www.freeview.co.uk/api/program?sid=233&nid=64403&pid=crid://csi.digitaluk.co.uk/37d96242-522f-45dd-b14e-ce37efe0b39a&start=2026-09-19T19:30:00+0000&duration=PT30M from server.
Fetching https://www.freeview.co.uk/api/program?sid=233&nid=64403&pid=crid://csi.digitaluk.co.uk/ced79600-d147-46f2-aacd-a941644ed8cc&start=2026-09-19T20:00:00+0000&duration=PT30M from server.
Fetching https://www.freeview.co.uk/api/program?sid=233&nid=64403&pid=crid://csi.digitaluk.co.uk/af13a29f-9b09-4a23-a7f5-dcf2b1e5f055&start=2026-09-19T20:30:00+0000&duration=PT30M from server.
Fetching https://www.freeview.co.uk/api/program?sid=233&nid=64403&pid=crid://csi.digitaluk.co.uk/cc721e97-79b5-4c45-91e9-62b39e66cc30&start=2026-09-19T21:00:00+0000&duration=PT30M from server.
Fetching https://www.freeview.co.uk/api/program?sid=233&nid=64403&pid=crid://csi.digitaluk.co.uk/5ff7ef24-7230-4ae1-b851-14055a724ce8&start=2026-09-19T21:30:00+0000&duration=PT30M from server.
Fetching https://www.freeview.co.uk/api/program?sid=233&nid=64403&pid=crid://csi.digitaluk.co.uk/6ca06813-9f52-4e82-ae9b-a036d8ba6422&start=2026-09-19T22:00:00+0000&duration=PT30M from server.
Fetching https://www.freeview.co.uk/api/program?sid=233&nid=64403&pid=crid://csi.digitaluk.co.uk/23e43ec0-3e1c-4822-94ce-ab325f4a5777&start=2026-09-19T22:30:00+0000&duration=PT30M from server.
Fetching https://www.freeview.co.uk/api/program?sid=233&nid=64403&pid=crid://csi.digitaluk.co.uk/21f60991-8a83-44c1-94c9-af9158472b7b&start=2026-09-19T23:00:00+0000&duration=PT1H from server.
###
