tv_grab_uk_freeview, 2026-09-16 23:58:58
----------------------------------------
getting list of channels:  URL= https://www.freeview.co.uk/api/channel-list?nid=64403 
Fetching https://www.freeview.co.uk/api/channel-list?nid=64403 from server.
##################################################
using cache '/home/runner/work/xmltv/xmltv/scripts//.xmltv/cache' 
using channel format 'number' 
using region id '64403' 
using icon ch string '?w=160' 
using icon pg string '?w=800' 
fetch 20 channels 
start/end grab: 1790121600 1790208000 
getting listings:  URL= https://www.freeview.co.uk/api/tv-guide?nid=64403&start=1790121600 
Fetching https://www.freeview.co.uk/api/tv-guide?nid=64403&start=1790121600 from server.
 Wanted 8384 
Fetching https://www.freeview.co.uk/api/program?sid=4&nid=64403&pid=crid://movida.bebanjo.net/mas/version/79049/003/ASDELIVERED/C&start=2026-09-23T00:10:00+0000&duration=PT55M from server.
Fetching https://www.freeview.co.uk/api/program?sid=4&nid=64403&pid=crid://movida.bebanjo.net/mas/version/78515/002/ASDELIVERED/C&start=2026-09-23T01:05:00+0000&duration=PT1H5M from server.
Fetching https://www.freeview.co.uk/api/program?sid=4&nid=64403&pid=crid://csi.digitaluk.co.uk/5285264b-0002-45cb-a710-4f9106cf9dc5&start=2026-09-23T02:10:00+0000&duration=PT55M from server.
Fetching https://www.freeview.co.uk/api/program?sid=4&nid=64403&pid=crid://csi.digitaluk.co.uk/516db8d5-6426-4609-a03f-22234ea0dd43&start=2026-09-23T03:05:00+0000&duration=PT50M from server.
Fetching https://www.freeview.co.uk/api/program?sid=4&nid=64403&pid=crid://csi.digitaluk.co.uk/c747c312-f4ad-4f88-aeae-a4780191a021&start=2026-09-23T03:55:00+0000&duration=PT55M from server.
Fetching https://www.freeview.co.uk/api/program?sid=4&nid=64403&pid=crid://csi.digitaluk.co.uk/ab3fadb9-2d77-443a-8487-9b2e584a8a10&start=2026-09-23T04:50:00+0000&duration=PT40M from server.
Fetching https://www.freeview.co.uk/api/program?sid=4&nid=64403&pid=crid://csi.digitaluk.co.uk/b7cb1c7a-5bdf-4986-a54b-fc500e864719&start=2026-09-23T05:30:00+0000&duration=PT25M from server.
Fetching https://www.freeview.co.uk/api/program?sid=4&nid=64403&pid=crid://csi.digitaluk.co.uk/b2a77ba0-f247-405e-aa25-435dc7a0022f&start=2026-09-23T05:55:00+0000&duration=PT25M from server.
Fetching https://www.freeview.co.uk/api/program?sid=4&nid=64403&pid=crid://csi.digitaluk.co.uk/065afade-5699-49b2-aeed-4515fd3d89d7&start=2026-09-23T06:20:00+0000&duration=PT25M from server.
Fetching https://www.freeview.co.uk/api/program?sid=4&nid=64403&pid=crid://csi.digitaluk.co.uk/13df68fa-28c8-4568-aa69-2a6c2a2c93d4&start=2026-09-23T06:45:00+0000&duration=PT25M from server.
Fetching https://www.freeview.co.uk/api/program?sid=4&nid=64403&pid=crid://csi.digitaluk.co.uk/b1cafb4f-a737-4fec-b71e-ca1de0aac189&start=2026-09-23T07:10:00+0000&duration=PT30M from server.
Fetching https://www.freeview.co.uk/api/program?sid=4&nid=64403&pid=crid://csi.digitaluk.co.uk/0ded9c68-5d6a-48ed-9311-ec13087e6dd5&start=2026-09-23T07:40:00+0000&duration=PT30M from server.
Fetching https://www.freeview.co.uk/api/program?sid=4&nid=64403&pid=crid://csi.digitaluk.co.uk/d537eda4-cbc6-4a0c-acd3-2760d522bfe5&start=2026-09-23T08:10:00+0000&duration=PT30M from server.
Fetching https://www.freeview.co.uk/api/program?sid=4&nid=64403&pid=crid://csi.digitaluk.co.uk/98cd1c8d-7cce-40f1-872b-01494c467f9d&start=2026-09-23T08:40:00+0000&duration=PT30M from server.
Fetching https://www.freeview.co.uk/api/program?sid=4&nid=64403&pid=crid://csi.digitaluk.co.uk/baa929bb-09ad-45a6-927f-6c7ca5098b9b&start=2026-09-23T09:10:00+0000&duration=PT30M from server.
Fetching https://www.freeview.co.uk/api/program?sid=4&nid=64403&pid=crid://csi.digitaluk.co.uk/48f8f5b2-ad0b-4452-a8a1-b3a6b57dc0e2&start=2026-09-23T09:40:00+0000&duration=PT30M from server.
Fetching https://www.freeview.co.uk/api/program?sid=4&nid=64403&pid=crid://csi.digitaluk.co.uk/5130ea8d-d559-4477-a5f6-4acf305a93ff&start=2026-09-23T10:10:00+0000&duration=PT55M from server.
Fetching https://www.freeview.co.uk/api/program?sid=4&nid=64403&pid=crid://csi.digitaluk.co.uk/41551df8-02a4-42da-a43d-e8879cd00f60&start=2026-09-23T11:05:00+0000&duration=PT5M from server.
Fetching https://www.freeview.co.uk/api/program?sid=4&nid=64403&pid=crid://csi.digitaluk.co.uk/14047363-c4c6-4586-93bf-1f1af630b2b5&start=2026-09-23T11:10:00+0000&duration=PT1H from server.
Fetching https://www.freeview.co.uk/api/program?sid=4&nid=64403&pid=crid://csi.digitaluk.co.uk/1d32277b-616a-4921-806f-02b1a274c753&start=2026-09-23T12:10:00+0000&duration=PT1H from server.
Fetching https://www.freeview.co.uk/api/program?sid=4&nid=64403&pid=crid://csi.digitaluk.co.uk/ae96e9e4-13e3-4341-bcaf-60ca99f8430a&start=2026-09-23T13:10:00+0000&duration=PT50M from server.
Fetching https://www.freeview.co.uk/api/program?sid=4&nid=64403&pid=crid://csi.digitaluk.co.uk/46cececa-572d-4107-92b0-01061cbd906d&start=2026-09-23T14:00:00+0000&duration=PT1H from server.
Fetching https://www.freeview.co.uk/api/program?sid=4&nid=64403&pid=crid://csi.digitaluk.co.uk/31627f0b-f22e-48f8-8199-899894b6d861&start=2026-09-23T15:00:00+0000&duration=PT1H from server.
Fetching https://www.freeview.co.uk/api/program?sid=4&nid=64403&pid=crid://csi.digitaluk.co.uk/9ff53c02-5992-4340-b214-0e980774b3d9&start=2026-09-23T16:00:00+0000&duration=PT30M from server.
Fetching https://www.freeview.co.uk/api/program?sid=4&nid=64403&pid=crid://csi.digitaluk.co.uk/baaa2fb4-b651-47d1-abaa-acbacb599bed&start=2026-09-23T16:30:00+0000&duration=PT30M from server.
Fetching https://www.freeview.co.uk/api/program?sid=4&nid=64403&pid=crid://csi.digitaluk.co.uk/5f3043d4-dec7-4f96-b386-74337b176721&start=2026-09-23T17:00:00+0000&duration=PT1H from server.
Fetching https://www.freeview.co.uk/api/program?sid=4&nid=64403&pid=crid://csi.digitaluk.co.uk/d18598f4-d88d-4459-8a1e-4505a92c0060&start=2026-09-23T18:00:00+0000&duration=PT1H from server.
Fetching https://www.freeview.co.uk/api/program?sid=4&nid=64403&pid=crid://csi.digitaluk.co.uk/54557946-6c6b-4f1b-8516-61bb05b0c9d4&start=2026-09-23T19:00:00+0000&duration=PT1H from server.
Fetching https://www.freeview.co.uk/api/program?sid=4&nid=64403&pid=crid://csi.digitaluk.co.uk/e81b0f8f-522b-442f-81d5-988b000c9f81&start=2026-09-23T20:00:00+0000&duration=PT1H from server.
Fetching https://www.freeview.co.uk/api/program?sid=4&nid=64403&pid=crid://csi.digitaluk.co.uk/31926405-1ef9-4608-b0a6-2b7ed8b24212&start=2026-09-23T21:00:00+0000&duration=PT1H5M from server.
Fetching https://www.freeview.co.uk/api/program?sid=4&nid=64403&pid=crid://movida.bebanjo.net/mas/version/77937/007/POSTWATERSHED2100/C&start=2026-09-23T22:05:00+0000&duration=PT1H5M from server.
Fetching https://www.freeview.co.uk/api/program?sid=4&nid=64403&pid=crid://csi.digitaluk.co.uk/e7294a29-4289-4c72-a5c7-ca8015b3de09&start=2026-09-23T23:10:00+0000&duration=PT1H15M from server.
## Wanted 8500 
Fetching https://www.freeview.co.uk/api/program?sid=5&nid=64403&pid=crid://panorama.five.tv/versions/C5349600001A&start=2026-09-23T00:00:00+0000&duration=PT1H from server.
Fetching https://www.freeview.co.uk/api/program?sid=5&nid=64403&pid=crid://panorama.five.tv/versions/C5462160002A&start=2026-09-23T01:00:00+0000&duration=PT50M from server.
Fetching https://www.freeview.co.uk/api/program?sid=5&nid=64403&pid=crid://panorama.five.tv/versions/C5226330019B&start=2026-09-23T01:50:00+0000&duration=PT45M from server.
Fetching https://www.freeview.co.uk/api/program?sid=5&nid=64403&pid=crid://panorama.five.tv/versions/C5458300003C&start=2026-09-23T02:35:00+0000&duration=PT50M from server.
Fetching https://www.freeview.co.uk/api/program?sid=5&nid=64403&pid=crid://panorama.five.tv/versions/C5458300004A&start=2026-09-23T03:25:00+0000&duration=PT50M from server.
Fetching https://www.freeview.co.uk/api/program?sid=5&nid=64403&pid=crid://panorama.five.tv/versions/C5522700039A&start=2026-09-23T04:15:00+0000&duration=PT10M from server.
Fetching https://www.freeview.co.uk/api/program?sid=5&nid=64403&pid=crid://panorama.five.tv/versions/C5475400036A&start=2026-09-23T04:25:00+0000&duration=PT10M from server.
Fetching https://www.freeview.co.uk/api/program?sid=5&nid=64403&pid=crid://panorama.five.tv/versions/C5475400037A&start=2026-09-23T04:35:00+0000&duration=PT15M from server.
Fetching https://www.freeview.co.uk/api/program?sid=5&nid=64403&pid=crid://panorama.five.tv/versions/C5475400038A&start=2026-09-23T04:50:00+0000&duration=PT10M from server.
Fetching https://www.freeview.co.uk/api/program?sid=5&nid=64403&pid=crid://csi.digitaluk.co.uk/8a97d816-4400-4498-a3d6-a072cc11f5f6&start=2026-09-23T05:00:00+0000&duration=PT5M from server.
Fetching https://www.freeview.co.uk/api/program?sid=5&nid=64403&pid=crid://csi.digitaluk.co.uk/2ac7fe22-9305-4668-8624-aabee67fbdc4&start=2026-09-23T05:05:00+0000&duration=PT5M from server.
Fetching https://www.freeview.co.uk/api/program?sid=5&nid=64403&pid=crid://csi.digitaluk.co.uk/98529d06-bb2f-476d-b148-fceb3bb82f16&start=2026-09-23T05:10:00+0000&duration=PT5M from server.
Fetching https://www.freeview.co.uk/api/program?sid=5&nid=64403&pid=crid://csi.digitaluk.co.uk/01dbd922-5c11-4fb1-bec5-e204fcb83b97&start=2026-09-23T05:15:00+0000&duration=PT5M from server.
Fetching https://www.freeview.co.uk/api/program?sid=5&nid=64403&pid=crid://csi.digitaluk.co.uk/d499b854-162f-428d-849c-88acd89211ea&start=2026-09-23T05:20:00+0000&duration=PT15M from server.
Fetching https://www.freeview.co.uk/api/program?sid=5&nid=64403&pid=crid://csi.digitaluk.co.uk/1a4a1c32-502a-4160-8533-a1294a89b53d&start=2026-09-23T05:35:00+0000&duration=PT10M from server.
Fetching https://www.freeview.co.uk/api/program?sid=5&nid=64403&pid=crid://csi.digitaluk.co.uk/204eb9bb-dc68-4389-93d8-3d9cee776607&start=2026-09-23T05:45:00+0000&duration=PT5M from server.
Fetching https://www.freeview.co.uk/api/program?sid=5&nid=64403&pid=crid://csi.digitaluk.co.uk/d3a8ef23-3b58-4708-85f2-8e42745e7983&start=2026-09-23T05:50:00+0000&duration=PT5M from server.
Fetching https://www.freeview.co.uk/api/program?sid=5&nid=64403&pid=crid://csi.digitaluk.co.uk/f62787eb-19c7-4034-a194-69e9c027f729&start=2026-09-23T05:55:00+0000&duration=PT15M from server.
Fetching https://www.freeview.co.uk/api/program?sid=5&nid=64403&pid=crid://csi.digitaluk.co.uk/4e14edda-798e-4877-a69d-37b3337383d5&start=2026-09-23T06:10:00+0000&duration=PT10M from server.
Fetching https://www.freeview.co.uk/api/program?sid=5&nid=64403&pid=crid://csi.digitaluk.co.uk/2f59f006-e8a5-4b4c-8176-aaef00c65713&start=2026-09-23T06:20:00+0000&duration=PT10M from server.
Fetching https://www.freeview.co.uk/api/program?sid=5&nid=64403&pid=crid://csi.digitaluk.co.uk/a1129984-ff32-4d82-8420-9041b606336e&start=2026-09-23T06:30:00+0000&duration=PT10M from server.
Fetching https://www.freeview.co.uk/api/program?sid=5&nid=64403&pid=crid://csi.digitaluk.co.uk/9abe2f0c-6554-4cac-9d26-0c510ceb49f9&start=2026-09-23T06:40:00+0000&duration=PT5M from server.
Fetching https://www.freeview.co.uk/api/program?sid=5&nid=64403&pid=crid://csi.digitaluk.co.uk/f00ab272-3917-4a6a-803c-a6479124a14c&start=2026-09-23T06:45:00+0000&duration=PT15M from server.
Fetching https://www.freeview.co.uk/api/program?sid=5&nid=64403&pid=crid://panorama.five.tv/versions/C5285680041A&start=2026-09-23T07:00:00+0000&duration=PT15M from server.
Fetching https://www.freeview.co.uk/api/program?sid=5&nid=64403&pid=crid://csi.digitaluk.co.uk/5d939f65-f6a5-477f-8fcc-16525e78f41b&start=2026-09-23T07:15:00+0000&duration=PT10M from server.
Fetching https://www.freeview.co.uk/api/program?sid=5&nid=64403&pid=crid://csi.digitaluk.co.uk/2926a9ea-30bf-4499-b145-1089c0b0d10b&start=2026-09-23T07:25:00+0000&duration=PT15M from server.
Fetching https://www.freeview.co.uk/api/program?sid=5&nid=64403&pid=crid://csi.digitaluk.co.uk/aa524d85-f624-4af9-811a-8fbb4aa2c012&start=2026-09-23T07:40:00+0000&duration=PT5M from server.
Fetching https://www.freeview.co.uk/api/program?sid=5&nid=64403&pid=crid://csi.digitaluk.co.uk/971af91b-240d-4d25-8d03-fdb0ed0ceef2&start=2026-09-23T07:45:00+0000&duration=PT5M from server.
Fetching https://www.freeview.co.uk/api/program?sid=5&nid=64403&pid=crid://csi.digitaluk.co.uk/c19701c5-6e91-4969-b532-f8603cfebcdc&start=2026-09-23T07:50:00+0000&duration=PT5M from server.
Fetching https://www.freeview.co.uk/api/program?sid=5&nid=64403&pid=crid://csi.digitaluk.co.uk/115372a2-c8cf-4e9a-9bd8-189fa3470469&start=2026-09-23T07:55:00+0000&duration=PT10M from server.
Fetching https://www.freeview.co.uk/api/program?sid=5&nid=64403&pid=crid://csi.digitaluk.co.uk/a90be942-6649-49d4-bb28-a52d11c30f07&start=2026-09-23T08:05:00+0000&duration=PT10M from server.
Fetching https://www.freeview.co.uk/api/program?sid=5&nid=64403&pid=crid://csi.digitaluk.co.uk/65f45c6e-ba4f-4a26-ac25-fa3054ea25aa&start=2026-09-23T08:15:00+0000&duration=PT2H15M from server.
Fetching https://www.freeview.co.uk/api/program?sid=5&nid=64403&pid=crid://csi.digitaluk.co.uk/57cf9913-5229-45e5-8e1d-1c22d750e32e&start=2026-09-23T10:30:00+0000&duration=PT1H15M from server.
Fetching https://www.freeview.co.uk/api/program?sid=5&nid=64403&pid=crid://csi.digitaluk.co.uk/bec861c0-ff9d-460b-8544-34ea36b88ef1&start=2026-09-23T11:45:00+0000&duration=PT5M from server.
Fetching https://www.freeview.co.uk/api/program?sid=5&nid=64403&pid=crid://csi.digitaluk.co.uk/8ab65fe5-aabc-42c2-a459-3738f2f729e2&start=2026-09-23T11:50:00+0000&duration=PT1H30M from server.
Fetching https://www.freeview.co.uk/api/program?sid=5&nid=64403&pid=crid://csi.digitaluk.co.uk/9f562d51-3f22-4f9d-b432-16e7d4c05ee0&start=2026-09-23T13:20:00+0000&duration=PT1H40M from server.
Fetching https://www.freeview.co.uk/api/program?sid=5&nid=64403&pid=crid://csi.digitaluk.co.uk/6230dcdf-c9df-4baa-9a25-db417de535da&start=2026-09-23T15:00:00+0000&duration=PT55M from server.
Fetching https://www.freeview.co.uk/api/program?sid=5&nid=64403&pid=crid://csi.digitaluk.co.uk/1123fe75-e738-4aa7-a4fa-ad500dca911f&start=2026-09-23T15:55:00+0000&duration=PT5M from server.
Fetching https://www.freeview.co.uk/api/program?sid=5&nid=64403&pid=crid://csi.digitaluk.co.uk/fa875188-7bc5-4493-ba79-7e4a5c87a70f&start=2026-09-23T16:00:00+0000&duration=PT1H from server.
Fetching https://www.freeview.co.uk/api/program?sid=5&nid=64403&pid=crid://csi.digitaluk.co.uk/2a636965-f501-4b61-b78e-fd322bfac847&start=2026-09-23T17:00:00+0000&duration=PT1H from server.
Fetching https://www.freeview.co.uk/api/program?sid=5&nid=64403&pid=crid://csi.digitaluk.co.uk/f643d4e1-fe9a-4f31-b0b0-2f2ae27d00c4&start=2026-09-23T18:00:00+0000&duration=PT1H from server.
Fetching https://www.freeview.co.uk/api/program?sid=5&nid=64403&pid=crid://csi.digitaluk.co.uk/626a51c3-6c62-4db9-b944-9937555a2787&start=2026-09-23T19:00:00+0000&duration=PT1H from server.
Fetching https://www.freeview.co.uk/api/program?sid=5&nid=64403&pid=crid://csi.digitaluk.co.uk/790b3983-7cc0-40c7-a098-cda54a667e71&start=2026-09-23T20:00:00+0000&duration=PT1H from server.
Fetching https://www.freeview.co.uk/api/program?sid=5&nid=64403&pid=crid://csi.digitaluk.co.uk/86529889-2fe5-4679-93d1-1a0402dd83e1&start=2026-09-23T21:00:00+0000&duration=PT1H5M from server.
Fetching https://www.freeview.co.uk/api/program?sid=5&nid=64403&pid=crid://csi.digitaluk.co.uk/15caa558-ae98-4173-b07b-3d4566ff1d1c&start=2026-09-23T22:05:00+0000&duration=PT1H from server.
Fetching https://www.freeview.co.uk/api/program?sid=5&nid=64403&pid=crid://csi.digitaluk.co.uk/aa83aae3-810b-4ebd-851e-f72411f2ab76&start=2026-09-23T23:05:00+0000&duration=PT55M from server.
### Wanted 28000 
Fetching https://www.freeview.co.uk/api/program?sid=12&nid=64403&pid=crid://csi.digitaluk.co.uk/9fb133de-895c-4004-95ec-53c42c033fe4&start=2026-09-23T00:00:00+0000&duration=PT30M from server.
Fetching https://www.freeview.co.uk/api/program?sid=12&nid=64403&pid=crid://csi.digitaluk.co.uk/f9d98d11-3540-4835-9239-81179e790861&start=2026-09-23T00:30:00+0000&duration=PT1H from server.
Fetching https://www.freeview.co.uk/api/program?sid=12&nid=64403&pid=crid://csi.digitaluk.co.uk/bd096250-0eed-488f-be05-ff9681758f76&start=2026-09-23T01:30:00+0000&duration=PT2H from server.
Fetching https://www.freeview.co.uk/api/program?sid=12&nid=64403&pid=crid://csi.digitaluk.co.uk/948c0dcc-38c5-438b-9fff-0c89eec68d11&start=2026-09-23T03:30:00+0000&duration=PT30M from server.
Fetching https://www.freeview.co.uk/api/program?sid=12&nid=64403&pid=crid://csi.digitaluk.co.uk/d8589da4-1441-4dee-a7cf-856eb4e30bee&start=2026-09-23T04:00:00+0000&duration=PT1H from server.
Fetching https://www.freeview.co.uk/api/program?sid=12&nid=64403&pid=crid://csi.digitaluk.co.uk/a0844558-0633-490e-9fe9-387dac7f5fd8&start=2026-09-23T05:00:00+0000&duration=PT30M from server.
Fetching https://www.freeview.co.uk/api/program?sid=12&nid=64403&pid=crid://csi.digitaluk.co.uk/15fa3f73-c98e-4815-a133-dcadc8de081a&start=2026-09-23T05:30:00+0000&duration=PT30M from server.
Fetching https://www.freeview.co.uk/api/program?sid=12&nid=64403&pid=crid://csi.digitaluk.co.uk/bdec08c7-bd1d-4d5d-85d7-3e99adb28b5a&start=2026-09-23T06:00:00+0000&duration=PT30M from server.
Fetching https://www.freeview.co.uk/api/program?sid=12&nid=64403&pid=crid://csi.digitaluk.co.uk/2cd46e6d-869b-4bea-8349-65e86f15182f&start=2026-09-23T06:30:00+0000&duration=PT30M from server.
Fetching https://www.freeview.co.uk/api/program?sid=12&nid=64403&pid=crid://csi.digitaluk.co.uk/847e3b97-37c8-43f5-bb8f-0e178122f20c&start=2026-09-23T07:00:00+0000&duration=PT30M from server.
Fetching https://www.freeview.co.uk/api/program?sid=12&nid=64403&pid=crid://csi.digitaluk.co.uk/1649114f-306c-41c9-ac7f-edfcde7fc3bf&start=2026-09-23T07:30:00+0000&duration=PT30M from server.
Fetching https://www.freeview.co.uk/api/program?sid=12&nid=64403&pid=crid://csi.digitaluk.co.uk/0fcd6e7e-5c52-4986-8b3e-86deaba09b08&start=2026-09-23T08:00:00+0000&duration=PT30M from server.
Fetching https://www.freeview.co.uk/api/program?sid=12&nid=64403&pid=crid://csi.digitaluk.co.uk/3b53bd0d-165c-42d7-8096-23ca0f9bda53&start=2026-09-23T08:30:00+0000&duration=PT30M from server.
Fetching https://www.freeview.co.uk/api/program?sid=12&nid=64403&pid=crid://csi.digitaluk.co.uk/274b5fce-1454-4b78-861d-d5791aba2213&start=2026-09-23T09:00:00+0000&duration=PT30M from server.
Fetching https://www.freeview.co.uk/api/program?sid=12&nid=64403&pid=crid://csi.digitaluk.co.uk/0336eb42-c517-47be-a7e3-bfe4b1968b7a&start=2026-09-23T09:30:00+0000&duration=PT30M from server.
Fetching https://www.freeview.co.uk/api/program?sid=12&nid=64403&pid=crid://csi.digitaluk.co.uk/b68cefde-3079-4dbf-83e9-8afe785833f2&start=2026-09-23T10:00:00+0000&duration=PT30M from server.
Fetching https://www.freeview.co.uk/api/program?sid=12&nid=64403&pid=crid://csi.digitaluk.co.uk/da40b874-9af2-4bf3-b805-3546a31323f2&start=2026-09-23T10:30:00+0000&duration=PT30M from server.
Fetching https://www.freeview.co.uk/api/program?sid=12&nid=64403&pid=crid://csi.digitaluk.co.uk/f42412ce-a1cd-47e1-9c10-00fde8e357c4&start=2026-09-23T11:00:00+0000&duration=PT30M from server.
Fetching https://www.freeview.co.uk/api/program?sid=12&nid=64403&pid=crid://csi.digitaluk.co.uk/1abe152f-096a-4cc3-8df8-9f1ca2fb8af8&start=2026-09-23T11:30:00+0000&duration=PT30M from server.
Fetching https://www.freeview.co.uk/api/program?sid=12&nid=64403&pid=crid://csi.digitaluk.co.uk/5b890dfe-e3e9-4846-8917-aa2de80f989a&start=2026-09-23T12:00:00+0000&duration=PT30M from server.
Fetching https://www.freeview.co.uk/api/program?sid=12&nid=64403&pid=crid://csi.digitaluk.co.uk/a671421a-ca66-4db8-a94e-55f6354177b2&start=2026-09-23T12:30:00+0000&duration=PT30M from server.
Fetching https://www.freeview.co.uk/api/program?sid=12&nid=64403&pid=crid://csi.digitaluk.co.uk/0e992c3f-995c-443e-9999-b3b2185c26a7&start=2026-09-23T13:00:00+0000&duration=PT30M from server.
Fetching https://www.freeview.co.uk/api/program?sid=12&nid=64403&pid=crid://csi.digitaluk.co.uk/c2e55dc1-e85b-481e-b9bb-88997decd8dc&start=2026-09-23T13:30:00+0000&duration=PT30M from server.
Fetching https://www.freeview.co.uk/api/program?sid=12&nid=64403&pid=crid://csi.digitaluk.co.uk/d94b4945-2162-48ab-9db6-a43a9deb0a6e&start=2026-09-23T14:00:00+0000&duration=PT30M from server.
Fetching https://www.freeview.co.uk/api/program?sid=12&nid=64403&pid=crid://csi.digitaluk.co.uk/ea488a0e-196d-4f5c-94a4-04576c3fc8bc&start=2026-09-23T14:30:00+0000&duration=PT30M from server.
Fetching https://www.freeview.co.uk/api/program?sid=12&nid=64403&pid=crid://csi.digitaluk.co.uk/4efb6ce5-5cd8-450c-b289-655e92c43730&start=2026-09-23T15:00:00+0000&duration=PT30M from server.
Fetching https://www.freeview.co.uk/api/program?sid=12&nid=64403&pid=crid://csi.digitaluk.co.uk/ab39cccd-d3b9-48eb-91ce-8fd9375cb05c&start=2026-09-23T15:30:00+0000&duration=PT30M from server.
Fetching https://www.freeview.co.uk/api/program?sid=12&nid=64403&pid=crid://csi.digitaluk.co.uk/920853af-b5ae-438b-9747-e4669b7db4b4&start=2026-09-23T16:00:00+0000&duration=PT30M from server.
Fetching https://www.freeview.co.uk/api/program?sid=12&nid=64403&pid=crid://csi.digitaluk.co.uk/573200c9-43ed-4be3-bbe3-84bf93c9a9bd&start=2026-09-23T16:30:00+0000&duration=PT30M from server.
Fetching https://www.freeview.co.uk/api/program?sid=12&nid=64403&pid=crid://csi.digitaluk.co.uk/07732921-7be2-4292-9a7d-f5392d3788bc&start=2026-09-23T17:00:00+0000&duration=PT30M from server.
Fetching https://www.freeview.co.uk/api/program?sid=12&nid=64403&pid=crid://csi.digitaluk.co.uk/787a7517-88cb-4b8c-bb60-0ba78290f205&start=2026-09-23T17:30:00+0000&duration=PT30M from server.
Fetching https://www.freeview.co.uk/api/program?sid=12&nid=64403&pid=crid://csi.digitaluk.co.uk/5a11d792-f573-4b5f-96da-cfe23607b2e9&start=2026-09-23T18:00:00+0000&duration=PT30M from server.
Fetching https://www.freeview.co.uk/api/program?sid=12&nid=64403&pid=crid://csi.digitaluk.co.uk/b390b441-1729-46ce-881c-a67678409a7f&start=2026-09-23T18:30:00+0000&duration=PT30M from server.
Fetching https://www.freeview.co.uk/api/program?sid=12&nid=64403&pid=crid://csi.digitaluk.co.uk/1e75e115-2f78-4944-a268-97429c4be840&start=2026-09-23T19:00:00+0000&duration=PT30M from server.
Fetching https://www.freeview.co.uk/api/program?sid=12&nid=64403&pid=crid://csi.digitaluk.co.uk/de215fd8-f897-4cf4-8986-9206d4bf4def&start=2026-09-23T19:30:00+0000&duration=PT30M from server.
Fetching https://www.freeview.co.uk/api/program?sid=12&nid=64403&pid=crid://csi.digitaluk.co.uk/4cf67803-7156-44d8-a8b9-e1183b8883ad&start=2026-09-23T20:00:00+0000&duration=PT1H from server.
Fetching https://www.freeview.co.uk/api/program?sid=12&nid=64403&pid=crid://csi.digitaluk.co.uk/7426ba2e-c4db-418e-83a3-e93869731779&start=2026-09-23T21:00:00+0000&duration=PT1H from server.
Fetching https://www.freeview.co.uk/api/program?sid=12&nid=64403&pid=crid://csi.digitaluk.co.uk/bf68e017-08bc-42cd-89b8-f409273e42ab&start=2026-09-23T22:00:00+0000&duration=PT1H from server.
Fetching https://www.freeview.co.uk/api/program?sid=12&nid=64403&pid=crid://csi.digitaluk.co.uk/7b8c2e41-7f09-472d-84ff-80bec7baa71b&start=2026-09-23T23:00:00+0000&duration=PT30M from server.
Fetching https://www.freeview.co.uk/api/program?sid=12&nid=64403&pid=crid://csi.digitaluk.co.uk/0de0b398-b01c-4a7d-b149-3e1be33c83c7&start=2026-09-23T23:30:00+0000&duration=PT30M from server.
## Wanted 8448 
Fetching https://www.freeview.co.uk/api/program?sid=13&nid=64403&pid=crid://csi.digitaluk.co.uk/1475b704-9885-41c8-af90-5a3ecff8a0bc&start=2026-09-23T00:10:00+0000&duration=PT1H5M from server.
Fetching https://www.freeview.co.uk/api/program?sid=13&nid=64403&pid=crid://csi.digitaluk.co.uk/ea2752ca-310b-423b-a697-3594e93113d5&start=2026-09-23T01:15:00+0000&duration=PT45M from server.
Fetching https://www.freeview.co.uk/api/program?sid=13&nid=64403&pid=crid://csi.digitaluk.co.uk/8bed168d-d5b9-4ea0-ad5d-1ceb95f275ea&start=2026-09-23T02:00:00+0000&duration=PT50M from server.
Fetching https://www.freeview.co.uk/api/program?sid=13&nid=64403&pid=crid://csi.digitaluk.co.uk/67c77fb3-45c7-4421-97e9-d42cb4ab38d7&start=2026-09-23T02:50:00+0000&duration=PT25M from server.
Fetching https://www.freeview.co.uk/api/program?sid=13&nid=64403&pid=crid://csi.digitaluk.co.uk/420e2093-2f43-445b-a521-e6fefa29de9e&start=2026-09-23T03:15:00+0000&duration=PT25M from server.
Fetching https://www.freeview.co.uk/api/program?sid=13&nid=64403&pid=crid://csi.digitaluk.co.uk/b1a9a22a-d472-40c9-a6fd-c2598351e2a5&start=2026-09-23T03:40:00+0000&duration=PT20M from server.
Fetching https://www.freeview.co.uk/api/program?sid=13&nid=64403&pid=crid://csi.digitaluk.co.uk/cde1568c-a48e-42b8-bd43-2dbae19fdb74&start=2026-09-23T04:00:00+0000&duration=PT25M from server.
Fetching https://www.freeview.co.uk/api/program?sid=13&nid=64403&pid=crid://csi.digitaluk.co.uk/f75fa574-4670-4709-8185-24d6814c333a&start=2026-09-23T04:25:00+0000&duration=PT35M from server.
Fetching https://www.freeview.co.uk/api/program?sid=13&nid=64403&pid=crid://csi.digitaluk.co.uk/c420ebec-5c4a-48d3-9a0b-7a4d07167910&start=2026-09-23T05:00:00+0000&duration=PT30M from server.
Fetching https://www.freeview.co.uk/api/program?sid=13&nid=64403&pid=crid://csi.digitaluk.co.uk/c0b729d1-9396-4fa3-8f44-c22a71ef5218&start=2026-09-23T05:30:00+0000&duration=PT25M from server.
Fetching https://www.freeview.co.uk/api/program?sid=13&nid=64403&pid=crid://csi.digitaluk.co.uk/53ad5643-4fcd-449a-ba8b-6d95a27f8b52&start=2026-09-23T05:55:00+0000&duration=PT5M from server.
Fetching https://www.freeview.co.uk/api/program?sid=13&nid=64403&pid=crid://csi.digitaluk.co.uk/6f1ad041-1cc3-460d-ac9e-c7243edb33cf&start=2026-09-23T06:00:00+0000&duration=PT1H from server.
Fetching https://www.freeview.co.uk/api/program?sid=13&nid=64403&pid=crid://csi.digitaluk.co.uk/5a089c52-ae1f-4407-9170-2da4f175b3e7&start=2026-09-23T07:00:00+0000&duration=PT1H from server.
Fetching https://www.freeview.co.uk/api/program?sid=13&nid=64403&pid=crid://csi.digitaluk.co.uk/03e8fa86-bac5-4853-a45a-32489573a5ba&start=2026-09-23T08:00:00+0000&duration=PT1H from server.
Fetching https://www.freeview.co.uk/api/program?sid=13&nid=64403&pid=crid://csi.digitaluk.co.uk/6f26d44a-5207-45b0-882e-878bb83e88f5&start=2026-09-23T09:00:00+0000&duration=PT1H from server.
Fetching https://www.freeview.co.uk/api/program?sid=13&nid=64403&pid=crid://csi.digitaluk.co.uk/90ad5edb-9a6a-4367-8e8a-d8581ae45c40&start=2026-09-23T10:00:00+0000&duration=PT30M from server.
Fetching https://www.freeview.co.uk/api/program?sid=13&nid=64403&pid=crid://csi.digitaluk.co.uk/e357a9a2-3610-4126-aaa8-ab2ce65a8704&start=2026-09-23T10:30:00+0000&duration=PT30M from server.
Fetching https://www.freeview.co.uk/api/program?sid=13&nid=64403&pid=crid://csi.digitaluk.co.uk/30e4532c-0670-4e45-80cd-80c40119e190&start=2026-09-23T11:00:00+0000&duration=PT30M from server.
Fetching https://www.freeview.co.uk/api/program?sid=13&nid=64403&pid=crid://csi.digitaluk.co.uk/c50c835d-bbf5-4f51-bc5f-886671ba39e4&start=2026-09-23T11:30:00+0000&duration=PT30M from server.
Fetching https://www.freeview.co.uk/api/program?sid=13&nid=64403&pid=crid://csi.digitaluk.co.uk/39b8d524-281b-4761-85dc-5d54d52b7ecc&start=2026-09-23T12:00:00+0000&duration=PT30M from server.
Fetching https://www.freeview.co.uk/api/program?sid=13&nid=64403&pid=crid://csi.digitaluk.co.uk/0867a934-c140-481d-b5d0-5cf4d60ff436&start=2026-09-23T12:30:00+0000&duration=PT30M from server.
Fetching https://www.freeview.co.uk/api/program?sid=13&nid=64403&pid=crid://csi.digitaluk.co.uk/25ceeba3-19e6-4c13-8776-07fe3aa6d094&start=2026-09-23T13:00:00+0000&duration=PT30M from server.
Fetching https://www.freeview.co.uk/api/program?sid=13&nid=64403&pid=crid://csi.digitaluk.co.uk/b41c6071-f5e1-4558-8885-fb298215582f&start=2026-09-23T13:30:00+0000&duration=PT30M from server.
Fetching https://www.freeview.co.uk/api/program?sid=13&nid=64403&pid=crid://csi.digitaluk.co.uk/d6dc9917-d5fd-4593-bad3-4afa2911ca5f&start=2026-09-23T14:00:00+0000&duration=PT30M from server.
Fetching https://www.freeview.co.uk/api/program?sid=13&nid=64403&pid=crid://csi.digitaluk.co.uk/123351b6-0219-42ae-8d4d-c3e6195ca951&start=2026-09-23T14:30:00+0000&duration=PT30M from server.
Fetching https://www.freeview.co.uk/api/program?sid=13&nid=64403&pid=crid://csi.digitaluk.co.uk/79b34cfa-586e-4d6c-84b5-f1663022251b&start=2026-09-23T15:00:00+0000&duration=PT30M from server.
Fetching https://www.freeview.co.uk/api/program?sid=13&nid=64403&pid=crid://csi.digitaluk.co.uk/67a59480-a691-4c6f-880f-88005c214984&start=2026-09-23T15:30:00+0000&duration=PT30M from server.
Fetching https://www.freeview.co.uk/api/program?sid=13&nid=64403&pid=crid://csi.digitaluk.co.uk/6cbeaa58-9d4e-4585-9261-1704abf8cbed&start=2026-09-23T16:00:00+0000&duration=PT30M from server.
Fetching https://www.freeview.co.uk/api/program?sid=13&nid=64403&pid=crid://csi.digitaluk.co.uk/95ff2647-2599-4fc6-be10-6d86d50d7560&start=2026-09-23T16:30:00+0000&duration=PT30M from server.
Fetching https://www.freeview.co.uk/api/program?sid=13&nid=64403&pid=crid://csi.digitaluk.co.uk/7477713c-1972-4f1b-920f-b4dfcc1ee653&start=2026-09-23T17:00:00+0000&duration=PT30M from server.
Fetching https://www.freeview.co.uk/api/program?sid=13&nid=64403&pid=crid://csi.digitaluk.co.uk/89923a76-f451-404c-a583-73bb53629d32&start=2026-09-23T17:30:00+0000&duration=PT30M from server.
Fetching https://www.freeview.co.uk/api/program?sid=13&nid=64403&pid=crid://csi.digitaluk.co.uk/208ae928-4f5a-4002-8f20-5aff07c8d86b&start=2026-09-23T18:00:00+0000&duration=PT30M from server.
Fetching https://www.freeview.co.uk/api/program?sid=13&nid=64403&pid=crid://csi.digitaluk.co.uk/8e98a63b-6839-41a5-bcbb-e95cffc12769&start=2026-09-23T18:30:00+0000&duration=PT30M from server.
Fetching https://www.freeview.co.uk/api/program?sid=13&nid=64403&pid=crid://csi.digitaluk.co.uk/681c7cda-6d45-4684-9e3f-3a20598cc26f&start=2026-09-23T19:00:00+0000&duration=PT1H from server.
Fetching https://www.freeview.co.uk/api/program?sid=13&nid=64403&pid=crid://csi.digitaluk.co.uk/44ddbd8e-3a18-4605-81ee-c041e74141e3&start=2026-09-23T20:00:00+0000&duration=PT1H from server.
Fetching https://www.freeview.co.uk/api/program?sid=13&nid=64403&pid=crid://csi.digitaluk.co.uk/7e16b0d0-403d-4cad-910a-d37848dff11c&start=2026-09-23T21:00:00+0000&duration=PT1H from server.
Fetching https://www.freeview.co.uk/api/program?sid=13&nid=64403&pid=crid://csi.digitaluk.co.uk/5282f3c5-7447-422d-a75e-22befc10b51d&start=2026-09-23T22:00:00+0000&duration=PT1H5M from server.
Fetching https://www.freeview.co.uk/api/program?sid=13&nid=64403&pid=crid://csi.digitaluk.co.uk/8be8878f-e19c-42cb-a1b1-7ac2b0ebb7d2&start=2026-09-23T23:05:00+0000&duration=PT1H from server.
### Wanted 8385 
Fetching https://www.freeview.co.uk/api/program?sid=14&nid=64403&pid=crid://movida.bebanjo.net/mas/version/76608/001/POSTWATERSHED2100/C&start=2026-09-23T00:20:00+0000&duration=PT2H10M from server.
Fetching https://www.freeview.co.uk/api/program?sid=14&nid=64403&pid=crid://csi.digitaluk.co.uk/a01b8098-f05c-418d-8350-3b7b0726798c&start=2026-09-23T02:30:00+0000&duration=PT3H30M from server.
Fetching https://www.freeview.co.uk/api/program?sid=14&nid=64403&pid=crid://csi.digitaluk.co.uk/08a41ff6-24c4-4ade-80f5-718d6a7b5a08&start=2026-09-23T06:00:00+0000&duration=PT4H from server.
Fetching https://www.freeview.co.uk/api/program?sid=14&nid=64403&pid=crid://csi.digitaluk.co.uk/d8b4a41d-5bfc-4ee1-bbaa-76a793badb3c&start=2026-09-23T10:00:00+0000&duration=PT1H40M from server.
Fetching https://www.freeview.co.uk/api/program?sid=14&nid=64403&pid=crid://csi.digitaluk.co.uk/1f819fdb-cba0-4a5b-9a97-1f9f2698d462&start=2026-09-23T11:40:00+0000&duration=PT1H40M from server.
Fetching https://www.freeview.co.uk/api/program?sid=14&nid=64403&pid=crid://csi.digitaluk.co.uk/17d00707-f383-4546-9732-49ca407957b2&start=2026-09-23T13:20:00+0000&duration=PT2H10M from server.
Fetching https://www.freeview.co.uk/api/program?sid=14&nid=64403&pid=crid://csi.digitaluk.co.uk/0f420b04-9d8e-4107-a17c-76dfd02e1e73&start=2026-09-23T15:30:00+0000&duration=PT2H15M from server.
Fetching https://www.freeview.co.uk/api/program?sid=14&nid=64403&pid=crid://csi.digitaluk.co.uk/04d34985-34d9-4df6-96ec-99ccf1aed48a&start=2026-09-23T17:45:00+0000&duration=PT2H5M from server.
Fetching https://www.freeview.co.uk/api/program?sid=14&nid=64403&pid=crid://csi.digitaluk.co.uk/f2ea6686-1fd2-456f-a6db-68ba7b7305fb&start=2026-09-23T19:50:00+0000&duration=PT10M from server.
Fetching https://www.freeview.co.uk/api/program?sid=14&nid=64403&pid=crid://movida.bebanjo.net/mas/version/77546/001/ALLTIMES/C&start=2026-09-23T20:00:00+0000&duration=PT2H25M from server.
Fetching https://www.freeview.co.uk/api/program?sid=14&nid=64403&pid=crid://csi.digitaluk.co.uk/95bde513-dc3a-4679-ab22-bbc98c5f2562&start=2026-09-23T22:25:00+0000&duration=PT2H10M from server.
## Wanted 27328 
Fetching https://www.freeview.co.uk/api/program?sid=17&nid=64403&pid=crid://csi.digitaluk.co.uk/2bc6d0ec-bf03-4bb1-961f-2bca3b06df6f&start=2026-09-23T00:00:00+0000&duration=PT1H from server.
Fetching https://www.freeview.co.uk/api/program?sid=17&nid=64403&pid=crid://csi.digitaluk.co.uk/b5548260-c4dc-48a7-8c98-d92d0a9c916b&start=2026-09-23T01:00:00+0000&duration=PT1H from server.
Fetching https://www.freeview.co.uk/api/program?sid=17&nid=64403&pid=crid://csi.digitaluk.co.uk/39274fc6-0521-469e-9f2e-4914d9e20506&start=2026-09-23T02:00:00+0000&duration=PT1H from server.
Fetching https://www.freeview.co.uk/api/program?sid=17&nid=64403&pid=crid://csi.digitaluk.co.uk/f80515b1-d922-4b8f-aa9b-388926c3eb81&start=2026-09-23T03:00:00+0000&duration=PT30M from server.
Fetching https://www.freeview.co.uk/api/program?sid=17&nid=64403&pid=crid://csi.digitaluk.co.uk/cfcdfef6-3339-4411-85df-3386bf377580&start=2026-09-23T03:30:00+0000&duration=PT30M from server.
Fetching https://www.freeview.co.uk/api/program?sid=17&nid=64403&pid=crid://csi.digitaluk.co.uk/a8bbf549-f162-4801-81a1-c642d3f4fce4&start=2026-09-23T04:00:00+0000&duration=PT30M from server.
Fetching https://www.freeview.co.uk/api/program?sid=17&nid=64403&pid=crid://csi.digitaluk.co.uk/84387a28-7f43-47ea-9c9a-2bd64eaa0f94&start=2026-09-23T04:30:00+0000&duration=PT30M from server.
Fetching https://www.freeview.co.uk/api/program?sid=17&nid=64403&pid=crid://csi.digitaluk.co.uk/b7d4c24e-afc5-4896-b0f7-91472590defc&start=2026-09-23T05:00:00+0000&duration=PT1H from server.
Fetching https://www.freeview.co.uk/api/program?sid=17&nid=64403&pid=crid://csi.digitaluk.co.uk/1587de1a-dc85-4e8f-aa55-135ae0e3736b&start=2026-09-23T06:00:00+0000&duration=PT1H from server.
Fetching https://www.freeview.co.uk/api/program?sid=17&nid=64403&pid=crid://csi.digitaluk.co.uk/93257f51-49ba-4242-97d2-b64a2928e044&start=2026-09-23T07:00:00+0000&duration=PT1H from server.
Fetching https://www.freeview.co.uk/api/program?sid=17&nid=64403&pid=crid://csi.digitaluk.co.uk/f04b3cc5-61c3-4e09-801a-83b8c12aba63&start=2026-09-23T08:00:00+0000&duration=PT1H from server.
Fetching https://www.freeview.co.uk/api/program?sid=17&nid=64403&pid=crid://csi.digitaluk.co.uk/f80dcf02-ce98-4a2e-bd21-985c695f25ec&start=2026-09-23T09:00:00+0000&duration=PT1H from server.
Fetching https://www.freeview.co.uk/api/program?sid=17&nid=64403&pid=crid://csi.digitaluk.co.uk/8d6bf969-809c-4ab5-813a-5ed44bb4bd10&start=2026-09-23T10:00:00+0000&duration=PT1H from server.
Fetching https://www.freeview.co.uk/api/program?sid=17&nid=64403&pid=crid://csi.digitaluk.co.uk/c076d8b7-bf7a-4312-9f51-f04d1296dd03&start=2026-09-23T11:00:00+0000&duration=PT1H from server.
Fetching https://www.freeview.co.uk/api/program?sid=17&nid=64403&pid=crid://csi.digitaluk.co.uk/0ccb69c2-d2c9-426b-be68-446f9424a9a7&start=2026-09-23T12:00:00+0000&duration=PT1H from server.
Fetching https://www.freeview.co.uk/api/program?sid=17&nid=64403&pid=crid://csi.digitaluk.co.uk/58d496a9-9534-4258-b0b4-6217f28a8cd3&start=2026-09-23T13:00:00+0000&duration=PT30M from server.
Fetching https://www.freeview.co.uk/api/program?sid=17&nid=64403&pid=crid://csi.digitaluk.co.uk/4dca4179-ad5a-4aef-ba52-b66289132f64&start=2026-09-23T13:30:00+0000&duration=PT30M from server.
Fetching https://www.freeview.co.uk/api/program?sid=17&nid=64403&pid=crid://csi.digitaluk.co.uk/6cc77ff7-0ac9-4235-b218-7f010f0351ec&start=2026-09-23T14:00:00+0000&duration=PT30M from server.
Fetching https://www.freeview.co.uk/api/program?sid=17&nid=64403&pid=crid://csi.digitaluk.co.uk/dcf35e45-aa1b-4c7f-a862-7fa1b0bf7381&start=2026-09-23T14:30:00+0000&duration=PT30M from server.
Fetching https://www.freeview.co.uk/api/program?sid=17&nid=64403&pid=crid://csi.digitaluk.co.uk/61fbf034-9986-4303-9e57-9090b6985532&start=2026-09-23T15:00:00+0000&duration=PT1H from server.
Fetching https://www.freeview.co.uk/api/program?sid=17&nid=64403&pid=crid://csi.digitaluk.co.uk/9a0884ed-a9ed-46c9-a547-e379b8e0a370&start=2026-09-23T16:00:00+0000&duration=PT1H from server.
Fetching https://www.freeview.co.uk/api/program?sid=17&nid=64403&pid=crid://csi.digitaluk.co.uk/c462524d-a941-4bee-a82c-4e9ebabbcbb0&start=2026-09-23T17:00:00+0000&duration=PT1H from server.
Fetching https://www.freeview.co.uk/api/program?sid=17&nid=64403&pid=crid://csi.digitaluk.co.uk/f603a76c-d774-43fd-ad20-1605fa89e154&start=2026-09-23T18:00:00+0000&duration=PT1H from server.
Fetching https://www.freeview.co.uk/api/program?sid=17&nid=64403&pid=crid://csi.digitaluk.co.uk/7d06f196-5fd2-4bb3-b52c-a90fb5a09c57&start=2026-09-23T19:00:00+0000&duration=PT1H from server.
Fetching https://www.freeview.co.uk/api/program?sid=17&nid=64403&pid=crid://csi.digitaluk.co.uk/8d753fee-62d7-4fd4-b182-a2ea81caacc0&start=2026-09-23T20:00:00+0000&duration=PT1H from server.
Fetching https://www.freeview.co.uk/api/program?sid=17&nid=64403&pid=crid://csi.digitaluk.co.uk/446306bc-1981-4506-878f-ee444e0e29fc&start=2026-09-23T21:00:00+0000&duration=PT1H from server.
Fetching https://www.freeview.co.uk/api/program?sid=17&nid=64403&pid=crid://csi.digitaluk.co.uk/2de77e35-2945-4147-a56f-ddc325f4d08a&start=2026-09-23T22:00:00+0000&duration=PT30M from server.
Fetching https://www.freeview.co.uk/api/program?sid=17&nid=64403&pid=crid://csi.digitaluk.co.uk/2e1c81c2-25a1-4993-b928-13aba6fe8246&start=2026-09-23T22:30:00+0000&duration=PT30M from server.
Fetching https://www.freeview.co.uk/api/program?sid=17&nid=64403&pid=crid://csi.digitaluk.co.uk/68820729-9691-419e-9cf8-8717a5cbab16&start=2026-09-23T23:00:00+0000&duration=PT30M from server.
Fetching https://www.freeview.co.uk/api/program?sid=17&nid=64403&pid=crid://csi.digitaluk.co.uk/a51f7dde-a44f-41f4-8d2c-728e8684698d&start=2026-09-23T23:30:00+0000&duration=PT30M from server.
### Wanted 8442 
Fetching https://www.freeview.co.uk/api/program?sid=18&nid=64403&pid=crid://csi.digitaluk.co.uk/aa1e27e7-64ab-44be-be64-60f8afb6ebc7&start=2026-09-23T00:10:00+0000&duration=PT1H5M from server.
Fetching https://www.freeview.co.uk/api/program?sid=18&nid=64403&pid=crid://csi.digitaluk.co.uk/1646e34e-eda2-4f46-9b3d-c7844d06280e&start=2026-09-23T01:15:00+0000&duration=PT1H5M from server.
Fetching https://www.freeview.co.uk/api/program?sid=18&nid=64403&pid=crid://csi.digitaluk.co.uk/a19da9d8-49dc-4b38-a14a-4fe8e366ab66&start=2026-09-23T02:20:00+0000&duration=PT30M from server.
Fetching https://www.freeview.co.uk/api/program?sid=18&nid=64403&pid=crid://csi.digitaluk.co.uk/630c9282-eaf0-4ccb-b318-0625f1755617&start=2026-09-23T02:50:00+0000&duration=PT3H10M from server.
Fetching https://www.freeview.co.uk/api/program?sid=18&nid=64403&pid=crid://csi.digitaluk.co.uk/ff401d2c-b120-438a-a6d0-982566104312&start=2026-09-23T06:00:00+0000&duration=PT1H55M from server.
Fetching https://www.freeview.co.uk/api/program?sid=18&nid=64403&pid=crid://csi.digitaluk.co.uk/bbf6c553-30a2-4027-9387-c1d346d6261a&start=2026-09-23T07:55:00+0000&duration=PT35M from server.
Fetching https://www.freeview.co.uk/api/program?sid=18&nid=64403&pid=crid://csi.digitaluk.co.uk/6fd2168f-2279-4a0d-87dc-9d36da4630fd&start=2026-09-23T08:30:00+0000&duration=PT30M from server.
Fetching https://www.freeview.co.uk/api/program?sid=18&nid=64403&pid=crid://csi.digitaluk.co.uk/4ab08cfa-4b75-4d3e-930e-f2c1794769dd&start=2026-09-23T09:00:00+0000&duration=PT30M from server.
Fetching https://www.freeview.co.uk/api/program?sid=18&nid=64403&pid=crid://csi.digitaluk.co.uk/c9ab4cf0-4950-447e-8325-e810ceeaef74&start=2026-09-23T09:30:00+0000&duration=PT35M from server.
Fetching https://www.freeview.co.uk/api/program?sid=18&nid=64403&pid=crid://csi.digitaluk.co.uk/40eb7bd6-1ebb-4ed6-a1cc-9d9d3cf0e749&start=2026-09-23T10:05:00+0000&duration=PT30M from server.
Fetching https://www.freeview.co.uk/api/program?sid=18&nid=64403&pid=crid://csi.digitaluk.co.uk/eeb253c6-5fb6-43b6-bb56-311406cc9464&start=2026-09-23T10:35:00+0000&duration=PT30M from server.
Fetching https://www.freeview.co.uk/api/program?sid=18&nid=64403&pid=crid://csi.digitaluk.co.uk/59dcff68-f665-4ea0-981f-7d17378d9503&start=2026-09-23T11:05:00+0000&duration=PT30M from server.
Fetching https://www.freeview.co.uk/api/program?sid=18&nid=64403&pid=crid://csi.digitaluk.co.uk/eca18cb6-1156-4a04-8c19-c096198799c1&start=2026-09-23T11:35:00+0000&duration=PT30M from server.
Fetching https://www.freeview.co.uk/api/program?sid=18&nid=64403&pid=crid://csi.digitaluk.co.uk/7f0db455-e8a9-4852-a4d6-7adb93cd7fe4&start=2026-09-23T12:05:00+0000&duration=PT35M from server.
Fetching https://www.freeview.co.uk/api/program?sid=18&nid=64403&pid=crid://csi.digitaluk.co.uk/e3a6c499-2e1d-488d-bfbc-440ffae7a7a9&start=2026-09-23T12:40:00+0000&duration=PT35M from server.
Fetching https://www.freeview.co.uk/api/program?sid=18&nid=64403&pid=crid://csi.digitaluk.co.uk/040974d7-52aa-47ae-ac5a-6a9eb7147b83&start=2026-09-23T13:15:00+0000&duration=PT35M from server.
Fetching https://www.freeview.co.uk/api/program?sid=18&nid=64403&pid=crid://csi.digitaluk.co.uk/27b427a6-285a-481c-8713-dfc852c278ed&start=2026-09-23T13:50:00+0000&duration=PT30M from server.
Fetching https://www.freeview.co.uk/api/program?sid=18&nid=64403&pid=crid://csi.digitaluk.co.uk/b721cee2-a72e-40a9-b8bd-70ccfbd0c1c3&start=2026-09-23T14:20:00+0000&duration=PT30M from server.
Fetching https://www.freeview.co.uk/api/program?sid=18&nid=64403&pid=crid://csi.digitaluk.co.uk/00d5f8b1-3f30-441b-8e91-47b103a22d52&start=2026-09-23T14:50:00+0000&duration=PT30M from server.
Fetching https://www.freeview.co.uk/api/program?sid=18&nid=64403&pid=crid://csi.digitaluk.co.uk/47c958aa-7a4e-481c-bdb4-64696a06cbe6&start=2026-09-23T15:20:00+0000&duration=PT30M from server.
Fetching https://www.freeview.co.uk/api/program?sid=18&nid=64403&pid=crid://csi.digitaluk.co.uk/5e72ea86-6d94-40a8-acb7-53631f3e8a4d&start=2026-09-23T15:50:00+0000&duration=PT1H from server.
Fetching https://www.freeview.co.uk/api/program?sid=18&nid=64403&pid=crid://csi.digitaluk.co.uk/301546dc-9717-4af2-b4df-589c37e28474&start=2026-09-23T16:50:00+0000&duration=PT1H from server.
Fetching https://www.freeview.co.uk/api/program?sid=18&nid=64403&pid=crid://csi.digitaluk.co.uk/81d95487-fb7b-4043-8268-2fedffb39db7&start=2026-09-23T17:50:00+0000&duration=PT1H5M from server.
Fetching https://www.freeview.co.uk/api/program?sid=18&nid=64403&pid=crid://csi.digitaluk.co.uk/5c20fe7b-40fe-4afb-aa20-854416f45d3a&start=2026-09-23T18:55:00+0000&duration=PT1H5M from server.
Fetching https://www.freeview.co.uk/api/program?sid=18&nid=64403&pid=crid://csi.digitaluk.co.uk/08bfb9e0-b5e9-44ed-8b77-27a6c591cd5a&start=2026-09-23T20:00:00+0000&duration=PT1H from server.
Fetching https://www.freeview.co.uk/api/program?sid=18&nid=64403&pid=crid://csi.digitaluk.co.uk/941685f7-9086-4f85-9bf9-b4e20f5c1d22&start=2026-09-23T21:00:00+0000&duration=PT1H5M from server.
Fetching https://www.freeview.co.uk/api/program?sid=18&nid=64403&pid=crid://csi.digitaluk.co.uk/7b51cda9-91d2-4c27-a408-32390813d1f8&start=2026-09-23T22:05:00+0000&duration=PT1H5M from server.
Fetching https://www.freeview.co.uk/api/program?sid=18&nid=64403&pid=crid://csi.digitaluk.co.uk/91d2afbd-0ccb-4984-bf14-539332d059a2&start=2026-09-23T23:10:00+0000&duration=PT1H5M from server.
## Wanted 12992 
Fetching https://www.freeview.co.uk/api/program?sid=21&nid=64403&pid=crid://panorama.five.tv/versions/C5396820008A&start=2026-09-23T00:00:00+0000&duration=PT1H from server.
Fetching https://www.freeview.co.uk/api/program?sid=21&nid=64403&pid=crid://panorama.five.tv/versions/C5533540011A&start=2026-09-23T01:00:00+0000&duration=PT1H from server.
Fetching https://www.freeview.co.uk/api/program?sid=21&nid=64403&pid=crid://panorama.five.tv/versions/C5533540012A&start=2026-09-23T02:00:00+0000&duration=PT55M from server.
Fetching https://www.freeview.co.uk/api/program?sid=21&nid=64403&pid=crid://panorama.five.tv/versions/C5522880039A&start=2026-09-23T02:55:00+0000&duration=PT5M from server.
Fetching https://www.freeview.co.uk/api/program?sid=21&nid=64403&pid=crid://panorama.five.tv/versions/C5266540001A&start=2026-09-23T03:00:00+0000&duration=PT2H from server.
Fetching https://www.freeview.co.uk/api/program?sid=21&nid=64403&pid=crid://panorama.five.tv/versions/C5474060001A&start=2026-09-23T05:00:00+0000&duration=PT3H from server.
Fetching https://www.freeview.co.uk/api/program?sid=21&nid=64403&pid=crid://panorama.five.tv/versions/C5522700039A&start=2026-09-23T08:00:00+0000&duration=PT10M from server.
Fetching https://www.freeview.co.uk/api/program?sid=21&nid=64403&pid=crid://panorama.five.tv/versions/C5522780007A&start=2026-09-23T08:10:00+0000&duration=PT50M from server.
Fetching https://www.freeview.co.uk/api/program?sid=21&nid=64403&pid=crid://panorama.five.tv/versions/C5133580003E&start=2026-09-23T09:00:00+0000&duration=PT1H from server.
Fetching https://www.freeview.co.uk/api/program?sid=21&nid=64403&pid=crid://panorama.five.tv/versions/C5133580004D&start=2026-09-23T10:00:00+0000&duration=PT1H from server.
Fetching https://www.freeview.co.uk/api/program?sid=21&nid=64403&pid=crid://panorama.five.tv/versions/C5133580005D&start=2026-09-23T11:00:00+0000&duration=PT1H from server.
Fetching https://www.freeview.co.uk/api/program?sid=21&nid=64403&pid=crid://panorama.five.tv/versions/C5084030016D&start=2026-09-23T12:00:00+0000&duration=PT1H from server.
Fetching https://www.freeview.co.uk/api/program?sid=21&nid=64403&pid=crid://panorama.five.tv/versions/C5084030017D&start=2026-09-23T13:00:00+0000&duration=PT1H from server.
Fetching https://www.freeview.co.uk/api/program?sid=21&nid=64403&pid=crid://panorama.five.tv/versions/C5084030018C&start=2026-09-23T14:00:00+0000&duration=PT1H from server.
Fetching https://www.freeview.co.uk/api/program?sid=21&nid=64403&pid=crid://csi.digitaluk.co.uk/a2a4f6f2-149f-497a-ac95-6cfeb4dcca46&start=2026-09-23T15:00:00+0000&duration=PT1H from server.
Fetching https://www.freeview.co.uk/api/program?sid=21&nid=64403&pid=crid://csi.digitaluk.co.uk/791e3d33-8b89-4ba4-b029-696331a9fb38&start=2026-09-23T16:00:00+0000&duration=PT1H from server.
Fetching https://www.freeview.co.uk/api/program?sid=21&nid=64403&pid=crid://csi.digitaluk.co.uk/899fe61a-5304-4bad-bb43-80ccaa95628e&start=2026-09-23T17:00:00+0000&duration=PT1H from server.
Fetching https://www.freeview.co.uk/api/program?sid=21&nid=64403&pid=crid://csi.digitaluk.co.uk/2d8861c5-96ad-4652-afc0-904ebd433f46&start=2026-09-23T18:00:00+0000&duration=PT1H from server.
Fetching https://www.freeview.co.uk/api/program?sid=21&nid=64403&pid=crid://csi.digitaluk.co.uk/1ad38619-a8fa-43ac-9254-797f7f67e531&start=2026-09-23T19:00:00+0000&duration=PT1H from server.
Fetching https://www.freeview.co.uk/api/program?sid=21&nid=64403&pid=crid://csi.digitaluk.co.uk/f777f53e-8891-4416-9037-3eecb2e03a53&start=2026-09-23T20:00:00+0000&duration=PT1H from server.
Fetching https://www.freeview.co.uk/api/program?sid=21&nid=64403&pid=crid://panorama.five.tv/versions/C5443620004C&start=2026-09-23T21:00:00+0000&duration=PT1H from server.
Fetching https://www.freeview.co.uk/api/program?sid=21&nid=64403&pid=crid://csi.digitaluk.co.uk/c8b81737-2cba-492e-95e4-789b4d2572c3&start=2026-09-23T22:00:00+0000&duration=PT1H from server.
Fetching https://www.freeview.co.uk/api/program?sid=21&nid=64403&pid=crid://panorama.five.tv/versions/C5396820009A&start=2026-09-23T23:00:00+0000&duration=PT55M from server.
Fetching https://www.freeview.co.uk/api/program?sid=21&nid=64403&pid=crid://panorama.five.tv/versions/C5396820010A&start=2026-09-23T23:55:00+0000&duration=PT55M from server.
### Wanted 12928 
Fetching https://www.freeview.co.uk/api/program?sid=32&nid=64403&pid=crid://panorama.five.tv/versions/C5407200002D&start=2026-09-23T00:00:00+0000&duration=PT1H from server.
Fetching https://www.freeview.co.uk/api/program?sid=32&nid=64403&pid=crid://panorama.five.tv/versions/C5513950003A&start=2026-09-23T01:00:00+0000&duration=PT50M from server.
Fetching https://www.freeview.co.uk/api/program?sid=32&nid=64403&pid=crid://panorama.five.tv/versions/C5366240007A&start=2026-09-23T01:50:00+0000&duration=PT45M from server.
Fetching https://www.freeview.co.uk/api/program?sid=32&nid=64403&pid=crid://panorama.five.tv/versions/C5164553184A&start=2026-09-23T02:35:00+0000&duration=PT25M from server.
Fetching https://www.freeview.co.uk/api/program?sid=32&nid=64403&pid=crid://panorama.five.tv/versions/C5266540001A&start=2026-09-23T03:00:00+0000&duration=PT2H from server.
Fetching https://www.freeview.co.uk/api/program?sid=32&nid=64403&pid=crid://panorama.five.tv/versions/C5266540001A&start=2026-09-23T05:00:00+0000&duration=PT1H from server.
Fetching https://www.freeview.co.uk/api/program?sid=32&nid=64403&pid=crid://panorama.five.tv/versions/C5326820001A&start=2026-09-23T06:00:00+0000&duration=PT30M from server.
Fetching https://www.freeview.co.uk/api/program?sid=32&nid=64403&pid=crid://panorama.five.tv/versions/C5266540001A&start=2026-09-23T06:30:00+0000&duration=PT30M from server.
Fetching https://www.freeview.co.uk/api/program?sid=32&nid=64403&pid=crid://csi.digitaluk.co.uk/56259dd7-4e78-4b31-aefd-5ec727f63ba3&start=2026-09-23T07:00:00+0000&duration=PT1H from server.
Fetching https://www.freeview.co.uk/api/program?sid=32&nid=64403&pid=crid://csi.digitaluk.co.uk/be1598da-aee9-45df-806f-dda92ab0c5cb&start=2026-09-23T08:00:00+0000&duration=PT1H from server.
Fetching https://www.freeview.co.uk/api/program?sid=32&nid=64403&pid=crid://panorama.five.tv/versions/C5495500001B&start=2026-09-23T09:00:00+0000&duration=PT1H from server.
Fetching https://www.freeview.co.uk/api/program?sid=32&nid=64403&pid=crid://csi.digitaluk.co.uk/3000cdad-560a-4f2b-bb6c-32a42c60ee34&start=2026-09-23T10:00:00+0000&duration=PT1H from server.
Fetching https://www.freeview.co.uk/api/program?sid=32&nid=64403&pid=crid://csi.digitaluk.co.uk/ac9741c8-f95b-45e0-a19f-732ed4fb8afc&start=2026-09-23T11:00:00+0000&duration=PT1H from server.
Fetching https://www.freeview.co.uk/api/program?sid=32&nid=64403&pid=crid://csi.digitaluk.co.uk/ef82c66b-daa9-4562-98a6-dfffd4f1fd0d&start=2026-09-23T12:00:00+0000&duration=PT1H from server.
Fetching https://www.freeview.co.uk/api/program?sid=32&nid=64403&pid=crid://csi.digitaluk.co.uk/e1f4004a-3ff2-4605-a764-76e0c3ba5b8f&start=2026-09-23T13:00:00+0000&duration=PT1H from server.
Fetching https://www.freeview.co.uk/api/program?sid=32&nid=64403&pid=crid://csi.digitaluk.co.uk/4c0e11ad-fc68-4d59-b818-e34aa59d91cd&start=2026-09-23T14:00:00+0000&duration=PT1H from server.
Fetching https://www.freeview.co.uk/api/program?sid=32&nid=64403&pid=crid://csi.digitaluk.co.uk/c476c61f-4aa7-4c81-9da8-1b6902ae2f37&start=2026-09-23T15:00:00+0000&duration=PT1H from server.
Fetching https://www.freeview.co.uk/api/program?sid=32&nid=64403&pid=crid://panorama.five.tv/versions/C5500360018A&start=2026-09-23T16:00:00+0000&duration=PT1H from server.
Fetching https://www.freeview.co.uk/api/program?sid=32&nid=64403&pid=crid://panorama.five.tv/versions/C5164553188A&start=2026-09-23T17:00:00+0000&duration=PT30M from server.
Fetching https://www.freeview.co.uk/api/program?sid=32&nid=64403&pid=crid://panorama.five.tv/versions/C5164553189A&start=2026-09-23T17:30:00+0000&duration=PT30M from server.
Fetching https://www.freeview.co.uk/api/program?sid=32&nid=64403&pid=crid://csi.digitaluk.co.uk/33772fc2-6346-4ad9-99ea-3fbc60deed24&start=2026-09-23T18:00:00+0000&duration=PT1H from server.
Fetching https://www.freeview.co.uk/api/program?sid=32&nid=64403&pid=crid://csi.digitaluk.co.uk/e7fc5261-f854-4119-8e8c-25659f3477f4&start=2026-09-23T19:00:00+0000&duration=PT1H from server.
Fetching https://www.freeview.co.uk/api/program?sid=32&nid=64403&pid=crid://panorama.five.tv/versions/C5222640001A&start=2026-09-23T20:00:00+0000&duration=PT1H from server.
Fetching https://www.freeview.co.uk/api/program?sid=32&nid=64403&pid=crid://csi.digitaluk.co.uk/a43c67bd-e618-4993-ac2a-4388614fbb9b&start=2026-09-23T21:00:00+0000&duration=PT5M from server.
Fetching https://www.freeview.co.uk/api/program?sid=32&nid=64403&pid=crid://panorama.five.tv/versions/C5222640001A&start=2026-09-23T21:05:00+0000&duration=PT1H25M from server.
Fetching https://www.freeview.co.uk/api/program?sid=32&nid=64403&pid=crid://panorama.five.tv/versions/C5514290001A&start=2026-09-23T22:30:00+0000&duration=PT1H30M from server.
## Wanted 16112 
Fetching https://www.freeview.co.uk/api/program?sid=33&nid=64403&pid=crid://panorama.five.tv/versions/C5435900008B&start=2026-09-23T00:00:00+0000&duration=PT1H from server.
Fetching https://www.freeview.co.uk/api/program?sid=33&nid=64403&pid=crid://panorama.five.tv/versions/C5293050014A&start=2026-09-23T01:00:00+0000&duration=PT1H from server.
Fetching https://www.freeview.co.uk/api/program?sid=33&nid=64403&pid=crid://panorama.five.tv/versions/C5293050015A&start=2026-09-23T02:00:00+0000&duration=PT50M from server.
Fetching https://www.freeview.co.uk/api/program?sid=33&nid=64403&pid=crid://panorama.five.tv/versions/C5522700039A&start=2026-09-23T02:50:00+0000&duration=PT10M from server.
Fetching https://www.freeview.co.uk/api/program?sid=33&nid=64403&pid=crid://panorama.five.tv/versions/C5340000001A&start=2026-09-23T03:00:00+0000&duration=PT2H from server.
Fetching https://www.freeview.co.uk/api/program?sid=33&nid=64403&pid=crid://panorama.five.tv/versions/C5266540001A&start=2026-09-23T05:00:00+0000&duration=PT1H from server.
Fetching https://www.freeview.co.uk/api/program?sid=33&nid=64403&pid=crid://panorama.five.tv/versions/C5349600001A&start=2026-09-23T06:00:00+0000&duration=PT1H from server.
Fetching https://www.freeview.co.uk/api/program?sid=33&nid=64403&pid=crid://panorama.five.tv/versions/C5349600001A&start=2026-09-23T07:00:00+0000&duration=PT1H from server.
Fetching https://www.freeview.co.uk/api/program?sid=33&nid=64403&pid=crid://panorama.five.tv/versions/C5522880039A&start=2026-09-23T08:00:00+0000&duration=PT5M from server.
Fetching https://www.freeview.co.uk/api/program?sid=33&nid=64403&pid=crid://panorama.five.tv/versions/C5422460013A&start=2026-09-23T08:05:00+0000&duration=PT1H from server.
Fetching https://www.freeview.co.uk/api/program?sid=33&nid=64403&pid=crid://panorama.five.tv/versions/C5165650004D&start=2026-09-23T09:05:00+0000&duration=PT1H from server.
Fetching https://www.freeview.co.uk/api/program?sid=33&nid=64403&pid=crid://panorama.five.tv/versions/C5165650009F&start=2026-09-23T10:05:00+0000&duration=PT1H5M from server.
Fetching https://www.freeview.co.uk/api/program?sid=33&nid=64403&pid=crid://panorama.five.tv/versions/C5218650001A&start=2026-09-23T11:10:00+0000&duration=PT1H from server.
Fetching https://www.freeview.co.uk/api/program?sid=33&nid=64403&pid=crid://csi.digitaluk.co.uk/87710309-7690-48f4-92bc-4f16a8b43ef1&start=2026-09-23T12:10:00+0000&duration=PT5M from server.
Fetching https://www.freeview.co.uk/api/program?sid=33&nid=64403&pid=crid://panorama.five.tv/versions/C5218650001A&start=2026-09-23T12:15:00+0000&duration=PT50M from server.
Fetching https://www.freeview.co.uk/api/program?sid=33&nid=64403&pid=crid://panorama.five.tv/versions/C5523670001A&start=2026-09-23T13:05:00+0000&duration=PT1H from server.
Fetching https://www.freeview.co.uk/api/program?sid=33&nid=64403&pid=crid://csi.digitaluk.co.uk/503ce39a-8d2d-40ea-baa3-ac40df798438&start=2026-09-23T14:05:00+0000&duration=PT5M from server.
Fetching https://www.freeview.co.uk/api/program?sid=33&nid=64403&pid=crid://panorama.five.tv/versions/C5523670001A&start=2026-09-23T14:10:00+0000&duration=PT50M from server.
Fetching https://www.freeview.co.uk/api/program?sid=33&nid=64403&pid=crid://panorama.five.tv/versions/C5223390010C&start=2026-09-23T15:00:00+0000&duration=PT1H from server.
Fetching https://www.freeview.co.uk/api/program?sid=33&nid=64403&pid=crid://panorama.five.tv/versions/C5480240007A&start=2026-09-23T16:00:00+0000&duration=PT1H from server.
Fetching https://www.freeview.co.uk/api/program?sid=33&nid=64403&pid=crid://panorama.five.tv/versions/C5139580007F&start=2026-09-23T17:00:00+0000&duration=PT1H from server.
Fetching https://www.freeview.co.uk/api/program?sid=33&nid=64403&pid=crid://panorama.five.tv/versions/C5141380001H&start=2026-09-23T18:00:00+0000&duration=PT1H from server.
Fetching https://www.freeview.co.uk/api/program?sid=33&nid=64403&pid=crid://panorama.five.tv/versions/C5453540002B&start=2026-09-23T19:00:00+0000&duration=PT1H from server.
Fetching https://www.freeview.co.uk/api/program?sid=33&nid=64403&pid=crid://panorama.five.tv/versions/C5372680019G&start=2026-09-23T20:00:00+0000&duration=PT1H from server.
Fetching https://www.freeview.co.uk/api/program?sid=33&nid=64403&pid=crid://panorama.five.tv/versions/C5460160005B&start=2026-09-23T21:00:00+0000&duration=PT1H from server.
Fetching https://www.freeview.co.uk/api/program?sid=33&nid=64403&pid=crid://panorama.five.tv/versions/C5213950005A&start=2026-09-23T22:00:00+0000&duration=PT1H from server.
Fetching https://www.freeview.co.uk/api/program?sid=33&nid=64403&pid=crid://panorama.five.tv/versions/C5164280001C&start=2026-09-23T23:00:00+0000&duration=PT1H from server.
### Wanted 8373 
Fetching https://www.freeview.co.uk/api/program?sid=35&nid=64403&pid=crid://csi.digitaluk.co.uk/4214ef92-6db8-4fdb-b1a4-c729d3ead109&start=2026-09-23T00:05:00+0000&duration=PT2H55M from server.
Fetching https://www.freeview.co.uk/api/program?sid=35&nid=64403&pid=crid://csi.digitaluk.co.uk/7d9cf35a-4e53-42d4-8c4a-bec23f959f3f&start=2026-09-23T03:00:00+0000&duration=PT1H20M from server.
Fetching https://www.freeview.co.uk/api/program?sid=35&nid=64403&pid=crid://csi.digitaluk.co.uk/568a69b9-0b57-43c8-8d75-2aa58b43c042&start=2026-09-23T04:20:00+0000&duration=PT1H40M from server.
Fetching https://www.freeview.co.uk/api/program?sid=35&nid=64403&pid=crid://csi.digitaluk.co.uk/06e55f83-1ccb-460b-bab2-30b0a2d71684&start=2026-09-23T06:00:00+0000&duration=PT3H30M from server.
Fetching https://www.freeview.co.uk/api/program?sid=35&nid=64403&pid=crid://csi.digitaluk.co.uk/9680c7c3-87f3-46fb-a499-54c3843a12e9&start=2026-09-23T09:30:00+0000&duration=PT30M from server.
Fetching https://www.freeview.co.uk/api/program?sid=35&nid=64403&pid=crid://csi.digitaluk.co.uk/af7288fb-687a-4591-b1d9-beb6395b3468&start=2026-09-23T10:00:00+0000&duration=PT2H30M from server.
Fetching https://www.freeview.co.uk/api/program?sid=35&nid=64403&pid=crid://csi.digitaluk.co.uk/e9a043c0-82d5-4de6-8a61-749dbd276cc6&start=2026-09-23T12:30:00+0000&duration=PT1H from server.
Fetching https://www.freeview.co.uk/api/program?sid=35&nid=64403&pid=crid://csi.digitaluk.co.uk/eb13d712-b817-422f-8e83-3c0d113eae1d&start=2026-09-23T13:30:00+0000&duration=PT25M from server.
Fetching https://www.freeview.co.uk/api/program?sid=35&nid=64403&pid=crid://csi.digitaluk.co.uk/1b016c4e-a5a4-4f1d-ab0f-e2895c99d73f&start=2026-09-23T13:55:00+0000&duration=PT5M from server.
Fetching https://www.freeview.co.uk/api/program?sid=35&nid=64403&pid=crid://csi.digitaluk.co.uk/388392f5-47e0-4de5-944c-c3b5cfa76c63&start=2026-09-23T14:00:00+0000&duration=PT1H from server.
Fetching https://www.freeview.co.uk/api/program?sid=35&nid=64403&pid=crid://csi.digitaluk.co.uk/a22530d1-5a38-4924-8b89-8a4836e93f7d&start=2026-09-23T15:00:00+0000&duration=PT1H from server.
Fetching https://www.freeview.co.uk/api/program?sid=35&nid=64403&pid=crid://csi.digitaluk.co.uk/33b71ab8-d328-4707-a07e-00dca8823900&start=2026-09-23T16:00:00+0000&duration=PT1H from server.
Fetching https://www.freeview.co.uk/api/program?sid=35&nid=64403&pid=crid://csi.digitaluk.co.uk/cca8f481-f5f6-4d17-bb79-70c1a9bc8c6f&start=2026-09-23T17:00:00+0000&duration=PT1H from server.
Fetching https://www.freeview.co.uk/api/program?sid=35&nid=64403&pid=crid://csi.digitaluk.co.uk/204bbc55-184f-4f1c-9ec4-8ff06550a693&start=2026-09-23T18:00:00+0000&duration=PT25M from server.
Fetching https://www.freeview.co.uk/api/program?sid=35&nid=64403&pid=crid://csi.digitaluk.co.uk/8c59b5e1-4a91-455d-a26f-a1c9446b7cdf&start=2026-09-23T18:25:00+0000&duration=PT5M from server.
Fetching https://www.freeview.co.uk/api/program?sid=35&nid=64403&pid=crid://csi.digitaluk.co.uk/11b07fa1-5e8f-4ea3-81cb-325783dd0f6b&start=2026-09-23T18:30:00+0000&duration=PT1H from server.
Fetching https://www.freeview.co.uk/api/program?sid=35&nid=64403&pid=crid://csi.digitaluk.co.uk/a38a43f1-b7ad-4669-8a29-f0c080d599b5&start=2026-09-23T19:30:00+0000&duration=PT30M from server.
Fetching https://www.freeview.co.uk/api/program?sid=35&nid=64403&pid=crid://csi.digitaluk.co.uk/32a4f87e-f574-4695-90d8-fece70bc023a&start=2026-09-23T20:00:00+0000&duration=PT30M from server.
Fetching https://www.freeview.co.uk/api/program?sid=35&nid=64403&pid=crid://csi.digitaluk.co.uk/b54c4127-4cbc-40ea-be3b-d0eb1c405b11&start=2026-09-23T20:30:00+0000&duration=PT30M from server.
Fetching https://www.freeview.co.uk/api/program?sid=35&nid=64403&pid=crid://csi.digitaluk.co.uk/a468122f-f492-4d24-8cfb-966cfd92b68b&start=2026-09-23T21:00:00+0000&duration=PT1H from server.
Fetching https://www.freeview.co.uk/api/program?sid=35&nid=64403&pid=crid://csi.digitaluk.co.uk/606665d9-a627-45f4-b40d-1198048b470d&start=2026-09-23T22:00:00+0000&duration=PT30M from server.
Fetching https://www.freeview.co.uk/api/program?sid=35&nid=64403&pid=crid://csi.digitaluk.co.uk/6a910409-224d-47c9-b210-ba14e161f11d&start=2026-09-23T22:30:00+0000&duration=PT10M from server.
Fetching https://www.freeview.co.uk/api/program?sid=35&nid=64403&pid=crid://csi.digitaluk.co.uk/b6019d65-49c7-480f-b25d-e6bc0f899d12&start=2026-09-23T22:40:00+0000&duration=PT25M from server.
Fetching https://www.freeview.co.uk/api/program?sid=35&nid=64403&pid=crid://csi.digitaluk.co.uk/5f4909f1-dada-4e6b-ba03-2596a070562d&start=2026-09-23T23:05:00+0000&duration=PT45M from server.
Fetching https://www.freeview.co.uk/api/program?sid=35&nid=64403&pid=crid://csi.digitaluk.co.uk/b5cae163-403d-4cb3-812c-2e7a10ecf6b3&start=2026-09-23T23:50:00+0000&duration=PT30M from server.
## Wanted 27680 
Fetching https://www.freeview.co.uk/api/program?sid=39&nid=64403&pid=crid://csi.digitaluk.co.uk/5d581ad3-14fd-4a15-a2c1-6ad1d1345658&start=2026-09-23T00:00:00+0000&duration=PT1H from server.
Fetching https://www.freeview.co.uk/api/program?sid=39&nid=64403&pid=crid://csi.digitaluk.co.uk/f30eebde-f36d-40d0-aecd-79e56d3a3ced&start=2026-09-23T01:00:00+0000&duration=PT30M from server.
Fetching https://www.freeview.co.uk/api/program?sid=39&nid=64403&pid=crid://csi.digitaluk.co.uk/e444dcf1-7fca-4911-a66d-4ea24bd21456&start=2026-09-23T01:30:00+0000&duration=PT30M from server.
Fetching https://www.freeview.co.uk/api/program?sid=39&nid=64403&pid=crid://csi.digitaluk.co.uk/514705e2-68da-496c-9172-d3caf218a838&start=2026-09-23T02:00:00+0000&duration=PT30M from server.
Fetching https://www.freeview.co.uk/api/program?sid=39&nid=64403&pid=crid://csi.digitaluk.co.uk/cbf509a3-173d-430e-a0f2-31c2c73d3b21&start=2026-09-23T02:30:00+0000&duration=PT30M from server.
Fetching https://www.freeview.co.uk/api/program?sid=39&nid=64403&pid=crid://csi.digitaluk.co.uk/fe0f38b9-25bc-4549-932b-d1ba5873daec&start=2026-09-23T03:00:00+0000&duration=PT30M from server.
Fetching https://www.freeview.co.uk/api/program?sid=39&nid=64403&pid=crid://csi.digitaluk.co.uk/2446ba19-8c36-47cc-b95a-321a556baef2&start=2026-09-23T03:30:00+0000&duration=PT30M from server.
Fetching https://www.freeview.co.uk/api/program?sid=39&nid=64403&pid=crid://csi.digitaluk.co.uk/ec3a89fd-5f60-47e6-b98d-d48ccc459009&start=2026-09-23T04:00:00+0000&duration=PT30M from server.
Fetching https://www.freeview.co.uk/api/program?sid=39&nid=64403&pid=crid://csi.digitaluk.co.uk/0304a0fd-3ec4-490d-9217-c58f766d129e&start=2026-09-23T04:30:00+0000&duration=PT30M from server.
Fetching https://www.freeview.co.uk/api/program?sid=39&nid=64403&pid=crid://csi.digitaluk.co.uk/b4538e7e-efc1-46d7-af1c-fca3f3fafa23&start=2026-09-23T05:00:00+0000&duration=PT1H from server.
Fetching https://www.freeview.co.uk/api/program?sid=39&nid=64403&pid=crid://csi.digitaluk.co.uk/28600d01-b242-4cb5-8edd-92b4c87cc5b9&start=2026-09-23T06:00:00+0000&duration=PT1H from server.
Fetching https://www.freeview.co.uk/api/program?sid=39&nid=64403&pid=crid://csi.digitaluk.co.uk/24fb2b5a-55c2-450e-9d41-1e69c203d1f9&start=2026-09-23T07:00:00+0000&duration=PT1H from server.
Fetching https://www.freeview.co.uk/api/program?sid=39&nid=64403&pid=crid://csi.digitaluk.co.uk/a99acaa2-60ca-49f9-8e0c-9282a8616a78&start=2026-09-23T08:00:00+0000&duration=PT1H from server.
Fetching https://www.freeview.co.uk/api/program?sid=39&nid=64403&pid=crid://csi.digitaluk.co.uk/13d5156e-74de-4ac2-a1ec-4b0bc1c5dc1d&start=2026-09-23T09:00:00+0000&duration=PT1H from server.
Fetching https://www.freeview.co.uk/api/program?sid=39&nid=64403&pid=crid://csi.digitaluk.co.uk/e19f53ee-6fee-441d-8ea5-c85c9c9391dd&start=2026-09-23T10:00:00+0000&duration=PT1H from server.
Fetching https://www.freeview.co.uk/api/program?sid=39&nid=64403&pid=crid://csi.digitaluk.co.uk/74b6eb80-2cb8-48ae-8844-a59399d05589&start=2026-09-23T11:00:00+0000&duration=PT1H from server.
Fetching https://www.freeview.co.uk/api/program?sid=39&nid=64403&pid=crid://csi.digitaluk.co.uk/1de23ecb-56c0-432f-bb47-6c6f18392d6c&start=2026-09-23T12:00:00+0000&duration=PT1H from server.
Fetching https://www.freeview.co.uk/api/program?sid=39&nid=64403&pid=crid://csi.digitaluk.co.uk/f6d71142-88cf-4c3e-85dd-4fb3509bd7ad&start=2026-09-23T13:00:00+0000&duration=PT1H from server.
Fetching https://www.freeview.co.uk/api/program?sid=39&nid=64403&pid=crid://csi.digitaluk.co.uk/56635885-f805-40d4-935a-9375ada97369&start=2026-09-23T14:00:00+0000&duration=PT2H from server.
Fetching https://www.freeview.co.uk/api/program?sid=39&nid=64403&pid=crid://csi.digitaluk.co.uk/2f625b71-47df-4ac3-851e-61242dff1589&start=2026-09-23T16:00:00+0000&duration=PT1H from server.
Fetching https://www.freeview.co.uk/api/program?sid=39&nid=64403&pid=crid://csi.digitaluk.co.uk/57a57d90-2b02-4f57-9ee7-340c2d562193&start=2026-09-23T17:00:00+0000&duration=PT1H from server.
Fetching https://www.freeview.co.uk/api/program?sid=39&nid=64403&pid=crid://csi.digitaluk.co.uk/a97758a5-b178-4f95-9481-7470b32ae568&start=2026-09-23T18:00:00+0000&duration=PT1H from server.
Fetching https://www.freeview.co.uk/api/program?sid=39&nid=64403&pid=crid://csi.digitaluk.co.uk/04299507-a4e7-4803-b1aa-0e53b8192459&start=2026-09-23T19:00:00+0000&duration=PT1H from server.
Fetching https://www.freeview.co.uk/api/program?sid=39&nid=64403&pid=crid://csi.digitaluk.co.uk/36633698-97b8-4b54-bc3e-12d2423811e9&start=2026-09-23T20:00:00+0000&duration=PT1H from server.
Fetching https://www.freeview.co.uk/api/program?sid=39&nid=64403&pid=crid://csi.digitaluk.co.uk/f0d36474-03af-498f-a8eb-2407613eb25f&start=2026-09-23T21:00:00+0000&duration=PT1H from server.
Fetching https://www.freeview.co.uk/api/program?sid=39&nid=64403&pid=crid://csi.digitaluk.co.uk/0abc3aa4-e79f-4e41-823f-a33435684c01&start=2026-09-23T22:00:00+0000&duration=PT1H from server.
Fetching https://www.freeview.co.uk/api/program?sid=39&nid=64403&pid=crid://csi.digitaluk.co.uk/a25fff79-baaf-49ab-9c57-3171204effa0&start=2026-09-23T23:00:00+0000&duration=PT1H from server.
### Wanted 23744 
Fetching https://www.freeview.co.uk/api/program?sid=40&nid=64403&pid=crid://csi.digitaluk.co.uk/ff0130c7-b700-417d-860f-07cae0d3e555&start=2026-09-23T00:00:00+0000&duration=PT1H from server.
Fetching https://www.freeview.co.uk/api/program?sid=40&nid=64403&pid=crid://csi.digitaluk.co.uk/05829cb3-426d-4d34-a28f-e5722e14b665&start=2026-09-23T01:00:00+0000&duration=PT1H from server.
Fetching https://www.freeview.co.uk/api/program?sid=40&nid=64403&pid=crid://csi.digitaluk.co.uk/36e65851-a184-46e2-86f9-8a3032d03e98&start=2026-09-23T02:00:00+0000&duration=PT1H from server.
Fetching https://www.freeview.co.uk/api/program?sid=40&nid=64403&pid=crid://csi.digitaluk.co.uk/2482a567-fd50-4ac3-b4e1-b3add533d286&start=2026-09-23T03:00:00+0000&duration=PT30M from server.
Fetching https://www.freeview.co.uk/api/program?sid=40&nid=64403&pid=crid://csi.digitaluk.co.uk/5fa38fd3-656e-4162-ad2a-8506326520f5&start=2026-09-23T03:30:00+0000&duration=PT30M from server.
Fetching https://www.freeview.co.uk/api/program?sid=40&nid=64403&pid=crid://csi.digitaluk.co.uk/f373530a-7b6a-47c9-8595-a660b10f09d1&start=2026-09-23T04:00:00+0000&duration=PT30M from server.
Fetching https://www.freeview.co.uk/api/program?sid=40&nid=64403&pid=crid://csi.digitaluk.co.uk/30898b4e-34c4-4b7a-9264-2f6fe1e91b27&start=2026-09-23T04:30:00+0000&duration=PT30M from server.
Fetching https://www.freeview.co.uk/api/program?sid=40&nid=64403&pid=crid://csi.digitaluk.co.uk/b075c6b4-c0d7-422b-8cdd-c2683874ffb5&start=2026-09-23T05:00:00+0000&duration=PT30M from server.
Fetching https://www.freeview.co.uk/api/program?sid=40&nid=64403&pid=crid://csi.digitaluk.co.uk/4b52fdd3-cdda-485a-92ea-58401e8e8798&start=2026-09-23T05:30:00+0000&duration=PT30M from server.
Fetching https://www.freeview.co.uk/api/program?sid=40&nid=64403&pid=crid://csi.digitaluk.co.uk/cb475c09-7c49-4c30-9e2d-acace5833bd4&start=2026-09-23T06:00:00+0000&duration=PT30M from server.
Fetching https://www.freeview.co.uk/api/program?sid=40&nid=64403&pid=crid://csi.digitaluk.co.uk/702daade-2b8c-46ab-82b6-eb3fbbcb66f4&start=2026-09-23T06:30:00+0000&duration=PT30M from server.
Fetching https://www.freeview.co.uk/api/program?sid=40&nid=64403&pid=crid://csi.digitaluk.co.uk/f30e2f48-9103-43b8-8c2a-01a7dba15b3e&start=2026-09-23T07:00:00+0000&duration=PT30M from server.
Fetching https://www.freeview.co.uk/api/program?sid=40&nid=64403&pid=crid://csi.digitaluk.co.uk/5fd3689d-7a2c-4f3e-b4f9-8a3ff0bbe756&start=2026-09-23T07:30:00+0000&duration=PT30M from server.
Fetching https://www.freeview.co.uk/api/program?sid=40&nid=64403&pid=crid://csi.digitaluk.co.uk/ae3b01ec-e871-4a49-bd7e-d5b0e1769c31&start=2026-09-23T08:00:00+0000&duration=PT30M from server.
Fetching https://www.freeview.co.uk/api/program?sid=40&nid=64403&pid=crid://csi.digitaluk.co.uk/16f69868-9d55-4a6c-8aa3-74b49d38fad8&start=2026-09-23T08:30:00+0000&duration=PT30M from server.
Fetching https://www.freeview.co.uk/api/program?sid=40&nid=64403&pid=crid://csi.digitaluk.co.uk/578d1c7a-6af8-4d80-8680-4c5baa4c06dd&start=2026-09-23T09:00:00+0000&duration=PT1H from server.
Fetching https://www.freeview.co.uk/api/program?sid=40&nid=64403&pid=crid://csi.digitaluk.co.uk/fcec8889-be03-4d42-8fb1-20a39faaa5ae&start=2026-09-23T10:00:00+0000&duration=PT1H from server.
Fetching https://www.freeview.co.uk/api/program?sid=40&nid=64403&pid=crid://csi.digitaluk.co.uk/2eb0fab5-1a49-40ca-be97-3067d022e67c&start=2026-09-23T11:00:00+0000&duration=PT1H from server.
Fetching https://www.freeview.co.uk/api/program?sid=40&nid=64403&pid=crid://csi.digitaluk.co.uk/0e4dafc3-1251-4c96-817d-3a240d2ebc43&start=2026-09-23T12:00:00+0000&duration=PT1H from server.
Fetching https://www.freeview.co.uk/api/program?sid=40&nid=64403&pid=crid://csi.digitaluk.co.uk/07a9e370-42f7-4011-9d1a-178347b25c35&start=2026-09-23T13:00:00+0000&duration=PT1H from server.
Fetching https://www.freeview.co.uk/api/program?sid=40&nid=64403&pid=crid://csi.digitaluk.co.uk/d735ee34-8722-4827-a0a1-c7d960e6e847&start=2026-09-23T14:00:00+0000&duration=PT1H from server.
Fetching https://www.freeview.co.uk/api/program?sid=40&nid=64403&pid=crid://csi.digitaluk.co.uk/213497e5-0b32-4dfb-97f3-570943a6333e&start=2026-09-23T15:00:00+0000&duration=PT1H from server.
Fetching https://www.freeview.co.uk/api/program?sid=40&nid=64403&pid=crid://csi.digitaluk.co.uk/e6031702-5af7-4d4c-b241-bc153355185f&start=2026-09-23T16:00:00+0000&duration=PT1H from server.
Fetching https://www.freeview.co.uk/api/program?sid=40&nid=64403&pid=crid://csi.digitaluk.co.uk/b04abd49-fa79-445d-888e-000abb18a789&start=2026-09-23T17:00:00+0000&duration=PT1H from server.
Fetching https://www.freeview.co.uk/api/program?sid=40&nid=64403&pid=crid://csi.digitaluk.co.uk/134ff71d-f213-4466-b63a-6e10276c6b94&start=2026-09-23T18:00:00+0000&duration=PT1H from server.
Fetching https://www.freeview.co.uk/api/program?sid=40&nid=64403&pid=crid://csi.digitaluk.co.uk/aa53ffe8-f3a6-44d9-956d-fd8d93f486f9&start=2026-09-23T19:00:00+0000&duration=PT1H from server.
Fetching https://www.freeview.co.uk/api/program?sid=40&nid=64403&pid=crid://csi.digitaluk.co.uk/419a3b88-b09c-449a-9bc0-cc18844bbaff&start=2026-09-23T20:00:00+0000&duration=PT1H from server.
Fetching https://www.freeview.co.uk/api/program?sid=40&nid=64403&pid=crid://csi.digitaluk.co.uk/61ceca2f-9c81-4e4b-bb5d-3fc47cc3979f&start=2026-09-23T21:00:00+0000&duration=PT1H from server.
Fetching https://www.freeview.co.uk/api/program?sid=40&nid=64403&pid=crid://csi.digitaluk.co.uk/1875ad97-58c2-43f8-81a8-3f7f08dddb52&start=2026-09-23T22:00:00+0000&duration=PT1H from server.
Fetching https://www.freeview.co.uk/api/program?sid=40&nid=64403&pid=crid://csi.digitaluk.co.uk/26bf4b72-9efb-4c37-b1f4-5941c2f64b3e&start=2026-09-23T23:00:00+0000&duration=PT1H from server.
## Wanted 23040 
Fetching https://www.freeview.co.uk/api/program?sid=43&nid=64403&pid=crid://csi.digitaluk.co.uk/16424529-2730-41d3-a425-44ba37f136aa&start=2026-09-23T00:00:00+0000&duration=PT30M from server.
Fetching https://www.freeview.co.uk/api/program?sid=43&nid=64403&pid=crid://csi.digitaluk.co.uk/56a9cf5f-b44f-4423-bcb0-a2954b1f3640&start=2026-09-23T00:30:00+0000&duration=PT30M from server.
Fetching https://www.freeview.co.uk/api/program?sid=43&nid=64403&pid=crid://csi.digitaluk.co.uk/9bd17a96-1265-4e4e-92b2-dab3258a4372&start=2026-09-23T01:00:00+0000&duration=PT30M from server.
Fetching https://www.freeview.co.uk/api/program?sid=43&nid=64403&pid=crid://csi.digitaluk.co.uk/2263080d-e986-48e5-b051-5d2c3e281e40&start=2026-09-23T01:30:00+0000&duration=PT30M from server.
Fetching https://www.freeview.co.uk/api/program?sid=43&nid=64403&pid=crid://csi.digitaluk.co.uk/2826a17d-b5a9-47cb-a2ef-d9db70dda897&start=2026-09-23T02:00:00+0000&duration=PT30M from server.
Fetching https://www.freeview.co.uk/api/program?sid=43&nid=64403&pid=crid://csi.digitaluk.co.uk/a982d59f-9ecd-4458-8139-20ff592b9480&start=2026-09-23T02:30:00+0000&duration=PT30M from server.
Fetching https://www.freeview.co.uk/api/program?sid=43&nid=64403&pid=crid://csi.digitaluk.co.uk/64796440-d215-4fc1-884b-7b24ef3947da&start=2026-09-23T03:00:00+0000&duration=PT30M from server.
Fetching https://www.freeview.co.uk/api/program?sid=43&nid=64403&pid=crid://csi.digitaluk.co.uk/1aa08046-da25-4436-960d-5b9aa6567463&start=2026-09-23T03:30:00+0000&duration=PT30M from server.
Fetching https://www.freeview.co.uk/api/program?sid=43&nid=64403&pid=crid://csi.digitaluk.co.uk/6c22114e-8181-43c8-ba0b-6ecf30fab9b0&start=2026-09-23T04:00:00+0000&duration=PT30M from server.
Fetching https://www.freeview.co.uk/api/program?sid=43&nid=64403&pid=crid://csi.digitaluk.co.uk/529d7d58-4c9f-4c72-9809-76a59390465d&start=2026-09-23T04:30:00+0000&duration=PT30M from server.
Fetching https://www.freeview.co.uk/api/program?sid=43&nid=64403&pid=crid://csi.digitaluk.co.uk/47c84a88-38f9-4e62-aa64-91bd4e779628&start=2026-09-23T05:00:00+0000&duration=PT1H from server.
Fetching https://www.freeview.co.uk/api/program?sid=43&nid=64403&pid=crid://csi.digitaluk.co.uk/0580f6a1-3855-42c9-8842-fd6fa345f584&start=2026-09-23T06:00:00+0000&duration=PT1H from server.
Fetching https://www.freeview.co.uk/api/program?sid=43&nid=64403&pid=crid://csi.digitaluk.co.uk/684f9d61-8e7a-450c-9f6e-e0d9657fd480&start=2026-09-23T07:00:00+0000&duration=PT30M from server.
Fetching https://www.freeview.co.uk/api/program?sid=43&nid=64403&pid=crid://csi.digitaluk.co.uk/f495a1ca-f05f-4179-80d6-fec00f5d2c8c&start=2026-09-23T07:30:00+0000&duration=PT30M from server.
Fetching https://www.freeview.co.uk/api/program?sid=43&nid=64403&pid=crid://csi.digitaluk.co.uk/10ebfc67-4970-4574-88b9-ec5b74ad056e&start=2026-09-23T08:00:00+0000&duration=PT30M from server.
Fetching https://www.freeview.co.uk/api/program?sid=43&nid=64403&pid=crid://csi.digitaluk.co.uk/de93bf79-447f-42eb-a050-6de824fd9f84&start=2026-09-23T08:30:00+0000&duration=PT30M from server.
Fetching https://www.freeview.co.uk/api/program?sid=43&nid=64403&pid=crid://csi.digitaluk.co.uk/3dc33713-1da4-42fd-918f-23a7e91cb2ee&start=2026-09-23T09:00:00+0000&duration=PT30M from server.
Fetching https://www.freeview.co.uk/api/program?sid=43&nid=64403&pid=crid://csi.digitaluk.co.uk/21410f71-df71-49fd-977d-109ded4804b1&start=2026-09-23T09:30:00+0000&duration=PT30M from server.
Fetching https://www.freeview.co.uk/api/program?sid=43&nid=64403&pid=crid://csi.digitaluk.co.uk/5e0e40ed-74ed-4947-b67d-5f83bac98618&start=2026-09-23T10:00:00+0000&duration=PT1H30M from server.
Fetching https://www.freeview.co.uk/api/program?sid=43&nid=64403&pid=crid://csi.digitaluk.co.uk/df091ac5-c4dc-45a8-bb64-e1906e4ca843&start=2026-09-23T11:30:00+0000&duration=PT30M from server.
Fetching https://www.freeview.co.uk/api/program?sid=43&nid=64403&pid=crid://csi.digitaluk.co.uk/0288c1c5-a2be-41eb-9a45-e57ab17bc187&start=2026-09-23T12:00:00+0000&duration=PT30M from server.
Fetching https://www.freeview.co.uk/api/program?sid=43&nid=64403&pid=crid://csi.digitaluk.co.uk/a16fa455-f2f2-4c2a-87a6-91ab190870f8&start=2026-09-23T12:30:00+0000&duration=PT30M from server.
Fetching https://www.freeview.co.uk/api/program?sid=43&nid=64403&pid=crid://csi.digitaluk.co.uk/ec5fd3a6-517a-4db6-b73d-b628cf343982&start=2026-09-23T13:00:00+0000&duration=PT30M from server.
Fetching https://www.freeview.co.uk/api/program?sid=43&nid=64403&pid=crid://csi.digitaluk.co.uk/30d59e57-8919-4291-8264-779c377df05c&start=2026-09-23T13:30:00+0000&duration=PT30M from server.
Fetching https://www.freeview.co.uk/api/program?sid=43&nid=64403&pid=crid://csi.digitaluk.co.uk/7f6fc05d-b7d8-4761-8550-4a4cd8f2aea4&start=2026-09-23T14:00:00+0000&duration=PT1H from server.
Fetching https://www.freeview.co.uk/api/program?sid=43&nid=64403&pid=crid://csi.digitaluk.co.uk/d019647f-aa86-40d7-b75e-16ead54794dc&start=2026-09-23T15:00:00+0000&duration=PT30M from server.
Fetching https://www.freeview.co.uk/api/program?sid=43&nid=64403&pid=crid://csi.digitaluk.co.uk/3cdfd053-3abd-46f7-a88e-8f38ea78cf4e&start=2026-09-23T15:30:00+0000&duration=PT30M from server.
Fetching https://www.freeview.co.uk/api/program?sid=43&nid=64403&pid=crid://csi.digitaluk.co.uk/b49d9bc9-fa39-46cc-9612-d660be09fbb5&start=2026-09-23T16:00:00+0000&duration=PT30M from server.
Fetching https://www.freeview.co.uk/api/program?sid=43&nid=64403&pid=crid://csi.digitaluk.co.uk/95b1ff08-e6b6-451b-a57b-3dc794780d1b&start=2026-09-23T16:30:00+0000&duration=PT30M from server.
Fetching https://www.freeview.co.uk/api/program?sid=43&nid=64403&pid=crid://csi.digitaluk.co.uk/72f14f66-9a85-4b9b-995e-70adc9a149e9&start=2026-09-23T17:00:00+0000&duration=PT30M from server.
Fetching https://www.freeview.co.uk/api/program?sid=43&nid=64403&pid=crid://csi.digitaluk.co.uk/b61ed187-16d1-474a-a306-cdb2b22de20a&start=2026-09-23T17:30:00+0000&duration=PT30M from server.
Fetching https://www.freeview.co.uk/api/program?sid=43&nid=64403&pid=crid://csi.digitaluk.co.uk/451cea96-b91a-4bf5-99e1-01106cb32b59&start=2026-09-23T18:00:00+0000&duration=PT1H30M from server.
Fetching https://www.freeview.co.uk/api/program?sid=43&nid=64403&pid=crid://csi.digitaluk.co.uk/55015043-0725-45d4-95b6-5e7994aadab9&start=2026-09-23T19:30:00+0000&duration=PT30M from server.
Fetching https://www.freeview.co.uk/api/program?sid=43&nid=64403&pid=crid://csi.digitaluk.co.uk/a79b2589-f564-44ff-9d74-869bce9876f1&start=2026-09-23T20:00:00+0000&duration=PT1H from server.
Fetching https://www.freeview.co.uk/api/program?sid=43&nid=64403&pid=crid://csi.digitaluk.co.uk/af3503ba-110f-4065-8b80-f46bac2898a8&start=2026-09-23T21:00:00+0000&duration=PT1H from server.
Fetching https://www.freeview.co.uk/api/program?sid=43&nid=64403&pid=crid://csi.digitaluk.co.uk/e87904aa-c2d9-4977-b8ed-d7f50e050575&start=2026-09-23T22:00:00+0000&duration=PT30M from server.
Fetching https://www.freeview.co.uk/api/program?sid=43&nid=64403&pid=crid://csi.digitaluk.co.uk/dd559885-7a0e-452a-a291-a5efb95f9cae&start=2026-09-23T22:30:00+0000&duration=PT30M from server.
Fetching https://www.freeview.co.uk/api/program?sid=43&nid=64403&pid=crid://csi.digitaluk.co.uk/b21a8a45-5daa-42ad-8077-f15d069e1f58&start=2026-09-23T23:00:00+0000&duration=PT30M from server.
Fetching https://www.freeview.co.uk/api/program?sid=43&nid=64403&pid=crid://csi.digitaluk.co.uk/12b46bca-16a6-4375-9eb3-be82d0153beb&start=2026-09-23T23:30:00+0000&duration=PT30M from server.
### Wanted 23712 
Fetching https://www.freeview.co.uk/api/program?sid=44&nid=64403&pid=crid://csi.digitaluk.co.uk/b5701587-57ae-4355-889a-9fcc38bd6074&start=2026-09-23T00:00:00+0000&duration=PT1H from server.
Fetching https://www.freeview.co.uk/api/program?sid=44&nid=64403&pid=crid://csi.digitaluk.co.uk/43522ecf-f221-4435-a2b3-7f17bf813317&start=2026-09-23T01:00:00+0000&duration=PT2H from server.
Fetching https://www.freeview.co.uk/api/program?sid=44&nid=64403&pid=crid://csi.digitaluk.co.uk/90ea37ba-b97b-49fd-b1bf-efd4462ab887&start=2026-09-23T03:00:00+0000&duration=PT1H from server.
Fetching https://www.freeview.co.uk/api/program?sid=44&nid=64403&pid=crid://csi.digitaluk.co.uk/da3578bd-4f46-4fb0-9715-7544665a191f&start=2026-09-23T04:00:00+0000&duration=PT1H from server.
Fetching https://www.freeview.co.uk/api/program?sid=44&nid=64403&pid=crid://csi.digitaluk.co.uk/f2e06fce-c2c4-483e-beb0-983d8f22ba28&start=2026-09-23T05:00:00+0000&duration=PT1H from server.
Fetching https://www.freeview.co.uk/api/program?sid=44&nid=64403&pid=crid://csi.digitaluk.co.uk/5533e4d1-1aa3-4567-bbf9-4ab32f438b5c&start=2026-09-23T06:00:00+0000&duration=PT1H from server.
Fetching https://www.freeview.co.uk/api/program?sid=44&nid=64403&pid=crid://csi.digitaluk.co.uk/d6b00acf-c17e-4512-b65c-4710896f1182&start=2026-09-23T07:00:00+0000&duration=PT1H from server.
Fetching https://www.freeview.co.uk/api/program?sid=44&nid=64403&pid=crid://csi.digitaluk.co.uk/6631bf23-36e6-467d-bf88-334af5cb571d&start=2026-09-23T08:00:00+0000&duration=PT1H from server.
Fetching https://www.freeview.co.uk/api/program?sid=44&nid=64403&pid=crid://csi.digitaluk.co.uk/f91b3f27-39d0-4917-a352-3c23300fe7e8&start=2026-09-23T09:00:00+0000&duration=PT1H from server.
Fetching https://www.freeview.co.uk/api/program?sid=44&nid=64403&pid=crid://csi.digitaluk.co.uk/f3558875-1031-454c-8697-6b5598038b41&start=2026-09-23T10:00:00+0000&duration=PT1H from server.
Fetching https://www.freeview.co.uk/api/program?sid=44&nid=64403&pid=crid://csi.digitaluk.co.uk/00e63510-4790-4acf-8532-212c08b3790c&start=2026-09-23T11:00:00+0000&duration=PT1H from server.
Fetching https://www.freeview.co.uk/api/program?sid=44&nid=64403&pid=crid://csi.digitaluk.co.uk/530bdb86-8425-412a-a32a-45b4cb6fc755&start=2026-09-23T12:00:00+0000&duration=PT1H from server.
Fetching https://www.freeview.co.uk/api/program?sid=44&nid=64403&pid=crid://csi.digitaluk.co.uk/a1da3dad-d80d-49a8-a8e4-83bbaa3cc6cb&start=2026-09-23T13:00:00+0000&duration=PT1H from server.
Fetching https://www.freeview.co.uk/api/program?sid=44&nid=64403&pid=crid://csi.digitaluk.co.uk/991af746-d35d-45e2-8e50-2628fddeeb0c&start=2026-09-23T14:00:00+0000&duration=PT1H from server.
Fetching https://www.freeview.co.uk/api/program?sid=44&nid=64403&pid=crid://csi.digitaluk.co.uk/5318840a-5ad5-4ea7-9fd6-86459fba7ac9&start=2026-09-23T15:00:00+0000&duration=PT1H from server.
Fetching https://www.freeview.co.uk/api/program?sid=44&nid=64403&pid=crid://csi.digitaluk.co.uk/432534fc-041a-4d66-a0cc-a8ad84779cbf&start=2026-09-23T16:00:00+0000&duration=PT1H from server.
Fetching https://www.freeview.co.uk/api/program?sid=44&nid=64403&pid=crid://csi.digitaluk.co.uk/f45cdd91-cbb1-4723-aecb-33fd4088b05c&start=2026-09-23T17:00:00+0000&duration=PT1H from server.
Fetching https://www.freeview.co.uk/api/program?sid=44&nid=64403&pid=crid://csi.digitaluk.co.uk/5d3a65d2-6e0c-442b-b03e-bc581f494385&start=2026-09-23T18:00:00+0000&duration=PT1H from server.
Fetching https://www.freeview.co.uk/api/program?sid=44&nid=64403&pid=crid://csi.digitaluk.co.uk/16b87c9c-ac89-4711-b23f-84ae14d30a0b&start=2026-09-23T19:00:00+0000&duration=PT1H from server.
Fetching https://www.freeview.co.uk/api/program?sid=44&nid=64403&pid=crid://csi.digitaluk.co.uk/64df3010-2fcd-4600-8fee-412dcd7a1a41&start=2026-09-23T20:00:00+0000&duration=PT1H from server.
Fetching https://www.freeview.co.uk/api/program?sid=44&nid=64403&pid=crid://csi.digitaluk.co.uk/be450723-393a-40ff-a672-9446d62c8b43&start=2026-09-23T21:00:00+0000&duration=PT1H from server.
Fetching https://www.freeview.co.uk/api/program?sid=44&nid=64403&pid=crid://csi.digitaluk.co.uk/64ea81b9-fee2-4f0c-8e59-cbc4f4d214bd&start=2026-09-23T22:00:00+0000&duration=PT1H from server.
Fetching https://www.freeview.co.uk/api/program?sid=44&nid=64403&pid=crid://csi.digitaluk.co.uk/429b23e0-ca3f-458a-aff1-1c9bcc830c33&start=2026-09-23T23:00:00+0000&duration=PT1H from server.
## Wanted 20256 
Fetching https://www.freeview.co.uk/api/program?sid=46&nid=64403&pid=crid://panorama.five.tv/versions/C5488960013A&start=2026-09-23T00:05:00+0000&duration=PT1H from server.
Fetching https://www.freeview.co.uk/api/program?sid=46&nid=64403&pid=crid://panorama.five.tv/versions/C5488960014A&start=2026-09-23T01:05:00+0000&duration=PT1H5M from server.
Fetching https://www.freeview.co.uk/api/program?sid=46&nid=64403&pid=crid://panorama.five.tv/versions/C5364400004A&start=2026-09-23T02:10:00+0000&duration=PT50M from server.
Fetching https://www.freeview.co.uk/api/program?sid=46&nid=64403&pid=crid://panorama.five.tv/versions/C5266540001A&start=2026-09-23T03:00:00+0000&duration=PT2H from server.
Fetching https://www.freeview.co.uk/api/program?sid=46&nid=64403&pid=crid://panorama.five.tv/versions/C5480340001A&start=2026-09-23T05:00:00+0000&duration=PT30M from server.
Fetching https://www.freeview.co.uk/api/program?sid=46&nid=64403&pid=crid://panorama.five.tv/versions/C5326820001A&start=2026-09-23T05:30:00+0000&duration=PT30M from server.
Fetching https://www.freeview.co.uk/api/program?sid=46&nid=64403&pid=crid://panorama.five.tv/versions/C5349600001A&start=2026-09-23T06:00:00+0000&duration=PT1H from server.
Fetching https://www.freeview.co.uk/api/program?sid=46&nid=64403&pid=crid://panorama.five.tv/versions/C5349600001A&start=2026-09-23T07:00:00+0000&duration=PT1H from server.
Fetching https://www.freeview.co.uk/api/program?sid=46&nid=64403&pid=crid://csi.digitaluk.co.uk/cd33cfc3-ee66-40d2-915c-094920159476&start=2026-09-23T08:00:00+0000&duration=PT1H from server.
Fetching https://www.freeview.co.uk/api/program?sid=46&nid=64403&pid=crid://csi.digitaluk.co.uk/5accd708-57f8-4739-b684-6b1dc0f4bbf1&start=2026-09-23T09:00:00+0000&duration=PT1H from server.
Fetching https://www.freeview.co.uk/api/program?sid=46&nid=64403&pid=crid://panorama.five.tv/versions/C5519780006A&start=2026-09-23T10:00:00+0000&duration=PT1H from server.
Fetching https://www.freeview.co.uk/api/program?sid=46&nid=64403&pid=crid://panorama.five.tv/versions/C5306400001B&start=2026-09-23T11:00:00+0000&duration=PT1H from server.
Fetching https://www.freeview.co.uk/api/program?sid=46&nid=64403&pid=crid://csi.digitaluk.co.uk/031bb94c-57fb-4392-91de-893c150d1176&start=2026-09-23T12:00:00+0000&duration=PT1H from server.
Fetching https://www.freeview.co.uk/api/program?sid=46&nid=64403&pid=crid://csi.digitaluk.co.uk/eca8bfd3-e579-4e82-a438-1bc48c616480&start=2026-09-23T13:00:00+0000&duration=PT1H from server.
Fetching https://www.freeview.co.uk/api/program?sid=46&nid=64403&pid=crid://csi.digitaluk.co.uk/43d0f89c-e75a-4d82-acaf-408832634fd7&start=2026-09-23T14:00:00+0000&duration=PT1H35M from server.
Fetching https://www.freeview.co.uk/api/program?sid=46&nid=64403&pid=crid://csi.digitaluk.co.uk/706c3fde-fb4c-420a-a2cf-9eb1d5ab7e6e&start=2026-09-23T15:35:00+0000&duration=PT25M from server.
Fetching https://www.freeview.co.uk/api/program?sid=46&nid=64403&pid=crid://csi.digitaluk.co.uk/e1418033-39ec-47f7-a6e7-9bc8153774ff&start=2026-09-23T16:00:00+0000&duration=PT1H from server.
Fetching https://www.freeview.co.uk/api/program?sid=46&nid=64403&pid=crid://csi.digitaluk.co.uk/912bc94a-e329-4be2-9f0f-e42fe4c9d6c4&start=2026-09-23T17:00:00+0000&duration=PT1H from server.
Fetching https://www.freeview.co.uk/api/program?sid=46&nid=64403&pid=crid://csi.digitaluk.co.uk/7e1aa541-9f08-4580-9ac1-1a771ca50682&start=2026-09-23T18:00:00+0000&duration=PT1H from server.
Fetching https://www.freeview.co.uk/api/program?sid=46&nid=64403&pid=crid://csi.digitaluk.co.uk/9a51279e-37f0-4275-b5de-37630f0f98ee&start=2026-09-23T19:00:00+0000&duration=PT1H from server.
Fetching https://www.freeview.co.uk/api/program?sid=46&nid=64403&pid=crid://csi.digitaluk.co.uk/070e30fa-971c-4391-82d7-5600d7f6944f&start=2026-09-23T20:00:00+0000&duration=PT1H from server.
Fetching https://www.freeview.co.uk/api/program?sid=46&nid=64403&pid=crid://csi.digitaluk.co.uk/ea968a99-fe80-49fc-a493-e07bcb9241e8&start=2026-09-23T21:00:00+0000&duration=PT1H5M from server.
Fetching https://www.freeview.co.uk/api/program?sid=46&nid=64403&pid=crid://csi.digitaluk.co.uk/d589a10d-d615-4a3e-bbe6-436229393f5a&start=2026-09-23T22:05:00+0000&duration=PT1H from server.
Fetching https://www.freeview.co.uk/api/program?sid=46&nid=64403&pid=crid://csi.digitaluk.co.uk/fe94c200-aa30-4916-b36a-8fadc9d664e7&start=2026-09-23T23:05:00+0000&duration=PT1H from server.
### Wanted 8460 
Fetching https://www.freeview.co.uk/api/program?sid=49&nid=64403&pid=crid://csi.digitaluk.co.uk/f7ce8d6c-4a59-4109-b787-d457e5f9291b&start=2026-09-23T00:00:00+0000&duration=PT1H5M from server.
Fetching https://www.freeview.co.uk/api/program?sid=49&nid=64403&pid=crid://csi.digitaluk.co.uk/53997e60-816e-4244-b32e-0afa8a2bafcf&start=2026-09-23T01:05:00+0000&duration=PT1H from server.
Fetching https://www.freeview.co.uk/api/program?sid=49&nid=64403&pid=crid://movida.bebanjo.net/mas/version/78331/002/ASDELIVERED/C&start=2026-09-23T02:05:00+0000&duration=PT1H from server.
Fetching https://www.freeview.co.uk/api/program?sid=49&nid=64403&pid=crid://movida.bebanjo.net/mas/version/76838/005/POST2000/C&start=2026-09-23T03:05:00+0000&duration=PT55M from server.
Fetching https://www.freeview.co.uk/api/program?sid=49&nid=64403&pid=crid://csi.digitaluk.co.uk/de11b333-2642-4326-a7fb-5407eb776d86&start=2026-09-23T04:00:00+0000&duration=PT2H from server.
Fetching https://www.freeview.co.uk/api/program?sid=49&nid=64403&pid=crid://csi.digitaluk.co.uk/52f88ddd-c7af-4b6b-8eb4-d286cdff0aca&start=2026-09-23T06:00:00+0000&duration=PT2H from server.
Fetching https://www.freeview.co.uk/api/program?sid=49&nid=64403&pid=crid://csi.digitaluk.co.uk/ba75d7ca-bfb0-4cd0-8000-66b4fbaa378c&start=2026-09-23T08:00:00+0000&duration=PT1H from server.
Fetching https://www.freeview.co.uk/api/program?sid=49&nid=64403&pid=crid://csi.digitaluk.co.uk/5ea5e863-ddf7-48dd-9b38-774945aec10d&start=2026-09-23T09:00:00+0000&duration=PT1H from server.
Fetching https://www.freeview.co.uk/api/program?sid=49&nid=64403&pid=crid://csi.digitaluk.co.uk/2df40913-df17-41aa-b6c1-df36897b73a2&start=2026-09-23T10:00:00+0000&duration=PT1H from server.
Fetching https://www.freeview.co.uk/api/program?sid=49&nid=64403&pid=crid://csi.digitaluk.co.uk/6dc68bce-7eb9-4d91-acf2-f26a9ed65643&start=2026-09-23T11:00:00+0000&duration=PT1H from server.
Fetching https://www.freeview.co.uk/api/program?sid=49&nid=64403&pid=crid://csi.digitaluk.co.uk/4350c2fd-23c7-4157-b320-d38607537c14&start=2026-09-23T12:00:00+0000&duration=PT1H from server.
Fetching https://www.freeview.co.uk/api/program?sid=49&nid=64403&pid=crid://csi.digitaluk.co.uk/7717cfd8-070c-4b6a-9a9f-31cc71183109&start=2026-09-23T13:00:00+0000&duration=PT1H from server.
Fetching https://www.freeview.co.uk/api/program?sid=49&nid=64403&pid=crid://csi.digitaluk.co.uk/9db9b24d-3779-4811-a4cd-54c7a4c8a95a&start=2026-09-23T14:00:00+0000&duration=PT30M from server.
Fetching https://www.freeview.co.uk/api/program?sid=49&nid=64403&pid=crid://csi.digitaluk.co.uk/e11cd166-00d8-4231-91d1-7b19b6497560&start=2026-09-23T14:30:00+0000&duration=PT30M from server.
Fetching https://www.freeview.co.uk/api/program?sid=49&nid=64403&pid=crid://csi.digitaluk.co.uk/3c6a76e8-3519-4459-8092-6768cef80299&start=2026-09-23T15:00:00+0000&duration=PT30M from server.
Fetching https://www.freeview.co.uk/api/program?sid=49&nid=64403&pid=crid://csi.digitaluk.co.uk/453c0a92-9114-49db-ab78-f99285bf594c&start=2026-09-23T15:30:00+0000&duration=PT30M from server.
Fetching https://www.freeview.co.uk/api/program?sid=49&nid=64403&pid=crid://csi.digitaluk.co.uk/ba020fbf-8fe3-4126-9ee2-e9cbbd5036d3&start=2026-09-23T16:00:00+0000&duration=PT30M from server.
Fetching https://www.freeview.co.uk/api/program?sid=49&nid=64403&pid=crid://movida.bebanjo.net/mas/version/77206/033/ASDELIVERED/C&start=2026-09-23T16:30:00+0000&duration=PT30M from server.
Fetching https://www.freeview.co.uk/api/program?sid=49&nid=64403&pid=crid://csi.digitaluk.co.uk/3c900070-420e-4bc8-bb1a-b50817fea575&start=2026-09-23T17:00:00+0000&duration=PT1H from server.
Fetching https://www.freeview.co.uk/api/program?sid=49&nid=64403&pid=crid://movida.bebanjo.net/mas/version/78515/002/ASDELIVERED/C&start=2026-09-23T18:00:00+0000&duration=PT1H15M from server.
Fetching https://www.freeview.co.uk/api/program?sid=49&nid=64403&pid=crid://csi.digitaluk.co.uk/77d7f732-17ae-424f-b480-9eb8e7382d06&start=2026-09-23T19:15:00+0000&duration=PT45M from server.
Fetching https://www.freeview.co.uk/api/program?sid=49&nid=64403&pid=crid://csi.digitaluk.co.uk/9009787e-4a2b-4331-9ab0-90f3c07baacd&start=2026-09-23T20:00:00+0000&duration=PT1H from server.
Fetching https://www.freeview.co.uk/api/program?sid=49&nid=64403&pid=crid://movida.bebanjo.net/mas/version/77937/007/POSTWATERSHED2100/C&start=2026-09-23T21:00:00+0000&duration=PT1H5M from server.
Fetching https://www.freeview.co.uk/api/program?sid=49&nid=64403&pid=crid://csi.digitaluk.co.uk/3d6e24dc-821d-427a-b339-846fcbcc2811&start=2026-09-23T22:05:00+0000&duration=PT1H from server.
Fetching https://www.freeview.co.uk/api/program?sid=49&nid=64403&pid=crid://csi.digitaluk.co.uk/b301c9cd-c695-49af-9bef-5cdffdd7b1af&start=2026-09-23T23:05:00+0000&duration=PT1H5M from server.
## Wanted 14384 
Fetching https://www.freeview.co.uk/api/program?sid=64&nid=64403&pid=crid://csi.digitaluk.co.uk/f516a64f-e34c-4d46-a60e-68cdd9d3fecf&start=2026-09-23T00:00:00+0000&duration=PT1H from server.
Fetching https://www.freeview.co.uk/api/program?sid=64&nid=64403&pid=crid://csi.digitaluk.co.uk/209d869a-9723-43db-98a5-f1b52df09069&start=2026-09-23T01:00:00+0000&duration=PT1H from server.
Fetching https://www.freeview.co.uk/api/program?sid=64&nid=64403&pid=crid://csi.digitaluk.co.uk/8372f24e-dde4-4210-8ce4-f5bfccebeb67&start=2026-09-23T02:00:00+0000&duration=PT45M from server.
Fetching https://www.freeview.co.uk/api/program?sid=64&nid=64403&pid=crid://csi.digitaluk.co.uk/50bc85e3-25d4-48ab-be11-4316bb56fc64&start=2026-09-23T02:45:00+0000&duration=PT25M from server.
Fetching https://www.freeview.co.uk/api/program?sid=64&nid=64403&pid=crid://csi.digitaluk.co.uk/7c6789cb-1f7e-4327-800f-cc14964870de&start=2026-09-23T03:10:00+0000&duration=PT25M from server.
Fetching https://www.freeview.co.uk/api/program?sid=64&nid=64403&pid=crid://csi.digitaluk.co.uk/9f8f9ac1-f651-4f23-8a96-5175c601adb8&start=2026-09-23T03:35:00+0000&duration=PT25M from server.
Fetching https://www.freeview.co.uk/api/program?sid=64&nid=64403&pid=crid://csi.digitaluk.co.uk/a01a379e-01e1-4679-a809-9399f88dddd5&start=2026-09-23T04:00:00+0000&duration=PT1H from server.
Fetching https://www.freeview.co.uk/api/program?sid=64&nid=64403&pid=crid://csi.digitaluk.co.uk/3b9235e4-79a1-4cee-a5a6-e84bc34f0788&start=2026-09-23T05:00:00+0000&duration=PT45M from server.
Fetching https://www.freeview.co.uk/api/program?sid=64&nid=64403&pid=crid://csi.digitaluk.co.uk/1f7818b0-46a8-4b9b-a9b8-83e7eab282ca&start=2026-09-23T05:45:00+0000&duration=PT25M from server.
Fetching https://www.freeview.co.uk/api/program?sid=64&nid=64403&pid=crid://csi.digitaluk.co.uk/50c530bc-33ff-4644-9885-14281a77064f&start=2026-09-23T06:10:00+0000&duration=PT20M from server.
Fetching https://www.freeview.co.uk/api/program?sid=64&nid=64403&pid=crid://csi.digitaluk.co.uk/f0610024-5650-48d3-8288-284ea8185b0b&start=2026-09-23T06:30:00+0000&duration=PT30M from server.
Fetching https://www.freeview.co.uk/api/program?sid=64&nid=64403&pid=crid://csi.digitaluk.co.uk/76e423bb-ce15-4ba3-aa0b-c4720fd26362&start=2026-09-23T07:00:00+0000&duration=PT25M from server.
Fetching https://www.freeview.co.uk/api/program?sid=64&nid=64403&pid=crid://csi.digitaluk.co.uk/4afc205f-b312-41ff-b617-946714418b15&start=2026-09-23T07:25:00+0000&duration=PT30M from server.
Fetching https://www.freeview.co.uk/api/program?sid=64&nid=64403&pid=crid://csi.digitaluk.co.uk/ace81849-64c8-4b7a-9def-fb30ab03ae23&start=2026-09-23T07:55:00+0000&duration=PT25M from server.
Fetching https://www.freeview.co.uk/api/program?sid=64&nid=64403&pid=crid://csi.digitaluk.co.uk/ba9a5e08-8998-4ae1-91c4-a34b65b6079f&start=2026-09-23T08:20:00+0000&duration=PT55M from server.
Fetching https://www.freeview.co.uk/api/program?sid=64&nid=64403&pid=crid://csi.digitaluk.co.uk/b69975e9-5cac-40a3-9125-c0e55c98d14d&start=2026-09-23T09:15:00+0000&duration=PT55M from server.
Fetching https://www.freeview.co.uk/api/program?sid=64&nid=64403&pid=crid://csi.digitaluk.co.uk/b26d1ad4-2c0c-408d-9823-70de4a51f11c&start=2026-09-23T10:10:00+0000&duration=PT1H from server.
Fetching https://www.freeview.co.uk/api/program?sid=64&nid=64403&pid=crid://csi.digitaluk.co.uk/d65baa9c-ccc5-451c-906a-9c65af82e00a&start=2026-09-23T11:10:00+0000&duration=PT55M from server.
Fetching https://www.freeview.co.uk/api/program?sid=64&nid=64403&pid=crid://csi.digitaluk.co.uk/535a57c7-1c82-4cb6-bd62-fbbc7c558179&start=2026-09-23T12:05:00+0000&duration=PT30M from server.
Fetching https://www.freeview.co.uk/api/program?sid=64&nid=64403&pid=crid://csi.digitaluk.co.uk/bedcbb51-c205-4aaf-a01b-665387657b62&start=2026-09-23T12:35:00+0000&duration=PT30M from server.
Fetching https://www.freeview.co.uk/api/program?sid=64&nid=64403&pid=crid://csi.digitaluk.co.uk/75d7c30b-b63a-4ef0-9933-315dfe616bbc&start=2026-09-23T13:05:00+0000&duration=PT30M from server.
Fetching https://www.freeview.co.uk/api/program?sid=64&nid=64403&pid=crid://csi.digitaluk.co.uk/1d8a807e-e9e4-418f-8c33-e46d4ed66fc6&start=2026-09-23T13:35:00+0000&duration=PT30M from server.
Fetching https://www.freeview.co.uk/api/program?sid=64&nid=64403&pid=crid://csi.digitaluk.co.uk/723f57a9-6829-49c6-b38b-cb952f883092&start=2026-09-23T14:05:00+0000&duration=PT1H from server.
Fetching https://www.freeview.co.uk/api/program?sid=64&nid=64403&pid=crid://csi.digitaluk.co.uk/ad28752d-07b7-4135-a4a6-3dbabf85cefe&start=2026-09-23T15:05:00+0000&duration=PT55M from server.
Fetching https://www.freeview.co.uk/api/program?sid=64&nid=64403&pid=crid://csi.digitaluk.co.uk/e05b5922-8fe5-49e0-b3bd-c350139f94fd&start=2026-09-23T16:00:00+0000&duration=PT1H from server.
Fetching https://www.freeview.co.uk/api/program?sid=64&nid=64403&pid=crid://csi.digitaluk.co.uk/a4279aa7-138c-49e8-94e4-c0a9780ef2e2&start=2026-09-23T17:00:00+0000&duration=PT1H from server.
Fetching https://www.freeview.co.uk/api/program?sid=64&nid=64403&pid=crid://csi.digitaluk.co.uk/34845618-5ccc-4e3f-8709-8d5a2ea70fc5&start=2026-09-23T18:00:00+0000&duration=PT1H from server.
Fetching https://www.freeview.co.uk/api/program?sid=64&nid=64403&pid=crid://csi.digitaluk.co.uk/8182e1ad-9342-4697-83bd-7eb87d53feda&start=2026-09-23T19:00:00+0000&duration=PT1H from server.
Fetching https://www.freeview.co.uk/api/program?sid=64&nid=64403&pid=crid://csi.digitaluk.co.uk/075d8390-28e6-4870-8a96-344f2061eb7d&start=2026-09-23T20:00:00+0000&duration=PT1H from server.
Fetching https://www.freeview.co.uk/api/program?sid=64&nid=64403&pid=crid://csi.digitaluk.co.uk/f7bc7f94-525d-481e-b6f6-ef576f9740f7&start=2026-09-23T21:00:00+0000&duration=PT1H from server.
Fetching https://www.freeview.co.uk/api/program?sid=64&nid=64403&pid=crid://csi.digitaluk.co.uk/eaeeaf9d-343c-46a9-b7c6-bb68d5a6d403&start=2026-09-23T22:00:00+0000&duration=PT1H from server.
Fetching https://www.freeview.co.uk/api/program?sid=64&nid=64403&pid=crid://csi.digitaluk.co.uk/1cc589cd-677b-47ff-a170-f42292f60e25&start=2026-09-23T23:00:00+0000&duration=PT1H from server.
### Wanted 17856 
Fetching https://www.freeview.co.uk/api/program?sid=103&nid=64403&pid=crid://csi.digitaluk.co.uk/2e77b108-4a8a-46d0-998e-a67e53f22f35&start=2026-09-23T02:00:00+0000&duration=PT1H20M from server.
Fetching https://www.freeview.co.uk/api/program?sid=103&nid=64403&pid=crid://csi.digitaluk.co.uk/cb144c94-be23-427b-8818-89e836ff0160&start=2026-09-23T03:20:00+0000&duration=PT1H40M from server.
Fetching https://www.freeview.co.uk/api/program?sid=103&nid=64403&pid=crid://csi.digitaluk.co.uk/77c1e04a-a0a5-4fa3-93ad-33f9deafa5ee&start=2026-09-23T05:00:00+0000&duration=PT3H30M from server.
Fetching https://www.freeview.co.uk/api/program?sid=103&nid=64403&pid=crid://csi.digitaluk.co.uk/44c4b2cc-b60a-41d7-bd28-5f71ec6af455&start=2026-09-23T08:30:00+0000&duration=PT30M from server.
Fetching https://www.freeview.co.uk/api/program?sid=103&nid=64403&pid=crid://csi.digitaluk.co.uk/67c816e1-78e1-461b-99ff-a4f6c8bb584c&start=2026-09-23T09:00:00+0000&duration=PT2H30M from server.
Fetching https://www.freeview.co.uk/api/program?sid=103&nid=64403&pid=crid://csi.digitaluk.co.uk/8c30bc29-4ab3-453a-89b6-cb84bea1be64&start=2026-09-23T11:30:00+0000&duration=PT1H from server.
Fetching https://www.freeview.co.uk/api/program?sid=103&nid=64403&pid=crid://csi.digitaluk.co.uk/5d2580d6-b028-4a70-a124-6fa8a4082a86&start=2026-09-23T12:30:00+0000&duration=PT25M from server.
Fetching https://www.freeview.co.uk/api/program?sid=103&nid=64403&pid=crid://csi.digitaluk.co.uk/bfa80d59-6df5-4695-bbae-a27ca9716b9a&start=2026-09-23T12:55:00+0000&duration=PT5M from server.
Fetching https://www.freeview.co.uk/api/program?sid=103&nid=64403&pid=crid://csi.digitaluk.co.uk/f2f912ba-2637-4a77-ad10-98d1e4292170&start=2026-09-23T13:00:00+0000&duration=PT1H from server.
Fetching https://www.freeview.co.uk/api/program?sid=103&nid=64403&pid=crid://csi.digitaluk.co.uk/2ce3d391-506a-45f6-9705-e21bfe5abf19&start=2026-09-23T14:00:00+0000&duration=PT1H from server.
Fetching https://www.freeview.co.uk/api/program?sid=103&nid=64403&pid=crid://csi.digitaluk.co.uk/2ad5b61c-6bb8-453e-8177-27530136521a&start=2026-09-23T15:00:00+0000&duration=PT1H from server.
Fetching https://www.freeview.co.uk/api/program?sid=103&nid=64403&pid=crid://csi.digitaluk.co.uk/60330de9-6666-447a-9401-3c23f460a562&start=2026-09-23T16:00:00+0000&duration=PT1H from server.
Fetching https://www.freeview.co.uk/api/program?sid=103&nid=64403&pid=crid://csi.digitaluk.co.uk/a4f97e98-207a-4579-bbb0-0e17bb6dadb2&start=2026-09-23T17:00:00+0000&duration=PT25M from server.
Fetching https://www.freeview.co.uk/api/program?sid=103&nid=64403&pid=crid://csi.digitaluk.co.uk/f804251d-4336-4e9b-8274-54998b6a3479&start=2026-09-23T17:25:00+0000&duration=PT5M from server.
Fetching https://www.freeview.co.uk/api/program?sid=103&nid=64403&pid=crid://csi.digitaluk.co.uk/fb8fa343-2e69-4ad3-b1f5-bb53e95da036&start=2026-09-23T17:30:00+0000&duration=PT1H from server.
Fetching https://www.freeview.co.uk/api/program?sid=103&nid=64403&pid=crid://csi.digitaluk.co.uk/61ffa8e0-c8f5-40af-8205-cd2069be5280&start=2026-09-23T18:30:00+0000&duration=PT30M from server.
Fetching https://www.freeview.co.uk/api/program?sid=103&nid=64403&pid=crid://csi.digitaluk.co.uk/6469bbbe-31e5-435f-8c71-dcca1739e2c5&start=2026-09-23T19:00:00+0000&duration=PT30M from server.
Fetching https://www.freeview.co.uk/api/program?sid=103&nid=64403&pid=crid://csi.digitaluk.co.uk/d2145f58-2d0f-46d8-b7f3-45613832bf1d&start=2026-09-23T19:30:00+0000&duration=PT30M from server.
Fetching https://www.freeview.co.uk/api/program?sid=103&nid=64403&pid=crid://csi.digitaluk.co.uk/129861d6-333d-49a7-b069-f1161ea7c651&start=2026-09-23T20:00:00+0000&duration=PT1H from server.
Fetching https://www.freeview.co.uk/api/program?sid=103&nid=64403&pid=crid://csi.digitaluk.co.uk/7ffed6ab-7627-4884-9ae9-a0a744f78dd8&start=2026-09-23T21:00:00+0000&duration=PT30M from server.
Fetching https://www.freeview.co.uk/api/program?sid=103&nid=64403&pid=crid://csi.digitaluk.co.uk/5a7cce47-3eed-4539-a2d2-2adaf546ef2b&start=2026-09-23T21:30:00+0000&duration=PT10M from server.
Fetching https://www.freeview.co.uk/api/program?sid=103&nid=64403&pid=crid://csi.digitaluk.co.uk/3de84624-6f96-4110-9d1d-4e63ff159fbb&start=2026-09-23T21:40:00+0000&duration=PT25M from server.
Fetching https://www.freeview.co.uk/api/program?sid=103&nid=64403&pid=crid://csi.digitaluk.co.uk/8b1c0a53-0016-4161-82d9-24c207f0b4f7&start=2026-09-23T22:05:00+0000&duration=PT45M from server.
Fetching https://www.freeview.co.uk/api/program?sid=103&nid=64403&pid=crid://csi.digitaluk.co.uk/c7fc372d-727f-40de-a506-b7afdd4aee6e&start=2026-09-23T22:50:00+0000&duration=PT30M from server.
Fetching https://www.freeview.co.uk/api/program?sid=103&nid=64403&pid=crid://csi.digitaluk.co.uk/92fce7a3-a2b1-46f3-82cc-fe5938f2958f&start=2026-09-23T23:20:00+0000&duration=PT2H40M from server.
## Wanted 22080 
Fetching https://www.freeview.co.uk/api/program?sid=233&nid=64403&pid=crid://csi.digitaluk.co.uk/f6c161fd-c998-4702-92c1-dba3452a6497&start=2026-09-23T00:00:00+0000&duration=PT1H from server.
Fetching https://www.freeview.co.uk/api/program?sid=233&nid=64403&pid=crid://csi.digitaluk.co.uk/845e4b12-eeaf-4065-ab30-d5b0100e3963&start=2026-09-23T01:00:00+0000&duration=PT1H from server.
Fetching https://www.freeview.co.uk/api/program?sid=233&nid=64403&pid=crid://csi.digitaluk.co.uk/660af061-6442-4fcc-b0ca-2aa40de20c62&start=2026-09-23T02:00:00+0000&duration=PT1H from server.
Fetching https://www.freeview.co.uk/api/program?sid=233&nid=64403&pid=crid://csi.digitaluk.co.uk/796b42ba-abb0-4e49-9bb8-36c7909eca0b&start=2026-09-23T03:00:00+0000&duration=PT1H from server.
Fetching https://www.freeview.co.uk/api/program?sid=233&nid=64403&pid=crid://csi.digitaluk.co.uk/7cd9ee3d-03cf-4107-8953-6df2a1ada8fd&start=2026-09-23T04:00:00+0000&duration=PT1H from server.
Fetching https://www.freeview.co.uk/api/program?sid=233&nid=64403&pid=crid://csi.digitaluk.co.uk/ec197f94-f1a2-41a8-9a6d-8748b5daf073&start=2026-09-23T05:00:00+0000&duration=PT30M from server.
Fetching https://www.freeview.co.uk/api/program?sid=233&nid=64403&pid=crid://csi.digitaluk.co.uk/d0ce73f3-4057-4c5c-ac06-bdc33ab9aa00&start=2026-09-23T05:30:00+0000&duration=PT30M from server.
Fetching https://www.freeview.co.uk/api/program?sid=233&nid=64403&pid=crid://csi.digitaluk.co.uk/bc9985b1-8c69-4533-83ea-41ec204635b8&start=2026-09-23T06:00:00+0000&duration=PT30M from server.
Fetching https://www.freeview.co.uk/api/program?sid=233&nid=64403&pid=crid://csi.digitaluk.co.uk/6d648b5d-a9c1-4f86-a710-f5254ee4cefe&start=2026-09-23T06:30:00+0000&duration=PT30M from server.
Fetching https://www.freeview.co.uk/api/program?sid=233&nid=64403&pid=crid://csi.digitaluk.co.uk/80c73d3c-2b9d-4c08-9312-c73c158a3ae8&start=2026-09-23T07:00:00+0000&duration=PT30M from server.
Fetching https://www.freeview.co.uk/api/program?sid=233&nid=64403&pid=crid://csi.digitaluk.co.uk/f421cb99-7285-4d45-8dbb-07226c7f4753&start=2026-09-23T07:30:00+0000&duration=PT30M from server.
Fetching https://www.freeview.co.uk/api/program?sid=233&nid=64403&pid=crid://csi.digitaluk.co.uk/de96c8d9-d4b0-4a18-9b27-9405c4237a43&start=2026-09-23T08:00:00+0000&duration=PT30M from server.
Fetching https://www.freeview.co.uk/api/program?sid=233&nid=64403&pid=crid://csi.digitaluk.co.uk/ce68a764-33e7-4bd1-90e7-c6b2ddaed550&start=2026-09-23T08:30:00+0000&duration=PT30M from server.
Fetching https://www.freeview.co.uk/api/program?sid=233&nid=64403&pid=crid://csi.digitaluk.co.uk/d9b45b24-ec25-413c-a47c-afd33a63fc83&start=2026-09-23T09:00:00+0000&duration=PT30M from server.
Fetching https://www.freeview.co.uk/api/program?sid=233&nid=64403&pid=crid://csi.digitaluk.co.uk/8be3ed75-7158-4f6d-9fa4-a95b6a84ecb4&start=2026-09-23T09:30:00+0000&duration=PT30M from server.
Fetching https://www.freeview.co.uk/api/program?sid=233&nid=64403&pid=crid://csi.digitaluk.co.uk/687fef2b-ad9f-430a-94f3-dc433a11e93e&start=2026-09-23T10:00:00+0000&duration=PT30M from server.
Fetching https://www.freeview.co.uk/api/program?sid=233&nid=64403&pid=crid://csi.digitaluk.co.uk/06e1c068-b2e3-493d-a111-634ac560ba83&start=2026-09-23T10:30:00+0000&duration=PT30M from server.
Fetching https://www.freeview.co.uk/api/program?sid=233&nid=64403&pid=crid://csi.digitaluk.co.uk/dc032d80-0136-4c70-8b33-214413db7131&start=2026-09-23T11:00:00+0000&duration=PT30M from server.
Fetching https://www.freeview.co.uk/api/program?sid=233&nid=64403&pid=crid://csi.digitaluk.co.uk/998ec145-53e5-49a5-9736-d853632003a9&start=2026-09-23T11:30:00+0000&duration=PT30M from server.
Fetching https://www.freeview.co.uk/api/program?sid=233&nid=64403&pid=crid://csi.digitaluk.co.uk/89b16f35-077f-47c6-b720-4399df96569a&start=2026-09-23T12:00:00+0000&duration=PT30M from server.
Fetching https://www.freeview.co.uk/api/program?sid=233&nid=64403&pid=crid://csi.digitaluk.co.uk/e0061b50-e103-40a9-8321-6235feb1aada&start=2026-09-23T12:30:00+0000&duration=PT30M from server.
Fetching https://www.freeview.co.uk/api/program?sid=233&nid=64403&pid=crid://csi.digitaluk.co.uk/57caceb6-b475-4a86-b9f3-715cb42792a5&start=2026-09-23T13:00:00+0000&duration=PT30M from server.
Fetching https://www.freeview.co.uk/api/program?sid=233&nid=64403&pid=crid://csi.digitaluk.co.uk/18c7a686-5ddc-4b96-bfe7-06f5aae6d43d&start=2026-09-23T13:30:00+0000&duration=PT30M from server.
Fetching https://www.freeview.co.uk/api/program?sid=233&nid=64403&pid=crid://csi.digitaluk.co.uk/670e4ada-9360-4481-a662-8c5e43179429&start=2026-09-23T14:00:00+0000&duration=PT30M from server.
Fetching https://www.freeview.co.uk/api/program?sid=233&nid=64403&pid=crid://csi.digitaluk.co.uk/de44a398-b301-44a1-a3bf-0ce7e46a04be&start=2026-09-23T14:30:00+0000&duration=PT30M from server.
Fetching https://www.freeview.co.uk/api/program?sid=233&nid=64403&pid=crid://csi.digitaluk.co.uk/717e709c-dfbb-4f7e-a42b-7853a6762726&start=2026-09-23T15:00:00+0000&duration=PT30M from server.
Fetching https://www.freeview.co.uk/api/program?sid=233&nid=64403&pid=crid://csi.digitaluk.co.uk/e8fb4c38-f6ad-477d-a5c6-78221ee3f452&start=2026-09-23T15:30:00+0000&duration=PT30M from server.
Fetching https://www.freeview.co.uk/api/program?sid=233&nid=64403&pid=crid://csi.digitaluk.co.uk/d44eb524-6730-41f0-8781-6fdc17336a97&start=2026-09-23T16:00:00+0000&duration=PT30M from server.
Fetching https://www.freeview.co.uk/api/program?sid=233&nid=64403&pid=crid://csi.digitaluk.co.uk/c0154286-0c57-42d6-8bb1-8327a6b9c339&start=2026-09-23T16:30:00+0000&duration=PT30M from server.
Fetching https://www.freeview.co.uk/api/program?sid=233&nid=64403&pid=crid://csi.digitaluk.co.uk/03703bb3-40ae-4d2c-ac4d-95e9ca2295a5&start=2026-09-23T17:00:00+0000&duration=PT30M from server.
Fetching https://www.freeview.co.uk/api/program?sid=233&nid=64403&pid=crid://csi.digitaluk.co.uk/ba04c54d-41e2-4d46-beb9-d5b115785cb0&start=2026-09-23T17:30:00+0000&duration=PT30M from server.
Fetching https://www.freeview.co.uk/api/program?sid=233&nid=64403&pid=crid://csi.digitaluk.co.uk/ce75cb3c-fc55-46c4-afe8-b0b6480ebe71&start=2026-09-23T18:00:00+0000&duration=PT1H from server.
Fetching https://www.freeview.co.uk/api/program?sid=233&nid=64403&pid=crid://csi.digitaluk.co.uk/c45f67fe-c32f-4b60-8245-67d534c2971b&start=2026-09-23T19:00:00+0000&duration=PT1H from server.
Fetching https://www.freeview.co.uk/api/program?sid=233&nid=64403&pid=crid://csi.digitaluk.co.uk/2f83cb1f-9bcc-434f-8174-31c912f592d9&start=2026-09-23T20:00:00+0000&duration=PT1H from server.
Fetching https://www.freeview.co.uk/api/program?sid=233&nid=64403&pid=crid://csi.digitaluk.co.uk/c0bdb3f0-cb02-4529-9ece-1e1abcf44e8e&start=2026-09-23T21:00:00+0000&duration=PT30M from server.
Fetching https://www.freeview.co.uk/api/program?sid=233&nid=64403&pid=crid://csi.digitaluk.co.uk/6955712a-8d4e-4b9f-8ef6-f1c3212bdce3&start=2026-09-23T21:30:00+0000&duration=PT30M from server.
Fetching https://www.freeview.co.uk/api/program?sid=233&nid=64403&pid=crid://csi.digitaluk.co.uk/17f8eb1a-e6cc-4eb4-ac82-04c500dcbcd5&start=2026-09-23T22:00:00+0000&duration=PT30M from server.
Fetching https://www.freeview.co.uk/api/program?sid=233&nid=64403&pid=crid://csi.digitaluk.co.uk/2ca9a8b6-2fca-40ae-8008-06f307c4c408&start=2026-09-23T22:30:00+0000&duration=PT30M from server.
Fetching https://www.freeview.co.uk/api/program?sid=233&nid=64403&pid=crid://csi.digitaluk.co.uk/181f515a-75b5-4926-b9f4-4e04ff109a74&start=2026-09-23T23:00:00+0000&duration=PT1H from server.
###
