tv_grab_uk_freeview, 2026-09-26 00:16:06
----------------------------------------
getting list of channels:  URL= https://www.freeview.co.uk/api/channel-list?nid=64403 
Fetching https://www.freeview.co.uk/api/channel-list?nid=64403 from server.
##################################################
using cache '/home/runner/work/xmltv/xmltv/scripts//.xmltv/cache' 
using channel format 'number' 
using region id '64403' 
using icon ch string '?w=160' 
using icon pg string '?w=800' 
fetch 20 channels 
start/end grab: 1790467200 1790553600 
getting listings:  URL= https://www.freeview.co.uk/api/tv-guide?nid=64403&start=1790467200 
Fetching https://www.freeview.co.uk/api/tv-guide?nid=64403&start=1790467200 from server.
 Wanted 8384 
Fetching https://www.freeview.co.uk/api/program?sid=4&nid=64403&pid=crid://csi.digitaluk.co.uk/41e995d5-eb9d-45a1-b68d-f27ff060cd06&start=2026-09-27T01:10:00+0000&duration=PT55M from server.
Fetching https://www.freeview.co.uk/api/program?sid=4&nid=64403&pid=crid://csi.digitaluk.co.uk/38cb1b6d-6888-423c-9b12-f5e2d141c3d5&start=2026-09-27T02:05:00+0000&duration=PT25M from server.
Fetching https://www.freeview.co.uk/api/program?sid=4&nid=64403&pid=crid://csi.digitaluk.co.uk/6366d073-09f1-4b82-a341-7ec4d7b38970&start=2026-09-27T02:30:00+0000&duration=PT25M from server.
Fetching https://www.freeview.co.uk/api/program?sid=4&nid=64403&pid=crid://csi.digitaluk.co.uk/c5a04eb5-7a98-4c84-ae41-05c877e2df23&start=2026-09-27T02:55:00+0000&duration=PT25M from server.
Fetching https://www.freeview.co.uk/api/program?sid=4&nid=64403&pid=crid://csi.digitaluk.co.uk/679d0cc2-c896-40c8-ada8-89f8cf8ac4f4&start=2026-09-27T03:20:00+0000&duration=PT25M from server.
Fetching https://www.freeview.co.uk/api/program?sid=4&nid=64403&pid=crid://csi.digitaluk.co.uk/724be831-56b7-4a4a-84f0-c3e3ed2ad98f&start=2026-09-27T03:45:00+0000&duration=PT25M from server.
Fetching https://www.freeview.co.uk/api/program?sid=4&nid=64403&pid=crid://csi.digitaluk.co.uk/94a9c752-51c1-4b86-8a20-b8eb22ea58eb&start=2026-09-27T04:10:00+0000&duration=PT55M from server.
Fetching https://www.freeview.co.uk/api/program?sid=4&nid=64403&pid=crid://csi.digitaluk.co.uk/cab555d0-1f7f-46bb-93dc-c2d5f93d92d7&start=2026-09-27T05:05:00+0000&duration=PT30M from server.
Fetching https://www.freeview.co.uk/api/program?sid=4&nid=64403&pid=crid://csi.digitaluk.co.uk/a67bb933-8c94-438c-b52f-3f5efd267972&start=2026-09-27T05:35:00+0000&duration=PT25M from server.
Fetching https://www.freeview.co.uk/api/program?sid=4&nid=64403&pid=crid://csi.digitaluk.co.uk/dcab7bd8-3fdc-4d83-9609-a82416edfb67&start=2026-09-27T06:00:00+0000&duration=PT30M from server.
Fetching https://www.freeview.co.uk/api/program?sid=4&nid=64403&pid=crid://csi.digitaluk.co.uk/bfe3fee4-ace9-495f-8f9f-11655b136803&start=2026-09-27T06:30:00+0000&duration=PT25M from server.
Fetching https://www.freeview.co.uk/api/program?sid=4&nid=64403&pid=crid://csi.digitaluk.co.uk/84102946-7b6d-4609-9d0b-fa6dddc07edb&start=2026-09-27T06:55:00+0000&duration=PT35M from server.
Fetching https://www.freeview.co.uk/api/program?sid=4&nid=64403&pid=crid://csi.digitaluk.co.uk/7ffe04fd-57a3-4c81-9068-53f574456dc4&start=2026-09-27T07:30:00+0000&duration=PT30M from server.
Fetching https://www.freeview.co.uk/api/program?sid=4&nid=64403&pid=crid://csi.digitaluk.co.uk/01fa126d-419d-4f57-84d8-b5e8542535fb&start=2026-09-27T08:00:00+0000&duration=PT25M from server.
Fetching https://www.freeview.co.uk/api/program?sid=4&nid=64403&pid=crid://csi.digitaluk.co.uk/06268d5b-552e-4006-aee1-3a3d56c4b363&start=2026-09-27T08:25:00+0000&duration=PT35M from server.
Fetching https://www.freeview.co.uk/api/program?sid=4&nid=64403&pid=crid://csi.digitaluk.co.uk/c6f11756-7423-4a51-86a2-404fccfad442&start=2026-09-27T09:00:00+0000&duration=PT3H from server.
Fetching https://www.freeview.co.uk/api/program?sid=4&nid=64403&pid=crid://csi.digitaluk.co.uk/53f678ce-65b4-40c3-9a9f-c1a7ab8dca3d&start=2026-09-27T12:00:00+0000&duration=PT2H40M from server.
Fetching https://www.freeview.co.uk/api/program?sid=4&nid=64403&pid=crid://csi.digitaluk.co.uk/ffaaf1d5-206b-475a-a93c-14ad8e3a5d57&start=2026-09-27T14:40:00+0000&duration=PT30M from server.
Fetching https://www.freeview.co.uk/api/program?sid=4&nid=64403&pid=crid://csi.digitaluk.co.uk/e68e0949-719e-41b7-8d7d-34dddab7759b&start=2026-09-27T15:10:00+0000&duration=PT1H5M from server.
Fetching https://www.freeview.co.uk/api/program?sid=4&nid=64403&pid=crid://csi.digitaluk.co.uk/7deaa473-288f-4100-aa35-f6f18a0761d3&start=2026-09-27T16:15:00+0000&duration=PT1H from server.
Fetching https://www.freeview.co.uk/api/program?sid=4&nid=64403&pid=crid://csi.digitaluk.co.uk/150fa782-cdf6-4861-a53a-1cf84441ddc8&start=2026-09-27T17:15:00+0000&duration=PT30M from server.
Fetching https://www.freeview.co.uk/api/program?sid=4&nid=64403&pid=crid://csi.digitaluk.co.uk/40f40237-2b2b-4ecd-9709-2ff07cf96682&start=2026-09-27T17:45:00+0000&duration=PT1H from server.
Fetching https://www.freeview.co.uk/api/program?sid=4&nid=64403&pid=crid://movida.bebanjo.net/mas/version/78515/003/ASDELIVERED/C&start=2026-09-27T18:45:00+0000&duration=PT1H15M from server.
Fetching https://www.freeview.co.uk/api/program?sid=4&nid=64403&pid=crid://movida.bebanjo.net/mas/version/77383/003/POSTWATERSHED2100/C&start=2026-09-27T20:00:00+0000&duration=PT1H from server.
Fetching https://www.freeview.co.uk/api/program?sid=4&nid=64403&pid=crid://csi.digitaluk.co.uk/8b8d9586-173a-46c7-92c0-5e0d6fa5c667&start=2026-09-27T21:00:00+0000&duration=PT1H from server.
Fetching https://www.freeview.co.uk/api/program?sid=4&nid=64403&pid=crid://csi.digitaluk.co.uk/b8fa4bc0-e8fd-4af2-828e-63cdc75de93e&start=2026-09-27T22:00:00+0000&duration=PT1H from server.
Fetching https://www.freeview.co.uk/api/program?sid=4&nid=64403&pid=crid://csi.digitaluk.co.uk/4cbc2820-f442-4109-a1bc-15892a5fab7b&start=2026-09-27T23:00:00+0000&duration=PT1H from server.
## Wanted 8500 
Fetching https://www.freeview.co.uk/api/program?sid=5&nid=64403&pid=crid://panorama.five.tv/versions/C5349600001A&start=2026-09-27T00:00:00+0000&duration=PT1H from server.
Fetching https://www.freeview.co.uk/api/program?sid=5&nid=64403&pid=crid://panorama.five.tv/versions/C5515920002A&start=2026-09-27T01:00:00+0000&duration=PT50M from server.
Fetching https://www.freeview.co.uk/api/program?sid=5&nid=64403&pid=crid://panorama.five.tv/versions/C5462160005A&start=2026-09-27T01:50:00+0000&duration=PT50M from server.
Fetching https://www.freeview.co.uk/api/program?sid=5&nid=64403&pid=crid://panorama.five.tv/versions/C5460390005A&start=2026-09-27T02:40:00+0000&duration=PT50M from server.
Fetching https://www.freeview.co.uk/api/program?sid=5&nid=64403&pid=crid://panorama.five.tv/versions/C5460390006A&start=2026-09-27T03:30:00+0000&duration=PT45M from server.
Fetching https://www.freeview.co.uk/api/program?sid=5&nid=64403&pid=crid://panorama.five.tv/versions/C5522700040A&start=2026-09-27T04:15:00+0000&duration=PT10M from server.
Fetching https://www.freeview.co.uk/api/program?sid=5&nid=64403&pid=crid://panorama.five.tv/versions/C5475400048A&start=2026-09-27T04:25:00+0000&duration=PT15M from server.
Fetching https://www.freeview.co.uk/api/program?sid=5&nid=64403&pid=crid://panorama.five.tv/versions/C5475400049A&start=2026-09-27T04:40:00+0000&duration=PT10M from server.
Fetching https://www.freeview.co.uk/api/program?sid=5&nid=64403&pid=crid://panorama.five.tv/versions/C5475400050A&start=2026-09-27T04:50:00+0000&duration=PT10M from server.
Fetching https://www.freeview.co.uk/api/program?sid=5&nid=64403&pid=crid://panorama.five.tv/versions/C5115230010C&start=2026-09-27T05:00:00+0000&duration=PT5M from server.
Fetching https://www.freeview.co.uk/api/program?sid=5&nid=64403&pid=crid://panorama.five.tv/versions/C5115230011C&start=2026-09-27T05:05:00+0000&duration=PT5M from server.
Fetching https://www.freeview.co.uk/api/program?sid=5&nid=64403&pid=crid://panorama.five.tv/versions/C5115230012C&start=2026-09-27T05:10:00+0000&duration=PT5M from server.
Fetching https://www.freeview.co.uk/api/program?sid=5&nid=64403&pid=crid://panorama.five.tv/versions/C5416540011A&start=2026-09-27T05:15:00+0000&duration=PT10M from server.
Fetching https://www.freeview.co.uk/api/program?sid=5&nid=64403&pid=crid://panorama.five.tv/versions/C5357220045A&start=2026-09-27T05:25:00+0000&duration=PT10M from server.
Fetching https://www.freeview.co.uk/api/program?sid=5&nid=64403&pid=crid://panorama.five.tv/versions/C5510940004A&start=2026-09-27T05:35:00+0000&duration=PT10M from server.
Fetching https://www.freeview.co.uk/api/program?sid=5&nid=64403&pid=crid://panorama.five.tv/versions/C5463820007A&start=2026-09-27T05:45:00+0000&duration=PT15M from server.
Fetching https://www.freeview.co.uk/api/program?sid=5&nid=64403&pid=crid://panorama.five.tv/versions/C5463540008C&start=2026-09-27T06:00:00+0000&duration=PT5M from server.
Fetching https://www.freeview.co.uk/api/program?sid=5&nid=64403&pid=crid://panorama.five.tv/versions/C5408820022A&start=2026-09-27T06:05:00+0000&duration=PT10M from server.
Fetching https://www.freeview.co.uk/api/program?sid=5&nid=64403&pid=crid://panorama.five.tv/versions/C5408820023A&start=2026-09-27T06:15:00+0000&duration=PT5M from server.
Fetching https://www.freeview.co.uk/api/program?sid=5&nid=64403&pid=crid://panorama.five.tv/versions/C5270620015A&start=2026-09-27T06:20:00+0000&duration=PT5M from server.
Fetching https://www.freeview.co.uk/api/program?sid=5&nid=64403&pid=crid://panorama.five.tv/versions/C5270620016A&start=2026-09-27T06:25:00+0000&duration=PT10M from server.
Fetching https://www.freeview.co.uk/api/program?sid=5&nid=64403&pid=crid://panorama.five.tv/versions/C5446160010A&start=2026-09-27T06:35:00+0000&duration=PT20M from server.
Fetching https://www.freeview.co.uk/api/program?sid=5&nid=64403&pid=crid://panorama.five.tv/versions/C5514960006B&start=2026-09-27T06:55:00+0000&duration=PT10M from server.
Fetching https://www.freeview.co.uk/api/program?sid=5&nid=64403&pid=crid://panorama.five.tv/versions/C5528860024A&start=2026-09-27T07:05:00+0000&duration=PT15M from server.
Fetching https://www.freeview.co.uk/api/program?sid=5&nid=64403&pid=crid://panorama.five.tv/versions/C5531680007A&start=2026-09-27T07:20:00+0000&duration=PT15M from server.
Fetching https://www.freeview.co.uk/api/program?sid=5&nid=64403&pid=crid://panorama.five.tv/versions/C5151860008B&start=2026-09-27T07:35:00+0000&duration=PT10M from server.
Fetching https://www.freeview.co.uk/api/program?sid=5&nid=64403&pid=crid://panorama.five.tv/versions/C5521620003A&start=2026-09-27T07:45:00+0000&duration=PT10M from server.
Fetching https://www.freeview.co.uk/api/program?sid=5&nid=64403&pid=crid://panorama.five.tv/versions/C5522900195A&start=2026-09-27T07:55:00+0000&duration=PT5M from server.
Fetching https://www.freeview.co.uk/api/program?sid=5&nid=64403&pid=crid://panorama.five.tv/versions/C5316600002A&start=2026-09-27T08:00:00+0000&duration=PT30M from server.
Fetching https://www.freeview.co.uk/api/program?sid=5&nid=64403&pid=crid://panorama.five.tv/versions/C5434620007B&start=2026-09-27T08:30:00+0000&duration=PT1H from server.
Fetching https://www.freeview.co.uk/api/program?sid=5&nid=64403&pid=crid://panorama.five.tv/versions/C5434620008B&start=2026-09-27T09:30:00+0000&duration=PT1H from server.
Fetching https://www.freeview.co.uk/api/program?sid=5&nid=64403&pid=crid://panorama.five.tv/versions/C5275310001B&start=2026-09-27T10:30:00+0000&duration=PT1H from server.
Fetching https://www.freeview.co.uk/api/program?sid=5&nid=64403&pid=crid://panorama.five.tv/versions/C5275310002A&start=2026-09-27T11:30:00+0000&duration=PT55M from server.
Fetching https://www.freeview.co.uk/api/program?sid=5&nid=64403&pid=crid://panorama.five.tv/versions/C5509520002B&start=2026-09-27T12:25:00+0000&duration=PT1H from server.
Fetching https://www.freeview.co.uk/api/program?sid=5&nid=64403&pid=crid://panorama.five.tv/versions/C5509520003B&start=2026-09-27T13:25:00+0000&duration=PT1H from server.
Fetching https://www.freeview.co.uk/api/program?sid=5&nid=64403&pid=crid://panorama.five.tv/versions/C5507120001A&start=2026-09-27T14:25:00+0000&duration=PT1H from server.
Fetching https://www.freeview.co.uk/api/program?sid=5&nid=64403&pid=crid://panorama.five.tv/versions/C5352050001A&start=2026-09-27T15:25:00+0000&duration=PT2H from server.
Fetching https://www.freeview.co.uk/api/program?sid=5&nid=64403&pid=crid://panorama.five.tv/versions/C5524420078A&start=2026-09-27T17:25:00+0000&duration=PT5M from server.
Fetching https://www.freeview.co.uk/api/program?sid=5&nid=64403&pid=crid://panorama.five.tv/versions/C5531180001A&start=2026-09-27T17:30:00+0000&duration=PT1H30M from server.
Fetching https://www.freeview.co.uk/api/program?sid=5&nid=64403&pid=crid://panorama.five.tv/versions/C5516700003A&start=2026-09-27T19:00:00+0000&duration=PT1H from server.
Fetching https://www.freeview.co.uk/api/program?sid=5&nid=64403&pid=crid://panorama.five.tv/versions/C5540620003B&start=2026-09-27T20:00:00+0000&duration=PT3H30M from server.
Fetching https://www.freeview.co.uk/api/program?sid=5&nid=64403&pid=crid://panorama.five.tv/versions/C5526200004A&start=2026-09-27T23:30:00+0000&duration=PT25M from server.
Fetching https://www.freeview.co.uk/api/program?sid=5&nid=64403&pid=crid://panorama.five.tv/versions/C5522900195A&start=2026-09-27T23:55:00+0000&duration=PT5M from server.
### Wanted 28000 
Fetching https://www.freeview.co.uk/api/program?sid=12&nid=64403&pid=crid://csi.digitaluk.co.uk/8e010e49-d925-4790-9515-cc1a2871df6c&start=2026-09-27T00:00:00+0000&duration=PT1H from server.
Fetching https://www.freeview.co.uk/api/program?sid=12&nid=64403&pid=crid://csi.digitaluk.co.uk/5076fe1f-587d-444c-9053-b77e29110e82&start=2026-09-27T01:00:00+0000&duration=PT1H from server.
Fetching https://www.freeview.co.uk/api/program?sid=12&nid=64403&pid=crid://csi.digitaluk.co.uk/65fb0e43-6dae-4ca7-a7b9-7f4d6db4aac4&start=2026-09-27T02:00:00+0000&duration=PT2H from server.
Fetching https://www.freeview.co.uk/api/program?sid=12&nid=64403&pid=crid://csi.digitaluk.co.uk/4991d5b5-9f2d-49d3-96f8-a6d7bd17faf7&start=2026-09-27T04:00:00+0000&duration=PT1H from server.
Fetching https://www.freeview.co.uk/api/program?sid=12&nid=64403&pid=crid://csi.digitaluk.co.uk/c84dbdc9-b72a-434d-bead-d5f624ed3831&start=2026-09-27T05:00:00+0000&duration=PT30M from server.
Fetching https://www.freeview.co.uk/api/program?sid=12&nid=64403&pid=crid://csi.digitaluk.co.uk/2c60ca1b-1545-4c70-a98c-4c93323ddc9c&start=2026-09-27T05:30:00+0000&duration=PT30M from server.
Fetching https://www.freeview.co.uk/api/program?sid=12&nid=64403&pid=crid://csi.digitaluk.co.uk/880774d4-9259-463f-8a31-7d097603fc07&start=2026-09-27T06:00:00+0000&duration=PT30M from server.
Fetching https://www.freeview.co.uk/api/program?sid=12&nid=64403&pid=crid://csi.digitaluk.co.uk/d51ce8a8-559d-42ac-b562-5d5114df3064&start=2026-09-27T06:30:00+0000&duration=PT30M from server.
Fetching https://www.freeview.co.uk/api/program?sid=12&nid=64403&pid=crid://csi.digitaluk.co.uk/e807b720-d178-47b8-9d24-818d0b6d2e60&start=2026-09-27T07:00:00+0000&duration=PT30M from server.
Fetching https://www.freeview.co.uk/api/program?sid=12&nid=64403&pid=crid://csi.digitaluk.co.uk/7efb19af-bac3-4916-8afa-cd100cafdfc7&start=2026-09-27T07:30:00+0000&duration=PT30M from server.
Fetching https://www.freeview.co.uk/api/program?sid=12&nid=64403&pid=crid://csi.digitaluk.co.uk/992575e2-6c17-4f11-8d28-a29cb0c652d5&start=2026-09-27T08:00:00+0000&duration=PT30M from server.
Fetching https://www.freeview.co.uk/api/program?sid=12&nid=64403&pid=crid://csi.digitaluk.co.uk/ea4ae67c-dce2-4d46-a6e0-612c6010b811&start=2026-09-27T08:30:00+0000&duration=PT30M from server.
Fetching https://www.freeview.co.uk/api/program?sid=12&nid=64403&pid=crid://csi.digitaluk.co.uk/abdc838d-c4e8-4e68-801c-b0baeb043de7&start=2026-09-27T09:00:00+0000&duration=PT30M from server.
Fetching https://www.freeview.co.uk/api/program?sid=12&nid=64403&pid=crid://csi.digitaluk.co.uk/31b77329-0d8f-44a7-ac4f-71bd8d76fd19&start=2026-09-27T09:30:00+0000&duration=PT30M from server.
Fetching https://www.freeview.co.uk/api/program?sid=12&nid=64403&pid=crid://csi.digitaluk.co.uk/ae463aad-1ade-46e5-9e7b-1adb9f470474&start=2026-09-27T10:00:00+0000&duration=PT30M from server.
Fetching https://www.freeview.co.uk/api/program?sid=12&nid=64403&pid=crid://csi.digitaluk.co.uk/dc99b261-13bb-4a05-8f01-e730f093ed16&start=2026-09-27T10:30:00+0000&duration=PT30M from server.
Fetching https://www.freeview.co.uk/api/program?sid=12&nid=64403&pid=crid://csi.digitaluk.co.uk/0ef23c01-42e8-4ebc-956c-0c2af1b8908f&start=2026-09-27T11:00:00+0000&duration=PT30M from server.
Fetching https://www.freeview.co.uk/api/program?sid=12&nid=64403&pid=crid://csi.digitaluk.co.uk/90d294c0-273a-4cc2-ac9a-1fbd803bb214&start=2026-09-27T11:30:00+0000&duration=PT30M from server.
Fetching https://www.freeview.co.uk/api/program?sid=12&nid=64403&pid=crid://csi.digitaluk.co.uk/4d7e82ce-021c-4929-9b90-2bf7e079d3c5&start=2026-09-27T12:00:00+0000&duration=PT30M from server.
Fetching https://www.freeview.co.uk/api/program?sid=12&nid=64403&pid=crid://csi.digitaluk.co.uk/d814851e-6268-4cc2-b4e3-74eb171577d8&start=2026-09-27T12:30:00+0000&duration=PT30M from server.
Fetching https://www.freeview.co.uk/api/program?sid=12&nid=64403&pid=crid://csi.digitaluk.co.uk/c94de1d8-0ef9-4408-8225-a3679a346ec5&start=2026-09-27T13:00:00+0000&duration=PT30M from server.
Fetching https://www.freeview.co.uk/api/program?sid=12&nid=64403&pid=crid://csi.digitaluk.co.uk/da40b649-9ee1-459e-b060-4ec1272f672b&start=2026-09-27T13:30:00+0000&duration=PT30M from server.
Fetching https://www.freeview.co.uk/api/program?sid=12&nid=64403&pid=crid://csi.digitaluk.co.uk/aaa9aa5b-37b3-4449-b5d7-cb2891591d62&start=2026-09-27T14:00:00+0000&duration=PT30M from server.
Fetching https://www.freeview.co.uk/api/program?sid=12&nid=64403&pid=crid://csi.digitaluk.co.uk/8d67c1e6-93ad-4176-a243-aec9842e7ed2&start=2026-09-27T14:30:00+0000&duration=PT30M from server.
Fetching https://www.freeview.co.uk/api/program?sid=12&nid=64403&pid=crid://csi.digitaluk.co.uk/dc4eebbb-21eb-44dd-a63d-2b79e592475d&start=2026-09-27T15:00:00+0000&duration=PT30M from server.
Fetching https://www.freeview.co.uk/api/program?sid=12&nid=64403&pid=crid://csi.digitaluk.co.uk/2fa5aa63-5c3e-4ba1-a7db-1d1b60aa9c9a&start=2026-09-27T15:30:00+0000&duration=PT30M from server.
Fetching https://www.freeview.co.uk/api/program?sid=12&nid=64403&pid=crid://csi.digitaluk.co.uk/d9d8f46d-247f-457e-83bb-e351abe84727&start=2026-09-27T16:00:00+0000&duration=PT30M from server.
Fetching https://www.freeview.co.uk/api/program?sid=12&nid=64403&pid=crid://csi.digitaluk.co.uk/ed091428-0dc4-49bd-abc4-f4d15c290eb7&start=2026-09-27T16:30:00+0000&duration=PT30M from server.
Fetching https://www.freeview.co.uk/api/program?sid=12&nid=64403&pid=crid://csi.digitaluk.co.uk/2d25d877-a21a-418c-ba3b-a9274cc9ac9d&start=2026-09-27T17:00:00+0000&duration=PT30M from server.
Fetching https://www.freeview.co.uk/api/program?sid=12&nid=64403&pid=crid://csi.digitaluk.co.uk/c6c789f0-870e-4c34-8643-d99adbb79eab&start=2026-09-27T17:30:00+0000&duration=PT30M from server.
Fetching https://www.freeview.co.uk/api/program?sid=12&nid=64403&pid=crid://csi.digitaluk.co.uk/ee6960a6-ee63-4deb-aa73-1a0034d7375f&start=2026-09-27T18:00:00+0000&duration=PT30M from server.
Fetching https://www.freeview.co.uk/api/program?sid=12&nid=64403&pid=crid://csi.digitaluk.co.uk/f2150b7b-fad1-429c-8c47-dd7289474e9e&start=2026-09-27T18:30:00+0000&duration=PT30M from server.
Fetching https://www.freeview.co.uk/api/program?sid=12&nid=64403&pid=crid://csi.digitaluk.co.uk/e3f602db-bf6c-4405-8a94-3800055b4e55&start=2026-09-27T19:00:00+0000&duration=PT30M from server.
Fetching https://www.freeview.co.uk/api/program?sid=12&nid=64403&pid=crid://csi.digitaluk.co.uk/c6a9ba25-bcf3-4be0-98ce-ff700e37a522&start=2026-09-27T19:30:00+0000&duration=PT30M from server.
Fetching https://www.freeview.co.uk/api/program?sid=12&nid=64403&pid=crid://csi.digitaluk.co.uk/e828a1bb-d7e6-4863-bc38-fce8de9a276f&start=2026-09-27T20:00:00+0000&duration=PT1H from server.
Fetching https://www.freeview.co.uk/api/program?sid=12&nid=64403&pid=crid://csi.digitaluk.co.uk/23cf7598-5fe7-44a9-bcbd-809521bb729b&start=2026-09-27T21:00:00+0000&duration=PT1H from server.
Fetching https://www.freeview.co.uk/api/program?sid=12&nid=64403&pid=crid://csi.digitaluk.co.uk/8ec449d7-fa5d-4b62-9625-3b7c06e5996d&start=2026-09-27T22:00:00+0000&duration=PT1H from server.
Fetching https://www.freeview.co.uk/api/program?sid=12&nid=64403&pid=crid://csi.digitaluk.co.uk/a114d2d1-67e8-4a38-9f8d-e6607f820015&start=2026-09-27T23:00:00+0000&duration=PT30M from server.
Fetching https://www.freeview.co.uk/api/program?sid=12&nid=64403&pid=crid://csi.digitaluk.co.uk/973f894e-a420-4367-824e-5cb323f185e2&start=2026-09-27T23:30:00+0000&duration=PT1H from server.
## Wanted 8448 
Fetching https://www.freeview.co.uk/api/program?sid=13&nid=64403&pid=crid://movida.bebanjo.net/mas/version/80555/001/POST2000/C&start=2026-09-27T00:10:00+0000&duration=PT55M from server.
Fetching https://www.freeview.co.uk/api/program?sid=13&nid=64403&pid=crid://movida.bebanjo.net/mas/version/80555/002/POST2000/C&start=2026-09-27T01:05:00+0000&duration=PT55M from server.
Fetching https://www.freeview.co.uk/api/program?sid=13&nid=64403&pid=crid://movida.bebanjo.net/mas/version/80555/003/POST2000/C&start=2026-09-27T02:00:00+0000&duration=PT50M from server.
Fetching https://www.freeview.co.uk/api/program?sid=13&nid=64403&pid=crid://csi.digitaluk.co.uk/80773572-f771-4ed7-9cdf-e09fc3929574&start=2026-09-27T02:50:00+0000&duration=PT45M from server.
Fetching https://www.freeview.co.uk/api/program?sid=13&nid=64403&pid=crid://csi.digitaluk.co.uk/8d9998ad-27dd-4d76-9e1f-ddbc28e7f91c&start=2026-09-27T03:35:00+0000&duration=PT1H25M from server.
Fetching https://www.freeview.co.uk/api/program?sid=13&nid=64403&pid=crid://csi.digitaluk.co.uk/65e27ca8-897d-4c18-a81b-609016a7ac06&start=2026-09-27T05:00:00+0000&duration=PT1H10M from server.
Fetching https://www.freeview.co.uk/api/program?sid=13&nid=64403&pid=crid://csi.digitaluk.co.uk/6e587ccd-0729-47a6-a92e-f7c6c8014029&start=2026-09-27T06:10:00+0000&duration=PT30M from server.
Fetching https://www.freeview.co.uk/api/program?sid=13&nid=64403&pid=crid://csi.digitaluk.co.uk/640bc869-6bd0-42b4-bf88-5dcf3c45a461&start=2026-09-27T06:40:00+0000&duration=PT25M from server.
Fetching https://www.freeview.co.uk/api/program?sid=13&nid=64403&pid=crid://csi.digitaluk.co.uk/ab608681-8ac1-4188-8f8e-10c75b4c690a&start=2026-09-27T07:05:00+0000&duration=PT35M from server.
Fetching https://www.freeview.co.uk/api/program?sid=13&nid=64403&pid=crid://csi.digitaluk.co.uk/c021a5f8-8a74-451d-9c61-aca72fa499d6&start=2026-09-27T07:40:00+0000&duration=PT25M from server.
Fetching https://www.freeview.co.uk/api/program?sid=13&nid=64403&pid=crid://csi.digitaluk.co.uk/d077e5e7-6926-4c16-93be-0e2b2fc6ec6c&start=2026-09-27T08:05:00+0000&duration=PT1H from server.
Fetching https://www.freeview.co.uk/api/program?sid=13&nid=64403&pid=crid://csi.digitaluk.co.uk/c99db68a-1c36-42ba-ad29-d7b1841997c4&start=2026-09-27T09:05:00+0000&duration=PT1H from server.
Fetching https://www.freeview.co.uk/api/program?sid=13&nid=64403&pid=crid://movida.bebanjo.net/mas/version/80668/005/POSTWATERSHED2100/C&start=2026-09-27T10:05:00+0000&duration=PT1H from server.
Fetching https://www.freeview.co.uk/api/program?sid=13&nid=64403&pid=crid://csi.digitaluk.co.uk/b70edf39-69bc-43ab-8a11-2071cbb6d3d7&start=2026-09-27T11:05:00+0000&duration=PT1H35M from server.
Fetching https://www.freeview.co.uk/api/program?sid=13&nid=64403&pid=crid://csi.digitaluk.co.uk/9f983dc9-0ffd-4736-81b3-59a93970ad0f&start=2026-09-27T12:40:00+0000&duration=PT25M from server.
Fetching https://www.freeview.co.uk/api/program?sid=13&nid=64403&pid=crid://csi.digitaluk.co.uk/e1f7c7e5-fe80-4a45-94ff-0683f4f9eb53&start=2026-09-27T13:05:00+0000&duration=PT30M from server.
Fetching https://www.freeview.co.uk/api/program?sid=13&nid=64403&pid=crid://csi.digitaluk.co.uk/cac0946c-fb5b-480e-ad1d-92dfb427ca23&start=2026-09-27T13:35:00+0000&duration=PT30M from server.
Fetching https://www.freeview.co.uk/api/program?sid=13&nid=64403&pid=crid://csi.digitaluk.co.uk/d7d92576-0012-47a0-943e-125beca890fc&start=2026-09-27T14:05:00+0000&duration=PT30M from server.
Fetching https://www.freeview.co.uk/api/program?sid=13&nid=64403&pid=crid://csi.digitaluk.co.uk/5308c801-c2b0-413b-8d82-67f18b86b978&start=2026-09-27T14:35:00+0000&duration=PT30M from server.
Fetching https://www.freeview.co.uk/api/program?sid=13&nid=64403&pid=crid://csi.digitaluk.co.uk/0265a78b-66da-4584-bfa1-56e14c89be5b&start=2026-09-27T15:05:00+0000&duration=PT35M from server.
Fetching https://www.freeview.co.uk/api/program?sid=13&nid=64403&pid=crid://csi.digitaluk.co.uk/5a9b9883-4d7c-443b-832e-14a65f271a2c&start=2026-09-27T15:40:00+0000&duration=PT25M from server.
Fetching https://www.freeview.co.uk/api/program?sid=13&nid=64403&pid=crid://csi.digitaluk.co.uk/1d1e40d3-891c-4b88-b37f-54c175d9ffec&start=2026-09-27T16:05:00+0000&duration=PT30M from server.
Fetching https://www.freeview.co.uk/api/program?sid=13&nid=64403&pid=crid://movida.bebanjo.net/mas/version/79413/007/ASDELIVERED/C&start=2026-09-27T16:35:00+0000&duration=PT1H35M from server.
Fetching https://www.freeview.co.uk/api/program?sid=13&nid=64403&pid=crid://csi.digitaluk.co.uk/c7f9f680-94e7-460e-ae07-114fe31f8f73&start=2026-09-27T18:10:00+0000&duration=PT1H50M from server.
Fetching https://www.freeview.co.uk/api/program?sid=13&nid=64403&pid=crid://csi.digitaluk.co.uk/0380ab7c-17b9-4dba-9f47-bf2f374a9158&start=2026-09-27T20:00:00+0000&duration=PT2H40M from server.
Fetching https://www.freeview.co.uk/api/program?sid=13&nid=64403&pid=crid://csi.digitaluk.co.uk/b8ad9591-1288-474f-8941-89a6d97948bd&start=2026-09-27T22:40:00+0000&duration=PT1H from server.
Fetching https://www.freeview.co.uk/api/program?sid=13&nid=64403&pid=crid://csi.digitaluk.co.uk/c7f83a8a-154c-4fad-8781-46c0110cb822&start=2026-09-27T23:40:00+0000&duration=PT1H from server.
### Wanted 8385 
Fetching https://www.freeview.co.uk/api/program?sid=14&nid=64403&pid=crid://movida.bebanjo.net/mas/version/48892/001/POSTWATERSHED2100/C&start=2026-09-27T00:30:00+0000&duration=PT1H55M from server.
Fetching https://www.freeview.co.uk/api/program?sid=14&nid=64403&pid=crid://csi.digitaluk.co.uk/82a03c5c-155e-4aa8-882f-157919bb7437&start=2026-09-27T02:25:00+0000&duration=PT3H35M from server.
Fetching https://www.freeview.co.uk/api/program?sid=14&nid=64403&pid=crid://csi.digitaluk.co.uk/cdd93351-b76f-4bd3-bccd-3ed5a431675c&start=2026-09-27T06:00:00+0000&duration=PT4H from server.
Fetching https://www.freeview.co.uk/api/program?sid=14&nid=64403&pid=crid://csi.digitaluk.co.uk/9a33a21b-f0e9-4d7d-8942-0e804fd25198&start=2026-09-27T10:00:00+0000&duration=PT2H5M from server.
Fetching https://www.freeview.co.uk/api/program?sid=14&nid=64403&pid=crid://csi.digitaluk.co.uk/017e6278-c835-4c9e-b0bd-3d82c0283d8e&start=2026-09-27T12:05:00+0000&duration=PT1H40M from server.
Fetching https://www.freeview.co.uk/api/program?sid=14&nid=64403&pid=crid://movida.bebanjo.net/mas/version/68021/001/ALLTIMESSWC/C&start=2026-09-27T13:45:00+0000&duration=PT1H45M from server.
Fetching https://www.freeview.co.uk/api/program?sid=14&nid=64403&pid=crid://csi.digitaluk.co.uk/0f398bd6-aa83-4926-a753-652ae5822528&start=2026-09-27T15:30:00+0000&duration=PT2H from server.
Fetching https://www.freeview.co.uk/api/program?sid=14&nid=64403&pid=crid://csi.digitaluk.co.uk/2320d7a9-3c73-4a4b-8cf1-790d709bb3bc&start=2026-09-27T17:30:00+0000&duration=PT2H30M from server.
Fetching https://www.freeview.co.uk/api/program?sid=14&nid=64403&pid=crid://movida.bebanjo.net/mas/version/77970/001/POST2200/C&start=2026-09-27T20:00:00+0000&duration=PT2H5M from server.
Fetching https://www.freeview.co.uk/api/program?sid=14&nid=64403&pid=crid://csi.digitaluk.co.uk/70a1d57c-65c6-49e0-9df9-29e4f7a5391e&start=2026-09-27T22:05:00+0000&duration=PT2H from server.
## Wanted 27328 
Fetching https://www.freeview.co.uk/api/program?sid=17&nid=64403&pid=crid://csi.digitaluk.co.uk/6a0a7db4-ce40-472b-9f00-b8e9aabc0dba&start=2026-09-27T00:00:00+0000&duration=PT1H from server.
Fetching https://www.freeview.co.uk/api/program?sid=17&nid=64403&pid=crid://csi.digitaluk.co.uk/40afc3b1-07ff-41d0-bbb7-fe67f5f03ff1&start=2026-09-27T01:00:00+0000&duration=PT1H from server.
Fetching https://www.freeview.co.uk/api/program?sid=17&nid=64403&pid=crid://csi.digitaluk.co.uk/28a49e48-099d-41e9-bc0a-322f7704ab42&start=2026-09-27T02:00:00+0000&duration=PT1H from server.
Fetching https://www.freeview.co.uk/api/program?sid=17&nid=64403&pid=crid://csi.digitaluk.co.uk/83a8fcc5-821e-443c-8258-307191477834&start=2026-09-27T03:00:00+0000&duration=PT30M from server.
Fetching https://www.freeview.co.uk/api/program?sid=17&nid=64403&pid=crid://csi.digitaluk.co.uk/26219f47-42c1-4aba-9b69-0d48bcd295e6&start=2026-09-27T03:30:00+0000&duration=PT30M from server.
Fetching https://www.freeview.co.uk/api/program?sid=17&nid=64403&pid=crid://csi.digitaluk.co.uk/ff38bdd0-bebd-4640-9743-ebbe37c0da2d&start=2026-09-27T04:00:00+0000&duration=PT30M from server.
Fetching https://www.freeview.co.uk/api/program?sid=17&nid=64403&pid=crid://csi.digitaluk.co.uk/d5bc4e7e-ff4d-4ba8-9557-69e34feeb10b&start=2026-09-27T04:30:00+0000&duration=PT30M from server.
Fetching https://www.freeview.co.uk/api/program?sid=17&nid=64403&pid=crid://csi.digitaluk.co.uk/2c43878d-8ca2-4c92-a744-d654086b15e3&start=2026-09-27T05:00:00+0000&duration=PT1H from server.
Fetching https://www.freeview.co.uk/api/program?sid=17&nid=64403&pid=crid://csi.digitaluk.co.uk/3cf9c27b-e8fd-4d05-ba37-5f3918a916b1&start=2026-09-27T06:00:00+0000&duration=PT1H from server.
Fetching https://www.freeview.co.uk/api/program?sid=17&nid=64403&pid=crid://csi.digitaluk.co.uk/28995df2-f4af-4c24-b995-42485c46bd36&start=2026-09-27T07:00:00+0000&duration=PT1H from server.
Fetching https://www.freeview.co.uk/api/program?sid=17&nid=64403&pid=crid://csi.digitaluk.co.uk/d44847cd-6127-45ac-81b9-8a460919ba2a&start=2026-09-27T08:00:00+0000&duration=PT1H from server.
Fetching https://www.freeview.co.uk/api/program?sid=17&nid=64403&pid=crid://csi.digitaluk.co.uk/deb47932-5580-45c3-ad56-3a72c6df1f40&start=2026-09-27T09:00:00+0000&duration=PT1H from server.
Fetching https://www.freeview.co.uk/api/program?sid=17&nid=64403&pid=crid://csi.digitaluk.co.uk/5442733a-7313-4987-b6ab-2ec7486f4d09&start=2026-09-27T10:00:00+0000&duration=PT1H from server.
Fetching https://www.freeview.co.uk/api/program?sid=17&nid=64403&pid=crid://csi.digitaluk.co.uk/ccb53085-a3bd-4816-9566-2f923317e0dd&start=2026-09-27T11:00:00+0000&duration=PT1H from server.
Fetching https://www.freeview.co.uk/api/program?sid=17&nid=64403&pid=crid://csi.digitaluk.co.uk/df8986be-1408-4ede-a45a-1446a84ba580&start=2026-09-27T12:00:00+0000&duration=PT1H from server.
Fetching https://www.freeview.co.uk/api/program?sid=17&nid=64403&pid=crid://csi.digitaluk.co.uk/7b06266e-27c3-4e14-96eb-debfbb5abcd8&start=2026-09-27T13:00:00+0000&duration=PT1H from server.
Fetching https://www.freeview.co.uk/api/program?sid=17&nid=64403&pid=crid://csi.digitaluk.co.uk/1bbd2cf0-fd75-4a11-b5de-006a914445bf&start=2026-09-27T14:00:00+0000&duration=PT1H from server.
Fetching https://www.freeview.co.uk/api/program?sid=17&nid=64403&pid=crid://csi.digitaluk.co.uk/7980997f-f1aa-4b06-936c-256d9dec51ad&start=2026-09-27T15:00:00+0000&duration=PT1H from server.
Fetching https://www.freeview.co.uk/api/program?sid=17&nid=64403&pid=crid://csi.digitaluk.co.uk/dd00af80-ed9e-47c8-b022-5d3fbf4ef060&start=2026-09-27T16:00:00+0000&duration=PT1H from server.
Fetching https://www.freeview.co.uk/api/program?sid=17&nid=64403&pid=crid://csi.digitaluk.co.uk/0eb74b86-670e-48f7-90cf-47ae102eec96&start=2026-09-27T17:00:00+0000&duration=PT1H from server.
Fetching https://www.freeview.co.uk/api/program?sid=17&nid=64403&pid=crid://csi.digitaluk.co.uk/46da6d73-8c91-4e91-98e4-e49dc1d8a3d0&start=2026-09-27T18:00:00+0000&duration=PT1H from server.
Fetching https://www.freeview.co.uk/api/program?sid=17&nid=64403&pid=crid://csi.digitaluk.co.uk/927f1a63-be17-41d2-987c-fe749c1d0ef8&start=2026-09-27T19:00:00+0000&duration=PT1H from server.
Fetching https://www.freeview.co.uk/api/program?sid=17&nid=64403&pid=crid://csi.digitaluk.co.uk/d3dbd93a-c248-41fc-9ed5-861a91588344&start=2026-09-27T20:00:00+0000&duration=PT1H from server.
Fetching https://www.freeview.co.uk/api/program?sid=17&nid=64403&pid=crid://csi.digitaluk.co.uk/8606924b-019c-4b29-b2b9-c63622660605&start=2026-09-27T21:00:00+0000&duration=PT1H from server.
Fetching https://www.freeview.co.uk/api/program?sid=17&nid=64403&pid=crid://csi.digitaluk.co.uk/b12d5d4c-20da-4db8-a392-8bb3d00ff68b&start=2026-09-27T22:00:00+0000&duration=PT1H from server.
Fetching https://www.freeview.co.uk/api/program?sid=17&nid=64403&pid=crid://csi.digitaluk.co.uk/f8e62373-417f-41cd-8484-1cdc4f24429b&start=2026-09-27T23:00:00+0000&duration=PT1H from server.
### Wanted 8442 
Fetching https://www.freeview.co.uk/api/program?sid=18&nid=64403&pid=crid://csi.digitaluk.co.uk/d5950fd3-cfd9-4864-89cd-a6c8e24c3f4c&start=2026-09-27T00:10:00+0000&duration=PT1H5M from server.
Fetching https://www.freeview.co.uk/api/program?sid=18&nid=64403&pid=crid://csi.digitaluk.co.uk/a8eeaaed-3a62-459f-b441-95dfa93a8c5e&start=2026-09-27T01:15:00+0000&duration=PT1H5M from server.
Fetching https://www.freeview.co.uk/api/program?sid=18&nid=64403&pid=crid://csi.digitaluk.co.uk/b4a986a3-06e0-4b1b-9a08-90b516409c07&start=2026-09-27T02:20:00+0000&duration=PT30M from server.
Fetching https://www.freeview.co.uk/api/program?sid=18&nid=64403&pid=crid://csi.digitaluk.co.uk/704c8976-84d0-42cd-b3ba-ac6191db68fa&start=2026-09-27T02:50:00+0000&duration=PT3H10M from server.
Fetching https://www.freeview.co.uk/api/program?sid=18&nid=64403&pid=crid://csi.digitaluk.co.uk/56cf8761-0f33-4da9-a4df-404554b7faaa&start=2026-09-27T06:00:00+0000&duration=PT1H55M from server.
Fetching https://www.freeview.co.uk/api/program?sid=18&nid=64403&pid=crid://csi.digitaluk.co.uk/23eab25e-962c-4343-95bd-654c877e9ece&start=2026-09-27T07:55:00+0000&duration=PT1H5M from server.
Fetching https://www.freeview.co.uk/api/program?sid=18&nid=64403&pid=crid://csi.digitaluk.co.uk/24dc79e8-6e52-44ed-ab06-68be746cca26&start=2026-09-27T09:00:00+0000&duration=PT1H from server.
Fetching https://www.freeview.co.uk/api/program?sid=18&nid=64403&pid=crid://csi.digitaluk.co.uk/d295d676-95b4-4967-b54d-cf096a7d2b63&start=2026-09-27T10:00:00+0000&duration=PT1H from server.
Fetching https://www.freeview.co.uk/api/program?sid=18&nid=64403&pid=crid://csi.digitaluk.co.uk/9cebf79a-25bb-4fd6-9721-7c8fe862ec79&start=2026-09-27T11:00:00+0000&duration=PT1H from server.
Fetching https://www.freeview.co.uk/api/program?sid=18&nid=64403&pid=crid://csi.digitaluk.co.uk/56313b20-5554-4735-9936-d4ff7ca9446d&start=2026-09-27T12:00:00+0000&duration=PT1H from server.
Fetching https://www.freeview.co.uk/api/program?sid=18&nid=64403&pid=crid://csi.digitaluk.co.uk/8e3cbd60-c0a9-4f79-9621-880fda2f9c95&start=2026-09-27T13:00:00+0000&duration=PT1H from server.
Fetching https://www.freeview.co.uk/api/program?sid=18&nid=64403&pid=crid://csi.digitaluk.co.uk/255bb347-8ba5-422b-b4ed-42338cd02aa1&start=2026-09-27T14:00:00+0000&duration=PT50M from server.
Fetching https://www.freeview.co.uk/api/program?sid=18&nid=64403&pid=crid://csi.digitaluk.co.uk/d885952f-bd4b-4d6b-909e-2904a8e69803&start=2026-09-27T14:50:00+0000&duration=PT30M from server.
Fetching https://www.freeview.co.uk/api/program?sid=18&nid=64403&pid=crid://csi.digitaluk.co.uk/5b33c2c3-9190-4e9c-a849-0fd9dba1e6cd&start=2026-09-27T15:20:00+0000&duration=PT30M from server.
Fetching https://www.freeview.co.uk/api/program?sid=18&nid=64403&pid=crid://csi.digitaluk.co.uk/0ba95f8c-022e-4139-af5f-ab00c2da9ebd&start=2026-09-27T15:50:00+0000&duration=PT30M from server.
Fetching https://www.freeview.co.uk/api/program?sid=18&nid=64403&pid=crid://csi.digitaluk.co.uk/e63b73e4-494c-48d6-afe0-03d0be373153&start=2026-09-27T16:20:00+0000&duration=PT30M from server.
Fetching https://www.freeview.co.uk/api/program?sid=18&nid=64403&pid=crid://csi.digitaluk.co.uk/6da4bd26-de70-4362-8046-d8da6e0bed6e&start=2026-09-27T16:50:00+0000&duration=PT30M from server.
Fetching https://www.freeview.co.uk/api/program?sid=18&nid=64403&pid=crid://csi.digitaluk.co.uk/057b204e-20d6-42d6-8fb7-fa48616a3777&start=2026-09-27T17:20:00+0000&duration=PT35M from server.
Fetching https://www.freeview.co.uk/api/program?sid=18&nid=64403&pid=crid://csi.digitaluk.co.uk/4e881968-f897-46aa-9467-61fed28aaa78&start=2026-09-27T17:55:00+0000&duration=PT30M from server.
Fetching https://www.freeview.co.uk/api/program?sid=18&nid=64403&pid=crid://csi.digitaluk.co.uk/eee023f2-d8fb-43c0-8522-efbeed7619cc&start=2026-09-27T18:25:00+0000&duration=PT30M from server.
Fetching https://www.freeview.co.uk/api/program?sid=18&nid=64403&pid=crid://csi.digitaluk.co.uk/194bad06-ae73-47e0-a837-867ef41acfee&start=2026-09-27T18:55:00+0000&duration=PT35M from server.
Fetching https://www.freeview.co.uk/api/program?sid=18&nid=64403&pid=crid://csi.digitaluk.co.uk/5a823627-e179-4b20-a797-81728eae7c71&start=2026-09-27T19:30:00+0000&duration=PT30M from server.
Fetching https://www.freeview.co.uk/api/program?sid=18&nid=64403&pid=crid://movida.bebanjo.net/mas/version/77858/007/ASDELIVERED/C&start=2026-09-27T20:00:00+0000&duration=PT1H from server.
Fetching https://www.freeview.co.uk/api/program?sid=18&nid=64403&pid=crid://csi.digitaluk.co.uk/d01bf06f-d777-4c7b-895a-b60d8ace1489&start=2026-09-27T21:00:00+0000&duration=PT1H from server.
Fetching https://www.freeview.co.uk/api/program?sid=18&nid=64403&pid=crid://csi.digitaluk.co.uk/291e309c-ced3-4438-b0b2-80c3ae292a6a&start=2026-09-27T22:00:00+0000&duration=PT1H from server.
Fetching https://www.freeview.co.uk/api/program?sid=18&nid=64403&pid=crid://csi.digitaluk.co.uk/c957a31e-cb2d-4d8f-b9c7-c3e4c8b4a423&start=2026-09-27T23:00:00+0000&duration=PT1H5M from server.
## Wanted 12992 
Fetching https://www.freeview.co.uk/api/program?sid=21&nid=64403&pid=crid://panorama.five.tv/versions/C5526240006A&start=2026-09-27T00:55:00+0000&duration=PT1H from server.
Fetching https://www.freeview.co.uk/api/program?sid=21&nid=64403&pid=crid://panorama.five.tv/versions/C5526240007C&start=2026-09-27T01:55:00+0000&duration=PT50M from server.
Fetching https://www.freeview.co.uk/api/program?sid=21&nid=64403&pid=crid://panorama.five.tv/versions/C5522700040A&start=2026-09-27T02:45:00+0000&duration=PT15M from server.
Fetching https://www.freeview.co.uk/api/program?sid=21&nid=64403&pid=crid://panorama.five.tv/versions/C5266540001A&start=2026-09-27T03:00:00+0000&duration=PT2H from server.
Fetching https://www.freeview.co.uk/api/program?sid=21&nid=64403&pid=crid://panorama.five.tv/versions/C5474060001A&start=2026-09-27T05:00:00+0000&duration=PT3H from server.
Fetching https://www.freeview.co.uk/api/program?sid=21&nid=64403&pid=crid://panorama.five.tv/versions/C5526200028A&start=2026-09-27T08:00:00+0000&duration=PT25M from server.
Fetching https://www.freeview.co.uk/api/program?sid=21&nid=64403&pid=crid://panorama.five.tv/versions/C5479960005A&start=2026-09-27T08:25:00+0000&duration=PT55M from server.
Fetching https://www.freeview.co.uk/api/program?sid=21&nid=64403&pid=crid://panorama.five.tv/versions/C5479960006A&start=2026-09-27T09:20:00+0000&duration=PT1H from server.
Fetching https://www.freeview.co.uk/api/program?sid=21&nid=64403&pid=crid://panorama.five.tv/versions/C5479960007A&start=2026-09-27T10:20:00+0000&duration=PT55M from server.
Fetching https://www.freeview.co.uk/api/program?sid=21&nid=64403&pid=crid://panorama.five.tv/versions/C5479960008A&start=2026-09-27T11:15:00+0000&duration=PT1H from server.
Fetching https://www.freeview.co.uk/api/program?sid=21&nid=64403&pid=crid://panorama.five.tv/versions/C5084510001C&start=2026-09-27T12:15:00+0000&duration=PT1H35M from server.
Fetching https://www.freeview.co.uk/api/program?sid=21&nid=64403&pid=crid://panorama.five.tv/versions/C5084490001C&start=2026-09-27T13:50:00+0000&duration=PT1H30M from server.
Fetching https://www.freeview.co.uk/api/program?sid=21&nid=64403&pid=crid://panorama.five.tv/versions/C5085340001E&start=2026-09-27T15:20:00+0000&duration=PT1H40M from server.
Fetching https://www.freeview.co.uk/api/program?sid=21&nid=64403&pid=crid://panorama.five.tv/versions/C5085300001B&start=2026-09-27T17:00:00+0000&duration=PT2H from server.
Fetching https://www.freeview.co.uk/api/program?sid=21&nid=64403&pid=crid://panorama.five.tv/versions/C5084130001B&start=2026-09-27T19:00:00+0000&duration=PT2H from server.
Fetching https://www.freeview.co.uk/api/program?sid=21&nid=64403&pid=crid://panorama.five.tv/versions/C5539260002A&start=2026-09-27T21:00:00+0000&duration=PT1H from server.
Fetching https://www.freeview.co.uk/api/program?sid=21&nid=64403&pid=crid://panorama.five.tv/versions/C5539260003A&start=2026-09-27T22:00:00+0000&duration=PT1H from server.
Fetching https://www.freeview.co.uk/api/program?sid=21&nid=64403&pid=crid://panorama.five.tv/versions/C5443620001A&start=2026-09-27T23:00:00+0000&duration=PT1H from server.
### Wanted 12928 
Fetching https://www.freeview.co.uk/api/program?sid=32&nid=64403&pid=crid://panorama.five.tv/versions/C5514290001A&start=2026-09-27T00:20:00+0000&duration=PT1H15M from server.
Fetching https://www.freeview.co.uk/api/program?sid=32&nid=64403&pid=crid://panorama.five.tv/versions/C5491950003A&start=2026-09-27T01:35:00+0000&duration=PT50M from server.
Fetching https://www.freeview.co.uk/api/program?sid=32&nid=64403&pid=crid://panorama.five.tv/versions/C5164553187B&start=2026-09-27T02:25:00+0000&duration=PT25M from server.
Fetching https://www.freeview.co.uk/api/program?sid=32&nid=64403&pid=crid://panorama.five.tv/versions/C5522700040A&start=2026-09-27T02:50:00+0000&duration=PT10M from server.
Fetching https://www.freeview.co.uk/api/program?sid=32&nid=64403&pid=crid://panorama.five.tv/versions/C5266540001A&start=2026-09-27T03:00:00+0000&duration=PT2H from server.
Fetching https://www.freeview.co.uk/api/program?sid=32&nid=64403&pid=crid://panorama.five.tv/versions/C5266540001A&start=2026-09-27T05:00:00+0000&duration=PT1H from server.
Fetching https://www.freeview.co.uk/api/program?sid=32&nid=64403&pid=crid://panorama.five.tv/versions/C5326820001A&start=2026-09-27T06:00:00+0000&duration=PT30M from server.
Fetching https://www.freeview.co.uk/api/program?sid=32&nid=64403&pid=crid://panorama.five.tv/versions/C5266540001A&start=2026-09-27T06:30:00+0000&duration=PT30M from server.
Fetching https://www.freeview.co.uk/api/program?sid=32&nid=64403&pid=crid://panorama.five.tv/versions/C5508810015A&start=2026-09-27T07:00:00+0000&duration=PT1H from server.
Fetching https://www.freeview.co.uk/api/program?sid=32&nid=64403&pid=crid://panorama.five.tv/versions/C5508810016A&start=2026-09-27T08:00:00+0000&duration=PT1H from server.
Fetching https://www.freeview.co.uk/api/program?sid=32&nid=64403&pid=crid://panorama.five.tv/versions/C5500360016A&start=2026-09-27T09:00:00+0000&duration=PT1H from server.
Fetching https://www.freeview.co.uk/api/program?sid=32&nid=64403&pid=crid://panorama.five.tv/versions/C5500360017B&start=2026-09-27T10:00:00+0000&duration=PT1H from server.
Fetching https://www.freeview.co.uk/api/program?sid=32&nid=64403&pid=crid://panorama.five.tv/versions/C5500360018A&start=2026-09-27T11:00:00+0000&duration=PT1H from server.
Fetching https://www.freeview.co.uk/api/program?sid=32&nid=64403&pid=crid://panorama.five.tv/versions/C5502620017D&start=2026-09-27T12:00:00+0000&duration=PT1H from server.
Fetching https://www.freeview.co.uk/api/program?sid=32&nid=64403&pid=crid://panorama.five.tv/versions/C5502620005C&start=2026-09-27T13:00:00+0000&duration=PT1H from server.
Fetching https://www.freeview.co.uk/api/program?sid=32&nid=64403&pid=crid://panorama.five.tv/versions/C5502620019B&start=2026-09-27T14:00:00+0000&duration=PT1H from server.
Fetching https://www.freeview.co.uk/api/program?sid=32&nid=64403&pid=crid://panorama.five.tv/versions/C5502620004B&start=2026-09-27T15:00:00+0000&duration=PT1H from server.
Fetching https://www.freeview.co.uk/api/program?sid=32&nid=64403&pid=crid://panorama.five.tv/versions/C5234850004E&start=2026-09-27T16:00:00+0000&duration=PT1H from server.
Fetching https://www.freeview.co.uk/api/program?sid=32&nid=64403&pid=crid://panorama.five.tv/versions/C5234850005F&start=2026-09-27T17:00:00+0000&duration=PT1H from server.
Fetching https://www.freeview.co.uk/api/program?sid=32&nid=64403&pid=crid://panorama.five.tv/versions/C5234850006E&start=2026-09-27T18:00:00+0000&duration=PT1H from server.
Fetching https://www.freeview.co.uk/api/program?sid=32&nid=64403&pid=crid://panorama.five.tv/versions/C5234850007C&start=2026-09-27T19:00:00+0000&duration=PT1H from server.
Fetching https://www.freeview.co.uk/api/program?sid=32&nid=64403&pid=crid://panorama.five.tv/versions/C5509500006A&start=2026-09-27T20:00:00+0000&duration=PT1H from server.
Fetching https://www.freeview.co.uk/api/program?sid=32&nid=64403&pid=crid://panorama.five.tv/versions/C5455390009A&start=2026-09-27T21:00:00+0000&duration=PT1H from server.
Fetching https://www.freeview.co.uk/api/program?sid=32&nid=64403&pid=crid://panorama.five.tv/versions/C5414000005A&start=2026-09-27T22:00:00+0000&duration=PT1H from server.
Fetching https://www.freeview.co.uk/api/program?sid=32&nid=64403&pid=crid://panorama.five.tv/versions/C5525380009A&start=2026-09-27T23:00:00+0000&duration=PT1H from server.
## Wanted 16112 
Fetching https://www.freeview.co.uk/api/program?sid=33&nid=64403&pid=crid://panorama.five.tv/versions/C5213950006A&start=2026-09-27T00:50:00+0000&duration=PT55M from server.
Fetching https://www.freeview.co.uk/api/program?sid=33&nid=64403&pid=crid://panorama.five.tv/versions/C5213950007A&start=2026-09-27T01:45:00+0000&duration=PT50M from server.
Fetching https://www.freeview.co.uk/api/program?sid=33&nid=64403&pid=crid://panorama.five.tv/versions/C5487460004A&start=2026-09-27T02:35:00+0000&duration=PT15M from server.
Fetching https://www.freeview.co.uk/api/program?sid=33&nid=64403&pid=crid://panorama.five.tv/versions/C5522700039A&start=2026-09-27T02:50:00+0000&duration=PT10M from server.
Fetching https://www.freeview.co.uk/api/program?sid=33&nid=64403&pid=crid://panorama.five.tv/versions/C5340000001A&start=2026-09-27T03:00:00+0000&duration=PT2H from server.
Fetching https://www.freeview.co.uk/api/program?sid=33&nid=64403&pid=crid://panorama.five.tv/versions/C5266540001A&start=2026-09-27T05:00:00+0000&duration=PT1H from server.
Fetching https://www.freeview.co.uk/api/program?sid=33&nid=64403&pid=crid://panorama.five.tv/versions/C5349600001A&start=2026-09-27T06:00:00+0000&duration=PT1H from server.
Fetching https://www.freeview.co.uk/api/program?sid=33&nid=64403&pid=crid://panorama.five.tv/versions/C5349600001A&start=2026-09-27T07:00:00+0000&duration=PT1H from server.
Fetching https://www.freeview.co.uk/api/program?sid=33&nid=64403&pid=crid://panorama.five.tv/versions/C5522700040A&start=2026-09-27T08:00:00+0000&duration=PT15M from server.
Fetching https://www.freeview.co.uk/api/program?sid=33&nid=64403&pid=crid://panorama.five.tv/versions/C5406840001B&start=2026-09-27T08:15:00+0000&duration=PT30M from server.
Fetching https://www.freeview.co.uk/api/program?sid=33&nid=64403&pid=crid://panorama.five.tv/versions/C5168100001B&start=2026-09-27T08:45:00+0000&duration=PT1H from server.
Fetching https://www.freeview.co.uk/api/program?sid=33&nid=64403&pid=crid://panorama.five.tv/versions/C5168100002C&start=2026-09-27T09:45:00+0000&duration=PT1H from server.
Fetching https://www.freeview.co.uk/api/program?sid=33&nid=64403&pid=crid://panorama.five.tv/versions/C5168100003D&start=2026-09-27T10:45:00+0000&duration=PT1H from server.
Fetching https://www.freeview.co.uk/api/program?sid=33&nid=64403&pid=crid://panorama.five.tv/versions/C5088820001B&start=2026-09-27T11:45:00+0000&duration=PT1H from server.
Fetching https://www.freeview.co.uk/api/program?sid=33&nid=64403&pid=crid://csi.digitaluk.co.uk/d36c8a8d-c0c1-4fae-9e52-f678675fe59e&start=2026-09-27T12:45:00+0000&duration=PT5M from server.
Fetching https://www.freeview.co.uk/api/program?sid=33&nid=64403&pid=crid://panorama.five.tv/versions/C5088820001B&start=2026-09-27T12:50:00+0000&duration=PT1H5M from server.
Fetching https://www.freeview.co.uk/api/program?sid=33&nid=64403&pid=crid://panorama.five.tv/versions/C5071100001B&start=2026-09-27T13:55:00+0000&duration=PT1H from server.
Fetching https://www.freeview.co.uk/api/program?sid=33&nid=64403&pid=crid://csi.digitaluk.co.uk/392d84e9-886a-4417-836e-2c10fa3fe462&start=2026-09-27T14:55:00+0000&duration=PT5M from server.
Fetching https://www.freeview.co.uk/api/program?sid=33&nid=64403&pid=crid://panorama.five.tv/versions/C5071100001B&start=2026-09-27T15:00:00+0000&duration=PT1H10M from server.
Fetching https://www.freeview.co.uk/api/program?sid=33&nid=64403&pid=crid://panorama.five.tv/versions/C5487460002A&start=2026-09-27T16:10:00+0000&duration=PT20M from server.
Fetching https://www.freeview.co.uk/api/program?sid=33&nid=64403&pid=crid://panorama.five.tv/versions/C5540880003B&start=2026-09-27T16:30:00+0000&duration=PT3H30M from server.
Fetching https://www.freeview.co.uk/api/program?sid=33&nid=64403&pid=crid://panorama.five.tv/versions/C5526200006A&start=2026-09-27T20:00:00+0000&duration=PT30M from server.
Fetching https://www.freeview.co.uk/api/program?sid=33&nid=64403&pid=crid://panorama.five.tv/versions/C5526200007A&start=2026-09-27T20:30:00+0000&duration=PT30M from server.
Fetching https://www.freeview.co.uk/api/program?sid=33&nid=64403&pid=crid://panorama.five.tv/versions/C5499550003A&start=2026-09-27T21:00:00+0000&duration=PT1H30M from server.
Fetching https://www.freeview.co.uk/api/program?sid=33&nid=64403&pid=crid://panorama.five.tv/versions/C5455330004C&start=2026-09-27T22:30:00+0000&duration=PT1H5M from server.
Fetching https://www.freeview.co.uk/api/program?sid=33&nid=64403&pid=crid://panorama.five.tv/versions/C5455330005A&start=2026-09-27T23:35:00+0000&duration=PT1H from server.
### Wanted 8373 
Fetching https://www.freeview.co.uk/api/program?sid=35&nid=64403&pid=crid://csi.digitaluk.co.uk/cfc5a829-944f-4250-8679-00f17aae7aa9&start=2026-09-27T01:25:00+0000&duration=PT1H35M from server.
Fetching https://www.freeview.co.uk/api/program?sid=35&nid=64403&pid=crid://csi.digitaluk.co.uk/94454c8b-2956-4cb6-a6cf-d8185bc8a1b0&start=2026-09-27T03:00:00+0000&duration=PT25M from server.
Fetching https://www.freeview.co.uk/api/program?sid=35&nid=64403&pid=crid://csi.digitaluk.co.uk/cbabbf8f-2852-4eca-a7de-4eb315f478c9&start=2026-09-27T03:25:00+0000&duration=PT25M from server.
Fetching https://www.freeview.co.uk/api/program?sid=35&nid=64403&pid=crid://csi.digitaluk.co.uk/52895bc6-59d2-4932-82fc-9b813b8fd667&start=2026-09-27T03:50:00+0000&duration=PT1H15M from server.
Fetching https://www.freeview.co.uk/api/program?sid=35&nid=64403&pid=crid://csi.digitaluk.co.uk/80a73d74-9f21-4dee-8d41-c7425a53545f&start=2026-09-27T05:05:00+0000&duration=PT55M from server.
Fetching https://www.freeview.co.uk/api/program?sid=35&nid=64403&pid=crid://csi.digitaluk.co.uk/585b3bbf-6b13-4cc4-ba47-5fbd2210f170&start=2026-09-27T06:00:00+0000&duration=PT1H from server.
Fetching https://www.freeview.co.uk/api/program?sid=35&nid=64403&pid=crid://csi.digitaluk.co.uk/3743360c-b97f-4daf-8ea4-e8e32c7b874c&start=2026-09-27T07:00:00+0000&duration=PT2H25M from server.
Fetching https://www.freeview.co.uk/api/program?sid=35&nid=64403&pid=crid://csi.digitaluk.co.uk/2e5b23a8-84f0-467c-b1bb-b5bf8331404c&start=2026-09-27T09:25:00+0000&duration=PT5M from server.
Fetching https://www.freeview.co.uk/api/program?sid=35&nid=64403&pid=crid://csi.digitaluk.co.uk/749c6f5a-b19f-47a9-abeb-9dd6687c8ac1&start=2026-09-27T09:30:00+0000&duration=PT2H from server.
Fetching https://www.freeview.co.uk/api/program?sid=35&nid=64403&pid=crid://www.stv.tv/programInformation/234362&start=2026-09-27T11:30:00+0000&duration=PT1H from server.
Fetching https://www.freeview.co.uk/api/program?sid=35&nid=64403&pid=crid://csi.digitaluk.co.uk/1ebd213b-731e-4e7a-bfbd-981ac2248b69&start=2026-09-27T12:30:00+0000&duration=PT30M from server.
Fetching https://www.freeview.co.uk/api/program?sid=35&nid=64403&pid=crid://csi.digitaluk.co.uk/4b5b3bcc-f6af-457b-a874-919fd21a5351&start=2026-09-27T13:00:00+0000&duration=PT30M from server.
Fetching https://www.freeview.co.uk/api/program?sid=35&nid=64403&pid=crid://csi.digitaluk.co.uk/8b0ed066-edc7-4d21-9433-12ee43d3a3c3&start=2026-09-27T13:30:00+0000&duration=PT15M from server.
Fetching https://www.freeview.co.uk/api/program?sid=35&nid=64403&pid=crid://csi.digitaluk.co.uk/9310d867-70f5-494e-80de-e3ca21a5d4f0&start=2026-09-27T13:45:00+0000&duration=PT45M from server.
Fetching https://www.freeview.co.uk/api/program?sid=35&nid=64403&pid=crid://csi.digitaluk.co.uk/a6a58303-0e78-4a46-95f5-b66c5e1c06ba&start=2026-09-27T14:30:00+0000&duration=PT2H40M from server.
Fetching https://www.freeview.co.uk/api/program?sid=35&nid=64403&pid=crid://csi.digitaluk.co.uk/585b3ba1-bffb-4594-87d1-a85e44bf9927&start=2026-09-27T17:10:00+0000&duration=PT35M from server.
Fetching https://www.freeview.co.uk/api/program?sid=35&nid=64403&pid=crid://csi.digitaluk.co.uk/1948c9bd-4558-4c42-aba2-9ed0ac7fcfe5&start=2026-09-27T17:45:00+0000&duration=PT50M from server.
Fetching https://www.freeview.co.uk/api/program?sid=35&nid=64403&pid=crid://csi.digitaluk.co.uk/8c49d4f7-eb21-4bdf-b97e-7d7083b0db73&start=2026-09-27T18:35:00+0000&duration=PT10M from server.
Fetching https://www.freeview.co.uk/api/program?sid=35&nid=64403&pid=crid://csi.digitaluk.co.uk/2cac083f-ae2f-4932-ad1d-97c0c4af69e0&start=2026-09-27T18:45:00+0000&duration=PT15M from server.
Fetching https://www.freeview.co.uk/api/program?sid=35&nid=64403&pid=crid://www.stv.tv/programInformation/234365&start=2026-09-27T19:00:00+0000&duration=PT1H from server.
Fetching https://www.freeview.co.uk/api/program?sid=35&nid=64403&pid=crid://csi.digitaluk.co.uk/5cf0c4c9-6b67-439d-b5e3-e2487a213722&start=2026-09-27T20:00:00+0000&duration=PT1H from server.
Fetching https://www.freeview.co.uk/api/program?sid=35&nid=64403&pid=crid://csi.digitaluk.co.uk/dd8d9d49-0c0e-437d-adc6-abd3acbf6852&start=2026-09-27T21:00:00+0000&duration=PT1H from server.
Fetching https://www.freeview.co.uk/api/program?sid=35&nid=64403&pid=crid://csi.digitaluk.co.uk/b9aa07e3-0f15-4529-9b11-6a53fc3c1048&start=2026-09-27T22:00:00+0000&duration=PT25M from server.
Fetching https://www.freeview.co.uk/api/program?sid=35&nid=64403&pid=crid://csi.digitaluk.co.uk/d45ea47c-8a91-47c8-b5bf-f991b070c097&start=2026-09-27T22:25:00+0000&duration=PT1H35M from server.
## Wanted 27680 
Fetching https://www.freeview.co.uk/api/program?sid=39&nid=64403&pid=crid://csi.digitaluk.co.uk/8c7ca8d3-f6a4-459f-9fe7-ffcb964bd4d5&start=2026-09-27T00:00:00+0000&duration=PT1H from server.
Fetching https://www.freeview.co.uk/api/program?sid=39&nid=64403&pid=crid://csi.digitaluk.co.uk/1265f0bd-7579-4c35-9863-ed53b89ff782&start=2026-09-27T01:00:00+0000&duration=PT30M from server.
Fetching https://www.freeview.co.uk/api/program?sid=39&nid=64403&pid=crid://csi.digitaluk.co.uk/38b7a3bb-1f93-4685-a5b4-b0b91a167f34&start=2026-09-27T01:30:00+0000&duration=PT30M from server.
Fetching https://www.freeview.co.uk/api/program?sid=39&nid=64403&pid=crid://csi.digitaluk.co.uk/16830758-a357-4702-9b27-1ba7b005f7c9&start=2026-09-27T02:00:00+0000&duration=PT30M from server.
Fetching https://www.freeview.co.uk/api/program?sid=39&nid=64403&pid=crid://csi.digitaluk.co.uk/e7a4ab52-98fb-4cb9-8c1b-d6647eb9af26&start=2026-09-27T02:30:00+0000&duration=PT30M from server.
Fetching https://www.freeview.co.uk/api/program?sid=39&nid=64403&pid=crid://csi.digitaluk.co.uk/262e6b93-b02d-4b54-bc3e-a50e3b0993dc&start=2026-09-27T03:00:00+0000&duration=PT30M from server.
Fetching https://www.freeview.co.uk/api/program?sid=39&nid=64403&pid=crid://csi.digitaluk.co.uk/147cc022-d59f-48ab-a70d-234ca1c27564&start=2026-09-27T03:30:00+0000&duration=PT30M from server.
Fetching https://www.freeview.co.uk/api/program?sid=39&nid=64403&pid=crid://csi.digitaluk.co.uk/e8ef4879-bdd2-4029-b29c-2cda72381822&start=2026-09-27T04:00:00+0000&duration=PT30M from server.
Fetching https://www.freeview.co.uk/api/program?sid=39&nid=64403&pid=crid://csi.digitaluk.co.uk/4f9fa45f-3ab6-49ca-9941-254a9f7d4e35&start=2026-09-27T04:30:00+0000&duration=PT30M from server.
Fetching https://www.freeview.co.uk/api/program?sid=39&nid=64403&pid=crid://csi.digitaluk.co.uk/d3add1f9-0917-4402-809e-3a6479c913d3&start=2026-09-27T05:00:00+0000&duration=PT30M from server.
Fetching https://www.freeview.co.uk/api/program?sid=39&nid=64403&pid=crid://csi.digitaluk.co.uk/9d296213-313a-4435-9bde-e304a47d1392&start=2026-09-27T05:30:00+0000&duration=PT30M from server.
Fetching https://www.freeview.co.uk/api/program?sid=39&nid=64403&pid=crid://csi.digitaluk.co.uk/2096dee2-12ff-4eff-bd3f-6e19c4a53b7d&start=2026-09-27T06:00:00+0000&duration=PT30M from server.
Fetching https://www.freeview.co.uk/api/program?sid=39&nid=64403&pid=crid://csi.digitaluk.co.uk/300e71c0-33e1-4a5f-bcdb-2078a53ca718&start=2026-09-27T06:30:00+0000&duration=PT30M from server.
Fetching https://www.freeview.co.uk/api/program?sid=39&nid=64403&pid=crid://csi.digitaluk.co.uk/99743149-4b7b-4be0-beb2-91f615ff6980&start=2026-09-27T07:00:00+0000&duration=PT30M from server.
Fetching https://www.freeview.co.uk/api/program?sid=39&nid=64403&pid=crid://csi.digitaluk.co.uk/82c41041-782e-4e2d-bc6a-6a83c9456699&start=2026-09-27T07:30:00+0000&duration=PT30M from server.
Fetching https://www.freeview.co.uk/api/program?sid=39&nid=64403&pid=crid://csi.digitaluk.co.uk/d6e9d836-e05d-46c9-85e9-b2da8bf8acdb&start=2026-09-27T08:00:00+0000&duration=PT1H from server.
Fetching https://www.freeview.co.uk/api/program?sid=39&nid=64403&pid=crid://csi.digitaluk.co.uk/ed76ae89-c84d-4854-95c3-767487a306ff&start=2026-09-27T09:00:00+0000&duration=PT1H from server.
Fetching https://www.freeview.co.uk/api/program?sid=39&nid=64403&pid=crid://csi.digitaluk.co.uk/9ae23f9a-08a6-4fdf-bb2f-04b2964101d8&start=2026-09-27T10:00:00+0000&duration=PT1H from server.
Fetching https://www.freeview.co.uk/api/program?sid=39&nid=64403&pid=crid://csi.digitaluk.co.uk/60937fc1-673f-475a-90d5-78ac8c4f29ab&start=2026-09-27T11:00:00+0000&duration=PT1H from server.
Fetching https://www.freeview.co.uk/api/program?sid=39&nid=64403&pid=crid://csi.digitaluk.co.uk/912bfda6-f78c-40c4-b42a-03b4b4189c87&start=2026-09-27T12:00:00+0000&duration=PT1H from server.
Fetching https://www.freeview.co.uk/api/program?sid=39&nid=64403&pid=crid://csi.digitaluk.co.uk/672bb56f-de66-4fcb-89cd-3d4abcab750c&start=2026-09-27T13:00:00+0000&duration=PT1H from server.
Fetching https://www.freeview.co.uk/api/program?sid=39&nid=64403&pid=crid://csi.digitaluk.co.uk/77b2a5fa-ce1f-4d3f-8e4d-ce6aad062608&start=2026-09-27T14:00:00+0000&duration=PT1H from server.
Fetching https://www.freeview.co.uk/api/program?sid=39&nid=64403&pid=crid://csi.digitaluk.co.uk/f65bf8ce-0a8d-4f6e-9d3c-c13a9097710e&start=2026-09-27T15:00:00+0000&duration=PT1H from server.
Fetching https://www.freeview.co.uk/api/program?sid=39&nid=64403&pid=crid://csi.digitaluk.co.uk/05bb24c8-be06-465b-8b90-585ae2d5c843&start=2026-09-27T16:00:00+0000&duration=PT1H from server.
Fetching https://www.freeview.co.uk/api/program?sid=39&nid=64403&pid=crid://csi.digitaluk.co.uk/50453e5b-2e86-4698-a21d-8c1a984de587&start=2026-09-27T17:00:00+0000&duration=PT1H from server.
Fetching https://www.freeview.co.uk/api/program?sid=39&nid=64403&pid=crid://csi.digitaluk.co.uk/cb35f186-eac3-4e05-b93b-5941fba9816d&start=2026-09-27T18:00:00+0000&duration=PT1H from server.
Fetching https://www.freeview.co.uk/api/program?sid=39&nid=64403&pid=crid://csi.digitaluk.co.uk/a7449710-77c8-4f37-8666-2d2c65ebcb0b&start=2026-09-27T19:00:00+0000&duration=PT1H from server.
Fetching https://www.freeview.co.uk/api/program?sid=39&nid=64403&pid=crid://csi.digitaluk.co.uk/58410c29-90e0-492c-9c64-cb162f7bc674&start=2026-09-27T20:00:00+0000&duration=PT1H from server.
Fetching https://www.freeview.co.uk/api/program?sid=39&nid=64403&pid=crid://csi.digitaluk.co.uk/5e180fd5-2838-4fdf-9b1d-9ab023c45189&start=2026-09-27T21:00:00+0000&duration=PT1H from server.
Fetching https://www.freeview.co.uk/api/program?sid=39&nid=64403&pid=crid://csi.digitaluk.co.uk/9358d203-ade9-4a5e-a504-e9be975afcac&start=2026-09-27T22:00:00+0000&duration=PT1H from server.
Fetching https://www.freeview.co.uk/api/program?sid=39&nid=64403&pid=crid://csi.digitaluk.co.uk/1d8608f4-f0ff-4811-8ae2-a4669b580d98&start=2026-09-27T23:00:00+0000&duration=PT1H from server.
### Wanted 23744 
Fetching https://www.freeview.co.uk/api/program?sid=40&nid=64403&pid=crid://csi.digitaluk.co.uk/d648ff87-ecc0-46e9-86d6-5abf5c4d8eeb&start=2026-09-27T00:00:00+0000&duration=PT1H from server.
Fetching https://www.freeview.co.uk/api/program?sid=40&nid=64403&pid=crid://csi.digitaluk.co.uk/dd1f2528-5ae9-4977-99cd-cd2b339f28fc&start=2026-09-27T01:00:00+0000&duration=PT1H from server.
Fetching https://www.freeview.co.uk/api/program?sid=40&nid=64403&pid=crid://csi.digitaluk.co.uk/218e323d-e41b-4e9e-9053-9050dfa65f2e&start=2026-09-27T02:00:00+0000&duration=PT1H from server.
Fetching https://www.freeview.co.uk/api/program?sid=40&nid=64403&pid=crid://csi.digitaluk.co.uk/354789c7-d5b4-400d-b941-1e2337c47999&start=2026-09-27T03:00:00+0000&duration=PT30M from server.
Fetching https://www.freeview.co.uk/api/program?sid=40&nid=64403&pid=crid://csi.digitaluk.co.uk/3539e9d5-f3f4-44f0-8fa5-8042d357fdd7&start=2026-09-27T03:30:00+0000&duration=PT30M from server.
Fetching https://www.freeview.co.uk/api/program?sid=40&nid=64403&pid=crid://csi.digitaluk.co.uk/5972310e-8189-4b6f-8890-f33fb9aa4459&start=2026-09-27T04:00:00+0000&duration=PT30M from server.
Fetching https://www.freeview.co.uk/api/program?sid=40&nid=64403&pid=crid://csi.digitaluk.co.uk/64dcb546-bd5c-41dc-8f57-f3f25dd53920&start=2026-09-27T04:30:00+0000&duration=PT30M from server.
Fetching https://www.freeview.co.uk/api/program?sid=40&nid=64403&pid=crid://csi.digitaluk.co.uk/4e26a98c-5033-41f9-8ce6-738af5c6f504&start=2026-09-27T05:00:00+0000&duration=PT30M from server.
Fetching https://www.freeview.co.uk/api/program?sid=40&nid=64403&pid=crid://csi.digitaluk.co.uk/068c5372-465d-47f5-af85-42be4acca59d&start=2026-09-27T05:30:00+0000&duration=PT30M from server.
Fetching https://www.freeview.co.uk/api/program?sid=40&nid=64403&pid=crid://csi.digitaluk.co.uk/faaf458a-39fc-4a0e-a688-5c4511404785&start=2026-09-27T06:00:00+0000&duration=PT1H from server.
Fetching https://www.freeview.co.uk/api/program?sid=40&nid=64403&pid=crid://csi.digitaluk.co.uk/d0d7e1ef-af56-4650-a987-d4c6f08a25c7&start=2026-09-27T07:00:00+0000&duration=PT30M from server.
Fetching https://www.freeview.co.uk/api/program?sid=40&nid=64403&pid=crid://csi.digitaluk.co.uk/70c19796-2255-40e0-84f5-56374e83e94c&start=2026-09-27T07:30:00+0000&duration=PT30M from server.
Fetching https://www.freeview.co.uk/api/program?sid=40&nid=64403&pid=crid://csi.digitaluk.co.uk/abf66a24-1444-4835-b3ac-7355e12022a2&start=2026-09-27T08:00:00+0000&duration=PT30M from server.
Fetching https://www.freeview.co.uk/api/program?sid=40&nid=64403&pid=crid://csi.digitaluk.co.uk/59d27de4-7323-47fd-81fb-2364f5eb412e&start=2026-09-27T08:30:00+0000&duration=PT30M from server.
Fetching https://www.freeview.co.uk/api/program?sid=40&nid=64403&pid=crid://csi.digitaluk.co.uk/b0624497-c89d-46f9-8c17-6f4cd2f55479&start=2026-09-27T09:00:00+0000&duration=PT1H from server.
Fetching https://www.freeview.co.uk/api/program?sid=40&nid=64403&pid=crid://csi.digitaluk.co.uk/2b601571-bb74-4abb-b849-792b5c58e7c8&start=2026-09-27T10:00:00+0000&duration=PT1H from server.
Fetching https://www.freeview.co.uk/api/program?sid=40&nid=64403&pid=crid://csi.digitaluk.co.uk/6b074926-998c-4864-a306-1a6bd00ffdef&start=2026-09-27T11:00:00+0000&duration=PT1H from server.
Fetching https://www.freeview.co.uk/api/program?sid=40&nid=64403&pid=crid://csi.digitaluk.co.uk/5146ae1c-af8e-4583-9500-861c50c4a27e&start=2026-09-27T12:00:00+0000&duration=PT1H from server.
Fetching https://www.freeview.co.uk/api/program?sid=40&nid=64403&pid=crid://csi.digitaluk.co.uk/9b31fe76-3dbc-452e-930c-4ba0a62c98f2&start=2026-09-27T13:00:00+0000&duration=PT1H from server.
Fetching https://www.freeview.co.uk/api/program?sid=40&nid=64403&pid=crid://csi.digitaluk.co.uk/547c7d1c-4010-4849-9d5d-b34e14eea5b8&start=2026-09-27T14:00:00+0000&duration=PT1H from server.
Fetching https://www.freeview.co.uk/api/program?sid=40&nid=64403&pid=crid://csi.digitaluk.co.uk/89184faa-2352-479b-a90a-98db821eebe8&start=2026-09-27T15:00:00+0000&duration=PT1H from server.
Fetching https://www.freeview.co.uk/api/program?sid=40&nid=64403&pid=crid://csi.digitaluk.co.uk/fb9e37fc-0ee1-4cfd-8671-c2d3ba70e3c2&start=2026-09-27T16:00:00+0000&duration=PT1H from server.
Fetching https://www.freeview.co.uk/api/program?sid=40&nid=64403&pid=crid://csi.digitaluk.co.uk/31ba5095-f7a9-42ca-a107-7b24912d8aef&start=2026-09-27T17:00:00+0000&duration=PT1H from server.
Fetching https://www.freeview.co.uk/api/program?sid=40&nid=64403&pid=crid://csi.digitaluk.co.uk/2ea2fe87-c9f9-48fb-92c1-7cdeae386629&start=2026-09-27T18:00:00+0000&duration=PT1H from server.
Fetching https://www.freeview.co.uk/api/program?sid=40&nid=64403&pid=crid://csi.digitaluk.co.uk/6641d38a-59ce-424a-aaa2-595b32d79e25&start=2026-09-27T19:00:00+0000&duration=PT1H from server.
Fetching https://www.freeview.co.uk/api/program?sid=40&nid=64403&pid=crid://csi.digitaluk.co.uk/e305a16e-0113-4477-af47-6226dcb5c596&start=2026-09-27T20:00:00+0000&duration=PT1H from server.
Fetching https://www.freeview.co.uk/api/program?sid=40&nid=64403&pid=crid://csi.digitaluk.co.uk/6d0fc316-2745-42e6-b8d9-f69d69664b09&start=2026-09-27T21:00:00+0000&duration=PT1H from server.
Fetching https://www.freeview.co.uk/api/program?sid=40&nid=64403&pid=crid://csi.digitaluk.co.uk/67a61dfd-ef4e-4320-8545-7b84958b5d3f&start=2026-09-27T22:00:00+0000&duration=PT1H from server.
Fetching https://www.freeview.co.uk/api/program?sid=40&nid=64403&pid=crid://csi.digitaluk.co.uk/714af7b1-5293-4e60-a1a6-b33211f4906e&start=2026-09-27T23:00:00+0000&duration=PT1H from server.
## Wanted 23040 
Fetching https://www.freeview.co.uk/api/program?sid=43&nid=64403&pid=crid://csi.digitaluk.co.uk/b6c00753-11d6-40e1-bdda-efae23071d54&start=2026-09-27T00:00:00+0000&duration=PT30M from server.
Fetching https://www.freeview.co.uk/api/program?sid=43&nid=64403&pid=crid://csi.digitaluk.co.uk/6e98ca87-b0cb-40b8-a2e7-519fae28119c&start=2026-09-27T00:30:00+0000&duration=PT30M from server.
Fetching https://www.freeview.co.uk/api/program?sid=43&nid=64403&pid=crid://csi.digitaluk.co.uk/f9b0deec-c8f5-4b05-8f4d-c2731663d089&start=2026-09-27T01:00:00+0000&duration=PT30M from server.
Fetching https://www.freeview.co.uk/api/program?sid=43&nid=64403&pid=crid://csi.digitaluk.co.uk/317e35d3-4545-4679-8027-b87513f2d8c5&start=2026-09-27T01:30:00+0000&duration=PT30M from server.
Fetching https://www.freeview.co.uk/api/program?sid=43&nid=64403&pid=crid://csi.digitaluk.co.uk/9eea6275-71d4-498b-81ee-957c63e0fb5a&start=2026-09-27T02:00:00+0000&duration=PT30M from server.
Fetching https://www.freeview.co.uk/api/program?sid=43&nid=64403&pid=crid://csi.digitaluk.co.uk/028b8c9e-0c96-4679-a2c0-d48551a36d1c&start=2026-09-27T02:30:00+0000&duration=PT30M from server.
Fetching https://www.freeview.co.uk/api/program?sid=43&nid=64403&pid=crid://csi.digitaluk.co.uk/9574be9b-245d-4583-b039-b1b7eb1c2503&start=2026-09-27T03:00:00+0000&duration=PT30M from server.
Fetching https://www.freeview.co.uk/api/program?sid=43&nid=64403&pid=crid://csi.digitaluk.co.uk/249d95b3-fe12-41b9-9e7f-b24051bc1bea&start=2026-09-27T03:30:00+0000&duration=PT30M from server.
Fetching https://www.freeview.co.uk/api/program?sid=43&nid=64403&pid=crid://csi.digitaluk.co.uk/6d39de6d-3e97-4019-a753-05cd84a6081d&start=2026-09-27T04:00:00+0000&duration=PT30M from server.
Fetching https://www.freeview.co.uk/api/program?sid=43&nid=64403&pid=crid://csi.digitaluk.co.uk/528fde94-2e75-41d9-830b-05aad116b1c3&start=2026-09-27T04:30:00+0000&duration=PT30M from server.
Fetching https://www.freeview.co.uk/api/program?sid=43&nid=64403&pid=crid://csi.digitaluk.co.uk/eb8607ae-fb43-4b47-9b11-e867f86998db&start=2026-09-27T05:00:00+0000&duration=PT30M from server.
Fetching https://www.freeview.co.uk/api/program?sid=43&nid=64403&pid=crid://csi.digitaluk.co.uk/4c8eef8c-2961-4405-9578-bbb3c5664811&start=2026-09-27T05:30:00+0000&duration=PT30M from server.
Fetching https://www.freeview.co.uk/api/program?sid=43&nid=64403&pid=crid://csi.digitaluk.co.uk/7343fa26-0208-4a84-b3d1-c08d29f3ef2e&start=2026-09-27T06:00:00+0000&duration=PT30M from server.
Fetching https://www.freeview.co.uk/api/program?sid=43&nid=64403&pid=crid://csi.digitaluk.co.uk/dfcfbe55-9265-45d8-937b-2f3db8690a5b&start=2026-09-27T06:30:00+0000&duration=PT30M from server.
Fetching https://www.freeview.co.uk/api/program?sid=43&nid=64403&pid=crid://csi.digitaluk.co.uk/6acfde00-4bfd-47e1-85f0-f491f4845f78&start=2026-09-27T07:00:00+0000&duration=PT30M from server.
Fetching https://www.freeview.co.uk/api/program?sid=43&nid=64403&pid=crid://csi.digitaluk.co.uk/c442f61f-cbc1-43f5-b1e3-710f9d24790f&start=2026-09-27T07:30:00+0000&duration=PT30M from server.
Fetching https://www.freeview.co.uk/api/program?sid=43&nid=64403&pid=crid://csi.digitaluk.co.uk/094b07d4-82ef-4029-9c6a-2bef37d6fc05&start=2026-09-27T08:00:00+0000&duration=PT30M from server.
Fetching https://www.freeview.co.uk/api/program?sid=43&nid=64403&pid=crid://csi.digitaluk.co.uk/8ca75fa1-abb5-43ad-ad58-7f911d3eeb3f&start=2026-09-27T08:30:00+0000&duration=PT30M from server.
Fetching https://www.freeview.co.uk/api/program?sid=43&nid=64403&pid=crid://csi.digitaluk.co.uk/f5b2466b-b525-407e-97f0-14d6b8bf895f&start=2026-09-27T09:00:00+0000&duration=PT30M from server.
Fetching https://www.freeview.co.uk/api/program?sid=43&nid=64403&pid=crid://csi.digitaluk.co.uk/a1ebbfbe-e364-487b-8207-214f2a2801ed&start=2026-09-27T09:30:00+0000&duration=PT30M from server.
Fetching https://www.freeview.co.uk/api/program?sid=43&nid=64403&pid=crid://csi.digitaluk.co.uk/639f8e17-9a2d-406c-964d-8cc7cba8b5af&start=2026-09-27T10:00:00+0000&duration=PT30M from server.
Fetching https://www.freeview.co.uk/api/program?sid=43&nid=64403&pid=crid://csi.digitaluk.co.uk/e9aed1a3-fd4a-462e-b06c-faf2eb7782f8&start=2026-09-27T10:30:00+0000&duration=PT30M from server.
Fetching https://www.freeview.co.uk/api/program?sid=43&nid=64403&pid=crid://csi.digitaluk.co.uk/a816957b-6e5f-43fa-bd36-1255da4d9e04&start=2026-09-27T11:00:00+0000&duration=PT30M from server.
Fetching https://www.freeview.co.uk/api/program?sid=43&nid=64403&pid=crid://csi.digitaluk.co.uk/eef0ea42-52fa-4c0c-b590-ca4a6db510ac&start=2026-09-27T11:30:00+0000&duration=PT30M from server.
Fetching https://www.freeview.co.uk/api/program?sid=43&nid=64403&pid=crid://csi.digitaluk.co.uk/a0009e3e-d032-420b-a0d3-d8b3feb9b9d7&start=2026-09-27T12:00:00+0000&duration=PT30M from server.
Fetching https://www.freeview.co.uk/api/program?sid=43&nid=64403&pid=crid://csi.digitaluk.co.uk/66337c16-353a-4b63-8421-d2b8b44d8965&start=2026-09-27T12:30:00+0000&duration=PT30M from server.
Fetching https://www.freeview.co.uk/api/program?sid=43&nid=64403&pid=crid://csi.digitaluk.co.uk/b822591c-f896-4700-95e3-b99e470a0351&start=2026-09-27T13:00:00+0000&duration=PT30M from server.
Fetching https://www.freeview.co.uk/api/program?sid=43&nid=64403&pid=crid://csi.digitaluk.co.uk/f8140234-ffaa-4754-85f9-bfb792b581fd&start=2026-09-27T13:30:00+0000&duration=PT30M from server.
Fetching https://www.freeview.co.uk/api/program?sid=43&nid=64403&pid=crid://csi.digitaluk.co.uk/eab6a757-ddae-445a-87cb-dcb0df46d6f1&start=2026-09-27T14:00:00+0000&duration=PT1H from server.
Fetching https://www.freeview.co.uk/api/program?sid=43&nid=64403&pid=crid://csi.digitaluk.co.uk/680ce65d-cbeb-43b5-9ecf-93743be6ea3a&start=2026-09-27T15:00:00+0000&duration=PT1H from server.
Fetching https://www.freeview.co.uk/api/program?sid=43&nid=64403&pid=crid://csi.digitaluk.co.uk/9d0b7d14-89db-4ff6-99f7-bc5dfdfc775e&start=2026-09-27T16:00:00+0000&duration=PT1H from server.
Fetching https://www.freeview.co.uk/api/program?sid=43&nid=64403&pid=crid://csi.digitaluk.co.uk/e46e9895-08b6-4e73-aa4a-f8c776924f49&start=2026-09-27T17:00:00+0000&duration=PT1H from server.
Fetching https://www.freeview.co.uk/api/program?sid=43&nid=64403&pid=crid://csi.digitaluk.co.uk/9c4dbb51-5103-4e0e-97dc-d4a9f043d581&start=2026-09-27T18:00:00+0000&duration=PT1H from server.
Fetching https://www.freeview.co.uk/api/program?sid=43&nid=64403&pid=crid://csi.digitaluk.co.uk/7f330e31-75eb-4a29-827e-fc77480fe62e&start=2026-09-27T19:00:00+0000&duration=PT1H from server.
Fetching https://www.freeview.co.uk/api/program?sid=43&nid=64403&pid=crid://csi.digitaluk.co.uk/977a2265-af65-4bc9-9233-b40384f8dd1b&start=2026-09-27T20:00:00+0000&duration=PT30M from server.
Fetching https://www.freeview.co.uk/api/program?sid=43&nid=64403&pid=crid://csi.digitaluk.co.uk/5d2dcaae-d5bf-43e0-8b79-4ad9fe4f2fa1&start=2026-09-27T20:30:00+0000&duration=PT30M from server.
Fetching https://www.freeview.co.uk/api/program?sid=43&nid=64403&pid=crid://csi.digitaluk.co.uk/fe4b41b9-4f9f-4024-bdf4-a7ea8e8c2f46&start=2026-09-27T21:00:00+0000&duration=PT30M from server.
Fetching https://www.freeview.co.uk/api/program?sid=43&nid=64403&pid=crid://csi.digitaluk.co.uk/f4557290-352e-4808-84c7-e6e0a6608e01&start=2026-09-27T21:30:00+0000&duration=PT30M from server.
Fetching https://www.freeview.co.uk/api/program?sid=43&nid=64403&pid=crid://csi.digitaluk.co.uk/0d7e623e-405f-4ec8-ac2e-7a3b2703d74a&start=2026-09-27T22:00:00+0000&duration=PT1H from server.
Fetching https://www.freeview.co.uk/api/program?sid=43&nid=64403&pid=crid://csi.digitaluk.co.uk/1b79a5f1-bfff-4648-9d18-2d8252f36804&start=2026-09-27T23:00:00+0000&duration=PT30M from server.
Fetching https://www.freeview.co.uk/api/program?sid=43&nid=64403&pid=crid://csi.digitaluk.co.uk/80cf6449-86d3-4986-af0c-94338dd41bb9&start=2026-09-27T23:30:00+0000&duration=PT30M from server.
### Wanted 23712 
Fetching https://www.freeview.co.uk/api/program?sid=44&nid=64403&pid=crid://csi.digitaluk.co.uk/e8fde6cc-2046-47d4-a08c-1dbd20e2eb6e&start=2026-09-27T00:00:00+0000&duration=PT1H from server.
Fetching https://www.freeview.co.uk/api/program?sid=44&nid=64403&pid=crid://csi.digitaluk.co.uk/2d5506a0-0207-49d8-9d9b-5b331932cbbc&start=2026-09-27T01:00:00+0000&duration=PT2H from server.
Fetching https://www.freeview.co.uk/api/program?sid=44&nid=64403&pid=crid://csi.digitaluk.co.uk/d878e5c6-f046-4d3a-a97e-8f7b6b635670&start=2026-09-27T03:00:00+0000&duration=PT1H from server.
Fetching https://www.freeview.co.uk/api/program?sid=44&nid=64403&pid=crid://csi.digitaluk.co.uk/abf798b6-c7f8-4e28-a19c-7329669334ae&start=2026-09-27T04:00:00+0000&duration=PT1H from server.
Fetching https://www.freeview.co.uk/api/program?sid=44&nid=64403&pid=crid://csi.digitaluk.co.uk/5baf41be-f4d3-4941-af3e-c9825eda14dc&start=2026-09-27T05:00:00+0000&duration=PT1H from server.
Fetching https://www.freeview.co.uk/api/program?sid=44&nid=64403&pid=crid://csi.digitaluk.co.uk/029ee520-15da-4360-91b0-8c52b647c5bd&start=2026-09-27T06:00:00+0000&duration=PT1H from server.
Fetching https://www.freeview.co.uk/api/program?sid=44&nid=64403&pid=crid://csi.digitaluk.co.uk/e9e32911-d51c-4d7f-8c9c-85db6868a3b3&start=2026-09-27T07:00:00+0000&duration=PT1H from server.
Fetching https://www.freeview.co.uk/api/program?sid=44&nid=64403&pid=crid://csi.digitaluk.co.uk/3bf68977-3cca-450f-bb3b-70ed7877bd8a&start=2026-09-27T08:00:00+0000&duration=PT1H from server.
Fetching https://www.freeview.co.uk/api/program?sid=44&nid=64403&pid=crid://csi.digitaluk.co.uk/91d451f2-a0ea-4b66-bc7b-42e47ddb45a3&start=2026-09-27T09:00:00+0000&duration=PT1H from server.
Fetching https://www.freeview.co.uk/api/program?sid=44&nid=64403&pid=crid://csi.digitaluk.co.uk/aa26f673-68bc-427c-ad3e-0e4e7466e330&start=2026-09-27T10:00:00+0000&duration=PT30M from server.
Fetching https://www.freeview.co.uk/api/program?sid=44&nid=64403&pid=crid://csi.digitaluk.co.uk/b2284f91-52bd-4272-bb62-49ce4ef17ead&start=2026-09-27T10:30:00+0000&duration=PT30M from server.
Fetching https://www.freeview.co.uk/api/program?sid=44&nid=64403&pid=crid://csi.digitaluk.co.uk/9f24b2ba-fe9a-429e-882e-346c345057d2&start=2026-09-27T11:00:00+0000&duration=PT30M from server.
Fetching https://www.freeview.co.uk/api/program?sid=44&nid=64403&pid=crid://csi.digitaluk.co.uk/381f12f5-142e-4c9e-9126-234d59a767a5&start=2026-09-27T11:30:00+0000&duration=PT30M from server.
Fetching https://www.freeview.co.uk/api/program?sid=44&nid=64403&pid=crid://csi.digitaluk.co.uk/da893315-a596-42c3-ab96-edc481526078&start=2026-09-27T12:00:00+0000&duration=PT30M from server.
Fetching https://www.freeview.co.uk/api/program?sid=44&nid=64403&pid=crid://csi.digitaluk.co.uk/4dcce713-527e-4272-bbed-c2b90d80e6e8&start=2026-09-27T12:30:00+0000&duration=PT30M from server.
Fetching https://www.freeview.co.uk/api/program?sid=44&nid=64403&pid=crid://csi.digitaluk.co.uk/c0fc3a29-77ce-4a29-81b9-2b4c1c1368a4&start=2026-09-27T13:00:00+0000&duration=PT30M from server.
Fetching https://www.freeview.co.uk/api/program?sid=44&nid=64403&pid=crid://csi.digitaluk.co.uk/1579e45a-b8ef-4fd6-b7ff-7777c3b73592&start=2026-09-27T13:30:00+0000&duration=PT30M from server.
Fetching https://www.freeview.co.uk/api/program?sid=44&nid=64403&pid=crid://csi.digitaluk.co.uk/3d1670aa-3563-419c-9a38-fd4f72d49a83&start=2026-09-27T14:00:00+0000&duration=PT1H from server.
Fetching https://www.freeview.co.uk/api/program?sid=44&nid=64403&pid=crid://csi.digitaluk.co.uk/adac5809-8a56-46fb-a162-a921c1958da3&start=2026-09-27T15:00:00+0000&duration=PT1H from server.
Fetching https://www.freeview.co.uk/api/program?sid=44&nid=64403&pid=crid://csi.digitaluk.co.uk/bbc8889b-cb29-474a-bd8a-69a4096e9380&start=2026-09-27T16:00:00+0000&duration=PT1H from server.
Fetching https://www.freeview.co.uk/api/program?sid=44&nid=64403&pid=crid://csi.digitaluk.co.uk/52e030a3-9a0c-462d-88a6-c543bfcdb33a&start=2026-09-27T17:00:00+0000&duration=PT1H from server.
Fetching https://www.freeview.co.uk/api/program?sid=44&nid=64403&pid=crid://csi.digitaluk.co.uk/a2709936-a4fe-41a1-9e66-b115f11a9988&start=2026-09-27T18:00:00+0000&duration=PT1H from server.
Fetching https://www.freeview.co.uk/api/program?sid=44&nid=64403&pid=crid://csi.digitaluk.co.uk/714f85ba-96fb-481e-912a-9c4c1c237c03&start=2026-09-27T19:00:00+0000&duration=PT1H from server.
Fetching https://www.freeview.co.uk/api/program?sid=44&nid=64403&pid=crid://csi.digitaluk.co.uk/3a1d9bf5-b86d-474c-b3c3-8e5a66969b37&start=2026-09-27T20:00:00+0000&duration=PT1H from server.
Fetching https://www.freeview.co.uk/api/program?sid=44&nid=64403&pid=crid://csi.digitaluk.co.uk/e071cd33-8959-4e10-a3aa-257e99f92db8&start=2026-09-27T21:00:00+0000&duration=PT1H from server.
Fetching https://www.freeview.co.uk/api/program?sid=44&nid=64403&pid=crid://csi.digitaluk.co.uk/4cf4e16f-eb6b-458c-998d-7a739661bb8e&start=2026-09-27T22:00:00+0000&duration=PT1H from server.
Fetching https://www.freeview.co.uk/api/program?sid=44&nid=64403&pid=crid://csi.digitaluk.co.uk/b0ff1785-1cd4-40dd-b810-838a9abc73ee&start=2026-09-27T23:00:00+0000&duration=PT1H from server.
## Wanted 20256 
Fetching https://www.freeview.co.uk/api/program?sid=46&nid=64403&pid=crid://panorama.five.tv/versions/C5478640043A&start=2026-09-27T00:05:00+0000&duration=PT1H5M from server.
Fetching https://www.freeview.co.uk/api/program?sid=46&nid=64403&pid=crid://panorama.five.tv/versions/C5478640032A&start=2026-09-27T01:10:00+0000&duration=PT1H from server.
Fetching https://www.freeview.co.uk/api/program?sid=46&nid=64403&pid=crid://panorama.five.tv/versions/C5478640033A&start=2026-09-27T02:10:00+0000&duration=PT50M from server.
Fetching https://www.freeview.co.uk/api/program?sid=46&nid=64403&pid=crid://panorama.five.tv/versions/C5266540001A&start=2026-09-27T03:00:00+0000&duration=PT2H from server.
Fetching https://www.freeview.co.uk/api/program?sid=46&nid=64403&pid=crid://panorama.five.tv/versions/C5480340001A&start=2026-09-27T05:00:00+0000&duration=PT30M from server.
Fetching https://www.freeview.co.uk/api/program?sid=46&nid=64403&pid=crid://panorama.five.tv/versions/C5326820001A&start=2026-09-27T05:30:00+0000&duration=PT30M from server.
Fetching https://www.freeview.co.uk/api/program?sid=46&nid=64403&pid=crid://panorama.five.tv/versions/C5349600001A&start=2026-09-27T06:00:00+0000&duration=PT1H from server.
Fetching https://www.freeview.co.uk/api/program?sid=46&nid=64403&pid=crid://panorama.five.tv/versions/C5349600001A&start=2026-09-27T07:00:00+0000&duration=PT1H from server.
Fetching https://www.freeview.co.uk/api/program?sid=46&nid=64403&pid=crid://panorama.five.tv/versions/C5410200001A&start=2026-09-27T08:00:00+0000&duration=PT30M from server.
Fetching https://www.freeview.co.uk/api/program?sid=46&nid=64403&pid=crid://panorama.five.tv/versions/C5305880002A&start=2026-09-27T08:30:00+0000&duration=PT1H from server.
Fetching https://www.freeview.co.uk/api/program?sid=46&nid=64403&pid=crid://panorama.five.tv/versions/C5305880003A&start=2026-09-27T09:30:00+0000&duration=PT1H from server.
Fetching https://www.freeview.co.uk/api/program?sid=46&nid=64403&pid=crid://panorama.five.tv/versions/C5305880004A&start=2026-09-27T10:30:00+0000&duration=PT1H from server.
Fetching https://www.freeview.co.uk/api/program?sid=46&nid=64403&pid=crid://panorama.five.tv/versions/C5519780009A&start=2026-09-27T11:30:00+0000&duration=PT1H5M from server.
Fetching https://www.freeview.co.uk/api/program?sid=46&nid=64403&pid=crid://panorama.five.tv/versions/C5135080001B&start=2026-09-27T12:35:00+0000&duration=PT1H from server.
Fetching https://www.freeview.co.uk/api/program?sid=46&nid=64403&pid=crid://csi.digitaluk.co.uk/a0d451b4-a07d-4d7e-9b35-882b73ad1f31&start=2026-09-27T13:35:00+0000&duration=PT5M from server.
Fetching https://www.freeview.co.uk/api/program?sid=46&nid=64403&pid=crid://panorama.five.tv/versions/C5135080001B&start=2026-09-27T13:40:00+0000&duration=PT45M from server.
Fetching https://www.freeview.co.uk/api/program?sid=46&nid=64403&pid=crid://panorama.five.tv/versions/C5161750001C&start=2026-09-27T14:25:00+0000&duration=PT1H from server.
Fetching https://www.freeview.co.uk/api/program?sid=46&nid=64403&pid=crid://csi.digitaluk.co.uk/f32c4f29-3cf2-4928-8465-655213d30315&start=2026-09-27T15:25:00+0000&duration=PT5M from server.
Fetching https://www.freeview.co.uk/api/program?sid=46&nid=64403&pid=crid://panorama.five.tv/versions/C5161750001C&start=2026-09-27T15:30:00+0000&duration=PT40M from server.
Fetching https://www.freeview.co.uk/api/program?sid=46&nid=64403&pid=crid://panorama.five.tv/versions/C5466660001B&start=2026-09-27T16:10:00+0000&duration=PT1H from server.
Fetching https://www.freeview.co.uk/api/program?sid=46&nid=64403&pid=crid://csi.digitaluk.co.uk/2b4c24f7-257d-4e27-b5ad-c8c843cb522a&start=2026-09-27T17:10:00+0000&duration=PT5M from server.
Fetching https://www.freeview.co.uk/api/program?sid=46&nid=64403&pid=crid://panorama.five.tv/versions/C5466660001B&start=2026-09-27T17:15:00+0000&duration=PT45M from server.
Fetching https://www.freeview.co.uk/api/program?sid=46&nid=64403&pid=crid://panorama.five.tv/versions/C5500940002A&start=2026-09-27T18:00:00+0000&duration=PT1H30M from server.
Fetching https://www.freeview.co.uk/api/program?sid=46&nid=64403&pid=crid://panorama.five.tv/versions/C5500940001C&start=2026-09-27T19:30:00+0000&duration=PT1H30M from server.
Fetching https://www.freeview.co.uk/api/program?sid=46&nid=64403&pid=crid://panorama.five.tv/versions/C5462280005A&start=2026-09-27T21:00:00+0000&duration=PT2H from server.
Fetching https://www.freeview.co.uk/api/program?sid=46&nid=64403&pid=crid://panorama.five.tv/versions/C5517880003A&start=2026-09-27T23:00:00+0000&duration=PT2H10M from server.
### Wanted 8460 
Fetching https://www.freeview.co.uk/api/program?sid=49&nid=64403&pid=crid://csi.digitaluk.co.uk/02047543-d0b5-4f37-b026-14dd9bfdee3b&start=2026-09-27T00:50:00+0000&duration=PT1H from server.
Fetching https://www.freeview.co.uk/api/program?sid=49&nid=64403&pid=crid://movida.bebanjo.net/mas/version/77937/007/POSTWATERSHED2100/C&start=2026-09-27T01:50:00+0000&duration=PT1H5M from server.
Fetching https://www.freeview.co.uk/api/program?sid=49&nid=64403&pid=crid://csi.digitaluk.co.uk/1b349499-6c5f-49a1-8b2c-662264e2c28b&start=2026-09-27T02:55:00+0000&duration=PT55M from server.
Fetching https://www.freeview.co.uk/api/program?sid=49&nid=64403&pid=crid://csi.digitaluk.co.uk/80efe468-4cda-41d9-b523-a1938f006706&start=2026-09-27T03:50:00+0000&duration=PT2H10M from server.
Fetching https://www.freeview.co.uk/api/program?sid=49&nid=64403&pid=crid://csi.digitaluk.co.uk/66a5cfd3-9a7a-4f76-a75d-1707be6aa15b&start=2026-09-27T06:00:00+0000&duration=PT2H from server.
Fetching https://www.freeview.co.uk/api/program?sid=49&nid=64403&pid=crid://csi.digitaluk.co.uk/682fe142-3f7e-4d34-bbb3-81a94657ec06&start=2026-09-27T08:00:00+0000&duration=PT30M from server.
Fetching https://www.freeview.co.uk/api/program?sid=49&nid=64403&pid=crid://csi.digitaluk.co.uk/f2ae022c-e264-4552-bcda-c84690dfce23&start=2026-09-27T08:30:00+0000&duration=PT30M from server.
Fetching https://www.freeview.co.uk/api/program?sid=49&nid=64403&pid=crid://csi.digitaluk.co.uk/172b5706-2083-4006-ae6c-01a90b5d6c83&start=2026-09-27T09:00:00+0000&duration=PT30M from server.
Fetching https://www.freeview.co.uk/api/program?sid=49&nid=64403&pid=crid://csi.digitaluk.co.uk/66799300-1a62-4d4f-be8c-b4cfbc6cf802&start=2026-09-27T09:30:00+0000&duration=PT30M from server.
Fetching https://www.freeview.co.uk/api/program?sid=49&nid=64403&pid=crid://csi.digitaluk.co.uk/8d1348b2-528a-4c1d-b4c7-ad498ce65163&start=2026-09-27T10:00:00+0000&duration=PT30M from server.
Fetching https://www.freeview.co.uk/api/program?sid=49&nid=64403&pid=crid://movida.bebanjo.net/mas/version/77206/036/ASDELIVERED/C&start=2026-09-27T10:30:00+0000&duration=PT30M from server.
Fetching https://www.freeview.co.uk/api/program?sid=49&nid=64403&pid=crid://movida.bebanjo.net/mas/version/77206/037/ASDELIVERED/C&start=2026-09-27T11:00:00+0000&duration=PT30M from server.
Fetching https://www.freeview.co.uk/api/program?sid=49&nid=64403&pid=crid://movida.bebanjo.net/mas/version/77206/038/ASDELIVERED/C&start=2026-09-27T11:30:00+0000&duration=PT30M from server.
Fetching https://www.freeview.co.uk/api/program?sid=49&nid=64403&pid=crid://movida.bebanjo.net/mas/version/77206/039/ASDELIVERED/C&start=2026-09-27T12:00:00+0000&duration=PT30M from server.
Fetching https://www.freeview.co.uk/api/program?sid=49&nid=64403&pid=crid://movida.bebanjo.net/mas/version/77206/040/ASDELIVERED/C&start=2026-09-27T12:30:00+0000&duration=PT30M from server.
Fetching https://www.freeview.co.uk/api/program?sid=49&nid=64403&pid=crid://csi.digitaluk.co.uk/4e26572c-8cdd-4975-a106-919e8abeb8cf&start=2026-09-27T13:00:00+0000&duration=PT1H from server.
Fetching https://www.freeview.co.uk/api/program?sid=49&nid=64403&pid=crid://movida.bebanjo.net/mas/version/77588/007/ASDELIVERED/C&start=2026-09-27T14:00:00+0000&duration=PT1H from server.
Fetching https://www.freeview.co.uk/api/program?sid=49&nid=64403&pid=crid://csi.digitaluk.co.uk/102d698e-211e-450b-b005-74d4aef436b9&start=2026-09-27T15:00:00+0000&duration=PT1H from server.
Fetching https://www.freeview.co.uk/api/program?sid=49&nid=64403&pid=crid://csi.digitaluk.co.uk/fe6c84e7-1761-4ea6-9905-661f7e33b908&start=2026-09-27T16:00:00+0000&duration=PT1H from server.
Fetching https://www.freeview.co.uk/api/program?sid=49&nid=64403&pid=crid://csi.digitaluk.co.uk/62ceae08-2da5-4622-b326-d496435cc61b&start=2026-09-27T17:00:00+0000&duration=PT1H from server.
Fetching https://www.freeview.co.uk/api/program?sid=49&nid=64403&pid=crid://csi.digitaluk.co.uk/668ba5b4-d117-4548-820a-784fde68eee2&start=2026-09-27T18:00:00+0000&duration=PT1H from server.
Fetching https://www.freeview.co.uk/api/program?sid=49&nid=64403&pid=crid://csi.digitaluk.co.uk/dce431ad-818e-4b19-bdfb-54f72186b444&start=2026-09-27T19:00:00+0000&duration=PT1H from server.
Fetching https://www.freeview.co.uk/api/program?sid=49&nid=64403&pid=crid://csi.digitaluk.co.uk/38296377-664e-4479-a559-7c5c10c71cf1&start=2026-09-27T20:00:00+0000&duration=PT1H from server.
Fetching https://www.freeview.co.uk/api/program?sid=49&nid=64403&pid=crid://csi.digitaluk.co.uk/fee3b056-7525-4424-ba1a-49014acb68cc&start=2026-09-27T21:00:00+0000&duration=PT2H40M from server.
Fetching https://www.freeview.co.uk/api/program?sid=49&nid=64403&pid=crid://movida.bebanjo.net/mas/version/79049/004/ASDELIVERED/C&start=2026-09-27T23:40:00+0000&duration=PT1H5M from server.
## Wanted 14384 
Fetching https://www.freeview.co.uk/api/program?sid=64&nid=64403&pid=crid://csi.digitaluk.co.uk/11edb1ef-9460-4460-9709-83e657d5828b&start=2026-09-27T00:00:00+0000&duration=PT1H from server.
Fetching https://www.freeview.co.uk/api/program?sid=64&nid=64403&pid=crid://csi.digitaluk.co.uk/37590d1a-c603-4391-b5ee-901738f0b982&start=2026-09-27T01:00:00+0000&duration=PT1H from server.
Fetching https://www.freeview.co.uk/api/program?sid=64&nid=64403&pid=crid://csi.digitaluk.co.uk/95ed1673-9661-405c-aa09-335482772f5d&start=2026-09-27T02:00:00+0000&duration=PT1H from server.
Fetching https://www.freeview.co.uk/api/program?sid=64&nid=64403&pid=crid://csi.digitaluk.co.uk/0dfb51c9-8c1d-4c9e-9c65-a7233fa12a3e&start=2026-09-27T03:00:00+0000&duration=PT1H from server.
Fetching https://www.freeview.co.uk/api/program?sid=64&nid=64403&pid=crid://csi.digitaluk.co.uk/44ccdc6d-e156-43f8-8c4d-644169062c8b&start=2026-09-27T04:00:00+0000&duration=PT1H from server.
Fetching https://www.freeview.co.uk/api/program?sid=64&nid=64403&pid=crid://csi.digitaluk.co.uk/35bfc8b7-b172-4fe0-8327-46e04d454107&start=2026-09-27T05:00:00+0000&duration=PT25M from server.
Fetching https://www.freeview.co.uk/api/program?sid=64&nid=64403&pid=crid://csi.digitaluk.co.uk/3869f416-b365-48db-b099-f239625ec3b5&start=2026-09-27T05:25:00+0000&duration=PT20M from server.
Fetching https://www.freeview.co.uk/api/program?sid=64&nid=64403&pid=crid://csi.digitaluk.co.uk/919e6126-a66c-4525-be3d-7f38c152815e&start=2026-09-27T05:45:00+0000&duration=PT25M from server.
Fetching https://www.freeview.co.uk/api/program?sid=64&nid=64403&pid=crid://csi.digitaluk.co.uk/f4101a36-5669-4373-9b97-af125a932396&start=2026-09-27T06:10:00+0000&duration=PT20M from server.
Fetching https://www.freeview.co.uk/api/program?sid=64&nid=64403&pid=crid://csi.digitaluk.co.uk/66ba4b77-7860-462c-9555-a8da16379200&start=2026-09-27T06:30:00+0000&duration=PT25M from server.
Fetching https://www.freeview.co.uk/api/program?sid=64&nid=64403&pid=crid://csi.digitaluk.co.uk/2cb266b8-27c6-4099-ae79-6107206cd4dc&start=2026-09-27T06:55:00+0000&duration=PT25M from server.
Fetching https://www.freeview.co.uk/api/program?sid=64&nid=64403&pid=crid://csi.digitaluk.co.uk/70b535a2-6249-43b5-be81-614cfe2b4443&start=2026-09-27T07:20:00+0000&duration=PT30M from server.
Fetching https://www.freeview.co.uk/api/program?sid=64&nid=64403&pid=crid://csi.digitaluk.co.uk/a5acde3e-eef6-4204-99fb-ba80e15a5a94&start=2026-09-27T07:50:00+0000&duration=PT25M from server.
Fetching https://www.freeview.co.uk/api/program?sid=64&nid=64403&pid=crid://csi.digitaluk.co.uk/c9949a3b-46dd-4364-b4e0-99e85fd53189&start=2026-09-27T08:15:00+0000&duration=PT30M from server.
Fetching https://www.freeview.co.uk/api/program?sid=64&nid=64403&pid=crid://csi.digitaluk.co.uk/5146a1f7-d715-41f5-ae3e-167abb972065&start=2026-09-27T08:45:00+0000&duration=PT25M from server.
Fetching https://www.freeview.co.uk/api/program?sid=64&nid=64403&pid=crid://csi.digitaluk.co.uk/93348d99-59e5-4520-83c1-4a49a96f08b7&start=2026-09-27T09:10:00+0000&duration=PT1H from server.
Fetching https://www.freeview.co.uk/api/program?sid=64&nid=64403&pid=crid://csi.digitaluk.co.uk/01b06ef6-815c-475a-93b8-3502bb9451bb&start=2026-09-27T10:10:00+0000&duration=PT55M from server.
Fetching https://www.freeview.co.uk/api/program?sid=64&nid=64403&pid=crid://csi.digitaluk.co.uk/81f77c0b-876a-4a6d-86ca-a19b4bd9aca2&start=2026-09-27T11:05:00+0000&duration=PT30M from server.
Fetching https://www.freeview.co.uk/api/program?sid=64&nid=64403&pid=crid://csi.digitaluk.co.uk/aeb56857-09e9-4175-a98d-eb635633c3f1&start=2026-09-27T11:35:00+0000&duration=PT30M from server.
Fetching https://www.freeview.co.uk/api/program?sid=64&nid=64403&pid=crid://csi.digitaluk.co.uk/0d3f73f2-b645-4c36-98e9-d5d1250692dd&start=2026-09-27T12:05:00+0000&duration=PT30M from server.
Fetching https://www.freeview.co.uk/api/program?sid=64&nid=64403&pid=crid://csi.digitaluk.co.uk/d7f1af7c-7712-4107-82e7-f28f7a0a4fba&start=2026-09-27T12:35:00+0000&duration=PT30M from server.
Fetching https://www.freeview.co.uk/api/program?sid=64&nid=64403&pid=crid://csi.digitaluk.co.uk/fca40865-c2b1-4617-9fde-4fade1bba7c8&start=2026-09-27T13:05:00+0000&duration=PT30M from server.
Fetching https://www.freeview.co.uk/api/program?sid=64&nid=64403&pid=crid://csi.digitaluk.co.uk/e25792cd-df43-42cc-abf9-29a5cfdf14b9&start=2026-09-27T13:35:00+0000&duration=PT25M from server.
Fetching https://www.freeview.co.uk/api/program?sid=64&nid=64403&pid=crid://csi.digitaluk.co.uk/522ca249-1941-4bb0-aea5-3deecf95b182&start=2026-09-27T14:00:00+0000&duration=PT30M from server.
Fetching https://www.freeview.co.uk/api/program?sid=64&nid=64403&pid=crid://csi.digitaluk.co.uk/cdeeef8e-1c08-4ec7-a3a4-89c871f94dd6&start=2026-09-27T14:30:00+0000&duration=PT2H35M from server.
Fetching https://www.freeview.co.uk/api/program?sid=64&nid=64403&pid=crid://csi.digitaluk.co.uk/cfaa5726-2561-40b5-a111-4b6b998dac24&start=2026-09-27T17:05:00+0000&duration=PT55M from server.
Fetching https://www.freeview.co.uk/api/program?sid=64&nid=64403&pid=crid://csi.digitaluk.co.uk/6bb69a68-1bdf-4a9b-8581-f28d0fda1f51&start=2026-09-27T18:00:00+0000&duration=PT1H from server.
Fetching https://www.freeview.co.uk/api/program?sid=64&nid=64403&pid=crid://csi.digitaluk.co.uk/7eb908c0-a43a-492f-b030-4440089f6e06&start=2026-09-27T19:00:00+0000&duration=PT1H from server.
Fetching https://www.freeview.co.uk/api/program?sid=64&nid=64403&pid=crid://csi.digitaluk.co.uk/d217b847-ff67-45a7-be01-da9bd25ad77f&start=2026-09-27T20:00:00+0000&duration=PT1H from server.
Fetching https://www.freeview.co.uk/api/program?sid=64&nid=64403&pid=crid://csi.digitaluk.co.uk/1d38429e-4fcb-4f8b-957f-1d80f99f61eb&start=2026-09-27T21:00:00+0000&duration=PT1H from server.
Fetching https://www.freeview.co.uk/api/program?sid=64&nid=64403&pid=crid://csi.digitaluk.co.uk/83e230a6-66d9-4d9f-8731-5f21ef3a037c&start=2026-09-27T22:00:00+0000&duration=PT1H from server.
Fetching https://www.freeview.co.uk/api/program?sid=64&nid=64403&pid=crid://csi.digitaluk.co.uk/85cad646-d1e7-4af5-9df0-1982104c2213&start=2026-09-27T23:00:00+0000&duration=PT1H from server.
### Wanted 17856 
Fetching https://www.freeview.co.uk/api/program?sid=103&nid=64403&pid=crid://csi.digitaluk.co.uk/6722cb6e-9607-4f94-ab46-1c2a29103fcb&start=2026-09-27T00:25:00+0000&duration=PT1H35M from server.
Fetching https://www.freeview.co.uk/api/program?sid=103&nid=64403&pid=crid://csi.digitaluk.co.uk/ed183473-fab9-4528-b732-ce4ca004b7f6&start=2026-09-27T02:00:00+0000&duration=PT25M from server.
Fetching https://www.freeview.co.uk/api/program?sid=103&nid=64403&pid=crid://csi.digitaluk.co.uk/10c5b66d-4762-433a-93d3-4ae55d8c18b0&start=2026-09-27T02:25:00+0000&duration=PT25M from server.
Fetching https://www.freeview.co.uk/api/program?sid=103&nid=64403&pid=crid://csi.digitaluk.co.uk/9fb8b143-d467-4e8b-a05d-1c10771698eb&start=2026-09-27T02:50:00+0000&duration=PT1H15M from server.
Fetching https://www.freeview.co.uk/api/program?sid=103&nid=64403&pid=crid://csi.digitaluk.co.uk/32f84b23-7a90-4292-9c14-7b144405c6d8&start=2026-09-27T04:05:00+0000&duration=PT55M from server.
Fetching https://www.freeview.co.uk/api/program?sid=103&nid=64403&pid=crid://csi.digitaluk.co.uk/aa128411-becd-468a-9a86-b0c8452c5aff&start=2026-09-27T05:00:00+0000&duration=PT1H from server.
Fetching https://www.freeview.co.uk/api/program?sid=103&nid=64403&pid=crid://csi.digitaluk.co.uk/5251191f-d850-436a-950a-c2b468b380db&start=2026-09-27T06:00:00+0000&duration=PT2H25M from server.
Fetching https://www.freeview.co.uk/api/program?sid=103&nid=64403&pid=crid://csi.digitaluk.co.uk/e78bc324-a0c5-4934-abda-4c270bb62b6f&start=2026-09-27T08:25:00+0000&duration=PT5M from server.
Fetching https://www.freeview.co.uk/api/program?sid=103&nid=64403&pid=crid://csi.digitaluk.co.uk/4758727d-8884-4f18-a517-eed6f403d55b&start=2026-09-27T08:30:00+0000&duration=PT2H from server.
Fetching https://www.freeview.co.uk/api/program?sid=103&nid=64403&pid=crid://www.stv.tv/programInformation/234362&start=2026-09-27T10:30:00+0000&duration=PT1H from server.
Fetching https://www.freeview.co.uk/api/program?sid=103&nid=64403&pid=crid://csi.digitaluk.co.uk/dbbcaf72-a2e2-40fd-8fdf-1963ca510217&start=2026-09-27T11:30:00+0000&duration=PT30M from server.
Fetching https://www.freeview.co.uk/api/program?sid=103&nid=64403&pid=crid://csi.digitaluk.co.uk/6c2123e7-e527-4626-9085-59c513a80735&start=2026-09-27T12:00:00+0000&duration=PT30M from server.
Fetching https://www.freeview.co.uk/api/program?sid=103&nid=64403&pid=crid://csi.digitaluk.co.uk/df2d6ba2-d3f5-4a34-8b13-d2dfa12feb4a&start=2026-09-27T12:30:00+0000&duration=PT15M from server.
Fetching https://www.freeview.co.uk/api/program?sid=103&nid=64403&pid=crid://csi.digitaluk.co.uk/9a554065-d11e-40b1-a376-2d6ae17665f2&start=2026-09-27T12:45:00+0000&duration=PT45M from server.
Fetching https://www.freeview.co.uk/api/program?sid=103&nid=64403&pid=crid://csi.digitaluk.co.uk/b7387c3d-3c91-47e1-893d-ee0f17abd88e&start=2026-09-27T13:30:00+0000&duration=PT2H40M from server.
Fetching https://www.freeview.co.uk/api/program?sid=103&nid=64403&pid=crid://csi.digitaluk.co.uk/f4135cd8-1180-436b-a21e-f39fbf6367f4&start=2026-09-27T16:10:00+0000&duration=PT35M from server.
Fetching https://www.freeview.co.uk/api/program?sid=103&nid=64403&pid=crid://csi.digitaluk.co.uk/f4881a0e-b498-44fe-9413-f5b225597112&start=2026-09-27T16:45:00+0000&duration=PT50M from server.
Fetching https://www.freeview.co.uk/api/program?sid=103&nid=64403&pid=crid://csi.digitaluk.co.uk/32850f4e-fea7-49fc-8c16-691921453057&start=2026-09-27T17:35:00+0000&duration=PT10M from server.
Fetching https://www.freeview.co.uk/api/program?sid=103&nid=64403&pid=crid://csi.digitaluk.co.uk/4602adc2-dace-475e-8b3f-d86ee163e58b&start=2026-09-27T17:45:00+0000&duration=PT15M from server.
Fetching https://www.freeview.co.uk/api/program?sid=103&nid=64403&pid=crid://www.stv.tv/programInformation/234365&start=2026-09-27T18:00:00+0000&duration=PT1H from server.
Fetching https://www.freeview.co.uk/api/program?sid=103&nid=64403&pid=crid://csi.digitaluk.co.uk/1aeacfac-55ae-4a36-868f-83617fe6b979&start=2026-09-27T19:00:00+0000&duration=PT1H from server.
Fetching https://www.freeview.co.uk/api/program?sid=103&nid=64403&pid=crid://csi.digitaluk.co.uk/d07a7b73-5d73-4393-a99c-f3c09307e757&start=2026-09-27T20:00:00+0000&duration=PT1H from server.
Fetching https://www.freeview.co.uk/api/program?sid=103&nid=64403&pid=crid://csi.digitaluk.co.uk/ae57c8ac-d08a-444f-b3e0-99b62afb2ce3&start=2026-09-27T21:00:00+0000&duration=PT25M from server.
Fetching https://www.freeview.co.uk/api/program?sid=103&nid=64403&pid=crid://csi.digitaluk.co.uk/a8424473-f1e8-483d-b04d-587d83a402f1&start=2026-09-27T21:25:00+0000&duration=PT1H35M from server.
Fetching https://www.freeview.co.uk/api/program?sid=103&nid=64403&pid=crid://csi.digitaluk.co.uk/c940688a-07ea-4089-aad3-20387fbc1f8b&start=2026-09-27T23:00:00+0000&duration=PT3H from server.
## Wanted 22080 
Fetching https://www.freeview.co.uk/api/program?sid=233&nid=64403&pid=crid://csi.digitaluk.co.uk/c959f041-6026-40cf-b68f-b61bef88bf57&start=2026-09-27T00:00:00+0000&duration=PT1H from server.
Fetching https://www.freeview.co.uk/api/program?sid=233&nid=64403&pid=crid://csi.digitaluk.co.uk/c19b898e-d793-4acf-b1ce-ddabc434d473&start=2026-09-27T01:00:00+0000&duration=PT1H from server.
Fetching https://www.freeview.co.uk/api/program?sid=233&nid=64403&pid=crid://csi.digitaluk.co.uk/ef4bf6e5-a131-4682-8f45-499c42cafb10&start=2026-09-27T02:00:00+0000&duration=PT1H from server.
Fetching https://www.freeview.co.uk/api/program?sid=233&nid=64403&pid=crid://csi.digitaluk.co.uk/34569b7c-b442-48f3-aaf6-d52f6c2333d4&start=2026-09-27T03:00:00+0000&duration=PT1H from server.
Fetching https://www.freeview.co.uk/api/program?sid=233&nid=64403&pid=crid://csi.digitaluk.co.uk/905340e5-3ad0-4b68-b406-330c2b4d3710&start=2026-09-27T04:00:00+0000&duration=PT1H from server.
Fetching https://www.freeview.co.uk/api/program?sid=233&nid=64403&pid=crid://csi.digitaluk.co.uk/fe77baad-3dba-4410-b595-61115fa7b6b0&start=2026-09-27T05:00:00+0000&duration=PT30M from server.
Fetching https://www.freeview.co.uk/api/program?sid=233&nid=64403&pid=crid://csi.digitaluk.co.uk/212004cc-e0a8-4c78-9986-9b942f61e683&start=2026-09-27T05:30:00+0000&duration=PT30M from server.
Fetching https://www.freeview.co.uk/api/program?sid=233&nid=64403&pid=crid://csi.digitaluk.co.uk/76018f4a-9ff9-4c27-8239-ec300164c148&start=2026-09-27T06:00:00+0000&duration=PT30M from server.
Fetching https://www.freeview.co.uk/api/program?sid=233&nid=64403&pid=crid://csi.digitaluk.co.uk/c44e9e97-209d-4925-9219-c9b3a651ff1d&start=2026-09-27T06:30:00+0000&duration=PT30M from server.
Fetching https://www.freeview.co.uk/api/program?sid=233&nid=64403&pid=crid://csi.digitaluk.co.uk/01b5126b-bc95-45a1-bfcf-e207ec30e916&start=2026-09-27T07:00:00+0000&duration=PT30M from server.
Fetching https://www.freeview.co.uk/api/program?sid=233&nid=64403&pid=crid://csi.digitaluk.co.uk/b767bc88-19ce-4d1b-a469-4428a2d7284a&start=2026-09-27T07:30:00+0000&duration=PT1H30M from server.
Fetching https://www.freeview.co.uk/api/program?sid=233&nid=64403&pid=crid://csi.digitaluk.co.uk/a2e270b1-ad15-4050-ae7c-32910927b809&start=2026-09-27T09:00:00+0000&duration=PT30M from server.
Fetching https://www.freeview.co.uk/api/program?sid=233&nid=64403&pid=crid://csi.digitaluk.co.uk/ca42d995-74ef-47de-aa66-b55949c11d1e&start=2026-09-27T09:30:00+0000&duration=PT30M from server.
Fetching https://www.freeview.co.uk/api/program?sid=233&nid=64403&pid=crid://csi.digitaluk.co.uk/4f72065d-3208-4938-a3d9-d0012422d5ef&start=2026-09-27T10:00:00+0000&duration=PT30M from server.
Fetching https://www.freeview.co.uk/api/program?sid=233&nid=64403&pid=crid://csi.digitaluk.co.uk/0d0996dd-e02e-4fbe-a132-ee91b03de275&start=2026-09-27T10:30:00+0000&duration=PT30M from server.
Fetching https://www.freeview.co.uk/api/program?sid=233&nid=64403&pid=crid://csi.digitaluk.co.uk/e6c9bc97-e83b-4bff-ac07-d832e163e500&start=2026-09-27T11:00:00+0000&duration=PT30M from server.
Fetching https://www.freeview.co.uk/api/program?sid=233&nid=64403&pid=crid://csi.digitaluk.co.uk/b24d3be0-9bde-4962-9eaa-832af9d6f773&start=2026-09-27T11:30:00+0000&duration=PT30M from server.
Fetching https://www.freeview.co.uk/api/program?sid=233&nid=64403&pid=crid://csi.digitaluk.co.uk/691fd02d-6869-4613-9293-8f060ccdcfda&start=2026-09-27T12:00:00+0000&duration=PT30M from server.
Fetching https://www.freeview.co.uk/api/program?sid=233&nid=64403&pid=crid://csi.digitaluk.co.uk/d9106702-83f0-48b8-a4c0-16f3b1be9f7a&start=2026-09-27T12:30:00+0000&duration=PT30M from server.
Fetching https://www.freeview.co.uk/api/program?sid=233&nid=64403&pid=crid://csi.digitaluk.co.uk/234f82b6-a679-4f56-88be-173e51312538&start=2026-09-27T13:00:00+0000&duration=PT30M from server.
Fetching https://www.freeview.co.uk/api/program?sid=233&nid=64403&pid=crid://csi.digitaluk.co.uk/dedc0e9e-d9cb-4844-aec6-3b0a56b021e6&start=2026-09-27T13:30:00+0000&duration=PT30M from server.
Fetching https://www.freeview.co.uk/api/program?sid=233&nid=64403&pid=crid://csi.digitaluk.co.uk/05325cae-7c91-4455-8e45-83476bfe8185&start=2026-09-27T14:00:00+0000&duration=PT30M from server.
Fetching https://www.freeview.co.uk/api/program?sid=233&nid=64403&pid=crid://csi.digitaluk.co.uk/cac11e1d-addb-4db7-ab84-1b151ba14702&start=2026-09-27T14:30:00+0000&duration=PT30M from server.
Fetching https://www.freeview.co.uk/api/program?sid=233&nid=64403&pid=crid://csi.digitaluk.co.uk/8bf383ae-d284-4a73-8a6f-26e8c52ac354&start=2026-09-27T15:00:00+0000&duration=PT30M from server.
Fetching https://www.freeview.co.uk/api/program?sid=233&nid=64403&pid=crid://csi.digitaluk.co.uk/bd06db4f-7bb8-4542-bac4-28824b259a3b&start=2026-09-27T15:30:00+0000&duration=PT30M from server.
Fetching https://www.freeview.co.uk/api/program?sid=233&nid=64403&pid=crid://csi.digitaluk.co.uk/bfb0238c-3b31-41c0-aaa9-57cce7a29c76&start=2026-09-27T16:00:00+0000&duration=PT30M from server.
Fetching https://www.freeview.co.uk/api/program?sid=233&nid=64403&pid=crid://csi.digitaluk.co.uk/5dc0205b-243d-4694-aff4-5968a8e8da11&start=2026-09-27T16:30:00+0000&duration=PT30M from server.
Fetching https://www.freeview.co.uk/api/program?sid=233&nid=64403&pid=crid://csi.digitaluk.co.uk/5ef82f41-576c-4230-8c46-eb2a574cc4e6&start=2026-09-27T17:00:00+0000&duration=PT30M from server.
Fetching https://www.freeview.co.uk/api/program?sid=233&nid=64403&pid=crid://csi.digitaluk.co.uk/18d5385a-ec30-4b1c-b775-c75cef976443&start=2026-09-27T17:30:00+0000&duration=PT30M from server.
Fetching https://www.freeview.co.uk/api/program?sid=233&nid=64403&pid=crid://csi.digitaluk.co.uk/dc6a027e-e8d4-4d2b-82b6-1488c5beda03&start=2026-09-27T18:00:00+0000&duration=PT30M from server.
Fetching https://www.freeview.co.uk/api/program?sid=233&nid=64403&pid=crid://csi.digitaluk.co.uk/f4ff9fa8-8cd3-4c5d-9120-8c04859f1713&start=2026-09-27T18:30:00+0000&duration=PT30M from server.
Fetching https://www.freeview.co.uk/api/program?sid=233&nid=64403&pid=crid://csi.digitaluk.co.uk/ed36bf5e-71dc-4bc3-9398-49557b8ffac8&start=2026-09-27T19:00:00+0000&duration=PT30M from server.
Fetching https://www.freeview.co.uk/api/program?sid=233&nid=64403&pid=crid://csi.digitaluk.co.uk/237b4d4f-5f12-4306-9507-bba4d8b399a1&start=2026-09-27T19:30:00+0000&duration=PT30M from server.
Fetching https://www.freeview.co.uk/api/program?sid=233&nid=64403&pid=crid://csi.digitaluk.co.uk/77ed69ad-4449-4631-a65f-bc8fe220cbd3&start=2026-09-27T20:00:00+0000&duration=PT1H from server.
Fetching https://www.freeview.co.uk/api/program?sid=233&nid=64403&pid=crid://csi.digitaluk.co.uk/61111897-a4ac-4c34-a841-da52e40c2ef0&start=2026-09-27T21:00:00+0000&duration=PT30M from server.
Fetching https://www.freeview.co.uk/api/program?sid=233&nid=64403&pid=crid://csi.digitaluk.co.uk/50cb46c2-8336-4d29-8897-1cf899eb7683&start=2026-09-27T21:30:00+0000&duration=PT30M from server.
Fetching https://www.freeview.co.uk/api/program?sid=233&nid=64403&pid=crid://csi.digitaluk.co.uk/d50e51cd-a97f-411f-aae5-9baeb08a9a41&start=2026-09-27T22:00:00+0000&duration=PT30M from server.
Fetching https://www.freeview.co.uk/api/program?sid=233&nid=64403&pid=crid://csi.digitaluk.co.uk/5a4e9c0c-37fb-4395-b36c-fafa02e9dc15&start=2026-09-27T22:30:00+0000&duration=PT30M from server.
Fetching https://www.freeview.co.uk/api/program?sid=233&nid=64403&pid=crid://csi.digitaluk.co.uk/ccb81636-1070-4112-9d0f-140cc6a49768&start=2026-09-27T23:00:00+0000&duration=PT1H from server.
###
