tv_grab_uk_freeview, 2026-09-15 00:05:06
----------------------------------------
getting list of channels:  URL= https://www.freeview.co.uk/api/channel-list?nid=64403 
Fetching https://www.freeview.co.uk/api/channel-list?nid=64403 from server.
##################################################
using cache '/home/runner/work/xmltv/xmltv/scripts//.xmltv/cache' 
using channel format 'number' 
using region id '64403' 
using icon ch string '?w=160' 
using icon pg string '?w=800' 
fetch 20 channels 
start/end grab: 1789948800 1790035200 
getting listings:  URL= https://www.freeview.co.uk/api/tv-guide?nid=64403&start=1789948800 
Fetching https://www.freeview.co.uk/api/tv-guide?nid=64403&start=1789948800 from server.
 Wanted 8384 
Fetching https://www.freeview.co.uk/api/program?sid=4&nid=64403&pid=crid://csi.digitaluk.co.uk/eef199a6-063f-49ca-b1c4-dd4393cacee0&start=2026-09-21T00:45:00+0000&duration=PT55M from server.
Fetching https://www.freeview.co.uk/api/program?sid=4&nid=64403&pid=crid://csi.digitaluk.co.uk/4b8511c1-7117-41cc-8c01-b01680d79306&start=2026-09-21T01:40:00+0000&duration=PT25M from server.
Fetching https://www.freeview.co.uk/api/program?sid=4&nid=64403&pid=crid://csi.digitaluk.co.uk/ec33989b-db37-47c3-998b-233fe0fd8d57&start=2026-09-21T02:05:00+0000&duration=PT25M from server.
Fetching https://www.freeview.co.uk/api/program?sid=4&nid=64403&pid=crid://csi.digitaluk.co.uk/ff98aa23-b2a8-4fd9-a4cb-e342f2fa5a6f&start=2026-09-21T02:30:00+0000&duration=PT25M from server.
Fetching https://www.freeview.co.uk/api/program?sid=4&nid=64403&pid=crid://csi.digitaluk.co.uk/a0e58c86-36e6-46e8-9c25-c36230f28562&start=2026-09-21T02:55:00+0000&duration=PT1H from server.
Fetching https://www.freeview.co.uk/api/program?sid=4&nid=64403&pid=crid://csi.digitaluk.co.uk/c8f8b8aa-446a-450c-80a9-6cd7c2df8275&start=2026-09-21T03:55:00+0000&duration=PT55M from server.
Fetching https://www.freeview.co.uk/api/program?sid=4&nid=64403&pid=crid://csi.digitaluk.co.uk/6df87817-b641-46f4-ac45-7d1db83d54b1&start=2026-09-21T04:50:00+0000&duration=PT40M from server.
Fetching https://www.freeview.co.uk/api/program?sid=4&nid=64403&pid=crid://csi.digitaluk.co.uk/a8a993ee-8713-44db-a50d-e317b374115b&start=2026-09-21T05:30:00+0000&duration=PT25M from server.
Fetching https://www.freeview.co.uk/api/program?sid=4&nid=64403&pid=crid://csi.digitaluk.co.uk/5e7dace7-0866-4cdb-8e6e-d725c3066a77&start=2026-09-21T05:55:00+0000&duration=PT25M from server.
Fetching https://www.freeview.co.uk/api/program?sid=4&nid=64403&pid=crid://csi.digitaluk.co.uk/cbd616fd-4b84-49c9-b13d-5a3028996228&start=2026-09-21T06:20:00+0000&duration=PT25M from server.
Fetching https://www.freeview.co.uk/api/program?sid=4&nid=64403&pid=crid://csi.digitaluk.co.uk/64aca222-7043-45f4-8b1d-98c7d81b5abe&start=2026-09-21T06:45:00+0000&duration=PT25M from server.
Fetching https://www.freeview.co.uk/api/program?sid=4&nid=64403&pid=crid://csi.digitaluk.co.uk/557f7e60-5cac-4422-93ac-39333b67ee13&start=2026-09-21T07:10:00+0000&duration=PT30M from server.
Fetching https://www.freeview.co.uk/api/program?sid=4&nid=64403&pid=crid://csi.digitaluk.co.uk/5fd97c3a-effc-4171-90ae-83d9ec92c2c3&start=2026-09-21T07:40:00+0000&duration=PT30M from server.
Fetching https://www.freeview.co.uk/api/program?sid=4&nid=64403&pid=crid://csi.digitaluk.co.uk/6ce1583f-395f-48ff-b28e-2733c58c972d&start=2026-09-21T08:10:00+0000&duration=PT30M from server.
Fetching https://www.freeview.co.uk/api/program?sid=4&nid=64403&pid=crid://csi.digitaluk.co.uk/f10ac7ab-bd2b-434b-a250-1bd75ac2579e&start=2026-09-21T08:40:00+0000&duration=PT30M from server.
Fetching https://www.freeview.co.uk/api/program?sid=4&nid=64403&pid=crid://csi.digitaluk.co.uk/3d104d2b-4007-412a-80fb-e91b33a824ed&start=2026-09-21T09:10:00+0000&duration=PT30M from server.
Fetching https://www.freeview.co.uk/api/program?sid=4&nid=64403&pid=crid://csi.digitaluk.co.uk/855c8d94-cc72-4804-85aa-9ea1c30f8589&start=2026-09-21T09:40:00+0000&duration=PT30M from server.
Fetching https://www.freeview.co.uk/api/program?sid=4&nid=64403&pid=crid://csi.digitaluk.co.uk/c34e97ac-06fc-4126-b6ae-9e56f9eeb663&start=2026-09-21T10:10:00+0000&duration=PT55M from server.
Fetching https://www.freeview.co.uk/api/program?sid=4&nid=64403&pid=crid://csi.digitaluk.co.uk/910ebce5-08ad-428d-b8e3-d954e7a0f65a&start=2026-09-21T11:05:00+0000&duration=PT5M from server.
Fetching https://www.freeview.co.uk/api/program?sid=4&nid=64403&pid=crid://csi.digitaluk.co.uk/d83b072b-c570-4942-8771-936cbd828cb4&start=2026-09-21T11:10:00+0000&duration=PT1H from server.
Fetching https://www.freeview.co.uk/api/program?sid=4&nid=64403&pid=crid://csi.digitaluk.co.uk/2a9d6eec-d7cd-4ab2-a191-02b6fedb55ed&start=2026-09-21T12:10:00+0000&duration=PT1H from server.
Fetching https://www.freeview.co.uk/api/program?sid=4&nid=64403&pid=crid://csi.digitaluk.co.uk/aa4de69a-ae2a-4183-912d-a70eaa8f4993&start=2026-09-21T13:10:00+0000&duration=PT50M from server.
Fetching https://www.freeview.co.uk/api/program?sid=4&nid=64403&pid=crid://csi.digitaluk.co.uk/0c2af6a2-9334-4bfe-ba5b-c1e43d216fcd&start=2026-09-21T14:00:00+0000&duration=PT1H from server.
Fetching https://www.freeview.co.uk/api/program?sid=4&nid=64403&pid=crid://csi.digitaluk.co.uk/32b0418b-4f4c-4560-b509-69613c5be8f7&start=2026-09-21T15:00:00+0000&duration=PT1H from server.
Fetching https://www.freeview.co.uk/api/program?sid=4&nid=64403&pid=crid://csi.digitaluk.co.uk/e87456da-e871-4b08-bdb9-6994ab148a07&start=2026-09-21T16:00:00+0000&duration=PT30M from server.
Fetching https://www.freeview.co.uk/api/program?sid=4&nid=64403&pid=crid://csi.digitaluk.co.uk/b46a76ce-fd8c-4498-bde8-809b5bd091b9&start=2026-09-21T16:30:00+0000&duration=PT30M from server.
Fetching https://www.freeview.co.uk/api/program?sid=4&nid=64403&pid=crid://csi.digitaluk.co.uk/c6f9f68f-832c-4d58-b05a-a221fe2b8139&start=2026-09-21T17:00:00+0000&duration=PT1H from server.
Fetching https://www.freeview.co.uk/api/program?sid=4&nid=64403&pid=crid://csi.digitaluk.co.uk/a0c8fe00-ddf2-4137-8cf1-a071aeb3f770&start=2026-09-21T18:00:00+0000&duration=PT1H from server.
Fetching https://www.freeview.co.uk/api/program?sid=4&nid=64403&pid=crid://csi.digitaluk.co.uk/1f4f39b7-05bc-4449-918f-e2845c3e30e3&start=2026-09-21T19:00:00+0000&duration=PT1H from server.
Fetching https://www.freeview.co.uk/api/program?sid=4&nid=64403&pid=crid://csi.digitaluk.co.uk/0529b944-2803-417c-8ea8-57f6eab43bdf&start=2026-09-21T20:00:00+0000&duration=PT1H from server.
Fetching https://www.freeview.co.uk/api/program?sid=4&nid=64403&pid=crid://csi.digitaluk.co.uk/3cafabd5-46d8-4ee3-b87a-2bfb81901849&start=2026-09-21T21:00:00+0000&duration=PT1H5M from server.
Fetching https://www.freeview.co.uk/api/program?sid=4&nid=64403&pid=crid://csi.digitaluk.co.uk/733b89de-4db7-4e11-92d6-ebdd3e7b112a&start=2026-09-21T22:05:00+0000&duration=PT1H from server.
Fetching https://www.freeview.co.uk/api/program?sid=4&nid=64403&pid=crid://csi.digitaluk.co.uk/0f74ab35-3ae0-4012-a1b2-32b36f45b23b&start=2026-09-21T23:05:00+0000&duration=PT55M from server.
## Wanted 8500 
Fetching https://www.freeview.co.uk/api/program?sid=5&nid=64403&pid=crid://panorama.five.tv/versions/C5349600001A&start=2026-09-21T00:00:00+0000&duration=PT1H from server.
Fetching https://www.freeview.co.uk/api/program?sid=5&nid=64403&pid=crid://panorama.five.tv/versions/C5316600002A&start=2026-09-21T01:00:00+0000&duration=PT25M from server.
Fetching https://www.freeview.co.uk/api/program?sid=5&nid=64403&pid=crid://panorama.five.tv/versions/C5316600003A&start=2026-09-21T01:25:00+0000&duration=PT25M from server.
Fetching https://www.freeview.co.uk/api/program?sid=5&nid=64403&pid=crid://panorama.five.tv/versions/C5462160004A&start=2026-09-21T01:50:00+0000&duration=PT45M from server.
Fetching https://www.freeview.co.uk/api/program?sid=5&nid=64403&pid=crid://panorama.five.tv/versions/C5527760007A&start=2026-09-21T02:35:00+0000&duration=PT50M from server.
Fetching https://www.freeview.co.uk/api/program?sid=5&nid=64403&pid=crid://panorama.five.tv/versions/C5527760008A&start=2026-09-21T03:25:00+0000&duration=PT50M from server.
Fetching https://www.freeview.co.uk/api/program?sid=5&nid=64403&pid=crid://panorama.five.tv/versions/C5522700039A&start=2026-09-21T04:15:00+0000&duration=PT10M from server.
Fetching https://www.freeview.co.uk/api/program?sid=5&nid=64403&pid=crid://panorama.five.tv/versions/C5475400030A&start=2026-09-21T04:25:00+0000&duration=PT10M from server.
Fetching https://www.freeview.co.uk/api/program?sid=5&nid=64403&pid=crid://panorama.five.tv/versions/C5475400031A&start=2026-09-21T04:35:00+0000&duration=PT15M from server.
Fetching https://www.freeview.co.uk/api/program?sid=5&nid=64403&pid=crid://panorama.five.tv/versions/C5475400032A&start=2026-09-21T04:50:00+0000&duration=PT10M from server.
Fetching https://www.freeview.co.uk/api/program?sid=5&nid=64403&pid=crid://panorama.five.tv/versions/C5216600021A&start=2026-09-21T05:00:00+0000&duration=PT5M from server.
Fetching https://www.freeview.co.uk/api/program?sid=5&nid=64403&pid=crid://panorama.five.tv/versions/C5216600022A&start=2026-09-21T05:05:00+0000&duration=PT5M from server.
Fetching https://www.freeview.co.uk/api/program?sid=5&nid=64403&pid=crid://panorama.five.tv/versions/C5392420027A&start=2026-09-21T05:10:00+0000&duration=PT5M from server.
Fetching https://www.freeview.co.uk/api/program?sid=5&nid=64403&pid=crid://panorama.five.tv/versions/C5285600024A&start=2026-09-21T05:15:00+0000&duration=PT5M from server.
Fetching https://www.freeview.co.uk/api/program?sid=5&nid=64403&pid=crid://panorama.five.tv/versions/C5211110006A&start=2026-09-21T05:20:00+0000&duration=PT15M from server.
Fetching https://www.freeview.co.uk/api/program?sid=5&nid=64403&pid=crid://panorama.five.tv/versions/C5412200012A&start=2026-09-21T05:35:00+0000&duration=PT10M from server.
Fetching https://www.freeview.co.uk/api/program?sid=5&nid=64403&pid=crid://panorama.five.tv/versions/C5216600023A&start=2026-09-21T05:45:00+0000&duration=PT5M from server.
Fetching https://www.freeview.co.uk/api/program?sid=5&nid=64403&pid=crid://panorama.five.tv/versions/C5285620003A&start=2026-09-21T05:50:00+0000&duration=PT5M from server.
Fetching https://www.freeview.co.uk/api/program?sid=5&nid=64403&pid=crid://panorama.five.tv/versions/C5463820020A&start=2026-09-21T05:55:00+0000&duration=PT15M from server.
Fetching https://www.freeview.co.uk/api/program?sid=5&nid=64403&pid=crid://panorama.five.tv/versions/C5491450018A&start=2026-09-21T06:10:00+0000&duration=PT10M from server.
Fetching https://www.freeview.co.uk/api/program?sid=5&nid=64403&pid=crid://panorama.five.tv/versions/C5506040002A&start=2026-09-21T06:20:00+0000&duration=PT15M from server.
Fetching https://www.freeview.co.uk/api/program?sid=5&nid=64403&pid=crid://panorama.five.tv/versions/C5144870017E&start=2026-09-21T06:35:00+0000&duration=PT5M from server.
Fetching https://www.freeview.co.uk/api/program?sid=5&nid=64403&pid=crid://panorama.five.tv/versions/C5265570044A&start=2026-09-21T06:40:00+0000&duration=PT5M from server.
Fetching https://www.freeview.co.uk/api/program?sid=5&nid=64403&pid=crid://panorama.five.tv/versions/C5463540020A&start=2026-09-21T06:45:00+0000&duration=PT15M from server.
Fetching https://www.freeview.co.uk/api/program?sid=5&nid=64403&pid=crid://panorama.five.tv/versions/C5285680052A&start=2026-09-21T07:00:00+0000&duration=PT15M from server.
Fetching https://www.freeview.co.uk/api/program?sid=5&nid=64403&pid=crid://panorama.five.tv/versions/C5536940001B&start=2026-09-21T07:15:00+0000&duration=PT10M from server.
Fetching https://www.freeview.co.uk/api/program?sid=5&nid=64403&pid=crid://panorama.five.tv/versions/C5285580011A&start=2026-09-21T07:25:00+0000&duration=PT15M from server.
Fetching https://www.freeview.co.uk/api/program?sid=5&nid=64403&pid=crid://panorama.five.tv/versions/C5157100037B&start=2026-09-21T07:40:00+0000&duration=PT5M from server.
Fetching https://www.freeview.co.uk/api/program?sid=5&nid=64403&pid=crid://panorama.five.tv/versions/C5157100038B&start=2026-09-21T07:45:00+0000&duration=PT5M from server.
Fetching https://www.freeview.co.uk/api/program?sid=5&nid=64403&pid=crid://panorama.five.tv/versions/C5157100039B&start=2026-09-21T07:50:00+0000&duration=PT5M from server.
Fetching https://www.freeview.co.uk/api/program?sid=5&nid=64403&pid=crid://panorama.five.tv/versions/C5165010017A&start=2026-09-21T07:55:00+0000&duration=PT15M from server.
Fetching https://www.freeview.co.uk/api/program?sid=5&nid=64403&pid=crid://panorama.five.tv/versions/C5483140011A&start=2026-09-21T08:10:00+0000&duration=PT5M from server.
Fetching https://www.freeview.co.uk/api/program?sid=5&nid=64403&pid=crid://panorama.five.tv/versions/C5524340186A&start=2026-09-21T08:15:00+0000&duration=PT2H15M from server.
Fetching https://www.freeview.co.uk/api/program?sid=5&nid=64403&pid=crid://panorama.five.tv/versions/C5524360186A&start=2026-09-21T10:30:00+0000&duration=PT1H15M from server.
Fetching https://www.freeview.co.uk/api/program?sid=5&nid=64403&pid=crid://panorama.five.tv/versions/C5524440181A&start=2026-09-21T11:45:00+0000&duration=PT5M from server.
Fetching https://www.freeview.co.uk/api/program?sid=5&nid=64403&pid=crid://panorama.five.tv/versions/C5526780181A&start=2026-09-21T11:50:00+0000&duration=PT1H30M from server.
Fetching https://www.freeview.co.uk/api/program?sid=5&nid=64403&pid=crid://panorama.five.tv/versions/C5472440001A&start=2026-09-21T13:20:00+0000&duration=PT1H40M from server.
Fetching https://www.freeview.co.uk/api/program?sid=5&nid=64403&pid=crid://panorama.five.tv/versions/C5226330018B&start=2026-09-21T15:00:00+0000&duration=PT55M from server.
Fetching https://www.freeview.co.uk/api/program?sid=5&nid=64403&pid=crid://panorama.five.tv/versions/C5528520035A&start=2026-09-21T15:55:00+0000&duration=PT5M from server.
Fetching https://www.freeview.co.uk/api/program?sid=5&nid=64403&pid=crid://panorama.five.tv/versions/C5524400185A&start=2026-09-21T16:00:00+0000&duration=PT1H from server.
Fetching https://www.freeview.co.uk/api/program?sid=5&nid=64403&pid=crid://panorama.five.tv/versions/C5462160005A&start=2026-09-21T17:00:00+0000&duration=PT1H from server.
Fetching https://www.freeview.co.uk/api/program?sid=5&nid=64403&pid=crid://panorama.five.tv/versions/C5502620015F&start=2026-09-21T18:00:00+0000&duration=PT1H from server.
Fetching https://www.freeview.co.uk/api/program?sid=5&nid=64403&pid=crid://panorama.five.tv/versions/C5490220013B&start=2026-09-21T19:00:00+0000&duration=PT1H from server.
Fetching https://www.freeview.co.uk/api/program?sid=5&nid=64403&pid=crid://panorama.five.tv/versions/C5515240004A&start=2026-09-21T20:00:00+0000&duration=PT1H from server.
Fetching https://www.freeview.co.uk/api/program?sid=5&nid=64403&pid=crid://panorama.five.tv/versions/C5542020001A&start=2026-09-21T21:00:00+0000&duration=PT1H30M from server.
Fetching https://www.freeview.co.uk/api/program?sid=5&nid=64403&pid=crid://panorama.five.tv/versions/C5444800003F&start=2026-09-21T22:30:00+0000&duration=PT1H25M from server.
Fetching https://www.freeview.co.uk/api/program?sid=5&nid=64403&pid=crid://panorama.five.tv/versions/C5522880039A&start=2026-09-21T23:55:00+0000&duration=PT5M from server.
### Wanted 28000 
Fetching https://www.freeview.co.uk/api/program?sid=12&nid=64403&pid=crid://csi.digitaluk.co.uk/90d7384d-b331-4599-a62a-235a3e9fc31f&start=2026-09-21T00:30:00+0000&duration=PT1H from server.
Fetching https://www.freeview.co.uk/api/program?sid=12&nid=64403&pid=crid://csi.digitaluk.co.uk/103fa779-fa7c-4776-8fcc-1f4151904965&start=2026-09-21T01:30:00+0000&duration=PT30M from server.
Fetching https://www.freeview.co.uk/api/program?sid=12&nid=64403&pid=crid://csi.digitaluk.co.uk/9d1cb57b-6868-45ba-b9c5-3e56d68aebfd&start=2026-09-21T02:00:00+0000&duration=PT2H from server.
Fetching https://www.freeview.co.uk/api/program?sid=12&nid=64403&pid=crid://csi.digitaluk.co.uk/c9ca7bd4-5bf6-4f07-99a7-9d299f233dcd&start=2026-09-21T04:00:00+0000&duration=PT1H from server.
Fetching https://www.freeview.co.uk/api/program?sid=12&nid=64403&pid=crid://csi.digitaluk.co.uk/73e0d430-e4ce-4b9d-bec1-ee89e1d08df4&start=2026-09-21T05:00:00+0000&duration=PT30M from server.
Fetching https://www.freeview.co.uk/api/program?sid=12&nid=64403&pid=crid://csi.digitaluk.co.uk/05434827-124f-4abe-a5d2-ea7f275c3278&start=2026-09-21T05:30:00+0000&duration=PT30M from server.
Fetching https://www.freeview.co.uk/api/program?sid=12&nid=64403&pid=crid://csi.digitaluk.co.uk/7d12539b-acc5-4fa8-85d1-8c219188e7ee&start=2026-09-21T06:00:00+0000&duration=PT30M from server.
Fetching https://www.freeview.co.uk/api/program?sid=12&nid=64403&pid=crid://csi.digitaluk.co.uk/15f684f5-1060-41e9-9e31-9e9a3177d915&start=2026-09-21T06:30:00+0000&duration=PT30M from server.
Fetching https://www.freeview.co.uk/api/program?sid=12&nid=64403&pid=crid://csi.digitaluk.co.uk/3bfefee7-cd02-40ee-a152-51ce1c9f775c&start=2026-09-21T07:00:00+0000&duration=PT30M from server.
Fetching https://www.freeview.co.uk/api/program?sid=12&nid=64403&pid=crid://csi.digitaluk.co.uk/0f01d877-b12a-479b-b26f-d72bccb329b7&start=2026-09-21T07:30:00+0000&duration=PT30M from server.
Fetching https://www.freeview.co.uk/api/program?sid=12&nid=64403&pid=crid://csi.digitaluk.co.uk/466f9cd3-1d76-40b5-9cc6-1b804e847388&start=2026-09-21T08:00:00+0000&duration=PT30M from server.
Fetching https://www.freeview.co.uk/api/program?sid=12&nid=64403&pid=crid://csi.digitaluk.co.uk/78e245d0-da67-4786-bfa2-ba9504a91178&start=2026-09-21T08:30:00+0000&duration=PT30M from server.
Fetching https://www.freeview.co.uk/api/program?sid=12&nid=64403&pid=crid://csi.digitaluk.co.uk/16a2c198-9fa5-4ba5-b9e3-c2fff231586d&start=2026-09-21T09:00:00+0000&duration=PT30M from server.
Fetching https://www.freeview.co.uk/api/program?sid=12&nid=64403&pid=crid://csi.digitaluk.co.uk/c37ff856-d0d1-4b93-b592-244ad5e0bab3&start=2026-09-21T09:30:00+0000&duration=PT30M from server.
Fetching https://www.freeview.co.uk/api/program?sid=12&nid=64403&pid=crid://csi.digitaluk.co.uk/1828655f-a3ad-4a71-8842-b106e678bb8d&start=2026-09-21T10:00:00+0000&duration=PT30M from server.
Fetching https://www.freeview.co.uk/api/program?sid=12&nid=64403&pid=crid://csi.digitaluk.co.uk/557a6b57-b54b-438b-ac42-249276724888&start=2026-09-21T10:30:00+0000&duration=PT30M from server.
Fetching https://www.freeview.co.uk/api/program?sid=12&nid=64403&pid=crid://csi.digitaluk.co.uk/9b79b975-03d3-4a42-86dc-5bff3ea49b02&start=2026-09-21T11:00:00+0000&duration=PT30M from server.
Fetching https://www.freeview.co.uk/api/program?sid=12&nid=64403&pid=crid://csi.digitaluk.co.uk/3c1b9110-b145-4471-bc1e-120a60475270&start=2026-09-21T11:30:00+0000&duration=PT30M from server.
Fetching https://www.freeview.co.uk/api/program?sid=12&nid=64403&pid=crid://csi.digitaluk.co.uk/2899f7b9-d323-4cda-ba14-2e92593c53f7&start=2026-09-21T12:00:00+0000&duration=PT30M from server.
Fetching https://www.freeview.co.uk/api/program?sid=12&nid=64403&pid=crid://csi.digitaluk.co.uk/e8ae6598-7f2b-4035-a8ee-17b1129f69d2&start=2026-09-21T12:30:00+0000&duration=PT30M from server.
Fetching https://www.freeview.co.uk/api/program?sid=12&nid=64403&pid=crid://csi.digitaluk.co.uk/b121d25b-5ba2-4690-8696-bff461c1b4c1&start=2026-09-21T13:00:00+0000&duration=PT30M from server.
Fetching https://www.freeview.co.uk/api/program?sid=12&nid=64403&pid=crid://csi.digitaluk.co.uk/6083bce9-74b3-4988-a8db-53977738656c&start=2026-09-21T13:30:00+0000&duration=PT30M from server.
Fetching https://www.freeview.co.uk/api/program?sid=12&nid=64403&pid=crid://csi.digitaluk.co.uk/bf97f2a2-bb74-422c-a8de-8d9069054854&start=2026-09-21T14:00:00+0000&duration=PT30M from server.
Fetching https://www.freeview.co.uk/api/program?sid=12&nid=64403&pid=crid://csi.digitaluk.co.uk/4532d49e-3b67-4918-a4b1-7c20149875ee&start=2026-09-21T14:30:00+0000&duration=PT30M from server.
Fetching https://www.freeview.co.uk/api/program?sid=12&nid=64403&pid=crid://csi.digitaluk.co.uk/8fb56daf-96f0-466c-9d2b-1f87d9429531&start=2026-09-21T15:00:00+0000&duration=PT30M from server.
Fetching https://www.freeview.co.uk/api/program?sid=12&nid=64403&pid=crid://csi.digitaluk.co.uk/c7c68c89-77fe-407b-a228-160a7fd7dccd&start=2026-09-21T15:30:00+0000&duration=PT30M from server.
Fetching https://www.freeview.co.uk/api/program?sid=12&nid=64403&pid=crid://csi.digitaluk.co.uk/b01c99f7-3996-4863-b65e-e1a93158a50f&start=2026-09-21T16:00:00+0000&duration=PT30M from server.
Fetching https://www.freeview.co.uk/api/program?sid=12&nid=64403&pid=crid://csi.digitaluk.co.uk/fe95b5e8-9fd4-43fb-ac63-d54c440adb65&start=2026-09-21T16:30:00+0000&duration=PT30M from server.
Fetching https://www.freeview.co.uk/api/program?sid=12&nid=64403&pid=crid://csi.digitaluk.co.uk/5d411263-2908-4b36-bcbe-04d487f8e58b&start=2026-09-21T17:00:00+0000&duration=PT30M from server.
Fetching https://www.freeview.co.uk/api/program?sid=12&nid=64403&pid=crid://csi.digitaluk.co.uk/8a11d857-f812-4398-bf35-94d7ac0bad42&start=2026-09-21T17:30:00+0000&duration=PT30M from server.
Fetching https://www.freeview.co.uk/api/program?sid=12&nid=64403&pid=crid://csi.digitaluk.co.uk/0c5ab635-2622-4468-b627-84b997e01f28&start=2026-09-21T18:00:00+0000&duration=PT30M from server.
Fetching https://www.freeview.co.uk/api/program?sid=12&nid=64403&pid=crid://csi.digitaluk.co.uk/81b8d98e-b6c3-429e-9e87-ae7635559fc1&start=2026-09-21T18:30:00+0000&duration=PT30M from server.
Fetching https://www.freeview.co.uk/api/program?sid=12&nid=64403&pid=crid://csi.digitaluk.co.uk/0747c2bb-e5aa-4fe1-8fff-b667de528857&start=2026-09-21T19:00:00+0000&duration=PT30M from server.
Fetching https://www.freeview.co.uk/api/program?sid=12&nid=64403&pid=crid://csi.digitaluk.co.uk/979249e7-5735-4ec2-9844-e31290560aa5&start=2026-09-21T19:30:00+0000&duration=PT30M from server.
Fetching https://www.freeview.co.uk/api/program?sid=12&nid=64403&pid=crid://csi.digitaluk.co.uk/8bacb41a-e465-44f6-bb6b-4510da9606a0&start=2026-09-21T20:00:00+0000&duration=PT1H from server.
Fetching https://www.freeview.co.uk/api/program?sid=12&nid=64403&pid=crid://csi.digitaluk.co.uk/d4e327ad-ae47-4704-b3cd-e48ae40345fc&start=2026-09-21T21:00:00+0000&duration=PT2H from server.
Fetching https://www.freeview.co.uk/api/program?sid=12&nid=64403&pid=crid://csi.digitaluk.co.uk/3376d312-272f-48cf-bd05-2d707ebd936c&start=2026-09-21T23:00:00+0000&duration=PT30M from server.
Fetching https://www.freeview.co.uk/api/program?sid=12&nid=64403&pid=crid://csi.digitaluk.co.uk/5fbc4ebd-f3ea-4dd7-b1ad-0946154ac396&start=2026-09-21T23:30:00+0000&duration=PT30M from server.
## Wanted 8448 
Fetching https://www.freeview.co.uk/api/program?sid=13&nid=64403&pid=crid://csi.digitaluk.co.uk/4b9babc1-85ee-4eca-944a-86a3685b3e18&start=2026-09-21T00:55:00+0000&duration=PT1H from server.
Fetching https://www.freeview.co.uk/api/program?sid=13&nid=64403&pid=crid://csi.digitaluk.co.uk/036d7eae-de5f-430f-bb16-25ebaf5ec6e2&start=2026-09-21T01:55:00+0000&duration=PT50M from server.
Fetching https://www.freeview.co.uk/api/program?sid=13&nid=64403&pid=crid://csi.digitaluk.co.uk/bd8129d1-1ae9-4765-8151-c1cdd806f341&start=2026-09-21T02:45:00+0000&duration=PT55M from server.
Fetching https://www.freeview.co.uk/api/program?sid=13&nid=64403&pid=crid://csi.digitaluk.co.uk/fa8430a5-0c65-41ff-a9c2-b532ca0eb54d&start=2026-09-21T03:40:00+0000&duration=PT1H20M from server.
Fetching https://www.freeview.co.uk/api/program?sid=13&nid=64403&pid=crid://csi.digitaluk.co.uk/b0b3a34a-842b-43a7-83a5-f6c349903a6f&start=2026-09-21T05:00:00+0000&duration=PT30M from server.
Fetching https://www.freeview.co.uk/api/program?sid=13&nid=64403&pid=crid://movida.bebanjo.net/mas/version/76930/111/ASDELIVERED/C&start=2026-09-21T05:30:00+0000&duration=PT25M from server.
Fetching https://www.freeview.co.uk/api/program?sid=13&nid=64403&pid=crid://csi.digitaluk.co.uk/1b894c96-c98f-4dc9-82b7-b981854082da&start=2026-09-21T05:55:00+0000&duration=PT5M from server.
Fetching https://www.freeview.co.uk/api/program?sid=13&nid=64403&pid=crid://csi.digitaluk.co.uk/0cbf53d9-2683-499e-b0e1-7ed3b9427354&start=2026-09-21T06:00:00+0000&duration=PT1H from server.
Fetching https://www.freeview.co.uk/api/program?sid=13&nid=64403&pid=crid://csi.digitaluk.co.uk/9eb90310-1ca6-4dec-ac4d-1a62b8a3a5f0&start=2026-09-21T07:00:00+0000&duration=PT1H from server.
Fetching https://www.freeview.co.uk/api/program?sid=13&nid=64403&pid=crid://csi.digitaluk.co.uk/0b17b805-35e7-4ffc-9de4-ca182cbe36cc&start=2026-09-21T08:00:00+0000&duration=PT1H from server.
Fetching https://www.freeview.co.uk/api/program?sid=13&nid=64403&pid=crid://csi.digitaluk.co.uk/5d60809a-c1d6-413b-8ece-8fb6fb2a79d1&start=2026-09-21T09:00:00+0000&duration=PT1H from server.
Fetching https://www.freeview.co.uk/api/program?sid=13&nid=64403&pid=crid://csi.digitaluk.co.uk/a504f98a-614f-4114-8daf-4fd50486108e&start=2026-09-21T10:00:00+0000&duration=PT30M from server.
Fetching https://www.freeview.co.uk/api/program?sid=13&nid=64403&pid=crid://csi.digitaluk.co.uk/244ecd36-d128-4c68-b1a4-69172975b2fe&start=2026-09-21T10:30:00+0000&duration=PT30M from server.
Fetching https://www.freeview.co.uk/api/program?sid=13&nid=64403&pid=crid://csi.digitaluk.co.uk/dd06243c-ad6f-4ad6-9600-e2df3c8bd89c&start=2026-09-21T11:00:00+0000&duration=PT30M from server.
Fetching https://www.freeview.co.uk/api/program?sid=13&nid=64403&pid=crid://csi.digitaluk.co.uk/309def9c-f3a7-4f09-b695-0d66dbd6f276&start=2026-09-21T11:30:00+0000&duration=PT30M from server.
Fetching https://www.freeview.co.uk/api/program?sid=13&nid=64403&pid=crid://csi.digitaluk.co.uk/9a144c51-af69-425c-9542-070ba4492392&start=2026-09-21T12:00:00+0000&duration=PT30M from server.
Fetching https://www.freeview.co.uk/api/program?sid=13&nid=64403&pid=crid://csi.digitaluk.co.uk/2977c325-c2aa-4eb6-947e-0a1f68173305&start=2026-09-21T12:30:00+0000&duration=PT30M from server.
Fetching https://www.freeview.co.uk/api/program?sid=13&nid=64403&pid=crid://csi.digitaluk.co.uk/f14110ca-3c4b-4c64-a735-563928755038&start=2026-09-21T13:00:00+0000&duration=PT30M from server.
Fetching https://www.freeview.co.uk/api/program?sid=13&nid=64403&pid=crid://csi.digitaluk.co.uk/2b62721e-294b-48b4-b08e-1e6d0ba509ef&start=2026-09-21T13:30:00+0000&duration=PT30M from server.
Fetching https://www.freeview.co.uk/api/program?sid=13&nid=64403&pid=crid://csi.digitaluk.co.uk/bd66a6c9-a31f-4757-85ef-5387d7d47e5e&start=2026-09-21T14:00:00+0000&duration=PT30M from server.
Fetching https://www.freeview.co.uk/api/program?sid=13&nid=64403&pid=crid://csi.digitaluk.co.uk/0e08038a-4e21-4c6a-ba24-2fac83169744&start=2026-09-21T14:30:00+0000&duration=PT30M from server.
Fetching https://www.freeview.co.uk/api/program?sid=13&nid=64403&pid=crid://csi.digitaluk.co.uk/88152f60-1093-4bc0-881d-41a7e7cb81b0&start=2026-09-21T15:00:00+0000&duration=PT30M from server.
Fetching https://www.freeview.co.uk/api/program?sid=13&nid=64403&pid=crid://csi.digitaluk.co.uk/7406a8b8-f770-4b2a-b7da-32be19cfd855&start=2026-09-21T15:30:00+0000&duration=PT30M from server.
Fetching https://www.freeview.co.uk/api/program?sid=13&nid=64403&pid=crid://csi.digitaluk.co.uk/c2e02cc2-df3f-4828-9113-c52283ec48da&start=2026-09-21T16:00:00+0000&duration=PT30M from server.
Fetching https://www.freeview.co.uk/api/program?sid=13&nid=64403&pid=crid://csi.digitaluk.co.uk/7339241a-5c04-46b1-9309-09f91186d479&start=2026-09-21T16:30:00+0000&duration=PT30M from server.
Fetching https://www.freeview.co.uk/api/program?sid=13&nid=64403&pid=crid://csi.digitaluk.co.uk/02be7a82-d984-48ca-bf3f-5d79a610e88f&start=2026-09-21T17:00:00+0000&duration=PT30M from server.
Fetching https://www.freeview.co.uk/api/program?sid=13&nid=64403&pid=crid://csi.digitaluk.co.uk/76a885f5-a5c2-41a8-98e3-e52f804794ae&start=2026-09-21T17:30:00+0000&duration=PT30M from server.
Fetching https://www.freeview.co.uk/api/program?sid=13&nid=64403&pid=crid://csi.digitaluk.co.uk/b7261b14-4ba3-4541-a62f-ef736130cc0a&start=2026-09-21T18:00:00+0000&duration=PT30M from server.
Fetching https://www.freeview.co.uk/api/program?sid=13&nid=64403&pid=crid://csi.digitaluk.co.uk/2468eece-eb82-4356-aa78-37c3947250a2&start=2026-09-21T18:30:00+0000&duration=PT30M from server.
Fetching https://www.freeview.co.uk/api/program?sid=13&nid=64403&pid=crid://csi.digitaluk.co.uk/948f85ce-bc3f-4430-be7b-2b0c49918f6f&start=2026-09-21T19:00:00+0000&duration=PT1H from server.
Fetching https://www.freeview.co.uk/api/program?sid=13&nid=64403&pid=crid://csi.digitaluk.co.uk/4fa4a8fe-8ecd-45fd-93b5-77d747a9ab44&start=2026-09-21T20:00:00+0000&duration=PT1H from server.
Fetching https://www.freeview.co.uk/api/program?sid=13&nid=64403&pid=crid://csi.digitaluk.co.uk/70c26c57-7940-498b-9106-5e556561d534&start=2026-09-21T21:00:00+0000&duration=PT1H5M from server.
Fetching https://www.freeview.co.uk/api/program?sid=13&nid=64403&pid=crid://csi.digitaluk.co.uk/4a234c7d-c232-48cf-9bf9-f818021b98ed&start=2026-09-21T22:05:00+0000&duration=PT1H from server.
Fetching https://www.freeview.co.uk/api/program?sid=13&nid=64403&pid=crid://csi.digitaluk.co.uk/1998d006-b231-4fc2-a0a1-b46df528e6c1&start=2026-09-21T23:05:00+0000&duration=PT1H5M from server.
### Wanted 8385 
Fetching https://www.freeview.co.uk/api/program?sid=14&nid=64403&pid=crid://csi.digitaluk.co.uk/6dd092fa-3324-49d6-94b4-b4471da3bb6f&start=2026-09-21T00:30:00+0000&duration=PT1H40M from server.
Fetching https://www.freeview.co.uk/api/program?sid=14&nid=64403&pid=crid://csi.digitaluk.co.uk/6519a3e5-5ff0-462c-94f7-6ac3f8836651&start=2026-09-21T02:10:00+0000&duration=PT3H50M from server.
Fetching https://www.freeview.co.uk/api/program?sid=14&nid=64403&pid=crid://csi.digitaluk.co.uk/a72db12e-a424-40f0-89cb-5f3bfae1d0a9&start=2026-09-21T06:00:00+0000&duration=PT1H from server.
Fetching https://www.freeview.co.uk/api/program?sid=14&nid=64403&pid=crid://csi.digitaluk.co.uk/2057f788-1614-4b2e-97a2-a34e240e0678&start=2026-09-21T07:00:00+0000&duration=PT30M from server.
Fetching https://www.freeview.co.uk/api/program?sid=14&nid=64403&pid=crid://csi.digitaluk.co.uk/6e91f9e5-aeba-4470-8c0b-98fbd1e8daaa&start=2026-09-21T07:30:00+0000&duration=PT2H30M from server.
Fetching https://www.freeview.co.uk/api/program?sid=14&nid=64403&pid=crid://csi.digitaluk.co.uk/2e4df186-88bd-4fd5-98b5-16b2a0009cc3&start=2026-09-21T10:00:00+0000&duration=PT2H55M from server.
Fetching https://www.freeview.co.uk/api/program?sid=14&nid=64403&pid=crid://csi.digitaluk.co.uk/220c5a86-39a7-473e-8a0f-78e56c24df87&start=2026-09-21T12:55:00+0000&duration=PT5M from server.
Fetching https://www.freeview.co.uk/api/program?sid=14&nid=64403&pid=crid://csi.digitaluk.co.uk/68598d44-1f21-4ac5-8405-c23c934d4898&start=2026-09-21T13:00:00+0000&duration=PT2H from server.
Fetching https://www.freeview.co.uk/api/program?sid=14&nid=64403&pid=crid://movida.bebanjo.net/mas/version/78386/001/ALLTIMES/C&start=2026-09-21T15:00:00+0000&duration=PT2H20M from server.
Fetching https://www.freeview.co.uk/api/program?sid=14&nid=64403&pid=crid://csi.digitaluk.co.uk/981f1a0f-5c2d-44d8-a407-c27068fe6244&start=2026-09-21T17:20:00+0000&duration=PT2H30M from server.
Fetching https://www.freeview.co.uk/api/program?sid=14&nid=64403&pid=crid://csi.digitaluk.co.uk/112d95fa-e0f9-4a16-9e86-57d974732925&start=2026-09-21T19:50:00+0000&duration=PT10M from server.
Fetching https://www.freeview.co.uk/api/program?sid=14&nid=64403&pid=crid://csi.digitaluk.co.uk/a14b3c89-49b4-411e-8745-cfd9364ffd2b&start=2026-09-21T20:00:00+0000&duration=PT2H30M from server.
Fetching https://www.freeview.co.uk/api/program?sid=14&nid=64403&pid=crid://csi.digitaluk.co.uk/a81516df-9833-4736-ba3a-3e5cfadc87bf&start=2026-09-21T22:30:00+0000&duration=PT5M from server.
Fetching https://www.freeview.co.uk/api/program?sid=14&nid=64403&pid=crid://csi.digitaluk.co.uk/f026cd11-982e-42bc-8f75-33a18841a090&start=2026-09-21T22:35:00+0000&duration=PT2H15M from server.
## Wanted 27328 
Fetching https://www.freeview.co.uk/api/program?sid=17&nid=64403&pid=crid://csi.digitaluk.co.uk/53b3f0f9-9eba-4624-a1d2-16f24f274954&start=2026-09-21T00:00:00+0000&duration=PT1H from server.
Fetching https://www.freeview.co.uk/api/program?sid=17&nid=64403&pid=crid://csi.digitaluk.co.uk/687ae979-ec1f-4fd4-9ff3-368735063c89&start=2026-09-21T01:00:00+0000&duration=PT1H from server.
Fetching https://www.freeview.co.uk/api/program?sid=17&nid=64403&pid=crid://csi.digitaluk.co.uk/218a399b-052e-421c-b746-d280e869c392&start=2026-09-21T02:00:00+0000&duration=PT1H from server.
Fetching https://www.freeview.co.uk/api/program?sid=17&nid=64403&pid=crid://csi.digitaluk.co.uk/4854ee9b-9501-45ab-919a-33d3362ee2b0&start=2026-09-21T03:00:00+0000&duration=PT30M from server.
Fetching https://www.freeview.co.uk/api/program?sid=17&nid=64403&pid=crid://csi.digitaluk.co.uk/2d15bd2d-5b3b-48a8-9c62-c3a9baad7785&start=2026-09-21T03:30:00+0000&duration=PT30M from server.
Fetching https://www.freeview.co.uk/api/program?sid=17&nid=64403&pid=crid://csi.digitaluk.co.uk/5f5e1d9f-eff3-4091-8f1c-58bce349c9af&start=2026-09-21T04:00:00+0000&duration=PT30M from server.
Fetching https://www.freeview.co.uk/api/program?sid=17&nid=64403&pid=crid://csi.digitaluk.co.uk/9cf78c16-a933-410c-ac49-ef71a9eacbf1&start=2026-09-21T04:30:00+0000&duration=PT30M from server.
Fetching https://www.freeview.co.uk/api/program?sid=17&nid=64403&pid=crid://csi.digitaluk.co.uk/e7fbb431-c888-4a25-a830-4a6539ad49dd&start=2026-09-21T05:00:00+0000&duration=PT1H from server.
Fetching https://www.freeview.co.uk/api/program?sid=17&nid=64403&pid=crid://csi.digitaluk.co.uk/9c37edd1-76f9-4af1-acab-92036f656089&start=2026-09-21T06:00:00+0000&duration=PT1H from server.
Fetching https://www.freeview.co.uk/api/program?sid=17&nid=64403&pid=crid://csi.digitaluk.co.uk/88d3d00a-588e-4baa-b920-2d96df45c5ed&start=2026-09-21T07:00:00+0000&duration=PT1H from server.
Fetching https://www.freeview.co.uk/api/program?sid=17&nid=64403&pid=crid://csi.digitaluk.co.uk/18afe0cd-8f56-4dc1-b23d-7b2110c34b88&start=2026-09-21T08:00:00+0000&duration=PT1H from server.
Fetching https://www.freeview.co.uk/api/program?sid=17&nid=64403&pid=crid://csi.digitaluk.co.uk/aa85aa9e-0b9e-49e8-b236-bba2d02a576b&start=2026-09-21T09:00:00+0000&duration=PT1H from server.
Fetching https://www.freeview.co.uk/api/program?sid=17&nid=64403&pid=crid://csi.digitaluk.co.uk/9fb93fd4-3e54-4127-b25a-321332413965&start=2026-09-21T10:00:00+0000&duration=PT1H from server.
Fetching https://www.freeview.co.uk/api/program?sid=17&nid=64403&pid=crid://csi.digitaluk.co.uk/6dd4003c-5873-40f5-9455-53938aebb995&start=2026-09-21T11:00:00+0000&duration=PT1H from server.
Fetching https://www.freeview.co.uk/api/program?sid=17&nid=64403&pid=crid://csi.digitaluk.co.uk/9aeb7d8d-64c8-4982-b13d-9578a44f686a&start=2026-09-21T12:00:00+0000&duration=PT1H from server.
Fetching https://www.freeview.co.uk/api/program?sid=17&nid=64403&pid=crid://csi.digitaluk.co.uk/62339cf1-6be8-4ae1-b492-770dbd8b9487&start=2026-09-21T13:00:00+0000&duration=PT2H from server.
Fetching https://www.freeview.co.uk/api/program?sid=17&nid=64403&pid=crid://csi.digitaluk.co.uk/5ed42e11-e53b-4f72-b0d2-5c3baa28ef67&start=2026-09-21T15:00:00+0000&duration=PT1H from server.
Fetching https://www.freeview.co.uk/api/program?sid=17&nid=64403&pid=crid://csi.digitaluk.co.uk/21625377-fb00-4e53-93de-715f36899abe&start=2026-09-21T16:00:00+0000&duration=PT1H from server.
Fetching https://www.freeview.co.uk/api/program?sid=17&nid=64403&pid=crid://csi.digitaluk.co.uk/ff23801a-dff3-46f0-b3c1-4cff41f39716&start=2026-09-21T17:00:00+0000&duration=PT1H from server.
Fetching https://www.freeview.co.uk/api/program?sid=17&nid=64403&pid=crid://csi.digitaluk.co.uk/4d8efcf1-0cd1-4679-963c-7af02593d394&start=2026-09-21T18:00:00+0000&duration=PT1H from server.
Fetching https://www.freeview.co.uk/api/program?sid=17&nid=64403&pid=crid://csi.digitaluk.co.uk/5fd7e2f7-4873-438d-b138-1f05c15cc08c&start=2026-09-21T19:00:00+0000&duration=PT1H from server.
Fetching https://www.freeview.co.uk/api/program?sid=17&nid=64403&pid=crid://csi.digitaluk.co.uk/133f8238-6825-45dc-963e-c64c0fb00358&start=2026-09-21T20:00:00+0000&duration=PT1H from server.
Fetching https://www.freeview.co.uk/api/program?sid=17&nid=64403&pid=crid://csi.digitaluk.co.uk/7bfa7565-3b79-4dd1-9b2d-1c9a0c74a367&start=2026-09-21T21:00:00+0000&duration=PT1H from server.
Fetching https://www.freeview.co.uk/api/program?sid=17&nid=64403&pid=crid://csi.digitaluk.co.uk/88e9e09f-2244-482e-9bf0-59b72c2f93e1&start=2026-09-21T22:00:00+0000&duration=PT1H from server.
Fetching https://www.freeview.co.uk/api/program?sid=17&nid=64403&pid=crid://csi.digitaluk.co.uk/e2aa8fd5-ed95-438a-a4ff-e2cdb52477f5&start=2026-09-21T23:00:00+0000&duration=PT30M from server.
Fetching https://www.freeview.co.uk/api/program?sid=17&nid=64403&pid=crid://csi.digitaluk.co.uk/b0c02f59-91d9-4e57-abc6-1406a941d05e&start=2026-09-21T23:30:00+0000&duration=PT30M from server.
### Wanted 8442 
Fetching https://www.freeview.co.uk/api/program?sid=18&nid=64403&pid=crid://csi.digitaluk.co.uk/b9222b6d-b44a-462d-990a-3d289ce68214&start=2026-09-21T00:05:00+0000&duration=PT1H5M from server.
Fetching https://www.freeview.co.uk/api/program?sid=18&nid=64403&pid=crid://csi.digitaluk.co.uk/ee208e93-287f-4f6e-a816-47fc169ad44c&start=2026-09-21T01:10:00+0000&duration=PT1H5M from server.
Fetching https://www.freeview.co.uk/api/program?sid=18&nid=64403&pid=crid://csi.digitaluk.co.uk/21105d12-56aa-44a5-ac2a-35ebe5d4d27e&start=2026-09-21T02:15:00+0000&duration=PT30M from server.
Fetching https://www.freeview.co.uk/api/program?sid=18&nid=64403&pid=crid://csi.digitaluk.co.uk/ab3ff3b2-a835-482c-8037-8f359bf7233e&start=2026-09-21T02:45:00+0000&duration=PT3H15M from server.
Fetching https://www.freeview.co.uk/api/program?sid=18&nid=64403&pid=crid://csi.digitaluk.co.uk/5a8e9927-dc98-4034-9849-ff2c6ecbef65&start=2026-09-21T06:00:00+0000&duration=PT1H55M from server.
Fetching https://www.freeview.co.uk/api/program?sid=18&nid=64403&pid=crid://csi.digitaluk.co.uk/1c8a359a-c1ff-471a-90ad-d5ce6375ffdd&start=2026-09-21T07:55:00+0000&duration=PT35M from server.
Fetching https://www.freeview.co.uk/api/program?sid=18&nid=64403&pid=crid://csi.digitaluk.co.uk/67762cda-6e71-4cef-8e44-996e3ac598d5&start=2026-09-21T08:30:00+0000&duration=PT30M from server.
Fetching https://www.freeview.co.uk/api/program?sid=18&nid=64403&pid=crid://csi.digitaluk.co.uk/d93c9358-1736-4ea6-93f3-1c36fb99db9d&start=2026-09-21T09:00:00+0000&duration=PT30M from server.
Fetching https://www.freeview.co.uk/api/program?sid=18&nid=64403&pid=crid://csi.digitaluk.co.uk/da01b1f2-dcd2-4885-b327-1d2478c39911&start=2026-09-21T09:30:00+0000&duration=PT35M from server.
Fetching https://www.freeview.co.uk/api/program?sid=18&nid=64403&pid=crid://csi.digitaluk.co.uk/685993cd-f5c1-4499-a95a-87e302654491&start=2026-09-21T10:05:00+0000&duration=PT30M from server.
Fetching https://www.freeview.co.uk/api/program?sid=18&nid=64403&pid=crid://csi.digitaluk.co.uk/d1faf2c3-8b6c-4982-a6bc-bb31649eb9ac&start=2026-09-21T10:35:00+0000&duration=PT30M from server.
Fetching https://www.freeview.co.uk/api/program?sid=18&nid=64403&pid=crid://csi.digitaluk.co.uk/65d6ecf6-452f-4081-bd88-ab588789f7ca&start=2026-09-21T11:05:00+0000&duration=PT30M from server.
Fetching https://www.freeview.co.uk/api/program?sid=18&nid=64403&pid=crid://csi.digitaluk.co.uk/7bf1b104-0469-497a-97fa-d1e05245c117&start=2026-09-21T11:35:00+0000&duration=PT30M from server.
Fetching https://www.freeview.co.uk/api/program?sid=18&nid=64403&pid=crid://csi.digitaluk.co.uk/a1e50399-3bdf-4d0b-a964-4b16ff06d887&start=2026-09-21T12:05:00+0000&duration=PT35M from server.
Fetching https://www.freeview.co.uk/api/program?sid=18&nid=64403&pid=crid://csi.digitaluk.co.uk/184acfc7-66a4-4e7a-9eb5-5a7d86cb2a29&start=2026-09-21T12:40:00+0000&duration=PT35M from server.
Fetching https://www.freeview.co.uk/api/program?sid=18&nid=64403&pid=crid://csi.digitaluk.co.uk/610e3cef-3a2b-40b5-bfe5-f42822599673&start=2026-09-21T13:15:00+0000&duration=PT35M from server.
Fetching https://www.freeview.co.uk/api/program?sid=18&nid=64403&pid=crid://csi.digitaluk.co.uk/72d017ef-4ac1-474a-b113-86292404ba1a&start=2026-09-21T13:50:00+0000&duration=PT30M from server.
Fetching https://www.freeview.co.uk/api/program?sid=18&nid=64403&pid=crid://csi.digitaluk.co.uk/5422cf86-7925-48b6-8910-043baaa2fec6&start=2026-09-21T14:20:00+0000&duration=PT30M from server.
Fetching https://www.freeview.co.uk/api/program?sid=18&nid=64403&pid=crid://csi.digitaluk.co.uk/b0e5be78-4d72-4d77-a165-dad7d5b06cab&start=2026-09-21T14:50:00+0000&duration=PT30M from server.
Fetching https://www.freeview.co.uk/api/program?sid=18&nid=64403&pid=crid://csi.digitaluk.co.uk/e2cc49be-cea1-4ff4-98a2-a0ca67cc6a0f&start=2026-09-21T15:20:00+0000&duration=PT30M from server.
Fetching https://www.freeview.co.uk/api/program?sid=18&nid=64403&pid=crid://csi.digitaluk.co.uk/ba461747-970f-405e-8e7f-ddc3ac633a2f&start=2026-09-21T15:50:00+0000&duration=PT1H from server.
Fetching https://www.freeview.co.uk/api/program?sid=18&nid=64403&pid=crid://csi.digitaluk.co.uk/29d94545-a71a-4343-8328-88801ae64c79&start=2026-09-21T16:50:00+0000&duration=PT1H from server.
Fetching https://www.freeview.co.uk/api/program?sid=18&nid=64403&pid=crid://csi.digitaluk.co.uk/b31293c7-c0d0-40af-b9ac-fc9f59bb2896&start=2026-09-21T17:50:00+0000&duration=PT1H5M from server.
Fetching https://www.freeview.co.uk/api/program?sid=18&nid=64403&pid=crid://csi.digitaluk.co.uk/3aa2e517-72c4-42b3-8e76-48c0896f3acc&start=2026-09-21T18:55:00+0000&duration=PT1H5M from server.
Fetching https://www.freeview.co.uk/api/program?sid=18&nid=64403&pid=crid://csi.digitaluk.co.uk/d1d06dcc-43fa-4fb2-9545-d506448d1b7f&start=2026-09-21T20:00:00+0000&duration=PT1H from server.
Fetching https://www.freeview.co.uk/api/program?sid=18&nid=64403&pid=crid://csi.digitaluk.co.uk/c7be5ca8-6114-4a49-8817-5c7e511ecd52&start=2026-09-21T21:00:00+0000&duration=PT1H5M from server.
Fetching https://www.freeview.co.uk/api/program?sid=18&nid=64403&pid=crid://csi.digitaluk.co.uk/96796ab7-5671-4677-af35-eb2f527a309b&start=2026-09-21T22:05:00+0000&duration=PT1H from server.
Fetching https://www.freeview.co.uk/api/program?sid=18&nid=64403&pid=crid://csi.digitaluk.co.uk/faac8cb1-dbe6-43df-a3fc-0e7733c1136e&start=2026-09-21T23:05:00+0000&duration=PT1H5M from server.
## Wanted 12992 
Fetching https://www.freeview.co.uk/api/program?sid=21&nid=64403&pid=crid://panorama.five.tv/versions/C5396820004B&start=2026-09-21T00:00:00+0000&duration=PT55M from server.
Fetching https://www.freeview.co.uk/api/program?sid=21&nid=64403&pid=crid://panorama.five.tv/versions/C5539240023A&start=2026-09-21T00:55:00+0000&duration=PT1H from server.
Fetching https://www.freeview.co.uk/api/program?sid=21&nid=64403&pid=crid://panorama.five.tv/versions/C5539240024A&start=2026-09-21T01:55:00+0000&duration=PT55M from server.
Fetching https://www.freeview.co.uk/api/program?sid=21&nid=64403&pid=crid://panorama.five.tv/versions/C5522700039A&start=2026-09-21T02:50:00+0000&duration=PT10M from server.
Fetching https://www.freeview.co.uk/api/program?sid=21&nid=64403&pid=crid://panorama.five.tv/versions/C5266540001A&start=2026-09-21T03:00:00+0000&duration=PT2H from server.
Fetching https://www.freeview.co.uk/api/program?sid=21&nid=64403&pid=crid://panorama.five.tv/versions/C5474060001A&start=2026-09-21T05:00:00+0000&duration=PT3H from server.
Fetching https://www.freeview.co.uk/api/program?sid=21&nid=64403&pid=crid://panorama.five.tv/versions/C5522700039A&start=2026-09-21T08:00:00+0000&duration=PT10M from server.
Fetching https://www.freeview.co.uk/api/program?sid=21&nid=64403&pid=crid://panorama.five.tv/versions/C5133570021D&start=2026-09-21T08:10:00+0000&duration=PT50M from server.
Fetching https://www.freeview.co.uk/api/program?sid=21&nid=64403&pid=crid://panorama.five.tv/versions/C5133570022E&start=2026-09-21T09:00:00+0000&duration=PT1H from server.
Fetching https://www.freeview.co.uk/api/program?sid=21&nid=64403&pid=crid://panorama.five.tv/versions/C5133570023D&start=2026-09-21T10:00:00+0000&duration=PT1H from server.
Fetching https://www.freeview.co.uk/api/program?sid=21&nid=64403&pid=crid://panorama.five.tv/versions/C5084030010E&start=2026-09-21T11:00:00+0000&duration=PT1H from server.
Fetching https://www.freeview.co.uk/api/program?sid=21&nid=64403&pid=crid://panorama.five.tv/versions/C5084030011B&start=2026-09-21T12:00:00+0000&duration=PT1H from server.
Fetching https://www.freeview.co.uk/api/program?sid=21&nid=64403&pid=crid://panorama.five.tv/versions/C5084030012E&start=2026-09-21T13:00:00+0000&duration=PT1H from server.
Fetching https://www.freeview.co.uk/api/program?sid=21&nid=64403&pid=crid://panorama.five.tv/versions/C5098330001E&start=2026-09-21T14:00:00+0000&duration=PT1H from server.
Fetching https://www.freeview.co.uk/api/program?sid=21&nid=64403&pid=crid://panorama.five.tv/versions/C5098330003D&start=2026-09-21T15:00:00+0000&duration=PT1H from server.
Fetching https://www.freeview.co.uk/api/program?sid=21&nid=64403&pid=crid://panorama.five.tv/versions/C5098330004D&start=2026-09-21T16:00:00+0000&duration=PT1H from server.
Fetching https://www.freeview.co.uk/api/program?sid=21&nid=64403&pid=crid://panorama.five.tv/versions/C5133580012E&start=2026-09-21T17:00:00+0000&duration=PT1H from server.
Fetching https://www.freeview.co.uk/api/program?sid=21&nid=64403&pid=crid://panorama.five.tv/versions/C5133580013E&start=2026-09-21T18:00:00+0000&duration=PT1H from server.
Fetching https://www.freeview.co.uk/api/program?sid=21&nid=64403&pid=crid://panorama.five.tv/versions/C5133580014G&start=2026-09-21T19:00:00+0000&duration=PT1H from server.
Fetching https://www.freeview.co.uk/api/program?sid=21&nid=64403&pid=crid://panorama.five.tv/versions/C5501660006A&start=2026-09-21T20:00:00+0000&duration=PT1H from server.
Fetching https://www.freeview.co.uk/api/program?sid=21&nid=64403&pid=crid://panorama.five.tv/versions/C5443620001A&start=2026-09-21T21:00:00+0000&duration=PT1H from server.
Fetching https://www.freeview.co.uk/api/program?sid=21&nid=64403&pid=crid://panorama.five.tv/versions/C5443620002A&start=2026-09-21T22:00:00+0000&duration=PT1H from server.
Fetching https://www.freeview.co.uk/api/program?sid=21&nid=64403&pid=crid://panorama.five.tv/versions/C5396820005A&start=2026-09-21T23:00:00+0000&duration=PT1H from server.
### Wanted 12928 
Fetching https://www.freeview.co.uk/api/program?sid=32&nid=64403&pid=crid://panorama.five.tv/versions/C5439060005A&start=2026-09-21T00:00:00+0000&duration=PT55M from server.
Fetching https://www.freeview.co.uk/api/program?sid=32&nid=64403&pid=crid://panorama.five.tv/versions/C5366240005A&start=2026-09-21T00:55:00+0000&duration=PT50M from server.
Fetching https://www.freeview.co.uk/api/program?sid=32&nid=64403&pid=crid://panorama.five.tv/versions/C5507480011A&start=2026-09-21T01:45:00+0000&duration=PT50M from server.
Fetching https://www.freeview.co.uk/api/program?sid=32&nid=64403&pid=crid://panorama.five.tv/versions/C5164553182A&start=2026-09-21T02:35:00+0000&duration=PT25M from server.
Fetching https://www.freeview.co.uk/api/program?sid=32&nid=64403&pid=crid://panorama.five.tv/versions/C5266540001A&start=2026-09-21T03:00:00+0000&duration=PT2H from server.
Fetching https://www.freeview.co.uk/api/program?sid=32&nid=64403&pid=crid://panorama.five.tv/versions/C5266540001A&start=2026-09-21T05:00:00+0000&duration=PT1H from server.
Fetching https://www.freeview.co.uk/api/program?sid=32&nid=64403&pid=crid://panorama.five.tv/versions/C5326820001A&start=2026-09-21T06:00:00+0000&duration=PT30M from server.
Fetching https://www.freeview.co.uk/api/program?sid=32&nid=64403&pid=crid://panorama.five.tv/versions/C5266540001A&start=2026-09-21T06:30:00+0000&duration=PT30M from server.
Fetching https://www.freeview.co.uk/api/program?sid=32&nid=64403&pid=crid://panorama.five.tv/versions/C5495570031A&start=2026-09-21T07:00:00+0000&duration=PT1H from server.
Fetching https://www.freeview.co.uk/api/program?sid=32&nid=64403&pid=crid://panorama.five.tv/versions/C5495570032A&start=2026-09-21T08:00:00+0000&duration=PT1H from server.
Fetching https://www.freeview.co.uk/api/program?sid=32&nid=64403&pid=crid://panorama.five.tv/versions/C5404060005D&start=2026-09-21T09:00:00+0000&duration=PT1H from server.
Fetching https://www.freeview.co.uk/api/program?sid=32&nid=64403&pid=crid://panorama.five.tv/versions/C5223390003E&start=2026-09-21T10:00:00+0000&duration=PT1H from server.
Fetching https://www.freeview.co.uk/api/program?sid=32&nid=64403&pid=crid://panorama.five.tv/versions/C5223390004C&start=2026-09-21T11:00:00+0000&duration=PT1H from server.
Fetching https://www.freeview.co.uk/api/program?sid=32&nid=64403&pid=crid://panorama.five.tv/versions/C5223390005D&start=2026-09-21T12:00:00+0000&duration=PT1H from server.
Fetching https://www.freeview.co.uk/api/program?sid=32&nid=64403&pid=crid://panorama.five.tv/versions/C5254020001C&start=2026-09-21T13:00:00+0000&duration=PT1H from server.
Fetching https://www.freeview.co.uk/api/program?sid=32&nid=64403&pid=crid://panorama.five.tv/versions/C5254020002B&start=2026-09-21T14:00:00+0000&duration=PT1H from server.
Fetching https://www.freeview.co.uk/api/program?sid=32&nid=64403&pid=crid://panorama.five.tv/versions/C5254020003D&start=2026-09-21T15:00:00+0000&duration=PT1H from server.
Fetching https://www.freeview.co.uk/api/program?sid=32&nid=64403&pid=crid://panorama.five.tv/versions/C5500360016A&start=2026-09-21T16:00:00+0000&duration=PT1H from server.
Fetching https://www.freeview.co.uk/api/program?sid=32&nid=64403&pid=crid://panorama.five.tv/versions/C5164553186A&start=2026-09-21T17:00:00+0000&duration=PT30M from server.
Fetching https://www.freeview.co.uk/api/program?sid=32&nid=64403&pid=crid://panorama.five.tv/versions/C5164553187B&start=2026-09-21T17:30:00+0000&duration=PT30M from server.
Fetching https://www.freeview.co.uk/api/program?sid=32&nid=64403&pid=crid://panorama.five.tv/versions/C5507480016A&start=2026-09-21T18:00:00+0000&duration=PT1H from server.
Fetching https://www.freeview.co.uk/api/program?sid=32&nid=64403&pid=crid://panorama.five.tv/versions/C5513950006B&start=2026-09-21T19:00:00+0000&duration=PT1H from server.
Fetching https://www.freeview.co.uk/api/program?sid=32&nid=64403&pid=crid://panorama.five.tv/versions/C5434600005A&start=2026-09-21T20:00:00+0000&duration=PT1H from server.
Fetching https://www.freeview.co.uk/api/program?sid=32&nid=64403&pid=crid://panorama.five.tv/versions/C5467310012A&start=2026-09-21T21:00:00+0000&duration=PT1H from server.
Fetching https://www.freeview.co.uk/api/program?sid=32&nid=64403&pid=crid://panorama.five.tv/versions/C5366240009A&start=2026-09-21T22:00:00+0000&duration=PT1H from server.
Fetching https://www.freeview.co.uk/api/program?sid=32&nid=64403&pid=crid://panorama.five.tv/versions/C5524680003A&start=2026-09-21T23:00:00+0000&duration=PT1H from server.
## Wanted 16112 
Fetching https://www.freeview.co.uk/api/program?sid=33&nid=64403&pid=crid://panorama.five.tv/versions/C5455330002B&start=2026-09-21T00:00:00+0000&duration=PT1H from server.
Fetching https://www.freeview.co.uk/api/program?sid=33&nid=64403&pid=crid://panorama.five.tv/versions/C5455330003B&start=2026-09-21T01:00:00+0000&duration=PT1H from server.
Fetching https://www.freeview.co.uk/api/program?sid=33&nid=64403&pid=crid://panorama.five.tv/versions/C5493360013A&start=2026-09-21T02:00:00+0000&duration=PT1H from server.
Fetching https://www.freeview.co.uk/api/program?sid=33&nid=64403&pid=crid://panorama.five.tv/versions/C5340000001A&start=2026-09-21T03:00:00+0000&duration=PT2H from server.
Fetching https://www.freeview.co.uk/api/program?sid=33&nid=64403&pid=crid://panorama.five.tv/versions/C5266540001A&start=2026-09-21T05:00:00+0000&duration=PT1H from server.
Fetching https://www.freeview.co.uk/api/program?sid=33&nid=64403&pid=crid://panorama.five.tv/versions/C5502160001A&start=2026-09-21T06:00:00+0000&duration=PT30M from server.
Fetching https://www.freeview.co.uk/api/program?sid=33&nid=64403&pid=crid://panorama.five.tv/versions/C5480340001A&start=2026-09-21T06:30:00+0000&duration=PT30M from server.
Fetching https://www.freeview.co.uk/api/program?sid=33&nid=64403&pid=crid://panorama.five.tv/versions/C5349600001A&start=2026-09-21T07:00:00+0000&duration=PT1H from server.
Fetching https://www.freeview.co.uk/api/program?sid=33&nid=64403&pid=crid://panorama.five.tv/versions/C5487460003A&start=2026-09-21T08:00:00+0000&duration=PT15M from server.
Fetching https://www.freeview.co.uk/api/program?sid=33&nid=64403&pid=crid://panorama.five.tv/versions/C5422460011D&start=2026-09-21T08:15:00+0000&duration=PT1H from server.
Fetching https://www.freeview.co.uk/api/program?sid=33&nid=64403&pid=crid://panorama.five.tv/versions/C5165650002F&start=2026-09-21T09:15:00+0000&duration=PT1H from server.
Fetching https://www.freeview.co.uk/api/program?sid=33&nid=64403&pid=crid://panorama.five.tv/versions/C5165650007E&start=2026-09-21T10:15:00+0000&duration=PT1H5M from server.
Fetching https://www.freeview.co.uk/api/program?sid=33&nid=64403&pid=crid://panorama.five.tv/versions/C5218750001B&start=2026-09-21T11:20:00+0000&duration=PT1H from server.
Fetching https://www.freeview.co.uk/api/program?sid=33&nid=64403&pid=crid://panorama.five.tv/versions/C5522900190A&start=2026-09-21T12:20:00+0000&duration=PT5M from server.
Fetching https://www.freeview.co.uk/api/program?sid=33&nid=64403&pid=crid://panorama.five.tv/versions/C5218750001B&start=2026-09-21T12:25:00+0000&duration=PT50M from server.
Fetching https://www.freeview.co.uk/api/program?sid=33&nid=64403&pid=crid://panorama.five.tv/versions/C5375140001A&start=2026-09-21T13:15:00+0000&duration=PT1H5M from server.
Fetching https://www.freeview.co.uk/api/program?sid=33&nid=64403&pid=crid://panorama.five.tv/versions/C5522900190A&start=2026-09-21T14:20:00+0000&duration=PT5M from server.
Fetching https://www.freeview.co.uk/api/program?sid=33&nid=64403&pid=crid://panorama.five.tv/versions/C5375140001A&start=2026-09-21T14:25:00+0000&duration=PT35M from server.
Fetching https://www.freeview.co.uk/api/program?sid=33&nid=64403&pid=crid://panorama.five.tv/versions/C5223390007K&start=2026-09-21T15:00:00+0000&duration=PT1H from server.
Fetching https://www.freeview.co.uk/api/program?sid=33&nid=64403&pid=crid://panorama.five.tv/versions/C5480240005A&start=2026-09-21T16:00:00+0000&duration=PT1H from server.
Fetching https://www.freeview.co.uk/api/program?sid=33&nid=64403&pid=crid://panorama.five.tv/versions/C5278170018B&start=2026-09-21T17:00:00+0000&duration=PT1H from server.
Fetching https://www.freeview.co.uk/api/program?sid=33&nid=64403&pid=crid://panorama.five.tv/versions/C5139580002F&start=2026-09-21T18:00:00+0000&duration=PT1H from server.
Fetching https://www.freeview.co.uk/api/program?sid=33&nid=64403&pid=crid://panorama.five.tv/versions/C5480240010B&start=2026-09-21T19:00:00+0000&duration=PT1H from server.
Fetching https://www.freeview.co.uk/api/program?sid=33&nid=64403&pid=crid://panorama.five.tv/versions/C5372680005F&start=2026-09-21T20:00:00+0000&duration=PT1H from server.
Fetching https://www.freeview.co.uk/api/program?sid=33&nid=64403&pid=crid://panorama.five.tv/versions/C5526840008A&start=2026-09-21T21:00:00+0000&duration=PT1H from server.
Fetching https://www.freeview.co.uk/api/program?sid=33&nid=64403&pid=crid://panorama.five.tv/versions/C5213950002A&start=2026-09-21T22:00:00+0000&duration=PT1H from server.
Fetching https://www.freeview.co.uk/api/program?sid=33&nid=64403&pid=crid://panorama.five.tv/versions/C5455330005A&start=2026-09-21T23:00:00+0000&duration=PT1H from server.
### Wanted 8373 
Fetching https://www.freeview.co.uk/api/program?sid=35&nid=64403&pid=crid://csi.digitaluk.co.uk/5eef6ef9-f89a-4fd5-9171-597b0ab205c1&start=2026-09-21T00:40:00+0000&duration=PT2H20M from server.
Fetching https://www.freeview.co.uk/api/program?sid=35&nid=64403&pid=crid://csi.digitaluk.co.uk/4bcfc6c7-e89d-40ab-a3e0-f23aa42a1f27&start=2026-09-21T03:00:00+0000&duration=PT50M from server.
Fetching https://www.freeview.co.uk/api/program?sid=35&nid=64403&pid=crid://csi.digitaluk.co.uk/b0d81119-9b3d-4d13-910f-171b8328c34a&start=2026-09-21T03:50:00+0000&duration=PT1H15M from server.
Fetching https://www.freeview.co.uk/api/program?sid=35&nid=64403&pid=crid://csi.digitaluk.co.uk/3842206c-ac3b-45b9-bcb0-cc9ad20a6399&start=2026-09-21T05:05:00+0000&duration=PT25M from server.
Fetching https://www.freeview.co.uk/api/program?sid=35&nid=64403&pid=crid://csi.digitaluk.co.uk/f0bb33a6-6669-4e64-8ae9-1df9fc81cea0&start=2026-09-21T05:30:00+0000&duration=PT30M from server.
Fetching https://www.freeview.co.uk/api/program?sid=35&nid=64403&pid=crid://csi.digitaluk.co.uk/627ef996-ef37-4da7-b910-21fa86712333&start=2026-09-21T06:00:00+0000&duration=PT3H30M from server.
Fetching https://www.freeview.co.uk/api/program?sid=35&nid=64403&pid=crid://csi.digitaluk.co.uk/d4a36732-ddfd-45bd-8839-a0c4826b50ac&start=2026-09-21T09:30:00+0000&duration=PT30M from server.
Fetching https://www.freeview.co.uk/api/program?sid=35&nid=64403&pid=crid://csi.digitaluk.co.uk/ad903edc-2086-4163-a0df-63ab6350f7c3&start=2026-09-21T10:00:00+0000&duration=PT2H30M from server.
Fetching https://www.freeview.co.uk/api/program?sid=35&nid=64403&pid=crid://csi.digitaluk.co.uk/33beab02-a3f3-49c6-b0b7-a9042034845b&start=2026-09-21T12:30:00+0000&duration=PT1H from server.
Fetching https://www.freeview.co.uk/api/program?sid=35&nid=64403&pid=crid://csi.digitaluk.co.uk/e4ec3dbf-dbe4-4644-b435-55ea66b36ff6&start=2026-09-21T13:30:00+0000&duration=PT25M from server.
Fetching https://www.freeview.co.uk/api/program?sid=35&nid=64403&pid=crid://csi.digitaluk.co.uk/69ecf4a6-1e9d-482e-984b-fb0800c17284&start=2026-09-21T13:55:00+0000&duration=PT5M from server.
Fetching https://www.freeview.co.uk/api/program?sid=35&nid=64403&pid=crid://csi.digitaluk.co.uk/97bed3e6-8d7f-420e-8749-27d4d89aa748&start=2026-09-21T14:00:00+0000&duration=PT1H from server.
Fetching https://www.freeview.co.uk/api/program?sid=35&nid=64403&pid=crid://csi.digitaluk.co.uk/0dd0febb-5416-4907-be75-b58e0503308e&start=2026-09-21T15:00:00+0000&duration=PT1H from server.
Fetching https://www.freeview.co.uk/api/program?sid=35&nid=64403&pid=crid://csi.digitaluk.co.uk/272a283c-50a8-4f86-8a26-9bf721a5d753&start=2026-09-21T16:00:00+0000&duration=PT1H from server.
Fetching https://www.freeview.co.uk/api/program?sid=35&nid=64403&pid=crid://csi.digitaluk.co.uk/0c854a5e-3bd9-44bb-8694-76c249e12bb0&start=2026-09-21T17:00:00+0000&duration=PT1H from server.
Fetching https://www.freeview.co.uk/api/program?sid=35&nid=64403&pid=crid://csi.digitaluk.co.uk/cedee245-0e77-4d83-b55a-075c65a38c7b&start=2026-09-21T18:00:00+0000&duration=PT30M from server.
Fetching https://www.freeview.co.uk/api/program?sid=35&nid=64403&pid=crid://csi.digitaluk.co.uk/12aae3d8-30e3-4fc5-9cdb-220cbcf5198f&start=2026-09-21T18:30:00+0000&duration=PT1H from server.
Fetching https://www.freeview.co.uk/api/program?sid=35&nid=64403&pid=crid://csi.digitaluk.co.uk/703daf8b-f668-461f-9913-23e749be48ca&start=2026-09-21T19:30:00+0000&duration=PT30M from server.
Fetching https://www.freeview.co.uk/api/program?sid=35&nid=64403&pid=crid://csi.digitaluk.co.uk/5dea8acd-e6f7-4cdd-bbb9-aabbdb103e71&start=2026-09-21T20:00:00+0000&duration=PT30M from server.
Fetching https://www.freeview.co.uk/api/program?sid=35&nid=64403&pid=crid://csi.digitaluk.co.uk/4c40f3a5-38d6-43d2-8816-f0c118f00973&start=2026-09-21T20:30:00+0000&duration=PT30M from server.
Fetching https://www.freeview.co.uk/api/program?sid=35&nid=64403&pid=crid://csi.digitaluk.co.uk/c277a900-09bf-4aea-8f60-917b226e6c17&start=2026-09-21T21:00:00+0000&duration=PT1H from server.
Fetching https://www.freeview.co.uk/api/program?sid=35&nid=64403&pid=crid://csi.digitaluk.co.uk/296aa0fe-fdc7-4de4-b626-36c212fbcb05&start=2026-09-21T22:00:00+0000&duration=PT30M from server.
Fetching https://www.freeview.co.uk/api/program?sid=35&nid=64403&pid=crid://csi.digitaluk.co.uk/4abdd9fd-56d0-41a9-a434-a1610ebf77ad&start=2026-09-21T22:30:00+0000&duration=PT10M from server.
Fetching https://www.freeview.co.uk/api/program?sid=35&nid=64403&pid=crid://csi.digitaluk.co.uk/1f1eb1f5-de20-4fbd-9806-835c5f1cc5eb&start=2026-09-21T22:40:00+0000&duration=PT25M from server.
Fetching https://www.freeview.co.uk/api/program?sid=35&nid=64403&pid=crid://csi.digitaluk.co.uk/d1de6316-d29d-4da9-b750-984d07f7adb4&start=2026-09-21T23:05:00+0000&duration=PT55M from server.
## Wanted 27680 
Fetching https://www.freeview.co.uk/api/program?sid=39&nid=64403&pid=crid://csi.digitaluk.co.uk/2dc44d2d-1b62-4cd2-a616-e0137c8c6963&start=2026-09-21T00:00:00+0000&duration=PT1H from server.
Fetching https://www.freeview.co.uk/api/program?sid=39&nid=64403&pid=crid://csi.digitaluk.co.uk/55359b11-63d9-482c-8b5a-9ad81175e119&start=2026-09-21T01:00:00+0000&duration=PT30M from server.
Fetching https://www.freeview.co.uk/api/program?sid=39&nid=64403&pid=crid://csi.digitaluk.co.uk/8a3d1d30-4c02-4e59-8b79-4f486a6aea30&start=2026-09-21T01:30:00+0000&duration=PT30M from server.
Fetching https://www.freeview.co.uk/api/program?sid=39&nid=64403&pid=crid://csi.digitaluk.co.uk/698fc5a3-99f1-4c1a-bbf6-8605b05b7177&start=2026-09-21T02:00:00+0000&duration=PT30M from server.
Fetching https://www.freeview.co.uk/api/program?sid=39&nid=64403&pid=crid://csi.digitaluk.co.uk/a37f645a-21f4-445a-a5dd-fec2538436fe&start=2026-09-21T02:30:00+0000&duration=PT30M from server.
Fetching https://www.freeview.co.uk/api/program?sid=39&nid=64403&pid=crid://csi.digitaluk.co.uk/af9dc67f-6dba-44e3-91bc-af349bee3b1f&start=2026-09-21T03:00:00+0000&duration=PT30M from server.
Fetching https://www.freeview.co.uk/api/program?sid=39&nid=64403&pid=crid://csi.digitaluk.co.uk/7eb5b0eb-1cb4-49c4-919b-6b002878496b&start=2026-09-21T03:30:00+0000&duration=PT30M from server.
Fetching https://www.freeview.co.uk/api/program?sid=39&nid=64403&pid=crid://csi.digitaluk.co.uk/e2830ebc-eb91-440f-a195-da6cbb688153&start=2026-09-21T04:00:00+0000&duration=PT30M from server.
Fetching https://www.freeview.co.uk/api/program?sid=39&nid=64403&pid=crid://csi.digitaluk.co.uk/6c36997c-539a-4d73-8adb-ac1b9f726719&start=2026-09-21T04:30:00+0000&duration=PT30M from server.
Fetching https://www.freeview.co.uk/api/program?sid=39&nid=64403&pid=crid://csi.digitaluk.co.uk/e28ec10e-2be8-4f1f-9981-45906c9adb87&start=2026-09-21T05:00:00+0000&duration=PT1H from server.
Fetching https://www.freeview.co.uk/api/program?sid=39&nid=64403&pid=crid://csi.digitaluk.co.uk/d8d0996b-f641-455d-a5dd-b142bbf0ded9&start=2026-09-21T06:00:00+0000&duration=PT1H from server.
Fetching https://www.freeview.co.uk/api/program?sid=39&nid=64403&pid=crid://csi.digitaluk.co.uk/6e24d0fd-45b3-4f1b-bd3f-98be395f8f85&start=2026-09-21T07:00:00+0000&duration=PT1H from server.
Fetching https://www.freeview.co.uk/api/program?sid=39&nid=64403&pid=crid://csi.digitaluk.co.uk/d034c81c-b1a5-413f-82dd-d23f6b3e345f&start=2026-09-21T08:00:00+0000&duration=PT1H from server.
Fetching https://www.freeview.co.uk/api/program?sid=39&nid=64403&pid=crid://csi.digitaluk.co.uk/8a7947fb-4172-421d-b092-482706308db7&start=2026-09-21T09:00:00+0000&duration=PT1H from server.
Fetching https://www.freeview.co.uk/api/program?sid=39&nid=64403&pid=crid://csi.digitaluk.co.uk/02aa76f2-3970-4024-84bd-5021e6d8065a&start=2026-09-21T10:00:00+0000&duration=PT1H from server.
Fetching https://www.freeview.co.uk/api/program?sid=39&nid=64403&pid=crid://csi.digitaluk.co.uk/b20f16c8-1b3c-4596-90f7-1d5e9b2c68ce&start=2026-09-21T11:00:00+0000&duration=PT1H from server.
Fetching https://www.freeview.co.uk/api/program?sid=39&nid=64403&pid=crid://csi.digitaluk.co.uk/7e6bf3f5-bcf4-4844-91f6-489ae5ba63b4&start=2026-09-21T12:00:00+0000&duration=PT1H from server.
Fetching https://www.freeview.co.uk/api/program?sid=39&nid=64403&pid=crid://csi.digitaluk.co.uk/d70d0c82-bdd4-4e81-9911-614b09de741c&start=2026-09-21T13:00:00+0000&duration=PT1H from server.
Fetching https://www.freeview.co.uk/api/program?sid=39&nid=64403&pid=crid://csi.digitaluk.co.uk/cea59b4c-2365-420f-aba4-5506b58a5912&start=2026-09-21T14:00:00+0000&duration=PT2H from server.
Fetching https://www.freeview.co.uk/api/program?sid=39&nid=64403&pid=crid://csi.digitaluk.co.uk/af3746fb-ec2b-4e82-924a-870c70a2181d&start=2026-09-21T16:00:00+0000&duration=PT1H from server.
Fetching https://www.freeview.co.uk/api/program?sid=39&nid=64403&pid=crid://csi.digitaluk.co.uk/b7d2f6a0-aa84-4cac-8e41-1809da598a1d&start=2026-09-21T17:00:00+0000&duration=PT1H from server.
Fetching https://www.freeview.co.uk/api/program?sid=39&nid=64403&pid=crid://csi.digitaluk.co.uk/34dd8331-b2b5-4ffa-8d92-2e921095727a&start=2026-09-21T18:00:00+0000&duration=PT1H from server.
Fetching https://www.freeview.co.uk/api/program?sid=39&nid=64403&pid=crid://csi.digitaluk.co.uk/51a6a16f-6120-4202-8538-5fb82c0bf375&start=2026-09-21T19:00:00+0000&duration=PT1H from server.
Fetching https://www.freeview.co.uk/api/program?sid=39&nid=64403&pid=crid://csi.digitaluk.co.uk/6fc6e5c1-48a0-4064-be8f-ea399a49c50c&start=2026-09-21T20:00:00+0000&duration=PT30M from server.
Fetching https://www.freeview.co.uk/api/program?sid=39&nid=64403&pid=crid://csi.digitaluk.co.uk/8ab3ceb7-eeb2-4524-8bf9-c87b36f699ce&start=2026-09-21T20:30:00+0000&duration=PT30M from server.
Fetching https://www.freeview.co.uk/api/program?sid=39&nid=64403&pid=crid://csi.digitaluk.co.uk/deccd137-e77b-4861-95a4-c3ef21ced443&start=2026-09-21T21:00:00+0000&duration=PT1H from server.
Fetching https://www.freeview.co.uk/api/program?sid=39&nid=64403&pid=crid://csi.digitaluk.co.uk/85318bab-73cf-4764-abfc-4754bd5aadec&start=2026-09-21T22:00:00+0000&duration=PT1H from server.
Fetching https://www.freeview.co.uk/api/program?sid=39&nid=64403&pid=crid://csi.digitaluk.co.uk/f548d165-3791-4b48-a7e8-ccc6d9967ac6&start=2026-09-21T23:00:00+0000&duration=PT1H from server.
### Wanted 23744 
Fetching https://www.freeview.co.uk/api/program?sid=40&nid=64403&pid=crid://csi.digitaluk.co.uk/10a0b7c9-0e55-47e1-a3b3-52100ea6bff5&start=2026-09-21T00:00:00+0000&duration=PT1H from server.
Fetching https://www.freeview.co.uk/api/program?sid=40&nid=64403&pid=crid://csi.digitaluk.co.uk/23174a21-f12a-4418-9290-7b5bdeaaa3bd&start=2026-09-21T01:00:00+0000&duration=PT1H from server.
Fetching https://www.freeview.co.uk/api/program?sid=40&nid=64403&pid=crid://csi.digitaluk.co.uk/3bbfa730-371c-42f3-ad2c-982fd4132b86&start=2026-09-21T02:00:00+0000&duration=PT1H from server.
Fetching https://www.freeview.co.uk/api/program?sid=40&nid=64403&pid=crid://csi.digitaluk.co.uk/7e93df91-a133-4d21-a5bd-7ab6437e3644&start=2026-09-21T03:00:00+0000&duration=PT30M from server.
Fetching https://www.freeview.co.uk/api/program?sid=40&nid=64403&pid=crid://csi.digitaluk.co.uk/dbcbd8c4-05ae-43ef-955b-a2f0097e5bee&start=2026-09-21T03:30:00+0000&duration=PT30M from server.
Fetching https://www.freeview.co.uk/api/program?sid=40&nid=64403&pid=crid://csi.digitaluk.co.uk/0291f92b-1df5-4fd1-b9f0-26a720248c02&start=2026-09-21T04:00:00+0000&duration=PT30M from server.
Fetching https://www.freeview.co.uk/api/program?sid=40&nid=64403&pid=crid://csi.digitaluk.co.uk/45a1566d-e4c5-4edb-be1e-bec2aa8b02ab&start=2026-09-21T04:30:00+0000&duration=PT30M from server.
Fetching https://www.freeview.co.uk/api/program?sid=40&nid=64403&pid=crid://csi.digitaluk.co.uk/20ba2124-e23b-484f-95d9-048474c25ecf&start=2026-09-21T05:00:00+0000&duration=PT30M from server.
Fetching https://www.freeview.co.uk/api/program?sid=40&nid=64403&pid=crid://csi.digitaluk.co.uk/68bd0f49-444f-4576-b8a7-e0f6e1120bd9&start=2026-09-21T05:30:00+0000&duration=PT30M from server.
Fetching https://www.freeview.co.uk/api/program?sid=40&nid=64403&pid=crid://csi.digitaluk.co.uk/8e025c6e-e896-4108-8016-18774ace4901&start=2026-09-21T06:00:00+0000&duration=PT30M from server.
Fetching https://www.freeview.co.uk/api/program?sid=40&nid=64403&pid=crid://csi.digitaluk.co.uk/14c58d25-e9fd-4a90-9005-40544c8d9e8f&start=2026-09-21T06:30:00+0000&duration=PT30M from server.
Fetching https://www.freeview.co.uk/api/program?sid=40&nid=64403&pid=crid://csi.digitaluk.co.uk/45b3f76f-fbdb-492c-b485-ceea71a7140c&start=2026-09-21T07:00:00+0000&duration=PT30M from server.
Fetching https://www.freeview.co.uk/api/program?sid=40&nid=64403&pid=crid://csi.digitaluk.co.uk/173f914c-fac9-44ad-91e3-1758768f95ac&start=2026-09-21T07:30:00+0000&duration=PT30M from server.
Fetching https://www.freeview.co.uk/api/program?sid=40&nid=64403&pid=crid://csi.digitaluk.co.uk/68eb12f3-3715-4087-87a2-811ce0ab913e&start=2026-09-21T08:00:00+0000&duration=PT30M from server.
Fetching https://www.freeview.co.uk/api/program?sid=40&nid=64403&pid=crid://csi.digitaluk.co.uk/add9cb0c-0ee4-406d-83c2-7cc20e152db4&start=2026-09-21T08:30:00+0000&duration=PT30M from server.
Fetching https://www.freeview.co.uk/api/program?sid=40&nid=64403&pid=crid://csi.digitaluk.co.uk/f25beb90-c329-4f99-b588-a0856adbdac7&start=2026-09-21T09:00:00+0000&duration=PT1H from server.
Fetching https://www.freeview.co.uk/api/program?sid=40&nid=64403&pid=crid://csi.digitaluk.co.uk/d2e985f2-4967-4631-a8af-568a9ac0cf54&start=2026-09-21T10:00:00+0000&duration=PT1H from server.
Fetching https://www.freeview.co.uk/api/program?sid=40&nid=64403&pid=crid://csi.digitaluk.co.uk/0d2f5ef4-9dc0-49ba-a9da-bddbe18965e1&start=2026-09-21T11:00:00+0000&duration=PT1H from server.
Fetching https://www.freeview.co.uk/api/program?sid=40&nid=64403&pid=crid://csi.digitaluk.co.uk/db71e925-b2ed-4ecd-91d6-f557003aca8b&start=2026-09-21T12:00:00+0000&duration=PT1H from server.
Fetching https://www.freeview.co.uk/api/program?sid=40&nid=64403&pid=crid://csi.digitaluk.co.uk/54601e69-ded6-4d08-8570-dac259b2c9f9&start=2026-09-21T13:00:00+0000&duration=PT1H from server.
Fetching https://www.freeview.co.uk/api/program?sid=40&nid=64403&pid=crid://csi.digitaluk.co.uk/2ce0e894-d903-45fa-974f-928e24810163&start=2026-09-21T14:00:00+0000&duration=PT1H from server.
Fetching https://www.freeview.co.uk/api/program?sid=40&nid=64403&pid=crid://csi.digitaluk.co.uk/8ffe8f14-8080-4ef9-ae8e-c2e27238c526&start=2026-09-21T15:00:00+0000&duration=PT1H from server.
Fetching https://www.freeview.co.uk/api/program?sid=40&nid=64403&pid=crid://csi.digitaluk.co.uk/2f49057d-0722-4855-aa1f-c5dae5d553b0&start=2026-09-21T16:00:00+0000&duration=PT1H from server.
Fetching https://www.freeview.co.uk/api/program?sid=40&nid=64403&pid=crid://csi.digitaluk.co.uk/43141104-4947-4f55-a089-f15d12277382&start=2026-09-21T17:00:00+0000&duration=PT1H from server.
Fetching https://www.freeview.co.uk/api/program?sid=40&nid=64403&pid=crid://csi.digitaluk.co.uk/065212e9-4986-4e87-ae3c-64146f3f3d66&start=2026-09-21T18:00:00+0000&duration=PT1H from server.
Fetching https://www.freeview.co.uk/api/program?sid=40&nid=64403&pid=crid://csi.digitaluk.co.uk/89534832-37e4-4acb-854b-3fbf5228b750&start=2026-09-21T19:00:00+0000&duration=PT1H from server.
Fetching https://www.freeview.co.uk/api/program?sid=40&nid=64403&pid=crid://csi.digitaluk.co.uk/4deb2b00-0e81-4c01-a9ed-4fc9e80b89d7&start=2026-09-21T20:00:00+0000&duration=PT1H from server.
Fetching https://www.freeview.co.uk/api/program?sid=40&nid=64403&pid=crid://csi.digitaluk.co.uk/45b14135-9b27-452b-b6c4-53e2df3758ac&start=2026-09-21T21:00:00+0000&duration=PT1H from server.
Fetching https://www.freeview.co.uk/api/program?sid=40&nid=64403&pid=crid://csi.digitaluk.co.uk/ab8fe6f2-8e52-4c02-9b68-6f452c8bde96&start=2026-09-21T22:00:00+0000&duration=PT1H from server.
Fetching https://www.freeview.co.uk/api/program?sid=40&nid=64403&pid=crid://csi.digitaluk.co.uk/d13d9caf-84f1-43fd-8a00-53513b06666e&start=2026-09-21T23:00:00+0000&duration=PT1H from server.
## Wanted 23040 
Fetching https://www.freeview.co.uk/api/program?sid=43&nid=64403&pid=crid://csi.digitaluk.co.uk/94f50074-e8f4-49c1-b24f-75545355d829&start=2026-09-21T00:00:00+0000&duration=PT30M from server.
Fetching https://www.freeview.co.uk/api/program?sid=43&nid=64403&pid=crid://csi.digitaluk.co.uk/aed55e84-98ac-432a-ad9f-bfcbef3555df&start=2026-09-21T00:30:00+0000&duration=PT30M from server.
Fetching https://www.freeview.co.uk/api/program?sid=43&nid=64403&pid=crid://csi.digitaluk.co.uk/56709287-c8c8-452a-ab81-11b9859ba986&start=2026-09-21T01:00:00+0000&duration=PT30M from server.
Fetching https://www.freeview.co.uk/api/program?sid=43&nid=64403&pid=crid://csi.digitaluk.co.uk/173aa17d-9a48-42e0-96f6-48d97d4f1abf&start=2026-09-21T01:30:00+0000&duration=PT30M from server.
Fetching https://www.freeview.co.uk/api/program?sid=43&nid=64403&pid=crid://csi.digitaluk.co.uk/e8a02115-12e4-4716-bb90-eee25530bda8&start=2026-09-21T02:00:00+0000&duration=PT30M from server.
Fetching https://www.freeview.co.uk/api/program?sid=43&nid=64403&pid=crid://csi.digitaluk.co.uk/2432fad6-8e65-42b4-865c-58e0422db839&start=2026-09-21T02:30:00+0000&duration=PT30M from server.
Fetching https://www.freeview.co.uk/api/program?sid=43&nid=64403&pid=crid://csi.digitaluk.co.uk/42153006-2292-4a24-ac71-be3043c1086c&start=2026-09-21T03:00:00+0000&duration=PT30M from server.
Fetching https://www.freeview.co.uk/api/program?sid=43&nid=64403&pid=crid://csi.digitaluk.co.uk/ce3268f6-fc23-471c-990f-a33aca9e4163&start=2026-09-21T03:30:00+0000&duration=PT30M from server.
Fetching https://www.freeview.co.uk/api/program?sid=43&nid=64403&pid=crid://csi.digitaluk.co.uk/8b84c003-ca7f-4bd5-b653-4bf93da5409c&start=2026-09-21T04:00:00+0000&duration=PT30M from server.
Fetching https://www.freeview.co.uk/api/program?sid=43&nid=64403&pid=crid://csi.digitaluk.co.uk/b07414e4-c482-4b3b-aefb-48b707ff4a18&start=2026-09-21T04:30:00+0000&duration=PT30M from server.
Fetching https://www.freeview.co.uk/api/program?sid=43&nid=64403&pid=crid://csi.digitaluk.co.uk/bb6789ab-93c3-48cd-a40a-d1174ff8686b&start=2026-09-21T05:00:00+0000&duration=PT30M from server.
Fetching https://www.freeview.co.uk/api/program?sid=43&nid=64403&pid=crid://csi.digitaluk.co.uk/bd2a6589-6a45-40b1-8879-314694493ad8&start=2026-09-21T05:30:00+0000&duration=PT30M from server.
Fetching https://www.freeview.co.uk/api/program?sid=43&nid=64403&pid=crid://csi.digitaluk.co.uk/ecc2c0ee-9b74-4171-9dfe-1b11dd49cb1b&start=2026-09-21T06:00:00+0000&duration=PT1H from server.
Fetching https://www.freeview.co.uk/api/program?sid=43&nid=64403&pid=crid://csi.digitaluk.co.uk/0d3212cc-6900-4d09-b504-634ef8142fb4&start=2026-09-21T07:00:00+0000&duration=PT30M from server.
Fetching https://www.freeview.co.uk/api/program?sid=43&nid=64403&pid=crid://csi.digitaluk.co.uk/1d32a467-7ed0-4c91-89a9-aec8dd8b0ef1&start=2026-09-21T07:30:00+0000&duration=PT30M from server.
Fetching https://www.freeview.co.uk/api/program?sid=43&nid=64403&pid=crid://csi.digitaluk.co.uk/5e896c79-bbf2-4b50-96b2-42cffd3beaa1&start=2026-09-21T08:00:00+0000&duration=PT30M from server.
Fetching https://www.freeview.co.uk/api/program?sid=43&nid=64403&pid=crid://csi.digitaluk.co.uk/b83c2d9e-8642-4c47-879e-e459a01bd811&start=2026-09-21T08:30:00+0000&duration=PT30M from server.
Fetching https://www.freeview.co.uk/api/program?sid=43&nid=64403&pid=crid://csi.digitaluk.co.uk/5fe2207f-1b46-44f2-bb6e-ee38ebeff8f9&start=2026-09-21T09:00:00+0000&duration=PT30M from server.
Fetching https://www.freeview.co.uk/api/program?sid=43&nid=64403&pid=crid://csi.digitaluk.co.uk/d7675e27-56f7-4f02-ab5a-742fbab3a82a&start=2026-09-21T09:30:00+0000&duration=PT30M from server.
Fetching https://www.freeview.co.uk/api/program?sid=43&nid=64403&pid=crid://csi.digitaluk.co.uk/01876673-5273-4e2e-b46f-162bb16a6769&start=2026-09-21T10:00:00+0000&duration=PT1H30M from server.
Fetching https://www.freeview.co.uk/api/program?sid=43&nid=64403&pid=crid://csi.digitaluk.co.uk/121c0dda-6bf8-4ea3-a1a9-735c9ea9c6f9&start=2026-09-21T11:30:00+0000&duration=PT30M from server.
Fetching https://www.freeview.co.uk/api/program?sid=43&nid=64403&pid=crid://csi.digitaluk.co.uk/46b5a228-3896-4d5c-8cf6-07ec6a570d17&start=2026-09-21T12:00:00+0000&duration=PT30M from server.
Fetching https://www.freeview.co.uk/api/program?sid=43&nid=64403&pid=crid://csi.digitaluk.co.uk/55e15817-ad99-4009-b769-8ca17a0deb7c&start=2026-09-21T12:30:00+0000&duration=PT30M from server.
Fetching https://www.freeview.co.uk/api/program?sid=43&nid=64403&pid=crid://csi.digitaluk.co.uk/90d951ca-b08f-4c78-9fa2-e55c4c918d47&start=2026-09-21T13:00:00+0000&duration=PT30M from server.
Fetching https://www.freeview.co.uk/api/program?sid=43&nid=64403&pid=crid://csi.digitaluk.co.uk/4739cb58-4e6b-4f6e-b8a6-6a06bab00b47&start=2026-09-21T13:30:00+0000&duration=PT30M from server.
Fetching https://www.freeview.co.uk/api/program?sid=43&nid=64403&pid=crid://csi.digitaluk.co.uk/6fb9e21b-a789-48a0-b2fc-38c392442595&start=2026-09-21T14:00:00+0000&duration=PT1H from server.
Fetching https://www.freeview.co.uk/api/program?sid=43&nid=64403&pid=crid://csi.digitaluk.co.uk/6efe81bb-75b0-445b-ab2f-edc49a5f5c29&start=2026-09-21T15:00:00+0000&duration=PT30M from server.
Fetching https://www.freeview.co.uk/api/program?sid=43&nid=64403&pid=crid://csi.digitaluk.co.uk/48eb4230-fdf6-4358-8ca5-1ad14f28e3c8&start=2026-09-21T15:30:00+0000&duration=PT30M from server.
Fetching https://www.freeview.co.uk/api/program?sid=43&nid=64403&pid=crid://csi.digitaluk.co.uk/89033e9c-e76c-49d9-ae4f-0094cec97575&start=2026-09-21T16:00:00+0000&duration=PT30M from server.
Fetching https://www.freeview.co.uk/api/program?sid=43&nid=64403&pid=crid://csi.digitaluk.co.uk/fddd2e68-92d4-4462-a430-ef222a5aa992&start=2026-09-21T16:30:00+0000&duration=PT30M from server.
Fetching https://www.freeview.co.uk/api/program?sid=43&nid=64403&pid=crid://csi.digitaluk.co.uk/9986bfd7-77fb-4023-8e28-1788ed2a7eb5&start=2026-09-21T17:00:00+0000&duration=PT30M from server.
Fetching https://www.freeview.co.uk/api/program?sid=43&nid=64403&pid=crid://csi.digitaluk.co.uk/f5a11fd0-70f2-4115-b556-5856fc721eb5&start=2026-09-21T17:30:00+0000&duration=PT30M from server.
Fetching https://www.freeview.co.uk/api/program?sid=43&nid=64403&pid=crid://csi.digitaluk.co.uk/f8c32439-ec06-4a55-8b2c-5d560f327dd1&start=2026-09-21T18:00:00+0000&duration=PT1H30M from server.
Fetching https://www.freeview.co.uk/api/program?sid=43&nid=64403&pid=crid://csi.digitaluk.co.uk/05a7b8f6-823b-4c1a-a3b8-970b8a495e20&start=2026-09-21T19:30:00+0000&duration=PT30M from server.
Fetching https://www.freeview.co.uk/api/program?sid=43&nid=64403&pid=crid://csi.digitaluk.co.uk/8a0843c5-13d2-4007-b8a8-d9af5fa6497c&start=2026-09-21T20:00:00+0000&duration=PT1H from server.
Fetching https://www.freeview.co.uk/api/program?sid=43&nid=64403&pid=crid://csi.digitaluk.co.uk/0b733165-5cab-498b-9c5f-db63cec61ba5&start=2026-09-21T21:00:00+0000&duration=PT30M from server.
Fetching https://www.freeview.co.uk/api/program?sid=43&nid=64403&pid=crid://csi.digitaluk.co.uk/2af1a6d1-bdbc-4f88-a4c0-13c20005e9fb&start=2026-09-21T21:30:00+0000&duration=PT30M from server.
Fetching https://www.freeview.co.uk/api/program?sid=43&nid=64403&pid=crid://csi.digitaluk.co.uk/426041f8-d571-4e91-9898-ef5f09cbc3ed&start=2026-09-21T22:00:00+0000&duration=PT30M from server.
Fetching https://www.freeview.co.uk/api/program?sid=43&nid=64403&pid=crid://csi.digitaluk.co.uk/5a205cb2-1457-4cd0-9939-9e7c19a9069f&start=2026-09-21T22:30:00+0000&duration=PT30M from server.
Fetching https://www.freeview.co.uk/api/program?sid=43&nid=64403&pid=crid://csi.digitaluk.co.uk/bbfcb9be-9777-41a6-b682-8cdc6794e001&start=2026-09-21T23:00:00+0000&duration=PT30M from server.
Fetching https://www.freeview.co.uk/api/program?sid=43&nid=64403&pid=crid://csi.digitaluk.co.uk/99b8fed8-6e69-46ef-920f-d3dc55337822&start=2026-09-21T23:30:00+0000&duration=PT30M from server.
### Wanted 23712 
Fetching https://www.freeview.co.uk/api/program?sid=44&nid=64403&pid=crid://csi.digitaluk.co.uk/0c8634d4-e411-4896-8ad5-61d965b68304&start=2026-09-21T00:00:00+0000&duration=PT1H from server.
Fetching https://www.freeview.co.uk/api/program?sid=44&nid=64403&pid=crid://csi.digitaluk.co.uk/5dca4ed0-3873-4bba-995d-867f7672bbf8&start=2026-09-21T01:00:00+0000&duration=PT2H from server.
Fetching https://www.freeview.co.uk/api/program?sid=44&nid=64403&pid=crid://csi.digitaluk.co.uk/dc96ca86-df39-4c57-a3b9-d15029cbb2d8&start=2026-09-21T03:00:00+0000&duration=PT30M from server.
Fetching https://www.freeview.co.uk/api/program?sid=44&nid=64403&pid=crid://csi.digitaluk.co.uk/d0699c73-4f41-4f69-8f6f-ae5168ee4b66&start=2026-09-21T03:30:00+0000&duration=PT30M from server.
Fetching https://www.freeview.co.uk/api/program?sid=44&nid=64403&pid=crid://csi.digitaluk.co.uk/7083515f-e2d0-4d40-9eaf-f9412f231c14&start=2026-09-21T04:00:00+0000&duration=PT30M from server.
Fetching https://www.freeview.co.uk/api/program?sid=44&nid=64403&pid=crid://csi.digitaluk.co.uk/b8c1617e-054d-4944-8878-fe12ab461e20&start=2026-09-21T04:30:00+0000&duration=PT30M from server.
Fetching https://www.freeview.co.uk/api/program?sid=44&nid=64403&pid=crid://csi.digitaluk.co.uk/47fae8a6-0d26-401a-a42e-8ad4058e2a87&start=2026-09-21T05:00:00+0000&duration=PT1H from server.
Fetching https://www.freeview.co.uk/api/program?sid=44&nid=64403&pid=crid://csi.digitaluk.co.uk/7af49b10-2c7e-440b-a01e-073a21a7c00b&start=2026-09-21T06:00:00+0000&duration=PT1H from server.
Fetching https://www.freeview.co.uk/api/program?sid=44&nid=64403&pid=crid://csi.digitaluk.co.uk/6eeb59dd-11c2-48df-8eed-85712c09b3fa&start=2026-09-21T07:00:00+0000&duration=PT1H from server.
Fetching https://www.freeview.co.uk/api/program?sid=44&nid=64403&pid=crid://csi.digitaluk.co.uk/f64ff6cd-24c7-47bd-8d2e-d7a9b1885300&start=2026-09-21T08:00:00+0000&duration=PT1H from server.
Fetching https://www.freeview.co.uk/api/program?sid=44&nid=64403&pid=crid://csi.digitaluk.co.uk/6cb903ed-744d-4169-ba13-26908aea632f&start=2026-09-21T09:00:00+0000&duration=PT1H from server.
Fetching https://www.freeview.co.uk/api/program?sid=44&nid=64403&pid=crid://csi.digitaluk.co.uk/3e242df8-db7a-4dee-8fbf-d8c52920a118&start=2026-09-21T10:00:00+0000&duration=PT1H from server.
Fetching https://www.freeview.co.uk/api/program?sid=44&nid=64403&pid=crid://csi.digitaluk.co.uk/667c7b2f-02b0-4f22-bac8-fb4861c4572c&start=2026-09-21T11:00:00+0000&duration=PT1H from server.
Fetching https://www.freeview.co.uk/api/program?sid=44&nid=64403&pid=crid://csi.digitaluk.co.uk/368bf46a-2a8b-4f35-8411-df783fefb13b&start=2026-09-21T12:00:00+0000&duration=PT1H from server.
Fetching https://www.freeview.co.uk/api/program?sid=44&nid=64403&pid=crid://csi.digitaluk.co.uk/464c2ff2-e580-44b2-9f95-61f3538a9d19&start=2026-09-21T13:00:00+0000&duration=PT1H from server.
Fetching https://www.freeview.co.uk/api/program?sid=44&nid=64403&pid=crid://csi.digitaluk.co.uk/e21dfa5c-57d4-4ad0-84f8-19666c1d333a&start=2026-09-21T14:00:00+0000&duration=PT1H from server.
Fetching https://www.freeview.co.uk/api/program?sid=44&nid=64403&pid=crid://csi.digitaluk.co.uk/ca4a81b7-ed5a-4738-b360-2b012347c173&start=2026-09-21T15:00:00+0000&duration=PT1H from server.
Fetching https://www.freeview.co.uk/api/program?sid=44&nid=64403&pid=crid://csi.digitaluk.co.uk/8cdb8c4c-8b1d-4899-81aa-a2d40b456e24&start=2026-09-21T16:00:00+0000&duration=PT1H from server.
Fetching https://www.freeview.co.uk/api/program?sid=44&nid=64403&pid=crid://csi.digitaluk.co.uk/43e91e75-fae0-4382-bf14-43dd8a88e9c2&start=2026-09-21T17:00:00+0000&duration=PT1H from server.
Fetching https://www.freeview.co.uk/api/program?sid=44&nid=64403&pid=crid://csi.digitaluk.co.uk/233561bf-0fa4-48f0-aa67-c730143c5616&start=2026-09-21T18:00:00+0000&duration=PT1H from server.
Fetching https://www.freeview.co.uk/api/program?sid=44&nid=64403&pid=crid://csi.digitaluk.co.uk/109446d7-f7ac-4059-a255-5ef0d31ab952&start=2026-09-21T19:00:00+0000&duration=PT1H from server.
Fetching https://www.freeview.co.uk/api/program?sid=44&nid=64403&pid=crid://csi.digitaluk.co.uk/3b2e8c91-4aef-49a5-8f8f-b1a6e4094e56&start=2026-09-21T20:00:00+0000&duration=PT1H from server.
Fetching https://www.freeview.co.uk/api/program?sid=44&nid=64403&pid=crid://csi.digitaluk.co.uk/343118a0-c88a-4253-8d02-94167b5d9a23&start=2026-09-21T21:00:00+0000&duration=PT1H from server.
Fetching https://www.freeview.co.uk/api/program?sid=44&nid=64403&pid=crid://csi.digitaluk.co.uk/9f559028-c054-49de-ac39-808818f6baec&start=2026-09-21T22:00:00+0000&duration=PT1H from server.
Fetching https://www.freeview.co.uk/api/program?sid=44&nid=64403&pid=crid://csi.digitaluk.co.uk/bd432593-d01e-4b3a-a520-3589a78c4d48&start=2026-09-21T23:00:00+0000&duration=PT1H from server.
## Wanted 20256 
Fetching https://www.freeview.co.uk/api/program?sid=46&nid=64403&pid=crid://panorama.five.tv/versions/C5478640025A&start=2026-09-21T00:40:00+0000&duration=PT1H from server.
Fetching https://www.freeview.co.uk/api/program?sid=46&nid=64403&pid=crid://panorama.five.tv/versions/C5478640026A&start=2026-09-21T01:40:00+0000&duration=PT55M from server.
Fetching https://www.freeview.co.uk/api/program?sid=46&nid=64403&pid=crid://panorama.five.tv/versions/C5523570022A&start=2026-09-21T02:35:00+0000&duration=PT25M from server.
Fetching https://www.freeview.co.uk/api/program?sid=46&nid=64403&pid=crid://panorama.five.tv/versions/C5266540001A&start=2026-09-21T03:00:00+0000&duration=PT2H from server.
Fetching https://www.freeview.co.uk/api/program?sid=46&nid=64403&pid=crid://panorama.five.tv/versions/C5480340001A&start=2026-09-21T05:00:00+0000&duration=PT30M from server.
Fetching https://www.freeview.co.uk/api/program?sid=46&nid=64403&pid=crid://panorama.five.tv/versions/C5326820001A&start=2026-09-21T05:30:00+0000&duration=PT30M from server.
Fetching https://www.freeview.co.uk/api/program?sid=46&nid=64403&pid=crid://panorama.five.tv/versions/C5349600001A&start=2026-09-21T06:00:00+0000&duration=PT1H from server.
Fetching https://www.freeview.co.uk/api/program?sid=46&nid=64403&pid=crid://panorama.five.tv/versions/C5349600001A&start=2026-09-21T07:00:00+0000&duration=PT1H from server.
Fetching https://www.freeview.co.uk/api/program?sid=46&nid=64403&pid=crid://panorama.five.tv/versions/C5488960011A&start=2026-09-21T08:00:00+0000&duration=PT1H from server.
Fetching https://www.freeview.co.uk/api/program?sid=46&nid=64403&pid=crid://panorama.five.tv/versions/C5488960012B&start=2026-09-21T09:00:00+0000&duration=PT1H from server.
Fetching https://www.freeview.co.uk/api/program?sid=46&nid=64403&pid=crid://panorama.five.tv/versions/C5519780004A&start=2026-09-21T10:00:00+0000&duration=PT1H from server.
Fetching https://www.freeview.co.uk/api/program?sid=46&nid=64403&pid=crid://panorama.five.tv/versions/C5323920004B&start=2026-09-21T11:00:00+0000&duration=PT1H from server.
Fetching https://www.freeview.co.uk/api/program?sid=46&nid=64403&pid=crid://panorama.five.tv/versions/C5348700015A&start=2026-09-21T12:00:00+0000&duration=PT1H from server.
Fetching https://www.freeview.co.uk/api/program?sid=46&nid=64403&pid=crid://panorama.five.tv/versions/C5348700016A&start=2026-09-21T13:00:00+0000&duration=PT1H from server.
Fetching https://www.freeview.co.uk/api/program?sid=46&nid=64403&pid=crid://panorama.five.tv/versions/C5084330001B&start=2026-09-21T14:00:00+0000&duration=PT1H35M from server.
Fetching https://www.freeview.co.uk/api/program?sid=46&nid=64403&pid=crid://panorama.five.tv/versions/C5323170001A&start=2026-09-21T15:35:00+0000&duration=PT25M from server.
Fetching https://www.freeview.co.uk/api/program?sid=46&nid=64403&pid=crid://panorama.five.tv/versions/C5305880002A&start=2026-09-21T16:00:00+0000&duration=PT1H from server.
Fetching https://www.freeview.co.uk/api/program?sid=46&nid=64403&pid=crid://panorama.five.tv/versions/C5305880003A&start=2026-09-21T17:00:00+0000&duration=PT1H from server.
Fetching https://www.freeview.co.uk/api/program?sid=46&nid=64403&pid=crid://panorama.five.tv/versions/C5364400003A&start=2026-09-21T18:00:00+0000&duration=PT1H from server.
Fetching https://www.freeview.co.uk/api/program?sid=46&nid=64403&pid=crid://panorama.five.tv/versions/C5364400004A&start=2026-09-21T19:00:00+0000&duration=PT1H from server.
Fetching https://www.freeview.co.uk/api/program?sid=46&nid=64403&pid=crid://panorama.five.tv/versions/C5509520001A&start=2026-09-21T20:00:00+0000&duration=PT1H from server.
Fetching https://www.freeview.co.uk/api/program?sid=46&nid=64403&pid=crid://panorama.five.tv/versions/C5523570023C&start=2026-09-21T21:00:00+0000&duration=PT30M from server.
Fetching https://www.freeview.co.uk/api/program?sid=46&nid=64403&pid=crid://panorama.five.tv/versions/C5523570024A&start=2026-09-21T21:30:00+0000&duration=PT30M from server.
Fetching https://www.freeview.co.uk/api/program?sid=46&nid=64403&pid=crid://panorama.five.tv/versions/C5478640032A&start=2026-09-21T22:00:00+0000&duration=PT1H5M from server.
Fetching https://www.freeview.co.uk/api/program?sid=46&nid=64403&pid=crid://panorama.five.tv/versions/C5478640033A&start=2026-09-21T23:05:00+0000&duration=PT1H from server.
### Wanted 8460 
Fetching https://www.freeview.co.uk/api/program?sid=49&nid=64403&pid=crid://movida.bebanjo.net/mas/version/79049/003/ASDELIVERED/C&start=2026-09-21T00:25:00+0000&duration=PT1H5M from server.
Fetching https://www.freeview.co.uk/api/program?sid=49&nid=64403&pid=crid://csi.digitaluk.co.uk/3121fd0a-612b-4943-867a-f6f6eb55ddf6&start=2026-09-21T01:30:00+0000&duration=PT1H5M from server.
Fetching https://www.freeview.co.uk/api/program?sid=49&nid=64403&pid=crid://movida.bebanjo.net/mas/version/78515/002/ASDELIVERED/C&start=2026-09-21T02:35:00+0000&duration=PT1H15M from server.
Fetching https://www.freeview.co.uk/api/program?sid=49&nid=64403&pid=crid://csi.digitaluk.co.uk/e5ceb051-5aa5-49e2-a9d8-f168a4c93ca6&start=2026-09-21T03:50:00+0000&duration=PT2H10M from server.
Fetching https://www.freeview.co.uk/api/program?sid=49&nid=64403&pid=crid://csi.digitaluk.co.uk/3f2b553a-59a3-4231-87ad-1e93b8b8c52c&start=2026-09-21T06:00:00+0000&duration=PT2H from server.
Fetching https://www.freeview.co.uk/api/program?sid=49&nid=64403&pid=crid://csi.digitaluk.co.uk/1ea8ba50-bbca-421d-a990-5ba3bfea5f61&start=2026-09-21T08:00:00+0000&duration=PT1H from server.
Fetching https://www.freeview.co.uk/api/program?sid=49&nid=64403&pid=crid://csi.digitaluk.co.uk/461221e0-897e-4e04-8e95-ae4963d47117&start=2026-09-21T09:00:00+0000&duration=PT1H from server.
Fetching https://www.freeview.co.uk/api/program?sid=49&nid=64403&pid=crid://movida.bebanjo.net/mas/version/77004/010/ASDELIVERED/C&start=2026-09-21T10:00:00+0000&duration=PT1H from server.
Fetching https://www.freeview.co.uk/api/program?sid=49&nid=64403&pid=crid://csi.digitaluk.co.uk/8e13cd60-c879-4cf3-811c-347a45d8099b&start=2026-09-21T11:00:00+0000&duration=PT1H from server.
Fetching https://www.freeview.co.uk/api/program?sid=49&nid=64403&pid=crid://csi.digitaluk.co.uk/dd478231-de50-4abc-b099-ec4ad2243a37&start=2026-09-21T12:00:00+0000&duration=PT1H from server.
Fetching https://www.freeview.co.uk/api/program?sid=49&nid=64403&pid=crid://csi.digitaluk.co.uk/aa37e6be-106d-4d45-abe0-5583427eaf11&start=2026-09-21T13:00:00+0000&duration=PT1H from server.
Fetching https://www.freeview.co.uk/api/program?sid=49&nid=64403&pid=crid://csi.digitaluk.co.uk/cec62901-d0c7-4432-8e73-f089e99003c4&start=2026-09-21T14:00:00+0000&duration=PT30M from server.
Fetching https://www.freeview.co.uk/api/program?sid=49&nid=64403&pid=crid://csi.digitaluk.co.uk/2672e768-f49e-4afb-b176-c61027675027&start=2026-09-21T14:30:00+0000&duration=PT30M from server.
Fetching https://www.freeview.co.uk/api/program?sid=49&nid=64403&pid=crid://csi.digitaluk.co.uk/f335b300-0bb3-4180-a306-7ab3b76d5be9&start=2026-09-21T15:00:00+0000&duration=PT30M from server.
Fetching https://www.freeview.co.uk/api/program?sid=49&nid=64403&pid=crid://csi.digitaluk.co.uk/07e27f84-d79c-4303-808f-9a5684519659&start=2026-09-21T15:30:00+0000&duration=PT30M from server.
Fetching https://www.freeview.co.uk/api/program?sid=49&nid=64403&pid=crid://csi.digitaluk.co.uk/497ec818-1cd9-43be-b918-c53de02b0273&start=2026-09-21T16:00:00+0000&duration=PT30M from server.
Fetching https://www.freeview.co.uk/api/program?sid=49&nid=64403&pid=crid://csi.digitaluk.co.uk/67da77c3-7bac-45d9-bb1f-00c0327c32d8&start=2026-09-21T16:30:00+0000&duration=PT30M from server.
Fetching https://www.freeview.co.uk/api/program?sid=49&nid=64403&pid=crid://csi.digitaluk.co.uk/f8aad0ac-6772-43fc-97f1-b1331ac96f07&start=2026-09-21T17:00:00+0000&duration=PT1H from server.
Fetching https://www.freeview.co.uk/api/program?sid=49&nid=64403&pid=crid://movida.bebanjo.net/mas/version/77321/001/ASDELIVERED/C&start=2026-09-21T18:00:00+0000&duration=PT1H from server.
Fetching https://www.freeview.co.uk/api/program?sid=49&nid=64403&pid=crid://movida.bebanjo.net/mas/version/78289/001/ASDELIVERED/C&start=2026-09-21T19:00:00+0000&duration=PT1H from server.
Fetching https://www.freeview.co.uk/api/program?sid=49&nid=64403&pid=crid://csi.digitaluk.co.uk/7bf09a70-a344-4ae1-be66-8321a7e1aeb2&start=2026-09-21T20:00:00+0000&duration=PT1H from server.
Fetching https://www.freeview.co.uk/api/program?sid=49&nid=64403&pid=crid://csi.digitaluk.co.uk/7493cc42-1e29-439e-9f81-9692cc631f6b&start=2026-09-21T21:00:00+0000&duration=PT1H5M from server.
Fetching https://www.freeview.co.uk/api/program?sid=49&nid=64403&pid=crid://csi.digitaluk.co.uk/52e992ac-8aae-4308-bbb8-d768528e6999&start=2026-09-21T22:05:00+0000&duration=PT1H from server.
Fetching https://www.freeview.co.uk/api/program?sid=49&nid=64403&pid=crid://csi.digitaluk.co.uk/734b45b8-c087-47f8-8bd5-12b145fe3ce4&start=2026-09-21T23:05:00+0000&duration=PT1H from server.
## Wanted 14384 
Fetching https://www.freeview.co.uk/api/program?sid=64&nid=64403&pid=crid://csi.digitaluk.co.uk/db3f5564-ac37-4c5a-8e18-e17938c1cec5&start=2026-09-21T00:00:00+0000&duration=PT1H from server.
Fetching https://www.freeview.co.uk/api/program?sid=64&nid=64403&pid=crid://csi.digitaluk.co.uk/36f35e9a-a9d9-4ee4-8c50-6e2a16839fbd&start=2026-09-21T01:00:00+0000&duration=PT1H from server.
Fetching https://www.freeview.co.uk/api/program?sid=64&nid=64403&pid=crid://csi.digitaluk.co.uk/cfd57929-cd2b-42bd-a86b-992ebd430f5d&start=2026-09-21T02:00:00+0000&duration=PT1H from server.
Fetching https://www.freeview.co.uk/api/program?sid=64&nid=64403&pid=crid://csi.digitaluk.co.uk/6cc60008-8cb3-4e10-b2ed-df22f8e500ec&start=2026-09-21T03:00:00+0000&duration=PT1H from server.
Fetching https://www.freeview.co.uk/api/program?sid=64&nid=64403&pid=crid://csi.digitaluk.co.uk/2f58d2de-b3f3-4420-ab46-0fa0d0872df7&start=2026-09-21T04:00:00+0000&duration=PT1H from server.
Fetching https://www.freeview.co.uk/api/program?sid=64&nid=64403&pid=crid://csi.digitaluk.co.uk/f9ad65df-db7f-4470-b53a-522ff07b120e&start=2026-09-21T05:00:00+0000&duration=PT45M from server.
Fetching https://www.freeview.co.uk/api/program?sid=64&nid=64403&pid=crid://csi.digitaluk.co.uk/4c87bc06-7179-4a0f-8d59-6243a92c79aa&start=2026-09-21T05:45:00+0000&duration=PT25M from server.
Fetching https://www.freeview.co.uk/api/program?sid=64&nid=64403&pid=crid://csi.digitaluk.co.uk/047a5430-7bde-4513-b338-9998deae18b4&start=2026-09-21T06:10:00+0000&duration=PT20M from server.
Fetching https://www.freeview.co.uk/api/program?sid=64&nid=64403&pid=crid://csi.digitaluk.co.uk/faa4fda6-c1b2-443c-9ccc-a29715e0c697&start=2026-09-21T06:30:00+0000&duration=PT30M from server.
Fetching https://www.freeview.co.uk/api/program?sid=64&nid=64403&pid=crid://csi.digitaluk.co.uk/3a88e30e-f36a-4ed2-acc8-97fc4e574efd&start=2026-09-21T07:00:00+0000&duration=PT25M from server.
Fetching https://www.freeview.co.uk/api/program?sid=64&nid=64403&pid=crid://csi.digitaluk.co.uk/bc1a1128-60b4-40df-9d27-dd568dbbebfb&start=2026-09-21T07:25:00+0000&duration=PT30M from server.
Fetching https://www.freeview.co.uk/api/program?sid=64&nid=64403&pid=crid://csi.digitaluk.co.uk/4d86e3e3-459a-4717-8c7f-110cd34819de&start=2026-09-21T07:55:00+0000&duration=PT25M from server.
Fetching https://www.freeview.co.uk/api/program?sid=64&nid=64403&pid=crid://csi.digitaluk.co.uk/1af7b4dc-b897-4541-b6ee-c177927cf52e&start=2026-09-21T08:20:00+0000&duration=PT55M from server.
Fetching https://www.freeview.co.uk/api/program?sid=64&nid=64403&pid=crid://csi.digitaluk.co.uk/19af1184-bd28-401a-bcf7-f06a451c48b0&start=2026-09-21T09:15:00+0000&duration=PT55M from server.
Fetching https://www.freeview.co.uk/api/program?sid=64&nid=64403&pid=crid://csi.digitaluk.co.uk/a92766ec-5bb5-4f0b-aaac-2ce0a0cf0fc6&start=2026-09-21T10:10:00+0000&duration=PT1H from server.
Fetching https://www.freeview.co.uk/api/program?sid=64&nid=64403&pid=crid://csi.digitaluk.co.uk/cfcc8626-ee20-4df2-9904-4186fe41a902&start=2026-09-21T11:10:00+0000&duration=PT55M from server.
Fetching https://www.freeview.co.uk/api/program?sid=64&nid=64403&pid=crid://csi.digitaluk.co.uk/e36784d7-cce4-47f0-b6c2-7e7f27f6e207&start=2026-09-21T12:05:00+0000&duration=PT30M from server.
Fetching https://www.freeview.co.uk/api/program?sid=64&nid=64403&pid=crid://csi.digitaluk.co.uk/ebfb7f1c-570c-4d96-852c-9acaef1fcb28&start=2026-09-21T12:35:00+0000&duration=PT30M from server.
Fetching https://www.freeview.co.uk/api/program?sid=64&nid=64403&pid=crid://csi.digitaluk.co.uk/54586065-6e11-4732-8c64-ad51d5054612&start=2026-09-21T13:05:00+0000&duration=PT30M from server.
Fetching https://www.freeview.co.uk/api/program?sid=64&nid=64403&pid=crid://csi.digitaluk.co.uk/f642b752-95bc-4774-aba0-178f9ed15b69&start=2026-09-21T13:35:00+0000&duration=PT30M from server.
Fetching https://www.freeview.co.uk/api/program?sid=64&nid=64403&pid=crid://csi.digitaluk.co.uk/7b20fb79-d1b7-48a3-8eb5-58aa16462ee5&start=2026-09-21T14:05:00+0000&duration=PT1H from server.
Fetching https://www.freeview.co.uk/api/program?sid=64&nid=64403&pid=crid://csi.digitaluk.co.uk/eb18251f-223b-4b75-bd26-d39bea600b7b&start=2026-09-21T15:05:00+0000&duration=PT55M from server.
Fetching https://www.freeview.co.uk/api/program?sid=64&nid=64403&pid=crid://csi.digitaluk.co.uk/39c860c4-dd80-4bc0-88b4-61f5b4061cd2&start=2026-09-21T16:00:00+0000&duration=PT1H from server.
Fetching https://www.freeview.co.uk/api/program?sid=64&nid=64403&pid=crid://csi.digitaluk.co.uk/a7e57b87-6598-4f6b-a793-89138fc71153&start=2026-09-21T17:00:00+0000&duration=PT1H from server.
Fetching https://www.freeview.co.uk/api/program?sid=64&nid=64403&pid=crid://csi.digitaluk.co.uk/0c296c37-37c7-40d7-bece-5b0b107238cf&start=2026-09-21T18:00:00+0000&duration=PT1H from server.
Fetching https://www.freeview.co.uk/api/program?sid=64&nid=64403&pid=crid://csi.digitaluk.co.uk/e84166c3-fad2-4946-9f53-e9c99a82c56c&start=2026-09-21T19:00:00+0000&duration=PT1H from server.
Fetching https://www.freeview.co.uk/api/program?sid=64&nid=64403&pid=crid://csi.digitaluk.co.uk/480f8fcd-bd2b-4a5d-b20f-3d14d67e0e6e&start=2026-09-21T20:00:00+0000&duration=PT1H from server.
Fetching https://www.freeview.co.uk/api/program?sid=64&nid=64403&pid=crid://csi.digitaluk.co.uk/d375b94c-e76e-449e-839a-7a167622df0d&start=2026-09-21T21:00:00+0000&duration=PT1H from server.
Fetching https://www.freeview.co.uk/api/program?sid=64&nid=64403&pid=crid://csi.digitaluk.co.uk/0da09ecf-c77c-44b6-90e4-eddeed056a0b&start=2026-09-21T22:00:00+0000&duration=PT1H from server.
Fetching https://www.freeview.co.uk/api/program?sid=64&nid=64403&pid=crid://csi.digitaluk.co.uk/9efb4574-b39b-492c-b9f6-4880024380ce&start=2026-09-21T23:00:00+0000&duration=PT1H from server.
### Wanted 17856 
Fetching https://www.freeview.co.uk/api/program?sid=103&nid=64403&pid=crid://csi.digitaluk.co.uk/18335bdb-9f48-441f-8026-36fa417029aa&start=2026-09-21T02:00:00+0000&duration=PT50M from server.
Fetching https://www.freeview.co.uk/api/program?sid=103&nid=64403&pid=crid://csi.digitaluk.co.uk/ede15b1a-68ee-4f9d-beff-ea3fc6c5974e&start=2026-09-21T02:50:00+0000&duration=PT1H15M from server.
Fetching https://www.freeview.co.uk/api/program?sid=103&nid=64403&pid=crid://csi.digitaluk.co.uk/e1309431-e45a-4fe5-b5d6-5f6adab3ad94&start=2026-09-21T04:05:00+0000&duration=PT25M from server.
Fetching https://www.freeview.co.uk/api/program?sid=103&nid=64403&pid=crid://csi.digitaluk.co.uk/3f7ca76c-6980-43b9-9c67-3c6fa1723516&start=2026-09-21T04:30:00+0000&duration=PT30M from server.
Fetching https://www.freeview.co.uk/api/program?sid=103&nid=64403&pid=crid://csi.digitaluk.co.uk/aabff4f3-3f03-433b-a06c-b14941257155&start=2026-09-21T05:00:00+0000&duration=PT3H30M from server.
Fetching https://www.freeview.co.uk/api/program?sid=103&nid=64403&pid=crid://csi.digitaluk.co.uk/f0b637fc-7072-4cea-b01f-a8855ac133a1&start=2026-09-21T08:30:00+0000&duration=PT30M from server.
Fetching https://www.freeview.co.uk/api/program?sid=103&nid=64403&pid=crid://csi.digitaluk.co.uk/6715dee8-2ca6-456f-a581-6bd6f8d7edba&start=2026-09-21T09:00:00+0000&duration=PT2H30M from server.
Fetching https://www.freeview.co.uk/api/program?sid=103&nid=64403&pid=crid://csi.digitaluk.co.uk/2c9d9720-5b9d-4d6b-adec-470bf0d60d67&start=2026-09-21T11:30:00+0000&duration=PT1H from server.
Fetching https://www.freeview.co.uk/api/program?sid=103&nid=64403&pid=crid://csi.digitaluk.co.uk/963976ed-8baa-4ef7-9138-72994e92257a&start=2026-09-21T12:30:00+0000&duration=PT25M from server.
Fetching https://www.freeview.co.uk/api/program?sid=103&nid=64403&pid=crid://csi.digitaluk.co.uk/1b41b1de-a6e8-45b3-bf43-541fc7b9ff05&start=2026-09-21T12:55:00+0000&duration=PT5M from server.
Fetching https://www.freeview.co.uk/api/program?sid=103&nid=64403&pid=crid://csi.digitaluk.co.uk/33930501-6933-40d7-87fc-580b9f4dc937&start=2026-09-21T13:00:00+0000&duration=PT1H from server.
Fetching https://www.freeview.co.uk/api/program?sid=103&nid=64403&pid=crid://csi.digitaluk.co.uk/9576dfae-0f1f-45ee-a6ae-87dea6510df2&start=2026-09-21T14:00:00+0000&duration=PT1H from server.
Fetching https://www.freeview.co.uk/api/program?sid=103&nid=64403&pid=crid://csi.digitaluk.co.uk/8ccd3e4c-987f-4c68-bd26-88bcaf6179d8&start=2026-09-21T15:00:00+0000&duration=PT1H from server.
Fetching https://www.freeview.co.uk/api/program?sid=103&nid=64403&pid=crid://csi.digitaluk.co.uk/06bc2431-9264-4518-a7af-81596a191695&start=2026-09-21T16:00:00+0000&duration=PT1H from server.
Fetching https://www.freeview.co.uk/api/program?sid=103&nid=64403&pid=crid://csi.digitaluk.co.uk/50dd3555-9d7d-490d-92fb-3495ae3bc66e&start=2026-09-21T17:00:00+0000&duration=PT30M from server.
Fetching https://www.freeview.co.uk/api/program?sid=103&nid=64403&pid=crid://csi.digitaluk.co.uk/78e0d629-ae14-4879-8c11-02d8c6e6bdac&start=2026-09-21T17:30:00+0000&duration=PT1H from server.
Fetching https://www.freeview.co.uk/api/program?sid=103&nid=64403&pid=crid://csi.digitaluk.co.uk/9d487d09-a5ec-4d68-a3e2-315a0a9363a0&start=2026-09-21T18:30:00+0000&duration=PT30M from server.
Fetching https://www.freeview.co.uk/api/program?sid=103&nid=64403&pid=crid://csi.digitaluk.co.uk/72e89966-5700-4d9a-a0f4-28054475868f&start=2026-09-21T19:00:00+0000&duration=PT30M from server.
Fetching https://www.freeview.co.uk/api/program?sid=103&nid=64403&pid=crid://csi.digitaluk.co.uk/7b712f58-7d29-4301-ae89-a67e07fb29d5&start=2026-09-21T19:30:00+0000&duration=PT30M from server.
Fetching https://www.freeview.co.uk/api/program?sid=103&nid=64403&pid=crid://csi.digitaluk.co.uk/1cdd9973-1da1-4b26-9e42-37af402c952e&start=2026-09-21T20:00:00+0000&duration=PT1H from server.
Fetching https://www.freeview.co.uk/api/program?sid=103&nid=64403&pid=crid://csi.digitaluk.co.uk/4e63bec0-cf3a-4560-bf92-efb64291d9a8&start=2026-09-21T21:00:00+0000&duration=PT30M from server.
Fetching https://www.freeview.co.uk/api/program?sid=103&nid=64403&pid=crid://csi.digitaluk.co.uk/a48da159-15ef-47bc-8538-8fddf114d1e8&start=2026-09-21T21:30:00+0000&duration=PT10M from server.
Fetching https://www.freeview.co.uk/api/program?sid=103&nid=64403&pid=crid://csi.digitaluk.co.uk/7f424950-72d9-465b-b3b2-9a75904fc089&start=2026-09-21T21:40:00+0000&duration=PT25M from server.
Fetching https://www.freeview.co.uk/api/program?sid=103&nid=64403&pid=crid://csi.digitaluk.co.uk/14b1e081-657e-47b9-adb2-55d676570042&start=2026-09-21T22:05:00+0000&duration=PT55M from server.
Fetching https://www.freeview.co.uk/api/program?sid=103&nid=64403&pid=crid://csi.digitaluk.co.uk/309f951c-ab77-4fd8-aa43-35bd51568c1c&start=2026-09-21T23:00:00+0000&duration=PT3H from server.
## Wanted 22080 
Fetching https://www.freeview.co.uk/api/program?sid=233&nid=64403&pid=crid://csi.digitaluk.co.uk/dca1e1c5-488c-4160-adce-957df352920c&start=2026-09-21T00:00:00+0000&duration=PT1H from server.
Fetching https://www.freeview.co.uk/api/program?sid=233&nid=64403&pid=crid://csi.digitaluk.co.uk/23e85c9d-199b-4c9c-9f86-a3ea644e657c&start=2026-09-21T01:00:00+0000&duration=PT1H from server.
Fetching https://www.freeview.co.uk/api/program?sid=233&nid=64403&pid=crid://csi.digitaluk.co.uk/d08aab81-5146-498a-a1cd-dbb5cc27538a&start=2026-09-21T02:00:00+0000&duration=PT1H from server.
Fetching https://www.freeview.co.uk/api/program?sid=233&nid=64403&pid=crid://csi.digitaluk.co.uk/3271b002-e057-4b02-b0bd-84017c885e65&start=2026-09-21T03:00:00+0000&duration=PT1H from server.
Fetching https://www.freeview.co.uk/api/program?sid=233&nid=64403&pid=crid://csi.digitaluk.co.uk/407c14a8-7444-4690-b5f3-58123b48be36&start=2026-09-21T04:00:00+0000&duration=PT1H from server.
Fetching https://www.freeview.co.uk/api/program?sid=233&nid=64403&pid=crid://csi.digitaluk.co.uk/28b328e9-efe6-4396-b6f7-994db6262b8b&start=2026-09-21T05:00:00+0000&duration=PT30M from server.
Fetching https://www.freeview.co.uk/api/program?sid=233&nid=64403&pid=crid://csi.digitaluk.co.uk/3bf58803-e84c-4604-854a-55e6f93cd850&start=2026-09-21T05:30:00+0000&duration=PT30M from server.
Fetching https://www.freeview.co.uk/api/program?sid=233&nid=64403&pid=crid://csi.digitaluk.co.uk/affc4b43-3b66-48c5-af46-b9fba4646912&start=2026-09-21T06:00:00+0000&duration=PT30M from server.
Fetching https://www.freeview.co.uk/api/program?sid=233&nid=64403&pid=crid://csi.digitaluk.co.uk/86b00b8e-81e7-4cc3-b34d-f5c39d703944&start=2026-09-21T06:30:00+0000&duration=PT30M from server.
Fetching https://www.freeview.co.uk/api/program?sid=233&nid=64403&pid=crid://csi.digitaluk.co.uk/07cb69c8-1d1e-429f-918d-3a20696f5db3&start=2026-09-21T07:00:00+0000&duration=PT30M from server.
Fetching https://www.freeview.co.uk/api/program?sid=233&nid=64403&pid=crid://csi.digitaluk.co.uk/e0434b3d-56a7-49a2-92fb-bebba3d54f73&start=2026-09-21T07:30:00+0000&duration=PT30M from server.
Fetching https://www.freeview.co.uk/api/program?sid=233&nid=64403&pid=crid://csi.digitaluk.co.uk/8f82ac99-44a3-4d9e-9d74-49c2f39dfd92&start=2026-09-21T08:00:00+0000&duration=PT30M from server.
Fetching https://www.freeview.co.uk/api/program?sid=233&nid=64403&pid=crid://csi.digitaluk.co.uk/d67caafc-1059-414c-868d-d70a8c6592eb&start=2026-09-21T08:30:00+0000&duration=PT30M from server.
Fetching https://www.freeview.co.uk/api/program?sid=233&nid=64403&pid=crid://csi.digitaluk.co.uk/44ea6d29-cf9e-4fd3-a020-69a9873fdf1f&start=2026-09-21T09:00:00+0000&duration=PT30M from server.
Fetching https://www.freeview.co.uk/api/program?sid=233&nid=64403&pid=crid://csi.digitaluk.co.uk/69f12a9c-03d0-4ec8-8363-f4e513754b01&start=2026-09-21T09:30:00+0000&duration=PT30M from server.
Fetching https://www.freeview.co.uk/api/program?sid=233&nid=64403&pid=crid://csi.digitaluk.co.uk/9a9b5c7a-6f18-4f28-8ba7-c56dda4eb634&start=2026-09-21T10:00:00+0000&duration=PT30M from server.
Fetching https://www.freeview.co.uk/api/program?sid=233&nid=64403&pid=crid://csi.digitaluk.co.uk/9eb71765-0771-4a27-9d60-8c06a5fb4a3a&start=2026-09-21T10:30:00+0000&duration=PT30M from server.
Fetching https://www.freeview.co.uk/api/program?sid=233&nid=64403&pid=crid://csi.digitaluk.co.uk/97bb5117-7f22-4484-8f70-f8748080dda9&start=2026-09-21T11:00:00+0000&duration=PT30M from server.
Fetching https://www.freeview.co.uk/api/program?sid=233&nid=64403&pid=crid://csi.digitaluk.co.uk/edfe3178-7423-4343-8f19-4437e9f7f3e3&start=2026-09-21T11:30:00+0000&duration=PT30M from server.
Fetching https://www.freeview.co.uk/api/program?sid=233&nid=64403&pid=crid://csi.digitaluk.co.uk/b0e90cab-9d57-4c78-b4e3-ac5abc250a4d&start=2026-09-21T12:00:00+0000&duration=PT30M from server.
Fetching https://www.freeview.co.uk/api/program?sid=233&nid=64403&pid=crid://csi.digitaluk.co.uk/60578165-2aff-41bc-ad9b-6c20d521eec5&start=2026-09-21T12:30:00+0000&duration=PT30M from server.
Fetching https://www.freeview.co.uk/api/program?sid=233&nid=64403&pid=crid://csi.digitaluk.co.uk/85550cc1-b7f0-4be0-afe2-5b93434308ae&start=2026-09-21T13:00:00+0000&duration=PT30M from server.
Fetching https://www.freeview.co.uk/api/program?sid=233&nid=64403&pid=crid://csi.digitaluk.co.uk/cb3108e4-15e8-4ab5-9c59-515ee1d2c708&start=2026-09-21T13:30:00+0000&duration=PT30M from server.
Fetching https://www.freeview.co.uk/api/program?sid=233&nid=64403&pid=crid://csi.digitaluk.co.uk/62593e55-9215-453f-8eb2-a67be5887bc3&start=2026-09-21T14:00:00+0000&duration=PT30M from server.
Fetching https://www.freeview.co.uk/api/program?sid=233&nid=64403&pid=crid://csi.digitaluk.co.uk/3a9fa30f-e8c5-44a6-9ab3-eadc598a2042&start=2026-09-21T14:30:00+0000&duration=PT30M from server.
Fetching https://www.freeview.co.uk/api/program?sid=233&nid=64403&pid=crid://csi.digitaluk.co.uk/682fca8e-6820-4cde-956f-fb3adaba9452&start=2026-09-21T15:00:00+0000&duration=PT30M from server.
Fetching https://www.freeview.co.uk/api/program?sid=233&nid=64403&pid=crid://csi.digitaluk.co.uk/63c01eb8-a0b4-45ed-9b5c-7cf9f3a3e0bd&start=2026-09-21T15:30:00+0000&duration=PT30M from server.
Fetching https://www.freeview.co.uk/api/program?sid=233&nid=64403&pid=crid://csi.digitaluk.co.uk/cfbca9f3-2a58-4090-912d-ee05ed5f2e2a&start=2026-09-21T16:00:00+0000&duration=PT30M from server.
Fetching https://www.freeview.co.uk/api/program?sid=233&nid=64403&pid=crid://csi.digitaluk.co.uk/72b753a4-c458-4d09-873e-3bc1f69bc2df&start=2026-09-21T16:30:00+0000&duration=PT30M from server.
Fetching https://www.freeview.co.uk/api/program?sid=233&nid=64403&pid=crid://csi.digitaluk.co.uk/4efb12f5-55a1-4d84-884d-1c8feaf7c72a&start=2026-09-21T17:00:00+0000&duration=PT30M from server.
Fetching https://www.freeview.co.uk/api/program?sid=233&nid=64403&pid=crid://csi.digitaluk.co.uk/7486cf4f-10d6-4d46-9637-e29dc8afdd56&start=2026-09-21T17:30:00+0000&duration=PT30M from server.
Fetching https://www.freeview.co.uk/api/program?sid=233&nid=64403&pid=crid://csi.digitaluk.co.uk/252f8f64-e1eb-43a5-bf9e-a5c23bb0e2e4&start=2026-09-21T18:00:00+0000&duration=PT1H from server.
Fetching https://www.freeview.co.uk/api/program?sid=233&nid=64403&pid=crid://csi.digitaluk.co.uk/83313969-6003-4dc0-b9ad-f7430c3297fe&start=2026-09-21T19:00:00+0000&duration=PT1H from server.
Fetching https://www.freeview.co.uk/api/program?sid=233&nid=64403&pid=crid://csi.digitaluk.co.uk/6145a719-32a6-4cfd-904f-70ab6e5e8016&start=2026-09-21T20:00:00+0000&duration=PT1H from server.
Fetching https://www.freeview.co.uk/api/program?sid=233&nid=64403&pid=crid://csi.digitaluk.co.uk/a177aa4a-3973-49aa-a005-a3bc245decf6&start=2026-09-21T21:00:00+0000&duration=PT30M from server.
Fetching https://www.freeview.co.uk/api/program?sid=233&nid=64403&pid=crid://csi.digitaluk.co.uk/93044242-1a40-4368-90c3-33da91699537&start=2026-09-21T21:30:00+0000&duration=PT30M from server.
Fetching https://www.freeview.co.uk/api/program?sid=233&nid=64403&pid=crid://csi.digitaluk.co.uk/e0e41132-999d-415a-b0ec-8edd59561735&start=2026-09-21T22:00:00+0000&duration=PT30M from server.
Fetching https://www.freeview.co.uk/api/program?sid=233&nid=64403&pid=crid://csi.digitaluk.co.uk/1f2ca935-522e-4666-8c34-b67016ee5b61&start=2026-09-21T22:30:00+0000&duration=PT30M from server.
Fetching https://www.freeview.co.uk/api/program?sid=233&nid=64403&pid=crid://csi.digitaluk.co.uk/1b629aaf-4fe6-4e6b-a71c-acfea545d01e&start=2026-09-21T23:00:00+0000&duration=PT1H from server.
###
