tv_grab_uk_freeview, 2026-09-01 00:54:47
----------------------------------------
getting list of channels:  URL= https://www.freeview.co.uk/api/channel-list?nid=64403 
Fetching https://www.freeview.co.uk/api/channel-list?nid=64403 from server.
##################################################
using cache '/home/runner/work/xmltv/xmltv/scripts//.xmltv/cache' 
using channel format 'number' 
using region id '64403' 
using icon ch string '?w=160' 
using icon pg string '?w=800' 
fetch 20 channels 
start/end grab: 1788739200 1788825600 
getting listings:  URL= https://www.freeview.co.uk/api/tv-guide?nid=64403&start=1788739200 
Fetching https://www.freeview.co.uk/api/tv-guide?nid=64403&start=1788739200 from server.
 Wanted 8384 
Fetching https://www.freeview.co.uk/api/program?sid=4&nid=64403&pid=crid://csi.digitaluk.co.uk/c6ca44f3-89ea-4802-a2c7-41155925b526&start=2026-09-07T00:00:00+0000&duration=PT1H50M from server.
Fetching https://www.freeview.co.uk/api/program?sid=4&nid=64403&pid=crid://csi.digitaluk.co.uk/3469fb64-5b6e-4f59-b15e-e1fdc4e97293&start=2026-09-07T01:50:00+0000&duration=PT50M from server.
Fetching https://www.freeview.co.uk/api/program?sid=4&nid=64403&pid=crid://csi.digitaluk.co.uk/4fe6944d-d216-4a58-af77-12eb7194d01c&start=2026-09-07T02:40:00+0000&duration=PT25M from server.
Fetching https://www.freeview.co.uk/api/program?sid=4&nid=64403&pid=crid://csi.digitaluk.co.uk/17ecba5c-da76-4105-9ee7-fe9bd0d0d206&start=2026-09-07T03:05:00+0000&duration=PT25M from server.
Fetching https://www.freeview.co.uk/api/program?sid=4&nid=64403&pid=crid://csi.digitaluk.co.uk/332a7e6e-f6e7-4410-aaca-03c2a67bb010&start=2026-09-07T03:30:00+0000&duration=PT25M from server.
Fetching https://www.freeview.co.uk/api/program?sid=4&nid=64403&pid=crid://csi.digitaluk.co.uk/e9e4497e-cfc5-4834-8d16-79fb8859ecc8&start=2026-09-07T03:55:00+0000&duration=PT30M from server.
Fetching https://www.freeview.co.uk/api/program?sid=4&nid=64403&pid=crid://csi.digitaluk.co.uk/2efadc61-71a8-441f-bad5-6f5f491cd717&start=2026-09-07T04:25:00+0000&duration=PT25M from server.
Fetching https://www.freeview.co.uk/api/program?sid=4&nid=64403&pid=crid://movida.bebanjo.net/mas/version/77002/110/ASDELIVERED/C&start=2026-09-07T04:50:00+0000&duration=PT40M from server.
Fetching https://www.freeview.co.uk/api/program?sid=4&nid=64403&pid=crid://csi.digitaluk.co.uk/80b6f170-2c74-4128-a9d0-7e17206e05be&start=2026-09-07T05:30:00+0000&duration=PT25M from server.
Fetching https://www.freeview.co.uk/api/program?sid=4&nid=64403&pid=crid://csi.digitaluk.co.uk/58940a62-89a8-43cc-8742-48f0fad1f04e&start=2026-09-07T05:55:00+0000&duration=PT25M from server.
Fetching https://www.freeview.co.uk/api/program?sid=4&nid=64403&pid=crid://csi.digitaluk.co.uk/221e8709-ad0c-494b-b3b2-d48633d697e7&start=2026-09-07T06:20:00+0000&duration=PT25M from server.
Fetching https://www.freeview.co.uk/api/program?sid=4&nid=64403&pid=crid://csi.digitaluk.co.uk/7c4818aa-cde1-46eb-81b3-30e60dd11a44&start=2026-09-07T06:45:00+0000&duration=PT25M from server.
Fetching https://www.freeview.co.uk/api/program?sid=4&nid=64403&pid=crid://csi.digitaluk.co.uk/cfe08c2a-e67d-4dfd-9dd0-75cefd22ef43&start=2026-09-07T07:10:00+0000&duration=PT30M from server.
Fetching https://www.freeview.co.uk/api/program?sid=4&nid=64403&pid=crid://csi.digitaluk.co.uk/f0d1ac2d-1042-4551-ac3f-2bb6e3ef18b1&start=2026-09-07T07:40:00+0000&duration=PT30M from server.
Fetching https://www.freeview.co.uk/api/program?sid=4&nid=64403&pid=crid://csi.digitaluk.co.uk/756e47ed-1cf2-4d5f-b501-539bd24cee1c&start=2026-09-07T08:10:00+0000&duration=PT30M from server.
Fetching https://www.freeview.co.uk/api/program?sid=4&nid=64403&pid=crid://csi.digitaluk.co.uk/c70fb071-8054-4765-bdfa-29391cedcd84&start=2026-09-07T08:40:00+0000&duration=PT30M from server.
Fetching https://www.freeview.co.uk/api/program?sid=4&nid=64403&pid=crid://csi.digitaluk.co.uk/cb83df9f-3cc3-4a0f-a0ca-fd5b1512cf5f&start=2026-09-07T09:10:00+0000&duration=PT30M from server.
Fetching https://www.freeview.co.uk/api/program?sid=4&nid=64403&pid=crid://csi.digitaluk.co.uk/7173c17a-1d77-446a-83b0-db1425eb9532&start=2026-09-07T09:40:00+0000&duration=PT30M from server.
Fetching https://www.freeview.co.uk/api/program?sid=4&nid=64403&pid=crid://csi.digitaluk.co.uk/8728cf6c-302d-490f-9580-6d22a5d927cc&start=2026-09-07T10:10:00+0000&duration=PT55M from server.
Fetching https://www.freeview.co.uk/api/program?sid=4&nid=64403&pid=crid://csi.digitaluk.co.uk/9b2d469a-7400-4169-9041-da4fb8828db0&start=2026-09-07T11:05:00+0000&duration=PT5M from server.
Fetching https://www.freeview.co.uk/api/program?sid=4&nid=64403&pid=crid://csi.digitaluk.co.uk/532e0b27-d89e-4cb1-b831-2f7a4f57fcc2&start=2026-09-07T11:10:00+0000&duration=PT1H from server.
Fetching https://www.freeview.co.uk/api/program?sid=4&nid=64403&pid=crid://csi.digitaluk.co.uk/fa76ac8b-4ada-4384-b7a3-d3989aa001f3&start=2026-09-07T12:10:00+0000&duration=PT1H from server.
Fetching https://www.freeview.co.uk/api/program?sid=4&nid=64403&pid=crid://csi.digitaluk.co.uk/8f20dd92-39fb-4f18-a68a-18c3e0bb039a&start=2026-09-07T13:10:00+0000&duration=PT50M from server.
Fetching https://www.freeview.co.uk/api/program?sid=4&nid=64403&pid=crid://csi.digitaluk.co.uk/88645e22-6c56-42b2-8d93-3ee6aeed91b5&start=2026-09-07T14:00:00+0000&duration=PT1H from server.
Fetching https://www.freeview.co.uk/api/program?sid=4&nid=64403&pid=crid://csi.digitaluk.co.uk/5439cf0e-b962-4d5f-bf63-f618247d3c54&start=2026-09-07T15:00:00+0000&duration=PT1H from server.
Fetching https://www.freeview.co.uk/api/program?sid=4&nid=64403&pid=crid://csi.digitaluk.co.uk/1bc0e993-8743-4c8e-aa9f-b2f355820440&start=2026-09-07T16:00:00+0000&duration=PT30M from server.
Fetching https://www.freeview.co.uk/api/program?sid=4&nid=64403&pid=crid://csi.digitaluk.co.uk/3a604435-6bd7-4de6-b145-bd95a77dcb8b&start=2026-09-07T16:30:00+0000&duration=PT30M from server.
Fetching https://www.freeview.co.uk/api/program?sid=4&nid=64403&pid=crid://csi.digitaluk.co.uk/a2a26e26-b4f2-4c6a-a611-ae6e01f6d3db&start=2026-09-07T17:00:00+0000&duration=PT1H from server.
Fetching https://www.freeview.co.uk/api/program?sid=4&nid=64403&pid=crid://csi.digitaluk.co.uk/d6243869-a69a-41f2-a207-1d230b072a97&start=2026-09-07T18:00:00+0000&duration=PT1H from server.
Fetching https://www.freeview.co.uk/api/program?sid=4&nid=64403&pid=crid://csi.digitaluk.co.uk/c3e45506-a145-4219-bb02-4b275f74b2ee&start=2026-09-07T19:00:00+0000&duration=PT1H from server.
Fetching https://www.freeview.co.uk/api/program?sid=4&nid=64403&pid=crid://csi.digitaluk.co.uk/2badecd4-ef2f-4ffe-8bbd-c5f84a4f4d4b&start=2026-09-07T20:00:00+0000&duration=PT1H from server.
Fetching https://www.freeview.co.uk/api/program?sid=4&nid=64403&pid=crid://csi.digitaluk.co.uk/b7bb6abc-2ef7-4d4c-a678-d41fdbd5cc3b&start=2026-09-07T21:00:00+0000&duration=PT1H5M from server.
Fetching https://www.freeview.co.uk/api/program?sid=4&nid=64403&pid=crid://csi.digitaluk.co.uk/3caf7ad5-0ea9-428e-997c-773f12bb9f39&start=2026-09-07T22:05:00+0000&duration=PT1H from server.
Fetching https://www.freeview.co.uk/api/program?sid=4&nid=64403&pid=crid://movida.bebanjo.net/mas/version/78222/001/ASDELIVERED/C&start=2026-09-07T23:05:00+0000&duration=PT55M from server.
## Wanted 8500 
Fetching https://www.freeview.co.uk/api/program?sid=5&nid=64403&pid=crid://panorama.five.tv/versions/C5522900180A&start=2026-09-07T00:25:00+0000&duration=PT5M from server.
Fetching https://www.freeview.co.uk/api/program?sid=5&nid=64403&pid=crid://panorama.five.tv/versions/C5349600001A&start=2026-09-07T00:30:00+0000&duration=PT1H from server.
Fetching https://www.freeview.co.uk/api/program?sid=5&nid=64403&pid=crid://panorama.five.tv/versions/C5415800034A&start=2026-09-07T01:30:00+0000&duration=PT50M from server.
Fetching https://www.freeview.co.uk/api/program?sid=5&nid=64403&pid=crid://panorama.five.tv/versions/C5508560007A&start=2026-09-07T02:20:00+0000&duration=PT50M from server.
Fetching https://www.freeview.co.uk/api/program?sid=5&nid=64403&pid=crid://panorama.five.tv/versions/C5527740003A&start=2026-09-07T03:10:00+0000&duration=PT25M from server.
Fetching https://www.freeview.co.uk/api/program?sid=5&nid=64403&pid=crid://panorama.five.tv/versions/C5527740005A&start=2026-09-07T03:35:00+0000&duration=PT25M from server.
Fetching https://www.freeview.co.uk/api/program?sid=5&nid=64403&pid=crid://panorama.five.tv/versions/C5522700037A&start=2026-09-07T04:00:00+0000&duration=PT15M from server.
Fetching https://www.freeview.co.uk/api/program?sid=5&nid=64403&pid=crid://panorama.five.tv/versions/C5457060013A&start=2026-09-07T04:15:00+0000&duration=PT10M from server.
Fetching https://www.freeview.co.uk/api/program?sid=5&nid=64403&pid=crid://panorama.five.tv/versions/C5457060014A&start=2026-09-07T04:25:00+0000&duration=PT10M from server.
Fetching https://www.freeview.co.uk/api/program?sid=5&nid=64403&pid=crid://panorama.five.tv/versions/C5456980029A&start=2026-09-07T04:35:00+0000&duration=PT15M from server.
Fetching https://www.freeview.co.uk/api/program?sid=5&nid=64403&pid=crid://panorama.five.tv/versions/C5475400012A&start=2026-09-07T04:50:00+0000&duration=PT10M from server.
Fetching https://www.freeview.co.uk/api/program?sid=5&nid=64403&pid=crid://panorama.five.tv/versions/C5115230041C&start=2026-09-07T05:00:00+0000&duration=PT5M from server.
Fetching https://www.freeview.co.uk/api/program?sid=5&nid=64403&pid=crid://panorama.five.tv/versions/C5115230042C&start=2026-09-07T05:05:00+0000&duration=PT5M from server.
Fetching https://www.freeview.co.uk/api/program?sid=5&nid=64403&pid=crid://panorama.five.tv/versions/C5392420016A&start=2026-09-07T05:10:00+0000&duration=PT5M from server.
Fetching https://www.freeview.co.uk/api/program?sid=5&nid=64403&pid=crid://panorama.five.tv/versions/C5285600014A&start=2026-09-07T05:15:00+0000&duration=PT5M from server.
Fetching https://www.freeview.co.uk/api/program?sid=5&nid=64403&pid=crid://panorama.five.tv/versions/C5182490006A&start=2026-09-07T05:20:00+0000&duration=PT15M from server.
Fetching https://www.freeview.co.uk/api/program?sid=5&nid=64403&pid=crid://panorama.five.tv/versions/C5412200002A&start=2026-09-07T05:35:00+0000&duration=PT10M from server.
Fetching https://www.freeview.co.uk/api/program?sid=5&nid=64403&pid=crid://panorama.five.tv/versions/C5115230043C&start=2026-09-07T05:45:00+0000&duration=PT5M from server.
Fetching https://www.freeview.co.uk/api/program?sid=5&nid=64403&pid=crid://panorama.five.tv/versions/C5408820045A&start=2026-09-07T05:50:00+0000&duration=PT5M from server.
Fetching https://www.freeview.co.uk/api/program?sid=5&nid=64403&pid=crid://panorama.five.tv/versions/C5463820010A&start=2026-09-07T05:55:00+0000&duration=PT15M from server.
Fetching https://www.freeview.co.uk/api/program?sid=5&nid=64403&pid=crid://panorama.five.tv/versions/C5491450006A&start=2026-09-07T06:10:00+0000&duration=PT10M from server.
Fetching https://www.freeview.co.uk/api/program?sid=5&nid=64403&pid=crid://panorama.five.tv/versions/C5536760001A&start=2026-09-07T06:20:00+0000&duration=PT10M from server.
Fetching https://www.freeview.co.uk/api/program?sid=5&nid=64403&pid=crid://panorama.five.tv/versions/C5495000001B&start=2026-09-07T06:30:00+0000&duration=PT5M from server.
Fetching https://www.freeview.co.uk/api/program?sid=5&nid=64403&pid=crid://panorama.five.tv/versions/C5144870007B&start=2026-09-07T06:35:00+0000&duration=PT5M from server.
Fetching https://www.freeview.co.uk/api/program?sid=5&nid=64403&pid=crid://panorama.five.tv/versions/C5265570029A&start=2026-09-07T06:40:00+0000&duration=PT10M from server.
Fetching https://www.freeview.co.uk/api/program?sid=5&nid=64403&pid=crid://panorama.five.tv/versions/C5463540010B&start=2026-09-07T06:50:00+0000&duration=PT10M from server.
Fetching https://www.freeview.co.uk/api/program?sid=5&nid=64403&pid=crid://panorama.five.tv/versions/C5285680041A&start=2026-09-07T07:00:00+0000&duration=PT15M from server.
Fetching https://www.freeview.co.uk/api/program?sid=5&nid=64403&pid=crid://panorama.five.tv/versions/C5528340020B&start=2026-09-07T07:15:00+0000&duration=PT15M from server.
Fetching https://www.freeview.co.uk/api/program?sid=5&nid=64403&pid=crid://panorama.five.tv/versions/C5285580001B&start=2026-09-07T07:30:00+0000&duration=PT10M from server.
Fetching https://www.freeview.co.uk/api/program?sid=5&nid=64403&pid=crid://panorama.five.tv/versions/C5157100006B&start=2026-09-07T07:40:00+0000&duration=PT5M from server.
Fetching https://www.freeview.co.uk/api/program?sid=5&nid=64403&pid=crid://panorama.five.tv/versions/C5157100007B&start=2026-09-07T07:45:00+0000&duration=PT5M from server.
Fetching https://www.freeview.co.uk/api/program?sid=5&nid=64403&pid=crid://panorama.five.tv/versions/C5157100008B&start=2026-09-07T07:50:00+0000&duration=PT5M from server.
Fetching https://www.freeview.co.uk/api/program?sid=5&nid=64403&pid=crid://panorama.five.tv/versions/C5165010007B&start=2026-09-07T07:55:00+0000&duration=PT15M from server.
Fetching https://www.freeview.co.uk/api/program?sid=5&nid=64403&pid=crid://panorama.five.tv/versions/C5483140001A&start=2026-09-07T08:10:00+0000&duration=PT5M from server.
Fetching https://www.freeview.co.uk/api/program?sid=5&nid=64403&pid=crid://panorama.five.tv/versions/C5524340176A&start=2026-09-07T08:15:00+0000&duration=PT2H15M from server.
Fetching https://www.freeview.co.uk/api/program?sid=5&nid=64403&pid=crid://panorama.five.tv/versions/C5524360176A&start=2026-09-07T10:30:00+0000&duration=PT1H15M from server.
Fetching https://www.freeview.co.uk/api/program?sid=5&nid=64403&pid=crid://panorama.five.tv/versions/C5524440171A&start=2026-09-07T11:45:00+0000&duration=PT5M from server.
Fetching https://www.freeview.co.uk/api/program?sid=5&nid=64403&pid=crid://panorama.five.tv/versions/C5526780171A&start=2026-09-07T11:50:00+0000&duration=PT1H30M from server.
Fetching https://www.freeview.co.uk/api/program?sid=5&nid=64403&pid=crid://panorama.five.tv/versions/C5495860001C&start=2026-09-07T13:20:00+0000&duration=PT1H40M from server.
Fetching https://www.freeview.co.uk/api/program?sid=5&nid=64403&pid=crid://panorama.five.tv/versions/C5226330007B&start=2026-09-07T15:00:00+0000&duration=PT55M from server.
Fetching https://www.freeview.co.uk/api/program?sid=5&nid=64403&pid=crid://panorama.five.tv/versions/C5528520025A&start=2026-09-07T15:55:00+0000&duration=PT5M from server.
Fetching https://www.freeview.co.uk/api/program?sid=5&nid=64403&pid=crid://panorama.five.tv/versions/C5524400175A&start=2026-09-07T16:00:00+0000&duration=PT1H from server.
Fetching https://www.freeview.co.uk/api/program?sid=5&nid=64403&pid=crid://panorama.five.tv/versions/C5428820001A&start=2026-09-07T17:00:00+0000&duration=PT1H from server.
Fetching https://www.freeview.co.uk/api/program?sid=5&nid=64403&pid=crid://panorama.five.tv/versions/C5502620008C&start=2026-09-07T18:00:00+0000&duration=PT1H from server.
Fetching https://www.freeview.co.uk/api/program?sid=5&nid=64403&pid=crid://panorama.five.tv/versions/C5490220017B&start=2026-09-07T19:00:00+0000&duration=PT1H from server.
Fetching https://www.freeview.co.uk/api/program?sid=5&nid=64403&pid=crid://panorama.five.tv/versions/C5519620006A&start=2026-09-07T20:00:00+0000&duration=PT1H from server.
Fetching https://www.freeview.co.uk/api/program?sid=5&nid=64403&pid=crid://panorama.five.tv/versions/C5467540006B&start=2026-09-07T21:00:00+0000&duration=PT1H5M from server.
Fetching https://www.freeview.co.uk/api/program?sid=5&nid=64403&pid=crid://panorama.five.tv/versions/C5444800002C&start=2026-09-07T22:05:00+0000&duration=PT1H30M from server.
Fetching https://www.freeview.co.uk/api/program?sid=5&nid=64403&pid=crid://panorama.five.tv/versions/C5416320012A&start=2026-09-07T23:35:00+0000&duration=PT25M from server.
### Wanted 28000 
Fetching https://www.freeview.co.uk/api/program?sid=12&nid=64403&pid=crid://csi.digitaluk.co.uk/df04e9ce-31aa-4225-9e73-2abd0a460ac1&start=2026-09-07T00:00:00+0000&duration=PT30M from server.
Fetching https://www.freeview.co.uk/api/program?sid=12&nid=64403&pid=crid://csi.digitaluk.co.uk/e00ada42-799b-43c9-8ddd-d4df2978168e&start=2026-09-07T00:30:00+0000&duration=PT1H from server.
Fetching https://www.freeview.co.uk/api/program?sid=12&nid=64403&pid=crid://csi.digitaluk.co.uk/a7398976-d144-4740-8b1a-913b67063383&start=2026-09-07T01:30:00+0000&duration=PT30M from server.
Fetching https://www.freeview.co.uk/api/program?sid=12&nid=64403&pid=crid://csi.digitaluk.co.uk/b18d5a91-c33d-4a38-b5df-38adf1fdfdf6&start=2026-09-07T02:00:00+0000&duration=PT2H from server.
Fetching https://www.freeview.co.uk/api/program?sid=12&nid=64403&pid=crid://csi.digitaluk.co.uk/1cfd5d25-0aff-4e2e-b235-17806205223b&start=2026-09-07T04:00:00+0000&duration=PT1H from server.
Fetching https://www.freeview.co.uk/api/program?sid=12&nid=64403&pid=crid://csi.digitaluk.co.uk/acd99d6c-cf8c-44f5-9c93-b1404fbc414a&start=2026-09-07T05:00:00+0000&duration=PT30M from server.
Fetching https://www.freeview.co.uk/api/program?sid=12&nid=64403&pid=crid://csi.digitaluk.co.uk/2012a5c4-0513-4069-8eda-0c70963ae62f&start=2026-09-07T05:30:00+0000&duration=PT30M from server.
Fetching https://www.freeview.co.uk/api/program?sid=12&nid=64403&pid=crid://csi.digitaluk.co.uk/e4364b63-d4df-45f9-bb80-cb54da719851&start=2026-09-07T06:00:00+0000&duration=PT30M from server.
Fetching https://www.freeview.co.uk/api/program?sid=12&nid=64403&pid=crid://csi.digitaluk.co.uk/1370e8e7-e792-4af9-8dc1-de0a2fc6f7f4&start=2026-09-07T06:30:00+0000&duration=PT30M from server.
Fetching https://www.freeview.co.uk/api/program?sid=12&nid=64403&pid=crid://csi.digitaluk.co.uk/06d9a0c7-1891-4827-be00-187f31be2691&start=2026-09-07T07:00:00+0000&duration=PT30M from server.
Fetching https://www.freeview.co.uk/api/program?sid=12&nid=64403&pid=crid://csi.digitaluk.co.uk/603520f8-e51b-45e0-acc9-60f9bfabaeed&start=2026-09-07T07:30:00+0000&duration=PT30M from server.
Fetching https://www.freeview.co.uk/api/program?sid=12&nid=64403&pid=crid://csi.digitaluk.co.uk/2a450aee-1e70-4b98-a91b-eec03eeeae78&start=2026-09-07T08:00:00+0000&duration=PT30M from server.
Fetching https://www.freeview.co.uk/api/program?sid=12&nid=64403&pid=crid://csi.digitaluk.co.uk/b08d855e-b6e4-401b-8ccd-3a947add565d&start=2026-09-07T08:30:00+0000&duration=PT30M from server.
Fetching https://www.freeview.co.uk/api/program?sid=12&nid=64403&pid=crid://csi.digitaluk.co.uk/f617bade-7385-4e00-84c2-53dc6cb33457&start=2026-09-07T09:00:00+0000&duration=PT30M from server.
Fetching https://www.freeview.co.uk/api/program?sid=12&nid=64403&pid=crid://csi.digitaluk.co.uk/9d70a34e-cbbc-44b9-b617-0132d64a3ab1&start=2026-09-07T09:30:00+0000&duration=PT30M from server.
Fetching https://www.freeview.co.uk/api/program?sid=12&nid=64403&pid=crid://csi.digitaluk.co.uk/0d65d989-0f65-4399-9134-fbb8a206d726&start=2026-09-07T10:00:00+0000&duration=PT30M from server.
Fetching https://www.freeview.co.uk/api/program?sid=12&nid=64403&pid=crid://csi.digitaluk.co.uk/8ce6ae5c-1af6-477e-8f57-3c555647a299&start=2026-09-07T10:30:00+0000&duration=PT30M from server.
Fetching https://www.freeview.co.uk/api/program?sid=12&nid=64403&pid=crid://csi.digitaluk.co.uk/13dafe0a-aaa3-4bd6-bccd-b0b9d814d0a9&start=2026-09-07T11:00:00+0000&duration=PT30M from server.
Fetching https://www.freeview.co.uk/api/program?sid=12&nid=64403&pid=crid://csi.digitaluk.co.uk/cf4f485f-9fc0-4bfe-87b5-d0d6745d0de7&start=2026-09-07T11:30:00+0000&duration=PT30M from server.
Fetching https://www.freeview.co.uk/api/program?sid=12&nid=64403&pid=crid://csi.digitaluk.co.uk/af7faccd-b831-4311-8e82-c88edde2ef37&start=2026-09-07T12:00:00+0000&duration=PT30M from server.
Fetching https://www.freeview.co.uk/api/program?sid=12&nid=64403&pid=crid://csi.digitaluk.co.uk/212247e5-ebf5-4945-af45-9b79dcec1114&start=2026-09-07T12:30:00+0000&duration=PT30M from server.
Fetching https://www.freeview.co.uk/api/program?sid=12&nid=64403&pid=crid://csi.digitaluk.co.uk/9fbdbc7a-5fa2-4f83-888c-461663cd4483&start=2026-09-07T13:00:00+0000&duration=PT30M from server.
Fetching https://www.freeview.co.uk/api/program?sid=12&nid=64403&pid=crid://csi.digitaluk.co.uk/03abe3d5-eba4-4007-9eb4-79d642ea4165&start=2026-09-07T13:30:00+0000&duration=PT30M from server.
Fetching https://www.freeview.co.uk/api/program?sid=12&nid=64403&pid=crid://csi.digitaluk.co.uk/48724f17-008d-4f3d-931d-f7dae581a1c5&start=2026-09-07T14:00:00+0000&duration=PT30M from server.
Fetching https://www.freeview.co.uk/api/program?sid=12&nid=64403&pid=crid://csi.digitaluk.co.uk/04b237ad-2329-43ac-8bf8-0626e3b6e1b6&start=2026-09-07T14:30:00+0000&duration=PT30M from server.
Fetching https://www.freeview.co.uk/api/program?sid=12&nid=64403&pid=crid://csi.digitaluk.co.uk/8ad83351-0cef-4e59-82e5-97d9ba0d767f&start=2026-09-07T15:00:00+0000&duration=PT30M from server.
Fetching https://www.freeview.co.uk/api/program?sid=12&nid=64403&pid=crid://csi.digitaluk.co.uk/2f0ee040-b328-4c53-9825-a642cc8d2e27&start=2026-09-07T15:30:00+0000&duration=PT30M from server.
Fetching https://www.freeview.co.uk/api/program?sid=12&nid=64403&pid=crid://csi.digitaluk.co.uk/f29a5412-428a-4a1a-b0c6-412ff85cd72a&start=2026-09-07T16:00:00+0000&duration=PT30M from server.
Fetching https://www.freeview.co.uk/api/program?sid=12&nid=64403&pid=crid://csi.digitaluk.co.uk/376893e8-5ea9-44fd-9257-aa40ba1b04f9&start=2026-09-07T16:30:00+0000&duration=PT30M from server.
Fetching https://www.freeview.co.uk/api/program?sid=12&nid=64403&pid=crid://csi.digitaluk.co.uk/ccf05b1a-0382-4e8d-94b5-7574519b6641&start=2026-09-07T17:00:00+0000&duration=PT30M from server.
Fetching https://www.freeview.co.uk/api/program?sid=12&nid=64403&pid=crid://csi.digitaluk.co.uk/5ba9911f-615c-44db-a401-e559f5317ff3&start=2026-09-07T17:30:00+0000&duration=PT30M from server.
Fetching https://www.freeview.co.uk/api/program?sid=12&nid=64403&pid=crid://csi.digitaluk.co.uk/3daf711b-34e5-4937-8b09-2fab590ab9b0&start=2026-09-07T18:00:00+0000&duration=PT30M from server.
Fetching https://www.freeview.co.uk/api/program?sid=12&nid=64403&pid=crid://csi.digitaluk.co.uk/68c6df87-6882-413d-9b15-f75f05a3f48e&start=2026-09-07T18:30:00+0000&duration=PT30M from server.
Fetching https://www.freeview.co.uk/api/program?sid=12&nid=64403&pid=crid://csi.digitaluk.co.uk/3e6d24f0-467c-4ec8-9969-f6ae0a03dd14&start=2026-09-07T19:00:00+0000&duration=PT30M from server.
Fetching https://www.freeview.co.uk/api/program?sid=12&nid=64403&pid=crid://csi.digitaluk.co.uk/0fabcdaf-0ad1-46a1-8484-80a23d0976dd&start=2026-09-07T19:30:00+0000&duration=PT30M from server.
Fetching https://www.freeview.co.uk/api/program?sid=12&nid=64403&pid=crid://csi.digitaluk.co.uk/f1c61ae5-747c-4938-a93b-34a931330947&start=2026-09-07T20:00:00+0000&duration=PT1H from server.
Fetching https://www.freeview.co.uk/api/program?sid=12&nid=64403&pid=crid://csi.digitaluk.co.uk/b75f082d-feac-45c4-883b-4edf972776fc&start=2026-09-07T21:00:00+0000&duration=PT3H from server.
## Wanted 8448 
Fetching https://www.freeview.co.uk/api/program?sid=13&nid=64403&pid=crid://csi.digitaluk.co.uk/6087cca1-da60-49fc-91fc-28daf2a338ab&start=2026-09-07T00:20:00+0000&duration=PT1H5M from server.
Fetching https://www.freeview.co.uk/api/program?sid=13&nid=64403&pid=crid://csi.digitaluk.co.uk/7d18f305-1924-4dfc-99e2-2fe100342caf&start=2026-09-07T01:25:00+0000&duration=PT30M from server.
Fetching https://www.freeview.co.uk/api/program?sid=13&nid=64403&pid=crid://movida.bebanjo.net/mas/version/79373/011/POST2000/C&start=2026-09-07T01:55:00+0000&duration=PT45M from server.
Fetching https://www.freeview.co.uk/api/program?sid=13&nid=64403&pid=crid://movida.bebanjo.net/mas/version/79373/012/POST2000/C&start=2026-09-07T02:40:00+0000&duration=PT50M from server.
Fetching https://www.freeview.co.uk/api/program?sid=13&nid=64403&pid=crid://csi.digitaluk.co.uk/25f53616-3330-4f2c-8076-8eb3778eb911&start=2026-09-07T03:30:00+0000&duration=PT1H30M from server.
Fetching https://www.freeview.co.uk/api/program?sid=13&nid=64403&pid=crid://movida.bebanjo.net/mas/version/76930/104/ASDELIVERED/C&start=2026-09-07T05:00:00+0000&duration=PT30M from server.
Fetching https://www.freeview.co.uk/api/program?sid=13&nid=64403&pid=crid://movida.bebanjo.net/mas/version/76930/105/ASDELIVERED/C&start=2026-09-07T05:30:00+0000&duration=PT25M from server.
Fetching https://www.freeview.co.uk/api/program?sid=13&nid=64403&pid=crid://csi.digitaluk.co.uk/f3d71008-ce47-403d-9f20-cfc12f087f7e&start=2026-09-07T05:55:00+0000&duration=PT5M from server.
Fetching https://www.freeview.co.uk/api/program?sid=13&nid=64403&pid=crid://csi.digitaluk.co.uk/848dc6fd-7194-4c9c-a888-036303054ada&start=2026-09-07T06:00:00+0000&duration=PT1H from server.
Fetching https://www.freeview.co.uk/api/program?sid=13&nid=64403&pid=crid://csi.digitaluk.co.uk/f83fe367-7732-4205-a86f-8411cd78fc48&start=2026-09-07T07:00:00+0000&duration=PT1H from server.
Fetching https://www.freeview.co.uk/api/program?sid=13&nid=64403&pid=crid://csi.digitaluk.co.uk/7631d757-5a76-4928-90cb-c41e7021f10a&start=2026-09-07T08:00:00+0000&duration=PT1H from server.
Fetching https://www.freeview.co.uk/api/program?sid=13&nid=64403&pid=crid://csi.digitaluk.co.uk/3080d848-f13a-4fc6-9f87-b579bedaa4dd&start=2026-09-07T09:00:00+0000&duration=PT1H from server.
Fetching https://www.freeview.co.uk/api/program?sid=13&nid=64403&pid=crid://csi.digitaluk.co.uk/97b2a472-c1d6-4011-bb8e-b4e8643b5bce&start=2026-09-07T10:00:00+0000&duration=PT1H from server.
Fetching https://www.freeview.co.uk/api/program?sid=13&nid=64403&pid=crid://csi.digitaluk.co.uk/1f46581c-4498-45fa-a20b-019d6f47e857&start=2026-09-07T11:00:00+0000&duration=PT30M from server.
Fetching https://www.freeview.co.uk/api/program?sid=13&nid=64403&pid=crid://csi.digitaluk.co.uk/b44f8b22-b3bd-4687-8dd1-24dd5375e0b2&start=2026-09-07T11:30:00+0000&duration=PT30M from server.
Fetching https://www.freeview.co.uk/api/program?sid=13&nid=64403&pid=crid://csi.digitaluk.co.uk/b49b0e57-4258-4f3a-bec6-b4272828d3dd&start=2026-09-07T12:00:00+0000&duration=PT30M from server.
Fetching https://www.freeview.co.uk/api/program?sid=13&nid=64403&pid=crid://csi.digitaluk.co.uk/2aff10ad-4a34-4e03-a11b-0aa118d5b22f&start=2026-09-07T12:30:00+0000&duration=PT30M from server.
Fetching https://www.freeview.co.uk/api/program?sid=13&nid=64403&pid=crid://csi.digitaluk.co.uk/389267b1-4c99-4904-a90a-e17fd4af22c2&start=2026-09-07T13:00:00+0000&duration=PT30M from server.
Fetching https://www.freeview.co.uk/api/program?sid=13&nid=64403&pid=crid://csi.digitaluk.co.uk/eba96ea4-4a91-45b0-a2d2-96d0569e04a8&start=2026-09-07T13:30:00+0000&duration=PT30M from server.
Fetching https://www.freeview.co.uk/api/program?sid=13&nid=64403&pid=crid://csi.digitaluk.co.uk/b29d0a0a-ca1e-4d30-97ba-5d916c767466&start=2026-09-07T14:00:00+0000&duration=PT30M from server.
Fetching https://www.freeview.co.uk/api/program?sid=13&nid=64403&pid=crid://csi.digitaluk.co.uk/8826d38c-9e63-4b9c-9298-957bfe116a10&start=2026-09-07T14:30:00+0000&duration=PT30M from server.
Fetching https://www.freeview.co.uk/api/program?sid=13&nid=64403&pid=crid://csi.digitaluk.co.uk/ef73dc50-7a94-457b-81cb-60dbf8112487&start=2026-09-07T15:00:00+0000&duration=PT30M from server.
Fetching https://www.freeview.co.uk/api/program?sid=13&nid=64403&pid=crid://csi.digitaluk.co.uk/4d8e4794-04e1-4eae-ad5a-acbe4ed96404&start=2026-09-07T15:30:00+0000&duration=PT30M from server.
Fetching https://www.freeview.co.uk/api/program?sid=13&nid=64403&pid=crid://csi.digitaluk.co.uk/e3a0df46-8d70-4c3c-b588-6a3221af537f&start=2026-09-07T16:00:00+0000&duration=PT30M from server.
Fetching https://www.freeview.co.uk/api/program?sid=13&nid=64403&pid=crid://csi.digitaluk.co.uk/69a7d029-39dd-4326-b4c5-6133c1c6739a&start=2026-09-07T16:30:00+0000&duration=PT30M from server.
Fetching https://www.freeview.co.uk/api/program?sid=13&nid=64403&pid=crid://csi.digitaluk.co.uk/da455b4d-6fd5-40eb-9898-99d6fc62c810&start=2026-09-07T17:00:00+0000&duration=PT30M from server.
Fetching https://www.freeview.co.uk/api/program?sid=13&nid=64403&pid=crid://csi.digitaluk.co.uk/f94d6f54-c643-48e9-91d2-1e7e18fd3d29&start=2026-09-07T17:30:00+0000&duration=PT30M from server.
Fetching https://www.freeview.co.uk/api/program?sid=13&nid=64403&pid=crid://csi.digitaluk.co.uk/50f075e7-a292-450f-a9a2-20f8575eb837&start=2026-09-07T18:00:00+0000&duration=PT30M from server.
Fetching https://www.freeview.co.uk/api/program?sid=13&nid=64403&pid=crid://csi.digitaluk.co.uk/0475e114-82c1-4b12-812b-bd077112ff20&start=2026-09-07T18:30:00+0000&duration=PT30M from server.
Fetching https://www.freeview.co.uk/api/program?sid=13&nid=64403&pid=crid://csi.digitaluk.co.uk/d1f602af-065d-4d02-85f4-dee8d23d8fd3&start=2026-09-07T19:00:00+0000&duration=PT1H from server.
Fetching https://www.freeview.co.uk/api/program?sid=13&nid=64403&pid=crid://csi.digitaluk.co.uk/291cbfe5-1927-4bd2-8229-f0c199e57b45&start=2026-09-07T20:00:00+0000&duration=PT1H from server.
Fetching https://www.freeview.co.uk/api/program?sid=13&nid=64403&pid=crid://csi.digitaluk.co.uk/95f65c68-34f2-42c2-a9b2-ad9d0bcb56f3&start=2026-09-07T21:00:00+0000&duration=PT1H from server.
Fetching https://www.freeview.co.uk/api/program?sid=13&nid=64403&pid=crid://csi.digitaluk.co.uk/e4588242-fa68-4df3-918b-1e60f38c5e75&start=2026-09-07T22:00:00+0000&duration=PT1H5M from server.
Fetching https://www.freeview.co.uk/api/program?sid=13&nid=64403&pid=crid://csi.digitaluk.co.uk/a248c365-a4e1-43d8-bd57-8a83d7c1baa6&start=2026-09-07T23:05:00+0000&duration=PT1H5M from server.
### Wanted 8385 
Fetching https://www.freeview.co.uk/api/program?sid=14&nid=64403&pid=crid://movida.bebanjo.net/mas/version/65322/001/POSTWATERSHED2100/C&start=2026-09-07T00:05:00+0000&duration=PT2H5M from server.
Fetching https://www.freeview.co.uk/api/program?sid=14&nid=64403&pid=crid://csi.digitaluk.co.uk/c375eb05-ff5a-4e79-9388-a5d34423748c&start=2026-09-07T02:10:00+0000&duration=PT3H50M from server.
Fetching https://www.freeview.co.uk/api/program?sid=14&nid=64403&pid=crid://csi.digitaluk.co.uk/c5d9c5ba-bd69-40db-b0eb-4c9026becb35&start=2026-09-07T06:00:00+0000&duration=PT1H from server.
Fetching https://www.freeview.co.uk/api/program?sid=14&nid=64403&pid=crid://csi.digitaluk.co.uk/346ee90c-aafc-4214-93d7-07e253bc491f&start=2026-09-07T07:00:00+0000&duration=PT30M from server.
Fetching https://www.freeview.co.uk/api/program?sid=14&nid=64403&pid=crid://csi.digitaluk.co.uk/f91ca7a9-820c-4ba1-82f0-51fa3274bc4f&start=2026-09-07T07:30:00+0000&duration=PT2H30M from server.
Fetching https://www.freeview.co.uk/api/program?sid=14&nid=64403&pid=crid://csi.digitaluk.co.uk/c6fc79d1-db27-457c-a535-f9467ffdbd8f&start=2026-09-07T10:00:00+0000&duration=PT1H50M from server.
Fetching https://www.freeview.co.uk/api/program?sid=14&nid=64403&pid=crid://csi.digitaluk.co.uk/f5e9cdd3-06a1-4693-ba87-7333955790a3&start=2026-09-07T11:50:00+0000&duration=PT1H40M from server.
Fetching https://www.freeview.co.uk/api/program?sid=14&nid=64403&pid=crid://csi.digitaluk.co.uk/ca7de490-d507-4bf7-a8bb-77c8e5fe33e1&start=2026-09-07T13:30:00+0000&duration=PT1H55M from server.
Fetching https://www.freeview.co.uk/api/program?sid=14&nid=64403&pid=crid://movida.bebanjo.net/mas/version/37633/001/ALLTIMESSWC/C&start=2026-09-07T15:25:00+0000&duration=PT2H30M from server.
Fetching https://www.freeview.co.uk/api/program?sid=14&nid=64403&pid=crid://csi.digitaluk.co.uk/616537bf-6663-4918-baf1-12f9d14d4cf2&start=2026-09-07T17:55:00+0000&duration=PT2H5M from server.
Fetching https://www.freeview.co.uk/api/program?sid=14&nid=64403&pid=crid://csi.digitaluk.co.uk/400abb24-a602-4520-92e9-47868f8fadde&start=2026-09-07T20:00:00+0000&duration=PT2H10M from server.
Fetching https://www.freeview.co.uk/api/program?sid=14&nid=64403&pid=crid://csi.digitaluk.co.uk/123bfd8f-3082-4ca8-8e96-417568879e1e&start=2026-09-07T22:10:00+0000&duration=PT1H50M from server.
## Wanted 27328 
Fetching https://www.freeview.co.uk/api/program?sid=17&nid=64403&pid=crid://csi.digitaluk.co.uk/d5e2b4b3-59fd-4a7f-a2c2-f5b244a0d325&start=2026-09-07T00:00:00+0000&duration=PT30M from server.
Fetching https://www.freeview.co.uk/api/program?sid=17&nid=64403&pid=crid://csi.digitaluk.co.uk/682b0dde-c9c0-47a5-80e5-bfd43aebb2d7&start=2026-09-07T00:30:00+0000&duration=PT30M from server.
Fetching https://www.freeview.co.uk/api/program?sid=17&nid=64403&pid=crid://csi.digitaluk.co.uk/03876040-e692-4a60-875c-6fffccbde774&start=2026-09-07T01:00:00+0000&duration=PT30M from server.
Fetching https://www.freeview.co.uk/api/program?sid=17&nid=64403&pid=crid://csi.digitaluk.co.uk/4fbd21d9-951e-4434-a4fe-1dd9a5e09b3e&start=2026-09-07T01:30:00+0000&duration=PT30M from server.
Fetching https://www.freeview.co.uk/api/program?sid=17&nid=64403&pid=crid://csi.digitaluk.co.uk/e908e61d-5b38-41fb-a1c8-21f19df79fcd&start=2026-09-07T02:00:00+0000&duration=PT1H from server.
Fetching https://www.freeview.co.uk/api/program?sid=17&nid=64403&pid=crid://csi.digitaluk.co.uk/fdb3eccb-2100-4c9e-87cd-f5b76e05b47e&start=2026-09-07T03:00:00+0000&duration=PT30M from server.
Fetching https://www.freeview.co.uk/api/program?sid=17&nid=64403&pid=crid://csi.digitaluk.co.uk/b492cb31-ee15-4136-96f5-bec6eb8a3999&start=2026-09-07T03:30:00+0000&duration=PT30M from server.
Fetching https://www.freeview.co.uk/api/program?sid=17&nid=64403&pid=crid://csi.digitaluk.co.uk/faecfc13-aae1-435a-b844-4822a229ede6&start=2026-09-07T04:00:00+0000&duration=PT30M from server.
Fetching https://www.freeview.co.uk/api/program?sid=17&nid=64403&pid=crid://csi.digitaluk.co.uk/e0ba7122-2df9-45a5-b551-40353210ae81&start=2026-09-07T04:30:00+0000&duration=PT30M from server.
Fetching https://www.freeview.co.uk/api/program?sid=17&nid=64403&pid=crid://csi.digitaluk.co.uk/cb8f7d76-f54c-44b5-83f9-6bd61027c5aa&start=2026-09-07T05:00:00+0000&duration=PT1H from server.
Fetching https://www.freeview.co.uk/api/program?sid=17&nid=64403&pid=crid://csi.digitaluk.co.uk/733023a1-ead3-42f4-bb5e-21c33833ce2f&start=2026-09-07T06:00:00+0000&duration=PT1H from server.
Fetching https://www.freeview.co.uk/api/program?sid=17&nid=64403&pid=crid://csi.digitaluk.co.uk/2ae156d6-5156-4cac-9447-1135f422130a&start=2026-09-07T07:00:00+0000&duration=PT1H from server.
Fetching https://www.freeview.co.uk/api/program?sid=17&nid=64403&pid=crid://csi.digitaluk.co.uk/6182fbeb-8d1b-4f29-9efb-a71cb857ba8a&start=2026-09-07T08:00:00+0000&duration=PT1H from server.
Fetching https://www.freeview.co.uk/api/program?sid=17&nid=64403&pid=crid://csi.digitaluk.co.uk/f539d999-afdd-4c65-95ae-2602dbe293a6&start=2026-09-07T09:00:00+0000&duration=PT1H from server.
Fetching https://www.freeview.co.uk/api/program?sid=17&nid=64403&pid=crid://csi.digitaluk.co.uk/5ca4fd00-89b1-4815-9828-44ff0d86e549&start=2026-09-07T10:00:00+0000&duration=PT1H from server.
Fetching https://www.freeview.co.uk/api/program?sid=17&nid=64403&pid=crid://csi.digitaluk.co.uk/68dec7a0-d2e2-4417-a92c-b66a1cdb69f7&start=2026-09-07T11:00:00+0000&duration=PT1H from server.
Fetching https://www.freeview.co.uk/api/program?sid=17&nid=64403&pid=crid://csi.digitaluk.co.uk/a22255a0-ef0b-41f9-b40a-ad99b3c1f984&start=2026-09-07T12:00:00+0000&duration=PT1H from server.
Fetching https://www.freeview.co.uk/api/program?sid=17&nid=64403&pid=crid://csi.digitaluk.co.uk/c315d74b-1bf7-4014-8ae4-68cd8198c19d&start=2026-09-07T13:00:00+0000&duration=PT30M from server.
Fetching https://www.freeview.co.uk/api/program?sid=17&nid=64403&pid=crid://csi.digitaluk.co.uk/59dca6eb-7c86-4768-a3fc-f2bfd39abd10&start=2026-09-07T13:30:00+0000&duration=PT30M from server.
Fetching https://www.freeview.co.uk/api/program?sid=17&nid=64403&pid=crid://csi.digitaluk.co.uk/576e5799-4756-42c8-9d1d-aa7589eb36e3&start=2026-09-07T14:00:00+0000&duration=PT1H from server.
Fetching https://www.freeview.co.uk/api/program?sid=17&nid=64403&pid=crid://csi.digitaluk.co.uk/97b24a8e-5634-4f0a-b702-f989beb4846b&start=2026-09-07T15:00:00+0000&duration=PT1H from server.
Fetching https://www.freeview.co.uk/api/program?sid=17&nid=64403&pid=crid://csi.digitaluk.co.uk/6864c8ea-5cc0-4f4c-8acc-783dbb74a7f7&start=2026-09-07T16:00:00+0000&duration=PT1H from server.
Fetching https://www.freeview.co.uk/api/program?sid=17&nid=64403&pid=crid://csi.digitaluk.co.uk/d35b730c-e6a5-440a-a63d-3cd6ec0a0409&start=2026-09-07T17:00:00+0000&duration=PT1H from server.
Fetching https://www.freeview.co.uk/api/program?sid=17&nid=64403&pid=crid://csi.digitaluk.co.uk/4915f281-2c2a-47cb-8130-a32f0258098d&start=2026-09-07T18:00:00+0000&duration=PT1H from server.
Fetching https://www.freeview.co.uk/api/program?sid=17&nid=64403&pid=crid://csi.digitaluk.co.uk/548cabd2-d308-4c0d-a61d-bddec360a48d&start=2026-09-07T19:00:00+0000&duration=PT1H from server.
Fetching https://www.freeview.co.uk/api/program?sid=17&nid=64403&pid=crid://csi.digitaluk.co.uk/89e40e80-84a5-4412-9bcd-2c3a508e3799&start=2026-09-07T20:00:00+0000&duration=PT1H from server.
Fetching https://www.freeview.co.uk/api/program?sid=17&nid=64403&pid=crid://csi.digitaluk.co.uk/dfde2ff7-4bf5-430f-8794-d658e0b37e67&start=2026-09-07T21:00:00+0000&duration=PT1H from server.
Fetching https://www.freeview.co.uk/api/program?sid=17&nid=64403&pid=crid://csi.digitaluk.co.uk/b082c2eb-3bc1-49fc-ba5b-94fa1dbb8c5a&start=2026-09-07T22:00:00+0000&duration=PT30M from server.
Fetching https://www.freeview.co.uk/api/program?sid=17&nid=64403&pid=crid://csi.digitaluk.co.uk/ddf60cea-5424-4379-88e5-4c323ca7eee2&start=2026-09-07T22:30:00+0000&duration=PT30M from server.
Fetching https://www.freeview.co.uk/api/program?sid=17&nid=64403&pid=crid://csi.digitaluk.co.uk/61812d73-311b-4a69-9c77-cfe94870bad3&start=2026-09-07T23:00:00+0000&duration=PT30M from server.
Fetching https://www.freeview.co.uk/api/program?sid=17&nid=64403&pid=crid://csi.digitaluk.co.uk/6502ed78-17df-4978-b79c-6619cbb950ee&start=2026-09-07T23:30:00+0000&duration=PT30M from server.
### Wanted 8442 
Fetching https://www.freeview.co.uk/api/program?sid=18&nid=64403&pid=crid://csi.digitaluk.co.uk/07f26a96-7fcd-42ad-ba6d-3afb25944726&start=2026-09-07T00:05:00+0000&duration=PT55M from server.
Fetching https://www.freeview.co.uk/api/program?sid=18&nid=64403&pid=crid://csi.digitaluk.co.uk/79180baa-a493-4628-b8fe-2c82bd8965a7&start=2026-09-07T01:00:00+0000&duration=PT1H from server.
Fetching https://www.freeview.co.uk/api/program?sid=18&nid=64403&pid=crid://csi.digitaluk.co.uk/89d9453e-12f3-437f-86ee-c1e3db82524f&start=2026-09-07T02:00:00+0000&duration=PT1H from server.
Fetching https://www.freeview.co.uk/api/program?sid=18&nid=64403&pid=crid://csi.digitaluk.co.uk/89f38f70-b966-4865-9405-0462c30bec91&start=2026-09-07T03:00:00+0000&duration=PT3H from server.
Fetching https://www.freeview.co.uk/api/program?sid=18&nid=64403&pid=crid://csi.digitaluk.co.uk/85448a06-8b2b-482a-8e29-794288ab54ef&start=2026-09-07T06:00:00+0000&duration=PT1H55M from server.
Fetching https://www.freeview.co.uk/api/program?sid=18&nid=64403&pid=crid://csi.digitaluk.co.uk/503e2192-c433-4c80-b692-79bf79af41f3&start=2026-09-07T07:55:00+0000&duration=PT35M from server.
Fetching https://www.freeview.co.uk/api/program?sid=18&nid=64403&pid=crid://csi.digitaluk.co.uk/70066df8-e2ed-444e-a866-31ac2cc816e3&start=2026-09-07T08:30:00+0000&duration=PT30M from server.
Fetching https://www.freeview.co.uk/api/program?sid=18&nid=64403&pid=crid://csi.digitaluk.co.uk/d50c09ed-6161-4fa5-a23a-170ea33a1a28&start=2026-09-07T09:00:00+0000&duration=PT30M from server.
Fetching https://www.freeview.co.uk/api/program?sid=18&nid=64403&pid=crid://csi.digitaluk.co.uk/70e96bb1-afda-4366-adb4-750871fdc28e&start=2026-09-07T09:30:00+0000&duration=PT35M from server.
Fetching https://www.freeview.co.uk/api/program?sid=18&nid=64403&pid=crid://csi.digitaluk.co.uk/914d28f1-95d4-4dd3-ae47-dd0d289f658d&start=2026-09-07T10:05:00+0000&duration=PT30M from server.
Fetching https://www.freeview.co.uk/api/program?sid=18&nid=64403&pid=crid://csi.digitaluk.co.uk/cc5d8833-26ae-4440-b634-3b24881e6aae&start=2026-09-07T10:35:00+0000&duration=PT30M from server.
Fetching https://www.freeview.co.uk/api/program?sid=18&nid=64403&pid=crid://csi.digitaluk.co.uk/f2f43bb1-723f-408d-9eb5-0eea2af2d2eb&start=2026-09-07T11:05:00+0000&duration=PT30M from server.
Fetching https://www.freeview.co.uk/api/program?sid=18&nid=64403&pid=crid://csi.digitaluk.co.uk/d927b05f-c626-40fa-bb3f-dc38006f2742&start=2026-09-07T11:35:00+0000&duration=PT30M from server.
Fetching https://www.freeview.co.uk/api/program?sid=18&nid=64403&pid=crid://csi.digitaluk.co.uk/b211018c-05eb-4d25-a6e9-4c29532245b1&start=2026-09-07T12:05:00+0000&duration=PT35M from server.
Fetching https://www.freeview.co.uk/api/program?sid=18&nid=64403&pid=crid://csi.digitaluk.co.uk/5aba1e0e-875c-4fee-a77a-6fdfda2a943c&start=2026-09-07T12:40:00+0000&duration=PT35M from server.
Fetching https://www.freeview.co.uk/api/program?sid=18&nid=64403&pid=crid://csi.digitaluk.co.uk/368099db-7d03-485d-bdc0-68f9de04f304&start=2026-09-07T13:15:00+0000&duration=PT35M from server.
Fetching https://www.freeview.co.uk/api/program?sid=18&nid=64403&pid=crid://csi.digitaluk.co.uk/f5b080fa-84a7-47d5-9628-d99804958d55&start=2026-09-07T13:50:00+0000&duration=PT30M from server.
Fetching https://www.freeview.co.uk/api/program?sid=18&nid=64403&pid=crid://csi.digitaluk.co.uk/d48c27d6-f9dc-4d12-9bdc-522cb437d415&start=2026-09-07T14:20:00+0000&duration=PT30M from server.
Fetching https://www.freeview.co.uk/api/program?sid=18&nid=64403&pid=crid://csi.digitaluk.co.uk/3be6bd18-1262-4a37-870c-09353d75b3d9&start=2026-09-07T14:50:00+0000&duration=PT30M from server.
Fetching https://www.freeview.co.uk/api/program?sid=18&nid=64403&pid=crid://csi.digitaluk.co.uk/672c9bd4-1e9f-4f1d-8388-dcb6ffac9bf8&start=2026-09-07T15:20:00+0000&duration=PT30M from server.
Fetching https://www.freeview.co.uk/api/program?sid=18&nid=64403&pid=crid://csi.digitaluk.co.uk/1bee345c-407c-4bcc-946e-9743dbec269f&start=2026-09-07T15:50:00+0000&duration=PT1H from server.
Fetching https://www.freeview.co.uk/api/program?sid=18&nid=64403&pid=crid://csi.digitaluk.co.uk/188c255b-3b4d-4998-ab09-121fd34bfbed&start=2026-09-07T16:50:00+0000&duration=PT1H from server.
Fetching https://www.freeview.co.uk/api/program?sid=18&nid=64403&pid=crid://csi.digitaluk.co.uk/3ca03738-839a-4768-b193-e85867006692&start=2026-09-07T17:50:00+0000&duration=PT1H5M from server.
Fetching https://www.freeview.co.uk/api/program?sid=18&nid=64403&pid=crid://csi.digitaluk.co.uk/69edc777-2edb-42a0-84fd-94b9248f57fc&start=2026-09-07T18:55:00+0000&duration=PT1H5M from server.
Fetching https://www.freeview.co.uk/api/program?sid=18&nid=64403&pid=crid://csi.digitaluk.co.uk/611e9fbd-fcd6-4faf-9b52-13e93fcdd96b&start=2026-09-07T20:00:00+0000&duration=PT1H from server.
Fetching https://www.freeview.co.uk/api/program?sid=18&nid=64403&pid=crid://csi.digitaluk.co.uk/1d476cdd-f088-44d2-a0b2-04b162b2bc64&start=2026-09-07T21:00:00+0000&duration=PT1H5M from server.
Fetching https://www.freeview.co.uk/api/program?sid=18&nid=64403&pid=crid://csi.digitaluk.co.uk/16baedfd-a2a7-4845-b741-f4238e995299&start=2026-09-07T22:05:00+0000&duration=PT1H from server.
Fetching https://www.freeview.co.uk/api/program?sid=18&nid=64403&pid=crid://csi.digitaluk.co.uk/7677c3a8-5075-4864-aef2-dd8683e6de8a&start=2026-09-07T23:05:00+0000&duration=PT1H5M from server.
## Wanted 12992 
Fetching https://www.freeview.co.uk/api/program?sid=21&nid=64403&pid=crid://panorama.five.tv/versions/C5539240008A&start=2026-09-07T00:50:00+0000&duration=PT1H from server.
Fetching https://www.freeview.co.uk/api/program?sid=21&nid=64403&pid=crid://panorama.five.tv/versions/C5539240009A&start=2026-09-07T01:50:00+0000&duration=PT55M from server.
Fetching https://www.freeview.co.uk/api/program?sid=21&nid=64403&pid=crid://panorama.five.tv/versions/C5522700037A&start=2026-09-07T02:45:00+0000&duration=PT15M from server.
Fetching https://www.freeview.co.uk/api/program?sid=21&nid=64403&pid=crid://panorama.five.tv/versions/C5266540001A&start=2026-09-07T03:00:00+0000&duration=PT2H from server.
Fetching https://www.freeview.co.uk/api/program?sid=21&nid=64403&pid=crid://panorama.five.tv/versions/C5474060001A&start=2026-09-07T05:00:00+0000&duration=PT3H from server.
Fetching https://www.freeview.co.uk/api/program?sid=21&nid=64403&pid=crid://panorama.five.tv/versions/C5522700037A&start=2026-09-07T08:00:00+0000&duration=PT10M from server.
Fetching https://www.freeview.co.uk/api/program?sid=21&nid=64403&pid=crid://panorama.five.tv/versions/C5126580015F&start=2026-09-07T08:10:00+0000&duration=PT50M from server.
Fetching https://www.freeview.co.uk/api/program?sid=21&nid=64403&pid=crid://panorama.five.tv/versions/C5126580016D&start=2026-09-07T09:00:00+0000&duration=PT1H from server.
Fetching https://www.freeview.co.uk/api/program?sid=21&nid=64403&pid=crid://panorama.five.tv/versions/C5126580017E&start=2026-09-07T10:00:00+0000&duration=PT1H from server.
Fetching https://www.freeview.co.uk/api/program?sid=21&nid=64403&pid=crid://panorama.five.tv/versions/C5079090023E&start=2026-09-07T11:00:00+0000&duration=PT1H from server.
Fetching https://www.freeview.co.uk/api/program?sid=21&nid=64403&pid=crid://panorama.five.tv/versions/C5084020001F&start=2026-09-07T12:00:00+0000&duration=PT1H from server.
Fetching https://www.freeview.co.uk/api/program?sid=21&nid=64403&pid=crid://panorama.five.tv/versions/C5084020002E&start=2026-09-07T13:00:00+0000&duration=PT1H from server.
Fetching https://www.freeview.co.uk/api/program?sid=21&nid=64403&pid=crid://panorama.five.tv/versions/C5084020015E&start=2026-09-07T14:00:00+0000&duration=PT1H from server.
Fetching https://www.freeview.co.uk/api/program?sid=21&nid=64403&pid=crid://panorama.five.tv/versions/C5084020016D&start=2026-09-07T15:00:00+0000&duration=PT1H from server.
Fetching https://www.freeview.co.uk/api/program?sid=21&nid=64403&pid=crid://panorama.five.tv/versions/C5084020017D&start=2026-09-07T16:00:00+0000&duration=PT1H from server.
Fetching https://www.freeview.co.uk/api/program?sid=21&nid=64403&pid=crid://panorama.five.tv/versions/C5133570006F&start=2026-09-07T17:00:00+0000&duration=PT1H from server.
Fetching https://www.freeview.co.uk/api/program?sid=21&nid=64403&pid=crid://panorama.five.tv/versions/C5133570007E&start=2026-09-07T18:00:00+0000&duration=PT1H from server.
Fetching https://www.freeview.co.uk/api/program?sid=21&nid=64403&pid=crid://panorama.five.tv/versions/C5133570008D&start=2026-09-07T19:00:00+0000&duration=PT1H from server.
Fetching https://www.freeview.co.uk/api/program?sid=21&nid=64403&pid=crid://panorama.five.tv/versions/C5501660004A&start=2026-09-07T20:00:00+0000&duration=PT1H from server.
Fetching https://www.freeview.co.uk/api/program?sid=21&nid=64403&pid=crid://panorama.five.tv/versions/C5368420009A&start=2026-09-07T21:00:00+0000&duration=PT1H from server.
Fetching https://www.freeview.co.uk/api/program?sid=21&nid=64403&pid=crid://panorama.five.tv/versions/C5368420010A&start=2026-09-07T22:00:00+0000&duration=PT1H from server.
Fetching https://www.freeview.co.uk/api/program?sid=21&nid=64403&pid=crid://panorama.five.tv/versions/C5300450021A&start=2026-09-07T23:00:00+0000&duration=PT55M from server.
Fetching https://www.freeview.co.uk/api/program?sid=21&nid=64403&pid=crid://panorama.five.tv/versions/C5300450022A&start=2026-09-07T23:55:00+0000&duration=PT55M from server.
### Wanted 12928 
Fetching https://www.freeview.co.uk/api/program?sid=32&nid=64403&pid=crid://panorama.five.tv/versions/C5439060003A&start=2026-09-07T00:00:00+0000&duration=PT1H from server.
Fetching https://www.freeview.co.uk/api/program?sid=32&nid=64403&pid=crid://panorama.five.tv/versions/C5507180009A&start=2026-09-07T01:00:00+0000&duration=PT50M from server.
Fetching https://www.freeview.co.uk/api/program?sid=32&nid=64403&pid=crid://panorama.five.tv/versions/C5507480001A&start=2026-09-07T01:50:00+0000&duration=PT45M from server.
Fetching https://www.freeview.co.uk/api/program?sid=32&nid=64403&pid=crid://panorama.five.tv/versions/C5416320001A&start=2026-09-07T02:35:00+0000&duration=PT25M from server.
Fetching https://www.freeview.co.uk/api/program?sid=32&nid=64403&pid=crid://panorama.five.tv/versions/C5541220001A&start=2026-09-07T03:00:00+0000&duration=PT2H from server.
Fetching https://www.freeview.co.uk/api/program?sid=32&nid=64403&pid=crid://panorama.five.tv/versions/C5541220001A&start=2026-09-07T05:00:00+0000&duration=PT1H from server.
Fetching https://www.freeview.co.uk/api/program?sid=32&nid=64403&pid=crid://panorama.five.tv/versions/C5326820001A&start=2026-09-07T06:00:00+0000&duration=PT30M from server.
Fetching https://www.freeview.co.uk/api/program?sid=32&nid=64403&pid=crid://panorama.five.tv/versions/C5541220001A&start=2026-09-07T06:30:00+0000&duration=PT30M from server.
Fetching https://www.freeview.co.uk/api/program?sid=32&nid=64403&pid=crid://panorama.five.tv/versions/C5495570011A&start=2026-09-07T07:00:00+0000&duration=PT1H from server.
Fetching https://www.freeview.co.uk/api/program?sid=32&nid=64403&pid=crid://panorama.five.tv/versions/C5495570012A&start=2026-09-07T08:00:00+0000&duration=PT1H from server.
Fetching https://www.freeview.co.uk/api/program?sid=32&nid=64403&pid=crid://panorama.five.tv/versions/C5350870001F&start=2026-09-07T09:00:00+0000&duration=PT1H from server.
Fetching https://www.freeview.co.uk/api/program?sid=32&nid=64403&pid=crid://panorama.five.tv/versions/C5449000012C&start=2026-09-07T10:00:00+0000&duration=PT1H from server.
Fetching https://www.freeview.co.uk/api/program?sid=32&nid=64403&pid=crid://panorama.five.tv/versions/C5449000010B&start=2026-09-07T11:00:00+0000&duration=PT1H from server.
Fetching https://www.freeview.co.uk/api/program?sid=32&nid=64403&pid=crid://panorama.five.tv/versions/C5449000013B&start=2026-09-07T12:00:00+0000&duration=PT1H from server.
Fetching https://www.freeview.co.uk/api/program?sid=32&nid=64403&pid=crid://panorama.five.tv/versions/C5215620006E&start=2026-09-07T13:00:00+0000&duration=PT1H from server.
Fetching https://www.freeview.co.uk/api/program?sid=32&nid=64403&pid=crid://panorama.five.tv/versions/C5215620008C&start=2026-09-07T14:00:00+0000&duration=PT1H from server.
Fetching https://www.freeview.co.uk/api/program?sid=32&nid=64403&pid=crid://panorama.five.tv/versions/C5215620007C&start=2026-09-07T15:00:00+0000&duration=PT1H from server.
Fetching https://www.freeview.co.uk/api/program?sid=32&nid=64403&pid=crid://panorama.five.tv/versions/C5500360006A&start=2026-09-07T16:00:00+0000&duration=PT1H from server.
Fetching https://www.freeview.co.uk/api/program?sid=32&nid=64403&pid=crid://panorama.five.tv/versions/C5164553176A&start=2026-09-07T17:00:00+0000&duration=PT30M from server.
Fetching https://www.freeview.co.uk/api/program?sid=32&nid=64403&pid=crid://panorama.five.tv/versions/C5164553177A&start=2026-09-07T17:30:00+0000&duration=PT30M from server.
Fetching https://www.freeview.co.uk/api/program?sid=32&nid=64403&pid=crid://panorama.five.tv/versions/C5507480006A&start=2026-09-07T18:00:00+0000&duration=PT1H from server.
Fetching https://www.freeview.co.uk/api/program?sid=32&nid=64403&pid=crid://panorama.five.tv/versions/C5394740007B&start=2026-09-07T19:00:00+0000&duration=PT1H from server.
Fetching https://www.freeview.co.uk/api/program?sid=32&nid=64403&pid=crid://panorama.five.tv/versions/C5434600003A&start=2026-09-07T20:00:00+0000&duration=PT1H from server.
Fetching https://www.freeview.co.uk/api/program?sid=32&nid=64403&pid=crid://panorama.five.tv/versions/C5467310010A&start=2026-09-07T21:00:00+0000&duration=PT1H from server.
Fetching https://www.freeview.co.uk/api/program?sid=32&nid=64403&pid=crid://panorama.five.tv/versions/C5366240001A&start=2026-09-07T22:00:00+0000&duration=PT1H from server.
Fetching https://www.freeview.co.uk/api/program?sid=32&nid=64403&pid=crid://panorama.five.tv/versions/C5524680001A&start=2026-09-07T23:00:00+0000&duration=PT1H from server.
## Wanted 16112 
Fetching https://www.freeview.co.uk/api/program?sid=33&nid=64403&pid=crid://panorama.five.tv/versions/C5472680005A&start=2026-09-07T00:45:00+0000&duration=PT1H from server.
Fetching https://www.freeview.co.uk/api/program?sid=33&nid=64403&pid=crid://panorama.five.tv/versions/C5493360011A&start=2026-09-07T01:45:00+0000&duration=PT1H from server.
Fetching https://www.freeview.co.uk/api/program?sid=33&nid=64403&pid=crid://panorama.five.tv/versions/C5487460001A&start=2026-09-07T02:45:00+0000&duration=PT15M from server.
Fetching https://www.freeview.co.uk/api/program?sid=33&nid=64403&pid=crid://panorama.five.tv/versions/C5340000001A&start=2026-09-07T03:00:00+0000&duration=PT2H from server.
Fetching https://www.freeview.co.uk/api/program?sid=33&nid=64403&pid=crid://panorama.five.tv/versions/C5266540001A&start=2026-09-07T05:00:00+0000&duration=PT1H from server.
Fetching https://www.freeview.co.uk/api/program?sid=33&nid=64403&pid=crid://panorama.five.tv/versions/C5349600001A&start=2026-09-07T06:00:00+0000&duration=PT1H from server.
Fetching https://www.freeview.co.uk/api/program?sid=33&nid=64403&pid=crid://panorama.five.tv/versions/C5349600001A&start=2026-09-07T07:00:00+0000&duration=PT1H from server.
Fetching https://www.freeview.co.uk/api/program?sid=33&nid=64403&pid=crid://panorama.five.tv/versions/C5487460002A&start=2026-09-07T08:00:00+0000&duration=PT20M from server.
Fetching https://www.freeview.co.uk/api/program?sid=33&nid=64403&pid=crid://panorama.five.tv/versions/C5422460004D&start=2026-09-07T08:20:00+0000&duration=PT1H from server.
Fetching https://www.freeview.co.uk/api/program?sid=33&nid=64403&pid=crid://panorama.five.tv/versions/C5151070007F&start=2026-09-07T09:20:00+0000&duration=PT1H from server.
Fetching https://www.freeview.co.uk/api/program?sid=33&nid=64403&pid=crid://panorama.five.tv/versions/C5533940017B&start=2026-09-07T10:20:00+0000&duration=PT1H from server.
Fetching https://www.freeview.co.uk/api/program?sid=33&nid=64403&pid=crid://panorama.five.tv/versions/C5264460001A&start=2026-09-07T11:20:00+0000&duration=PT1H5M from server.
Fetching https://www.freeview.co.uk/api/program?sid=33&nid=64403&pid=crid://csi.digitaluk.co.uk/dfb7406e-37db-45ae-a59d-bc21bf06b9dd&start=2026-09-07T12:25:00+0000&duration=PT5M from server.
Fetching https://www.freeview.co.uk/api/program?sid=33&nid=64403&pid=crid://panorama.five.tv/versions/C5264460001A&start=2026-09-07T12:30:00+0000&duration=PT35M from server.
Fetching https://www.freeview.co.uk/api/program?sid=33&nid=64403&pid=crid://panorama.five.tv/versions/C5435260001A&start=2026-09-07T13:05:00+0000&duration=PT1H from server.
Fetching https://www.freeview.co.uk/api/program?sid=33&nid=64403&pid=crid://csi.digitaluk.co.uk/3ea83566-4dae-405e-9573-e6bff0a7ed9a&start=2026-09-07T14:05:00+0000&duration=PT5M from server.
Fetching https://www.freeview.co.uk/api/program?sid=33&nid=64403&pid=crid://panorama.five.tv/versions/C5435260001A&start=2026-09-07T14:10:00+0000&duration=PT50M from server.
Fetching https://www.freeview.co.uk/api/program?sid=33&nid=64403&pid=crid://panorama.five.tv/versions/C5526800002A&start=2026-09-07T15:00:00+0000&duration=PT1H from server.
Fetching https://www.freeview.co.uk/api/program?sid=33&nid=64403&pid=crid://panorama.five.tv/versions/C5473660007B&start=2026-09-07T16:00:00+0000&duration=PT1H from server.
Fetching https://www.freeview.co.uk/api/program?sid=33&nid=64403&pid=crid://panorama.five.tv/versions/C5269250010G&start=2026-09-07T17:00:00+0000&duration=PT1H from server.
Fetching https://www.freeview.co.uk/api/program?sid=33&nid=64403&pid=crid://panorama.five.tv/versions/C5269250011F&start=2026-09-07T18:00:00+0000&duration=PT1H from server.
Fetching https://www.freeview.co.uk/api/program?sid=33&nid=64403&pid=crid://panorama.five.tv/versions/C5473660010A&start=2026-09-07T19:00:00+0000&duration=PT1H from server.
Fetching https://www.freeview.co.uk/api/program?sid=33&nid=64403&pid=crid://panorama.five.tv/versions/C5372680003E&start=2026-09-07T20:00:00+0000&duration=PT1H from server.
Fetching https://www.freeview.co.uk/api/program?sid=33&nid=64403&pid=crid://panorama.five.tv/versions/C5526840010A&start=2026-09-07T21:00:00+0000&duration=PT1H5M from server.
Fetching https://www.freeview.co.uk/api/program?sid=33&nid=64403&pid=crid://panorama.five.tv/versions/C5213580015A&start=2026-09-07T22:05:00+0000&duration=PT1H from server.
Fetching https://www.freeview.co.uk/api/program?sid=33&nid=64403&pid=crid://panorama.five.tv/versions/C5472700002A&start=2026-09-07T23:05:00+0000&duration=PT1H from server.
### Wanted 8373 
Fetching https://www.freeview.co.uk/api/program?sid=35&nid=64403&pid=crid://csi.digitaluk.co.uk/3fc8cfc9-64ab-41b7-bef7-c5169d14d39c&start=2026-09-07T00:15:00+0000&duration=PT2H45M from server.
Fetching https://www.freeview.co.uk/api/program?sid=35&nid=64403&pid=crid://csi.digitaluk.co.uk/a31439cf-885e-45af-9157-393d46bda6b7&start=2026-09-07T03:00:00+0000&duration=PT50M from server.
Fetching https://www.freeview.co.uk/api/program?sid=35&nid=64403&pid=crid://csi.digitaluk.co.uk/e570fa2a-b18e-4200-ba52-57e8a6c3dbd0&start=2026-09-07T03:50:00+0000&duration=PT1H15M from server.
Fetching https://www.freeview.co.uk/api/program?sid=35&nid=64403&pid=crid://csi.digitaluk.co.uk/36d769eb-1f9e-4b0c-bb80-79fdfc87414b&start=2026-09-07T05:05:00+0000&duration=PT55M from server.
Fetching https://www.freeview.co.uk/api/program?sid=35&nid=64403&pid=crid://csi.digitaluk.co.uk/62aca34e-5331-4d07-8498-fb07bdcbde1a&start=2026-09-07T06:00:00+0000&duration=PT3H30M from server.
Fetching https://www.freeview.co.uk/api/program?sid=35&nid=64403&pid=crid://csi.digitaluk.co.uk/7675c4dd-8449-4801-ac46-196a4c190498&start=2026-09-07T09:30:00+0000&duration=PT30M from server.
Fetching https://www.freeview.co.uk/api/program?sid=35&nid=64403&pid=crid://csi.digitaluk.co.uk/f62c3625-2aff-4004-9cf1-41cf0900f18c&start=2026-09-07T10:00:00+0000&duration=PT2H30M from server.
Fetching https://www.freeview.co.uk/api/program?sid=35&nid=64403&pid=crid://csi.digitaluk.co.uk/c125c39d-c2da-4531-a8ed-db0cd30486ce&start=2026-09-07T12:30:00+0000&duration=PT1H from server.
Fetching https://www.freeview.co.uk/api/program?sid=35&nid=64403&pid=crid://csi.digitaluk.co.uk/959add78-a55e-4f03-b104-64a4d39cfacf&start=2026-09-07T13:30:00+0000&duration=PT25M from server.
Fetching https://www.freeview.co.uk/api/program?sid=35&nid=64403&pid=crid://csi.digitaluk.co.uk/ee1c26bb-5e05-4f06-b7f4-9632d3bf5bb1&start=2026-09-07T13:55:00+0000&duration=PT5M from server.
Fetching https://www.freeview.co.uk/api/program?sid=35&nid=64403&pid=crid://csi.digitaluk.co.uk/6e89ead7-9cfc-449f-ad73-63d6f5add06b&start=2026-09-07T14:00:00+0000&duration=PT1H from server.
Fetching https://www.freeview.co.uk/api/program?sid=35&nid=64403&pid=crid://csi.digitaluk.co.uk/b9e3768a-416e-4835-9339-30dd1581c354&start=2026-09-07T15:00:00+0000&duration=PT1H from server.
Fetching https://www.freeview.co.uk/api/program?sid=35&nid=64403&pid=crid://csi.digitaluk.co.uk/3a61d65f-fe9b-4213-9ee8-a77a429c8a3e&start=2026-09-07T16:00:00+0000&duration=PT1H from server.
Fetching https://www.freeview.co.uk/api/program?sid=35&nid=64403&pid=crid://csi.digitaluk.co.uk/cf628964-290a-48fe-89fd-bef2badda21d&start=2026-09-07T17:00:00+0000&duration=PT1H from server.
Fetching https://www.freeview.co.uk/api/program?sid=35&nid=64403&pid=crid://csi.digitaluk.co.uk/7fbb1530-851b-41b9-8702-2fd480619f18&start=2026-09-07T18:00:00+0000&duration=PT25M from server.
Fetching https://www.freeview.co.uk/api/program?sid=35&nid=64403&pid=crid://csi.digitaluk.co.uk/035078e9-860f-481c-9824-ec8a3d11a9a5&start=2026-09-07T18:25:00+0000&duration=PT5M from server.
Fetching https://www.freeview.co.uk/api/program?sid=35&nid=64403&pid=crid://csi.digitaluk.co.uk/31f6ca86-66ed-416c-98d2-764bb9a87c62&start=2026-09-07T18:30:00+0000&duration=PT1H from server.
Fetching https://www.freeview.co.uk/api/program?sid=35&nid=64403&pid=crid://csi.digitaluk.co.uk/4dad0f71-793d-4035-8f69-b3bb87e1a63b&start=2026-09-07T19:30:00+0000&duration=PT30M from server.
Fetching https://www.freeview.co.uk/api/program?sid=35&nid=64403&pid=crid://csi.digitaluk.co.uk/7c2801db-0efb-40c4-9858-f258da8f3d27&start=2026-09-07T20:00:00+0000&duration=PT30M from server.
Fetching https://www.freeview.co.uk/api/program?sid=35&nid=64403&pid=crid://csi.digitaluk.co.uk/4cd4de57-b9e8-4814-aa88-baa4d9a9dac5&start=2026-09-07T20:30:00+0000&duration=PT30M from server.
Fetching https://www.freeview.co.uk/api/program?sid=35&nid=64403&pid=crid://csi.digitaluk.co.uk/b08a62db-3bcd-40cc-9766-ce28455d89cf&start=2026-09-07T21:00:00+0000&duration=PT1H from server.
Fetching https://www.freeview.co.uk/api/program?sid=35&nid=64403&pid=crid://csi.digitaluk.co.uk/cb4c8344-4d49-40cb-a3a7-9e24f55cb3fe&start=2026-09-07T22:00:00+0000&duration=PT30M from server.
Fetching https://www.freeview.co.uk/api/program?sid=35&nid=64403&pid=crid://csi.digitaluk.co.uk/edd76943-8515-4368-9b4c-6feb4d34b725&start=2026-09-07T22:30:00+0000&duration=PT10M from server.
Fetching https://www.freeview.co.uk/api/program?sid=35&nid=64403&pid=crid://csi.digitaluk.co.uk/beb6f923-9c6d-40b1-ad04-7774dc93543a&start=2026-09-07T22:40:00+0000&duration=PT25M from server.
Fetching https://www.freeview.co.uk/api/program?sid=35&nid=64403&pid=crid://csi.digitaluk.co.uk/3962b580-79ed-4522-a856-0f449a5180fc&start=2026-09-07T23:05:00+0000&duration=PT55M from server.
## Wanted 27680 
Fetching https://www.freeview.co.uk/api/program?sid=39&nid=64403&pid=crid://csi.digitaluk.co.uk/ba78b144-e441-4736-875e-eb36b3b6e314&start=2026-09-07T00:00:00+0000&duration=PT1H from server.
Fetching https://www.freeview.co.uk/api/program?sid=39&nid=64403&pid=crid://csi.digitaluk.co.uk/0f87c465-ac6a-4d41-9492-f2dd610613e1&start=2026-09-07T01:00:00+0000&duration=PT30M from server.
Fetching https://www.freeview.co.uk/api/program?sid=39&nid=64403&pid=crid://csi.digitaluk.co.uk/6f00749b-cc6a-4016-ad97-9a5e04fcf9f2&start=2026-09-07T01:30:00+0000&duration=PT30M from server.
Fetching https://www.freeview.co.uk/api/program?sid=39&nid=64403&pid=crid://csi.digitaluk.co.uk/80a4a16b-1e76-4724-bfa5-026d0f47f8c6&start=2026-09-07T02:00:00+0000&duration=PT30M from server.
Fetching https://www.freeview.co.uk/api/program?sid=39&nid=64403&pid=crid://csi.digitaluk.co.uk/2365863b-9499-45f8-a4ea-b59d99c1b8f7&start=2026-09-07T02:30:00+0000&duration=PT30M from server.
Fetching https://www.freeview.co.uk/api/program?sid=39&nid=64403&pid=crid://csi.digitaluk.co.uk/10de9d4f-f996-48c2-8ff9-0971be57ec8f&start=2026-09-07T03:00:00+0000&duration=PT30M from server.
Fetching https://www.freeview.co.uk/api/program?sid=39&nid=64403&pid=crid://csi.digitaluk.co.uk/83c048f0-a431-4b9c-b41c-6e1296cb79c2&start=2026-09-07T03:30:00+0000&duration=PT30M from server.
Fetching https://www.freeview.co.uk/api/program?sid=39&nid=64403&pid=crid://csi.digitaluk.co.uk/4349ed2b-77e4-4b8f-8a40-f416b0d1cb49&start=2026-09-07T04:00:00+0000&duration=PT30M from server.
Fetching https://www.freeview.co.uk/api/program?sid=39&nid=64403&pid=crid://csi.digitaluk.co.uk/18ee2ce9-635e-432b-8956-72553e686fed&start=2026-09-07T04:30:00+0000&duration=PT30M from server.
Fetching https://www.freeview.co.uk/api/program?sid=39&nid=64403&pid=crid://csi.digitaluk.co.uk/7e1e0015-d767-4c3c-b8b9-fbca689d0428&start=2026-09-07T05:00:00+0000&duration=PT1H from server.
Fetching https://www.freeview.co.uk/api/program?sid=39&nid=64403&pid=crid://csi.digitaluk.co.uk/0b966ce2-1cf3-4c0e-98b6-a2a007f2aa3e&start=2026-09-07T06:00:00+0000&duration=PT1H from server.
Fetching https://www.freeview.co.uk/api/program?sid=39&nid=64403&pid=crid://csi.digitaluk.co.uk/74c8d06e-b1a3-4a43-9458-850a38199abc&start=2026-09-07T07:00:00+0000&duration=PT1H from server.
Fetching https://www.freeview.co.uk/api/program?sid=39&nid=64403&pid=crid://csi.digitaluk.co.uk/ac0aa02a-d01a-4e76-9f97-c76d96aa1db7&start=2026-09-07T08:00:00+0000&duration=PT1H from server.
Fetching https://www.freeview.co.uk/api/program?sid=39&nid=64403&pid=crid://csi.digitaluk.co.uk/5f778064-2cf3-435d-8ab3-dc03d4ad285c&start=2026-09-07T09:00:00+0000&duration=PT1H from server.
Fetching https://www.freeview.co.uk/api/program?sid=39&nid=64403&pid=crid://csi.digitaluk.co.uk/f854c936-9447-4df8-bbe5-4901f8c68df1&start=2026-09-07T10:00:00+0000&duration=PT1H from server.
Fetching https://www.freeview.co.uk/api/program?sid=39&nid=64403&pid=crid://csi.digitaluk.co.uk/fdcc8416-9a27-4708-a9a2-5f4de292feb7&start=2026-09-07T11:00:00+0000&duration=PT1H from server.
Fetching https://www.freeview.co.uk/api/program?sid=39&nid=64403&pid=crid://csi.digitaluk.co.uk/506225ef-5496-4bb5-83bd-1a2187932c02&start=2026-09-07T12:00:00+0000&duration=PT1H from server.
Fetching https://www.freeview.co.uk/api/program?sid=39&nid=64403&pid=crid://csi.digitaluk.co.uk/fb51c189-60b1-4939-8281-cdd8e9c7f349&start=2026-09-07T13:00:00+0000&duration=PT1H from server.
Fetching https://www.freeview.co.uk/api/program?sid=39&nid=64403&pid=crid://csi.digitaluk.co.uk/15bcb7b4-4802-49b9-8fed-184daae4728d&start=2026-09-07T14:00:00+0000&duration=PT1H from server.
Fetching https://www.freeview.co.uk/api/program?sid=39&nid=64403&pid=crid://csi.digitaluk.co.uk/820ae2ab-790f-461f-83b0-010dff2e204a&start=2026-09-07T15:00:00+0000&duration=PT1H from server.
Fetching https://www.freeview.co.uk/api/program?sid=39&nid=64403&pid=crid://csi.digitaluk.co.uk/3c096c4c-da3b-40b3-baa3-366375af761e&start=2026-09-07T16:00:00+0000&duration=PT1H from server.
Fetching https://www.freeview.co.uk/api/program?sid=39&nid=64403&pid=crid://csi.digitaluk.co.uk/519698d1-19e4-45ba-a0a4-976456c475c5&start=2026-09-07T17:00:00+0000&duration=PT1H from server.
Fetching https://www.freeview.co.uk/api/program?sid=39&nid=64403&pid=crid://csi.digitaluk.co.uk/5c881894-e8a8-4c73-9c5c-35e6c84c75ec&start=2026-09-07T18:00:00+0000&duration=PT1H from server.
Fetching https://www.freeview.co.uk/api/program?sid=39&nid=64403&pid=crid://csi.digitaluk.co.uk/72810cd1-a0e7-40d3-b2de-309ecbfd4d0d&start=2026-09-07T19:00:00+0000&duration=PT1H from server.
Fetching https://www.freeview.co.uk/api/program?sid=39&nid=64403&pid=crid://csi.digitaluk.co.uk/63536b3d-387f-42bb-a1f8-3b31b8412cbc&start=2026-09-07T20:00:00+0000&duration=PT30M from server.
Fetching https://www.freeview.co.uk/api/program?sid=39&nid=64403&pid=crid://csi.digitaluk.co.uk/ad581f22-4e59-471c-a53d-478d29287062&start=2026-09-07T20:30:00+0000&duration=PT30M from server.
Fetching https://www.freeview.co.uk/api/program?sid=39&nid=64403&pid=crid://csi.digitaluk.co.uk/2bf296f6-7bf1-4c02-9e98-b97cd55d0df5&start=2026-09-07T21:00:00+0000&duration=PT1H from server.
Fetching https://www.freeview.co.uk/api/program?sid=39&nid=64403&pid=crid://csi.digitaluk.co.uk/603fdce8-1193-44d8-bffb-322fb7d66e81&start=2026-09-07T22:00:00+0000&duration=PT1H from server.
Fetching https://www.freeview.co.uk/api/program?sid=39&nid=64403&pid=crid://csi.digitaluk.co.uk/215d08a9-beb9-44a7-b5e6-a9461d0d45ea&start=2026-09-07T23:00:00+0000&duration=PT2H from server.
### Wanted 23744 
Fetching https://www.freeview.co.uk/api/program?sid=40&nid=64403&pid=crid://csi.digitaluk.co.uk/404cf642-6f97-4deb-bb5b-8e53b1fdc224&start=2026-09-07T00:00:00+0000&duration=PT1H from server.
Fetching https://www.freeview.co.uk/api/program?sid=40&nid=64403&pid=crid://csi.digitaluk.co.uk/7223520e-6680-4da6-8392-dcd040b680a7&start=2026-09-07T01:00:00+0000&duration=PT1H from server.
Fetching https://www.freeview.co.uk/api/program?sid=40&nid=64403&pid=crid://csi.digitaluk.co.uk/713d7d0f-e4f8-4943-ae2e-07bb142f9013&start=2026-09-07T02:00:00+0000&duration=PT1H from server.
Fetching https://www.freeview.co.uk/api/program?sid=40&nid=64403&pid=crid://csi.digitaluk.co.uk/97ade0a7-e476-4a5a-b4b8-644c62930d21&start=2026-09-07T03:00:00+0000&duration=PT30M from server.
Fetching https://www.freeview.co.uk/api/program?sid=40&nid=64403&pid=crid://csi.digitaluk.co.uk/4b9d495a-6cae-4b5b-896b-185dd3268b5a&start=2026-09-07T03:30:00+0000&duration=PT30M from server.
Fetching https://www.freeview.co.uk/api/program?sid=40&nid=64403&pid=crid://csi.digitaluk.co.uk/59be83d5-4d86-4db1-a9f6-ec7f19760277&start=2026-09-07T04:00:00+0000&duration=PT30M from server.
Fetching https://www.freeview.co.uk/api/program?sid=40&nid=64403&pid=crid://csi.digitaluk.co.uk/dcb7f3cd-9504-4d1f-b97f-63d549d2683a&start=2026-09-07T04:30:00+0000&duration=PT30M from server.
Fetching https://www.freeview.co.uk/api/program?sid=40&nid=64403&pid=crid://csi.digitaluk.co.uk/2abe791a-e76c-4145-add7-ba79bda0037a&start=2026-09-07T05:00:00+0000&duration=PT30M from server.
Fetching https://www.freeview.co.uk/api/program?sid=40&nid=64403&pid=crid://csi.digitaluk.co.uk/a718202c-ed5c-4789-9ff0-4abd1f0a506e&start=2026-09-07T05:30:00+0000&duration=PT30M from server.
Fetching https://www.freeview.co.uk/api/program?sid=40&nid=64403&pid=crid://csi.digitaluk.co.uk/330551df-13f9-4929-9536-23a6c7dac1c4&start=2026-09-07T06:00:00+0000&duration=PT30M from server.
Fetching https://www.freeview.co.uk/api/program?sid=40&nid=64403&pid=crid://csi.digitaluk.co.uk/d84f6bcc-6415-489a-9473-36b043720e77&start=2026-09-07T06:30:00+0000&duration=PT30M from server.
Fetching https://www.freeview.co.uk/api/program?sid=40&nid=64403&pid=crid://csi.digitaluk.co.uk/82da376c-bb3f-41c2-b7b9-d1209cf6ccd6&start=2026-09-07T07:00:00+0000&duration=PT1H from server.
Fetching https://www.freeview.co.uk/api/program?sid=40&nid=64403&pid=crid://csi.digitaluk.co.uk/301d958c-d5bd-48dd-bb08-337e555c0439&start=2026-09-07T08:00:00+0000&duration=PT1H from server.
Fetching https://www.freeview.co.uk/api/program?sid=40&nid=64403&pid=crid://csi.digitaluk.co.uk/d191597a-596d-4f7f-bb50-14c7d5ff201b&start=2026-09-07T09:00:00+0000&duration=PT1H from server.
Fetching https://www.freeview.co.uk/api/program?sid=40&nid=64403&pid=crid://csi.digitaluk.co.uk/91a79b4a-8b65-4f8c-a8a8-6c5de17a7e08&start=2026-09-07T10:00:00+0000&duration=PT1H from server.
Fetching https://www.freeview.co.uk/api/program?sid=40&nid=64403&pid=crid://csi.digitaluk.co.uk/18a6fae3-8f3b-4498-9b07-659c082033be&start=2026-09-07T11:00:00+0000&duration=PT1H from server.
Fetching https://www.freeview.co.uk/api/program?sid=40&nid=64403&pid=crid://csi.digitaluk.co.uk/b82cfd67-3834-4a9e-b438-f66dd27ba8da&start=2026-09-07T12:00:00+0000&duration=PT1H from server.
Fetching https://www.freeview.co.uk/api/program?sid=40&nid=64403&pid=crid://csi.digitaluk.co.uk/a8dd8d6b-df28-459b-a1d3-0073bfaac582&start=2026-09-07T13:00:00+0000&duration=PT1H from server.
Fetching https://www.freeview.co.uk/api/program?sid=40&nid=64403&pid=crid://csi.digitaluk.co.uk/1c1baff4-cc6a-4542-a29b-d75880edb430&start=2026-09-07T14:00:00+0000&duration=PT1H from server.
Fetching https://www.freeview.co.uk/api/program?sid=40&nid=64403&pid=crid://csi.digitaluk.co.uk/a5fa5af9-6f67-457d-b891-4781a5dd3dde&start=2026-09-07T15:00:00+0000&duration=PT1H from server.
Fetching https://www.freeview.co.uk/api/program?sid=40&nid=64403&pid=crid://csi.digitaluk.co.uk/b11062a4-46dd-4629-9475-bbd4034d045e&start=2026-09-07T16:00:00+0000&duration=PT1H from server.
Fetching https://www.freeview.co.uk/api/program?sid=40&nid=64403&pid=crid://csi.digitaluk.co.uk/a894d196-adda-4cbb-a633-d5dc16631afa&start=2026-09-07T17:00:00+0000&duration=PT1H from server.
Fetching https://www.freeview.co.uk/api/program?sid=40&nid=64403&pid=crid://csi.digitaluk.co.uk/9ece889d-9b3e-4927-926d-4630fe0b0064&start=2026-09-07T18:00:00+0000&duration=PT1H from server.
Fetching https://www.freeview.co.uk/api/program?sid=40&nid=64403&pid=crid://csi.digitaluk.co.uk/332183a9-66d2-4268-86ae-f5f894fb77a5&start=2026-09-07T19:00:00+0000&duration=PT1H from server.
Fetching https://www.freeview.co.uk/api/program?sid=40&nid=64403&pid=crid://csi.digitaluk.co.uk/327fd6c9-d17c-4405-84a8-62e7b81bc3b9&start=2026-09-07T20:00:00+0000&duration=PT1H from server.
Fetching https://www.freeview.co.uk/api/program?sid=40&nid=64403&pid=crid://csi.digitaluk.co.uk/70263a4d-a1f6-450b-8b17-aad77824a8d5&start=2026-09-07T21:00:00+0000&duration=PT1H from server.
Fetching https://www.freeview.co.uk/api/program?sid=40&nid=64403&pid=crid://csi.digitaluk.co.uk/e908bf4c-b030-4c72-8e38-d3a690e95502&start=2026-09-07T22:00:00+0000&duration=PT1H from server.
Fetching https://www.freeview.co.uk/api/program?sid=40&nid=64403&pid=crid://csi.digitaluk.co.uk/3222cc7b-e733-4e21-a2fc-f8990f4b9047&start=2026-09-07T23:00:00+0000&duration=PT1H from server.
## Wanted 23040 
Fetching https://www.freeview.co.uk/api/program?sid=43&nid=64403&pid=crid://csi.digitaluk.co.uk/814c4eba-8ad6-42be-ad0b-57216b1b7a3c&start=2026-09-07T00:00:00+0000&duration=PT30M from server.
Fetching https://www.freeview.co.uk/api/program?sid=43&nid=64403&pid=crid://csi.digitaluk.co.uk/a3f0c60e-6824-4411-b3ae-662cbfa6692b&start=2026-09-07T00:30:00+0000&duration=PT30M from server.
Fetching https://www.freeview.co.uk/api/program?sid=43&nid=64403&pid=crid://csi.digitaluk.co.uk/e8157734-ccef-41c0-acd5-6d5c4f9e2d10&start=2026-09-07T01:00:00+0000&duration=PT30M from server.
Fetching https://www.freeview.co.uk/api/program?sid=43&nid=64403&pid=crid://csi.digitaluk.co.uk/cd0474de-418f-4c77-8c2f-da4d849f9919&start=2026-09-07T01:30:00+0000&duration=PT30M from server.
Fetching https://www.freeview.co.uk/api/program?sid=43&nid=64403&pid=crid://csi.digitaluk.co.uk/c8baba5f-1f67-47b5-9445-033323e0ec89&start=2026-09-07T02:00:00+0000&duration=PT30M from server.
Fetching https://www.freeview.co.uk/api/program?sid=43&nid=64403&pid=crid://csi.digitaluk.co.uk/203e8880-d47d-4ffa-8aa9-e2a786752ebb&start=2026-09-07T02:30:00+0000&duration=PT30M from server.
Fetching https://www.freeview.co.uk/api/program?sid=43&nid=64403&pid=crid://csi.digitaluk.co.uk/692c57a4-504d-4b7c-8dcb-7455dd60b263&start=2026-09-07T03:00:00+0000&duration=PT30M from server.
Fetching https://www.freeview.co.uk/api/program?sid=43&nid=64403&pid=crid://csi.digitaluk.co.uk/352432c0-c9ed-4391-b475-252026415511&start=2026-09-07T03:30:00+0000&duration=PT30M from server.
Fetching https://www.freeview.co.uk/api/program?sid=43&nid=64403&pid=crid://csi.digitaluk.co.uk/66f63f6c-3b85-49e7-adb8-c9d062774264&start=2026-09-07T04:00:00+0000&duration=PT30M from server.
Fetching https://www.freeview.co.uk/api/program?sid=43&nid=64403&pid=crid://csi.digitaluk.co.uk/fdd9850b-6ae0-49da-99da-86f50734e44f&start=2026-09-07T04:30:00+0000&duration=PT30M from server.
Fetching https://www.freeview.co.uk/api/program?sid=43&nid=64403&pid=crid://csi.digitaluk.co.uk/2ce8700f-24f5-4fd7-a44b-1344df9a90b2&start=2026-09-07T05:00:00+0000&duration=PT30M from server.
Fetching https://www.freeview.co.uk/api/program?sid=43&nid=64403&pid=crid://csi.digitaluk.co.uk/0423dcd7-fcf6-47c3-8b77-1c7b260d6ddb&start=2026-09-07T05:30:00+0000&duration=PT30M from server.
Fetching https://www.freeview.co.uk/api/program?sid=43&nid=64403&pid=crid://csi.digitaluk.co.uk/be243f0e-4f7b-4e3a-97f4-bb2f93c3a357&start=2026-09-07T06:00:00+0000&duration=PT1H from server.
Fetching https://www.freeview.co.uk/api/program?sid=43&nid=64403&pid=crid://csi.digitaluk.co.uk/410c4644-7923-440c-affe-13d858aa6c31&start=2026-09-07T07:00:00+0000&duration=PT30M from server.
Fetching https://www.freeview.co.uk/api/program?sid=43&nid=64403&pid=crid://csi.digitaluk.co.uk/e7ea0014-adbc-433b-85f3-a3554eb11898&start=2026-09-07T07:30:00+0000&duration=PT30M from server.
Fetching https://www.freeview.co.uk/api/program?sid=43&nid=64403&pid=crid://csi.digitaluk.co.uk/a80031d5-93a7-432c-9062-f31b77bd1c9b&start=2026-09-07T08:00:00+0000&duration=PT30M from server.
Fetching https://www.freeview.co.uk/api/program?sid=43&nid=64403&pid=crid://csi.digitaluk.co.uk/e9f85d1a-c85c-4261-93dc-e04812743299&start=2026-09-07T08:30:00+0000&duration=PT30M from server.
Fetching https://www.freeview.co.uk/api/program?sid=43&nid=64403&pid=crid://csi.digitaluk.co.uk/7925edd6-7e62-4cd8-afe3-253ef583811d&start=2026-09-07T09:00:00+0000&duration=PT30M from server.
Fetching https://www.freeview.co.uk/api/program?sid=43&nid=64403&pid=crid://csi.digitaluk.co.uk/78d5c63f-828c-4866-a9f4-d0c74518df37&start=2026-09-07T09:30:00+0000&duration=PT30M from server.
Fetching https://www.freeview.co.uk/api/program?sid=43&nid=64403&pid=crid://csi.digitaluk.co.uk/46ac1bc0-7a78-4a24-8799-47e391be8ec2&start=2026-09-07T10:00:00+0000&duration=PT1H30M from server.
Fetching https://www.freeview.co.uk/api/program?sid=43&nid=64403&pid=crid://csi.digitaluk.co.uk/39960943-4a89-48a1-99d8-feedf3e08f75&start=2026-09-07T11:30:00+0000&duration=PT30M from server.
Fetching https://www.freeview.co.uk/api/program?sid=43&nid=64403&pid=crid://csi.digitaluk.co.uk/c1295a3d-21e6-467e-8a43-3f2a13186eed&start=2026-09-07T12:00:00+0000&duration=PT1H from server.
Fetching https://www.freeview.co.uk/api/program?sid=43&nid=64403&pid=crid://csi.digitaluk.co.uk/c43082dd-07c3-4ea1-a703-0ce50480e04e&start=2026-09-07T13:00:00+0000&duration=PT1H from server.
Fetching https://www.freeview.co.uk/api/program?sid=43&nid=64403&pid=crid://csi.digitaluk.co.uk/568cba8c-41a3-4460-92de-038d38cb76f6&start=2026-09-07T14:00:00+0000&duration=PT1H from server.
Fetching https://www.freeview.co.uk/api/program?sid=43&nid=64403&pid=crid://csi.digitaluk.co.uk/ba240978-acd1-4e41-bb99-9dc5c32d026f&start=2026-09-07T15:00:00+0000&duration=PT30M from server.
Fetching https://www.freeview.co.uk/api/program?sid=43&nid=64403&pid=crid://csi.digitaluk.co.uk/85647569-4617-4651-b3df-eaf4a578f07a&start=2026-09-07T15:30:00+0000&duration=PT30M from server.
Fetching https://www.freeview.co.uk/api/program?sid=43&nid=64403&pid=crid://csi.digitaluk.co.uk/30420590-5eb4-4463-a693-c5295fe3274c&start=2026-09-07T16:00:00+0000&duration=PT30M from server.
Fetching https://www.freeview.co.uk/api/program?sid=43&nid=64403&pid=crid://csi.digitaluk.co.uk/77637ea9-2b13-453c-844b-7604453d15d3&start=2026-09-07T16:30:00+0000&duration=PT30M from server.
Fetching https://www.freeview.co.uk/api/program?sid=43&nid=64403&pid=crid://csi.digitaluk.co.uk/55e6c31e-f18d-48d2-be9d-8d9080fb0899&start=2026-09-07T17:00:00+0000&duration=PT1H from server.
Fetching https://www.freeview.co.uk/api/program?sid=43&nid=64403&pid=crid://csi.digitaluk.co.uk/4d1da7c5-9f0e-4008-8075-778510a6a995&start=2026-09-07T18:00:00+0000&duration=PT1H30M from server.
Fetching https://www.freeview.co.uk/api/program?sid=43&nid=64403&pid=crid://csi.digitaluk.co.uk/b9b7846c-e691-477d-aec9-3d5fb91067ec&start=2026-09-07T19:30:00+0000&duration=PT30M from server.
Fetching https://www.freeview.co.uk/api/program?sid=43&nid=64403&pid=crid://csi.digitaluk.co.uk/8801f869-dbdb-4042-a7e3-b71398e5b462&start=2026-09-07T20:00:00+0000&duration=PT1H from server.
Fetching https://www.freeview.co.uk/api/program?sid=43&nid=64403&pid=crid://csi.digitaluk.co.uk/baec966a-bad8-4fce-a674-e58775180064&start=2026-09-07T21:00:00+0000&duration=PT1H from server.
Fetching https://www.freeview.co.uk/api/program?sid=43&nid=64403&pid=crid://csi.digitaluk.co.uk/039aea9e-3497-4a65-93f0-00c4265e66bc&start=2026-09-07T22:00:00+0000&duration=PT30M from server.
Fetching https://www.freeview.co.uk/api/program?sid=43&nid=64403&pid=crid://csi.digitaluk.co.uk/6c5fb675-e631-44e9-ac84-27d04290ae0f&start=2026-09-07T22:30:00+0000&duration=PT30M from server.
Fetching https://www.freeview.co.uk/api/program?sid=43&nid=64403&pid=crid://csi.digitaluk.co.uk/9d075d6e-91dd-4f86-b14d-00f5ad36a83c&start=2026-09-07T23:00:00+0000&duration=PT30M from server.
Fetching https://www.freeview.co.uk/api/program?sid=43&nid=64403&pid=crid://csi.digitaluk.co.uk/84128a76-204f-4f74-9a7d-c22ec4773be4&start=2026-09-07T23:30:00+0000&duration=PT30M from server.
### Wanted 23712 
Fetching https://www.freeview.co.uk/api/program?sid=44&nid=64403&pid=crid://csi.digitaluk.co.uk/b7961280-50e9-4977-a517-1fc432d286f2&start=2026-09-07T00:00:00+0000&duration=PT1H from server.
Fetching https://www.freeview.co.uk/api/program?sid=44&nid=64403&pid=crid://csi.digitaluk.co.uk/ecd6bf7a-8a4e-440c-bbe4-997a7cd0100a&start=2026-09-07T01:00:00+0000&duration=PT2H from server.
Fetching https://www.freeview.co.uk/api/program?sid=44&nid=64403&pid=crid://csi.digitaluk.co.uk/a6d88635-9673-4954-81c9-9f3cf0315f98&start=2026-09-07T03:00:00+0000&duration=PT30M from server.
Fetching https://www.freeview.co.uk/api/program?sid=44&nid=64403&pid=crid://csi.digitaluk.co.uk/e164c1cf-0010-41ad-a400-59bb05f3f78f&start=2026-09-07T03:30:00+0000&duration=PT30M from server.
Fetching https://www.freeview.co.uk/api/program?sid=44&nid=64403&pid=crid://csi.digitaluk.co.uk/e1a5e006-164a-4d55-a8fb-31d14723c57d&start=2026-09-07T04:00:00+0000&duration=PT30M from server.
Fetching https://www.freeview.co.uk/api/program?sid=44&nid=64403&pid=crid://csi.digitaluk.co.uk/59b55aae-5229-4d2c-a4af-12aaebb58aad&start=2026-09-07T04:30:00+0000&duration=PT30M from server.
Fetching https://www.freeview.co.uk/api/program?sid=44&nid=64403&pid=crid://csi.digitaluk.co.uk/5432d47e-a490-4678-b9f0-15673eb79c5a&start=2026-09-07T05:00:00+0000&duration=PT1H from server.
Fetching https://www.freeview.co.uk/api/program?sid=44&nid=64403&pid=crid://csi.digitaluk.co.uk/2018af20-b2e9-4ea7-bd67-b21f681660b6&start=2026-09-07T06:00:00+0000&duration=PT1H from server.
Fetching https://www.freeview.co.uk/api/program?sid=44&nid=64403&pid=crid://csi.digitaluk.co.uk/3aab615b-b886-4439-92f1-89f64d2a2343&start=2026-09-07T07:00:00+0000&duration=PT1H from server.
Fetching https://www.freeview.co.uk/api/program?sid=44&nid=64403&pid=crid://csi.digitaluk.co.uk/1133d9e7-b835-4460-a7e6-fa9f6afecfcc&start=2026-09-07T08:00:00+0000&duration=PT1H from server.
Fetching https://www.freeview.co.uk/api/program?sid=44&nid=64403&pid=crid://csi.digitaluk.co.uk/a221865e-13e5-4637-9f04-26a8e8c0723c&start=2026-09-07T09:00:00+0000&duration=PT1H from server.
Fetching https://www.freeview.co.uk/api/program?sid=44&nid=64403&pid=crid://csi.digitaluk.co.uk/28e9c52f-2215-441e-a553-2e7b286c97f0&start=2026-09-07T10:00:00+0000&duration=PT1H from server.
Fetching https://www.freeview.co.uk/api/program?sid=44&nid=64403&pid=crid://csi.digitaluk.co.uk/0eef79fc-c7ad-4109-b673-137f99299df5&start=2026-09-07T11:00:00+0000&duration=PT1H from server.
Fetching https://www.freeview.co.uk/api/program?sid=44&nid=64403&pid=crid://csi.digitaluk.co.uk/96fbdebc-f02b-4754-b7f1-e0e12e372e9a&start=2026-09-07T12:00:00+0000&duration=PT1H from server.
Fetching https://www.freeview.co.uk/api/program?sid=44&nid=64403&pid=crid://csi.digitaluk.co.uk/f037a00a-d1ed-4659-8563-cfff09e07427&start=2026-09-07T13:00:00+0000&duration=PT1H from server.
Fetching https://www.freeview.co.uk/api/program?sid=44&nid=64403&pid=crid://csi.digitaluk.co.uk/d49b0add-3839-4e67-ac05-55fb24026a50&start=2026-09-07T14:00:00+0000&duration=PT1H from server.
Fetching https://www.freeview.co.uk/api/program?sid=44&nid=64403&pid=crid://csi.digitaluk.co.uk/cea5141d-13d6-4b9b-8e58-bcb9b5b34c1c&start=2026-09-07T15:00:00+0000&duration=PT1H from server.
Fetching https://www.freeview.co.uk/api/program?sid=44&nid=64403&pid=crid://csi.digitaluk.co.uk/630cd790-7f23-4f67-b3a2-db0fc4c1fb04&start=2026-09-07T16:00:00+0000&duration=PT1H from server.
Fetching https://www.freeview.co.uk/api/program?sid=44&nid=64403&pid=crid://csi.digitaluk.co.uk/92c971f2-ba2a-4db5-82d8-af4494176cfe&start=2026-09-07T17:00:00+0000&duration=PT1H from server.
Fetching https://www.freeview.co.uk/api/program?sid=44&nid=64403&pid=crid://csi.digitaluk.co.uk/4e0354b3-f490-44ac-b597-afc2d9a75a9e&start=2026-09-07T18:00:00+0000&duration=PT1H from server.
Fetching https://www.freeview.co.uk/api/program?sid=44&nid=64403&pid=crid://csi.digitaluk.co.uk/0b28be61-61d0-4d5f-bbdb-8608abe555dc&start=2026-09-07T19:00:00+0000&duration=PT1H from server.
Fetching https://www.freeview.co.uk/api/program?sid=44&nid=64403&pid=crid://csi.digitaluk.co.uk/041a81a1-cab4-4548-a681-58fc6621f42d&start=2026-09-07T20:00:00+0000&duration=PT1H from server.
Fetching https://www.freeview.co.uk/api/program?sid=44&nid=64403&pid=crid://csi.digitaluk.co.uk/90eda14a-4c57-4363-97fd-b2c511eeef33&start=2026-09-07T21:00:00+0000&duration=PT1H from server.
Fetching https://www.freeview.co.uk/api/program?sid=44&nid=64403&pid=crid://csi.digitaluk.co.uk/e3a867cc-886b-42e9-8c98-9b58fea34fd1&start=2026-09-07T22:00:00+0000&duration=PT1H from server.
Fetching https://www.freeview.co.uk/api/program?sid=44&nid=64403&pid=crid://csi.digitaluk.co.uk/f5331ba9-df5c-492a-bae7-0b6e76e276fd&start=2026-09-07T23:00:00+0000&duration=PT1H from server.
## Wanted 20256 
Fetching https://www.freeview.co.uk/api/program?sid=46&nid=64403&pid=crid://panorama.five.tv/versions/C5478640003B&start=2026-09-07T00:35:00+0000&duration=PT1H5M from server.
Fetching https://www.freeview.co.uk/api/program?sid=46&nid=64403&pid=crid://panorama.five.tv/versions/C5478640004B&start=2026-09-07T01:40:00+0000&duration=PT50M from server.
Fetching https://www.freeview.co.uk/api/program?sid=46&nid=64403&pid=crid://panorama.five.tv/versions/C5523570012A&start=2026-09-07T02:30:00+0000&duration=PT30M from server.
Fetching https://www.freeview.co.uk/api/program?sid=46&nid=64403&pid=crid://panorama.five.tv/versions/C5266540001A&start=2026-09-07T03:00:00+0000&duration=PT2H from server.
Fetching https://www.freeview.co.uk/api/program?sid=46&nid=64403&pid=crid://panorama.five.tv/versions/C5480340001A&start=2026-09-07T05:00:00+0000&duration=PT30M from server.
Fetching https://www.freeview.co.uk/api/program?sid=46&nid=64403&pid=crid://panorama.five.tv/versions/C5326820001A&start=2026-09-07T05:30:00+0000&duration=PT30M from server.
Fetching https://www.freeview.co.uk/api/program?sid=46&nid=64403&pid=crid://panorama.five.tv/versions/C5349600001A&start=2026-09-07T06:00:00+0000&duration=PT1H from server.
Fetching https://www.freeview.co.uk/api/program?sid=46&nid=64403&pid=crid://panorama.five.tv/versions/C5349600001A&start=2026-09-07T07:00:00+0000&duration=PT1H from server.
Fetching https://www.freeview.co.uk/api/program?sid=46&nid=64403&pid=crid://panorama.five.tv/versions/C5495960006A&start=2026-09-07T08:00:00+0000&duration=PT1H from server.
Fetching https://www.freeview.co.uk/api/program?sid=46&nid=64403&pid=crid://panorama.five.tv/versions/C5495960009A&start=2026-09-07T09:00:00+0000&duration=PT1H from server.
Fetching https://www.freeview.co.uk/api/program?sid=46&nid=64403&pid=crid://panorama.five.tv/versions/C5491410003A&start=2026-09-07T10:00:00+0000&duration=PT1H from server.
Fetching https://www.freeview.co.uk/api/program?sid=46&nid=64403&pid=crid://panorama.five.tv/versions/C5255470004D&start=2026-09-07T11:00:00+0000&duration=PT1H from server.
Fetching https://www.freeview.co.uk/api/program?sid=46&nid=64403&pid=crid://panorama.five.tv/versions/C5348680017A&start=2026-09-07T12:00:00+0000&duration=PT1H from server.
Fetching https://www.freeview.co.uk/api/program?sid=46&nid=64403&pid=crid://panorama.five.tv/versions/C5348680018A&start=2026-09-07T13:00:00+0000&duration=PT1H from server.
Fetching https://www.freeview.co.uk/api/program?sid=46&nid=64403&pid=crid://panorama.five.tv/versions/C5085230001F&start=2026-09-07T14:00:00+0000&duration=PT2H from server.
Fetching https://www.freeview.co.uk/api/program?sid=46&nid=64403&pid=crid://panorama.five.tv/versions/C5524580006A&start=2026-09-07T16:00:00+0000&duration=PT1H from server.
Fetching https://www.freeview.co.uk/api/program?sid=46&nid=64403&pid=crid://panorama.five.tv/versions/C5514410012A&start=2026-09-07T17:00:00+0000&duration=PT1H from server.
Fetching https://www.freeview.co.uk/api/program?sid=46&nid=64403&pid=crid://panorama.five.tv/versions/C5255470005E&start=2026-09-07T18:00:00+0000&duration=PT1H from server.
Fetching https://www.freeview.co.uk/api/program?sid=46&nid=64403&pid=crid://panorama.five.tv/versions/C5255470006D&start=2026-09-07T19:00:00+0000&duration=PT1H from server.
Fetching https://www.freeview.co.uk/api/program?sid=46&nid=64403&pid=crid://panorama.five.tv/versions/C5532850001A&start=2026-09-07T20:00:00+0000&duration=PT1H30M from server.
Fetching https://www.freeview.co.uk/api/program?sid=46&nid=64403&pid=crid://panorama.five.tv/versions/C5523570014A&start=2026-09-07T21:30:00+0000&duration=PT30M from server.
Fetching https://www.freeview.co.uk/api/program?sid=46&nid=64403&pid=crid://panorama.five.tv/versions/C5478640009A&start=2026-09-07T22:00:00+0000&duration=PT1H from server.
Fetching https://www.freeview.co.uk/api/program?sid=46&nid=64403&pid=crid://panorama.five.tv/versions/C5478640010A&start=2026-09-07T23:00:00+0000&duration=PT1H5M from server.
### Wanted 8460 
Fetching https://www.freeview.co.uk/api/program?sid=49&nid=64403&pid=crid://csi.digitaluk.co.uk/067e9361-a44d-4cde-9939-299b294c86ea&start=2026-09-07T01:40:00+0000&duration=PT1H from server.
Fetching https://www.freeview.co.uk/api/program?sid=49&nid=64403&pid=crid://csi.digitaluk.co.uk/74aea159-4433-4b1d-9cf4-23c829158918&start=2026-09-07T02:40:00+0000&duration=PT55M from server.
Fetching https://www.freeview.co.uk/api/program?sid=49&nid=64403&pid=crid://csi.digitaluk.co.uk/edd43ae8-0f72-4f70-9b5f-19bd0516df3a&start=2026-09-07T03:35:00+0000&duration=PT2H25M from server.
Fetching https://www.freeview.co.uk/api/program?sid=49&nid=64403&pid=crid://csi.digitaluk.co.uk/3751adbc-0487-4cec-96ea-c50ead23e3ac&start=2026-09-07T06:00:00+0000&duration=PT2H from server.
Fetching https://www.freeview.co.uk/api/program?sid=49&nid=64403&pid=crid://movida.bebanjo.net/mas/version/77222/005/ASDELIVERED/C&start=2026-09-07T08:00:00+0000&duration=PT1H from server.
Fetching https://www.freeview.co.uk/api/program?sid=49&nid=64403&pid=crid://csi.digitaluk.co.uk/a6293c8d-5755-44a1-af94-a2cb2ca7598f&start=2026-09-07T09:00:00+0000&duration=PT1H from server.
Fetching https://www.freeview.co.uk/api/program?sid=49&nid=64403&pid=crid://csi.digitaluk.co.uk/04034571-0563-44d3-b179-04d6c246ef84&start=2026-09-07T10:00:00+0000&duration=PT1H from server.
Fetching https://www.freeview.co.uk/api/program?sid=49&nid=64403&pid=crid://csi.digitaluk.co.uk/14071b94-7f0c-44e7-a72d-e22a24e5d974&start=2026-09-07T11:00:00+0000&duration=PT1H from server.
Fetching https://www.freeview.co.uk/api/program?sid=49&nid=64403&pid=crid://csi.digitaluk.co.uk/786d9bdf-b831-45da-bb4f-0088025b2b06&start=2026-09-07T12:00:00+0000&duration=PT1H from server.
Fetching https://www.freeview.co.uk/api/program?sid=49&nid=64403&pid=crid://csi.digitaluk.co.uk/6af6bcfb-0288-4fbb-8202-12e41ea4b852&start=2026-09-07T13:00:00+0000&duration=PT1H from server.
Fetching https://www.freeview.co.uk/api/program?sid=49&nid=64403&pid=crid://csi.digitaluk.co.uk/73973d12-652c-47e0-9ca6-e90ec8db0b02&start=2026-09-07T14:00:00+0000&duration=PT30M from server.
Fetching https://www.freeview.co.uk/api/program?sid=49&nid=64403&pid=crid://csi.digitaluk.co.uk/c1fc4b06-e34b-47fe-b00f-5d629bbf0ebc&start=2026-09-07T14:30:00+0000&duration=PT30M from server.
Fetching https://www.freeview.co.uk/api/program?sid=49&nid=64403&pid=crid://csi.digitaluk.co.uk/a1109cbb-4b1c-44e7-bbf9-ed506c09f469&start=2026-09-07T15:00:00+0000&duration=PT30M from server.
Fetching https://www.freeview.co.uk/api/program?sid=49&nid=64403&pid=crid://csi.digitaluk.co.uk/4ccb78b0-e7a6-48a0-a175-4c60ab166121&start=2026-09-07T15:30:00+0000&duration=PT30M from server.
Fetching https://www.freeview.co.uk/api/program?sid=49&nid=64403&pid=crid://csi.digitaluk.co.uk/e29900b2-9fb2-4794-9663-cf272fbcd957&start=2026-09-07T16:00:00+0000&duration=PT30M from server.
Fetching https://www.freeview.co.uk/api/program?sid=49&nid=64403&pid=crid://csi.digitaluk.co.uk/fa38fffc-0db6-424e-80ac-71f4db978d16&start=2026-09-07T16:30:00+0000&duration=PT30M from server.
Fetching https://www.freeview.co.uk/api/program?sid=49&nid=64403&pid=crid://csi.digitaluk.co.uk/99128898-ccb5-401f-8b07-047a5170470e&start=2026-09-07T17:00:00+0000&duration=PT1H from server.
Fetching https://www.freeview.co.uk/api/program?sid=49&nid=64403&pid=crid://csi.digitaluk.co.uk/718acc41-e736-44c2-9352-d8af9e7e5c75&start=2026-09-07T18:00:00+0000&duration=PT1H from server.
Fetching https://www.freeview.co.uk/api/program?sid=49&nid=64403&pid=crid://movida.bebanjo.net/mas/version/77321/004/ASDELIVERED/C&start=2026-09-07T19:00:00+0000&duration=PT1H from server.
Fetching https://www.freeview.co.uk/api/program?sid=49&nid=64403&pid=crid://csi.digitaluk.co.uk/e3635a47-5ceb-4065-9013-78bf1360f115&start=2026-09-07T20:00:00+0000&duration=PT1H from server.
Fetching https://www.freeview.co.uk/api/program?sid=49&nid=64403&pid=crid://csi.digitaluk.co.uk/e1b479b7-68be-4949-aa61-3fd105ae2be4&start=2026-09-07T21:00:00+0000&duration=PT1H5M from server.
Fetching https://www.freeview.co.uk/api/program?sid=49&nid=64403&pid=crid://csi.digitaluk.co.uk/135a3648-4a67-428c-bff2-ebf5a237c37f&start=2026-09-07T22:05:00+0000&duration=PT1H from server.
Fetching https://www.freeview.co.uk/api/program?sid=49&nid=64403&pid=crid://csi.digitaluk.co.uk/1b2af8af-3161-47f7-89ae-41e7f21fa800&start=2026-09-07T23:05:00+0000&duration=PT1H5M from server.
## Wanted 14384 
Fetching https://www.freeview.co.uk/api/program?sid=64&nid=64403&pid=crid://csi.digitaluk.co.uk/8a9779b8-be32-4ae3-96d7-cce627aa2ebd&start=2026-09-07T00:00:00+0000&duration=PT1H from server.
Fetching https://www.freeview.co.uk/api/program?sid=64&nid=64403&pid=crid://csi.digitaluk.co.uk/83701630-95e4-4a14-9855-c28f57ae475c&start=2026-09-07T01:00:00+0000&duration=PT1H from server.
Fetching https://www.freeview.co.uk/api/program?sid=64&nid=64403&pid=crid://csi.digitaluk.co.uk/70fca989-bf44-4b70-90a2-b3dc457c00f6&start=2026-09-07T02:00:00+0000&duration=PT1H from server.
Fetching https://www.freeview.co.uk/api/program?sid=64&nid=64403&pid=crid://csi.digitaluk.co.uk/611031ad-7c89-4b92-bd8d-b65a99914d76&start=2026-09-07T03:00:00+0000&duration=PT1H from server.
Fetching https://www.freeview.co.uk/api/program?sid=64&nid=64403&pid=crid://csi.digitaluk.co.uk/90ac6de3-4340-4f1e-83ca-03aef1606b63&start=2026-09-07T04:00:00+0000&duration=PT1H from server.
Fetching https://www.freeview.co.uk/api/program?sid=64&nid=64403&pid=crid://csi.digitaluk.co.uk/b731ce0f-b179-46df-aece-48282de6d8b2&start=2026-09-07T05:00:00+0000&duration=PT45M from server.
Fetching https://www.freeview.co.uk/api/program?sid=64&nid=64403&pid=crid://csi.digitaluk.co.uk/6d5632af-79e3-4f1d-b8cb-01ec942ecbc4&start=2026-09-07T05:45:00+0000&duration=PT25M from server.
Fetching https://www.freeview.co.uk/api/program?sid=64&nid=64403&pid=crid://csi.digitaluk.co.uk/1dd8488c-92cb-4c63-b572-1f501d5118f3&start=2026-09-07T06:10:00+0000&duration=PT20M from server.
Fetching https://www.freeview.co.uk/api/program?sid=64&nid=64403&pid=crid://csi.digitaluk.co.uk/ae395607-78a0-4668-82fa-289b7f98dfe9&start=2026-09-07T06:30:00+0000&duration=PT30M from server.
Fetching https://www.freeview.co.uk/api/program?sid=64&nid=64403&pid=crid://csi.digitaluk.co.uk/57e2bf1e-39e4-49c5-b35c-b748a238c27e&start=2026-09-07T07:00:00+0000&duration=PT25M from server.
Fetching https://www.freeview.co.uk/api/program?sid=64&nid=64403&pid=crid://csi.digitaluk.co.uk/410109a8-959e-45ca-bf62-b9230a2cd952&start=2026-09-07T07:25:00+0000&duration=PT30M from server.
Fetching https://www.freeview.co.uk/api/program?sid=64&nid=64403&pid=crid://csi.digitaluk.co.uk/8642ff2b-4a26-46ee-a853-c0f964b015a0&start=2026-09-07T07:55:00+0000&duration=PT25M from server.
Fetching https://www.freeview.co.uk/api/program?sid=64&nid=64403&pid=crid://csi.digitaluk.co.uk/019706ef-3467-4d51-afb4-db8a6d5b32c7&start=2026-09-07T08:20:00+0000&duration=PT55M from server.
Fetching https://www.freeview.co.uk/api/program?sid=64&nid=64403&pid=crid://csi.digitaluk.co.uk/98c17b73-4f80-410c-8e31-4552d9a6bd69&start=2026-09-07T09:15:00+0000&duration=PT55M from server.
Fetching https://www.freeview.co.uk/api/program?sid=64&nid=64403&pid=crid://csi.digitaluk.co.uk/6a5e9115-e70d-4465-9d0e-bbe65477d543&start=2026-09-07T10:10:00+0000&duration=PT1H from server.
Fetching https://www.freeview.co.uk/api/program?sid=64&nid=64403&pid=crid://csi.digitaluk.co.uk/1c349b4f-d51f-47ed-83d6-db15c1b72349&start=2026-09-07T11:10:00+0000&duration=PT55M from server.
Fetching https://www.freeview.co.uk/api/program?sid=64&nid=64403&pid=crid://csi.digitaluk.co.uk/3c38f325-b9e9-490a-8af3-2248d1c1fa9a&start=2026-09-07T12:05:00+0000&duration=PT30M from server.
Fetching https://www.freeview.co.uk/api/program?sid=64&nid=64403&pid=crid://csi.digitaluk.co.uk/662a66be-6475-4ac0-b4eb-c0dd94ca4001&start=2026-09-07T12:35:00+0000&duration=PT30M from server.
Fetching https://www.freeview.co.uk/api/program?sid=64&nid=64403&pid=crid://csi.digitaluk.co.uk/b773fc58-a991-4ed7-b702-3b8aec2325f0&start=2026-09-07T13:05:00+0000&duration=PT30M from server.
Fetching https://www.freeview.co.uk/api/program?sid=64&nid=64403&pid=crid://csi.digitaluk.co.uk/cf55e06e-c0b1-471f-b7a9-5f9da35eb007&start=2026-09-07T13:35:00+0000&duration=PT30M from server.
Fetching https://www.freeview.co.uk/api/program?sid=64&nid=64403&pid=crid://csi.digitaluk.co.uk/a5409dae-272e-4a3f-a6f7-4c75ce4835b7&start=2026-09-07T14:05:00+0000&duration=PT1H from server.
Fetching https://www.freeview.co.uk/api/program?sid=64&nid=64403&pid=crid://csi.digitaluk.co.uk/a77081d6-f30c-487f-b657-c04eea89eca5&start=2026-09-07T15:05:00+0000&duration=PT55M from server.
Fetching https://www.freeview.co.uk/api/program?sid=64&nid=64403&pid=crid://csi.digitaluk.co.uk/e86badf5-5669-492d-9b0b-71f635ec80f4&start=2026-09-07T16:00:00+0000&duration=PT30M from server.
Fetching https://www.freeview.co.uk/api/program?sid=64&nid=64403&pid=crid://csi.digitaluk.co.uk/298fa599-6c04-4695-ab5b-bb9901ec284c&start=2026-09-07T16:30:00+0000&duration=PT30M from server.
Fetching https://www.freeview.co.uk/api/program?sid=64&nid=64403&pid=crid://csi.digitaluk.co.uk/b15381a1-6a46-4d65-a95e-4896385ac166&start=2026-09-07T17:00:00+0000&duration=PT1H from server.
Fetching https://www.freeview.co.uk/api/program?sid=64&nid=64403&pid=crid://csi.digitaluk.co.uk/4f3487f3-4e58-47fc-aec9-15f56f9fb4c4&start=2026-09-07T18:00:00+0000&duration=PT1H from server.
Fetching https://www.freeview.co.uk/api/program?sid=64&nid=64403&pid=crid://csi.digitaluk.co.uk/4195692e-ab17-4d26-bd3f-a4947fe433a2&start=2026-09-07T19:00:00+0000&duration=PT1H from server.
Fetching https://www.freeview.co.uk/api/program?sid=64&nid=64403&pid=crid://csi.digitaluk.co.uk/1f553ec2-b219-4417-83a1-a4a2502e0668&start=2026-09-07T20:00:00+0000&duration=PT1H from server.
Fetching https://www.freeview.co.uk/api/program?sid=64&nid=64403&pid=crid://csi.digitaluk.co.uk/d3485207-33a7-476b-95da-5414586e8d93&start=2026-09-07T21:00:00+0000&duration=PT1H from server.
Fetching https://www.freeview.co.uk/api/program?sid=64&nid=64403&pid=crid://csi.digitaluk.co.uk/1e794cbd-36a8-45c1-bab5-e7785c2ec94c&start=2026-09-07T22:00:00+0000&duration=PT1H from server.
Fetching https://www.freeview.co.uk/api/program?sid=64&nid=64403&pid=crid://csi.digitaluk.co.uk/06b591f9-4b8f-43ea-8921-3b7f0a9780bd&start=2026-09-07T23:00:00+0000&duration=PT1H from server.
### Wanted 17856 
Fetching https://www.freeview.co.uk/api/program?sid=103&nid=64403&pid=crid://csi.digitaluk.co.uk/e0b60ba6-defc-45d4-9a5c-c01b9d3cfa5b&start=2026-09-07T02:00:00+0000&duration=PT50M from server.
Fetching https://www.freeview.co.uk/api/program?sid=103&nid=64403&pid=crid://csi.digitaluk.co.uk/cb36c6db-26ea-4016-bcb9-eb0f93673dfe&start=2026-09-07T02:50:00+0000&duration=PT1H15M from server.
Fetching https://www.freeview.co.uk/api/program?sid=103&nid=64403&pid=crid://csi.digitaluk.co.uk/39276c12-9ede-44ed-9847-3dfefc108f86&start=2026-09-07T04:05:00+0000&duration=PT55M from server.
Fetching https://www.freeview.co.uk/api/program?sid=103&nid=64403&pid=crid://csi.digitaluk.co.uk/4b9e4436-0752-4a05-b0a2-3f83467f5966&start=2026-09-07T05:00:00+0000&duration=PT3H30M from server.
Fetching https://www.freeview.co.uk/api/program?sid=103&nid=64403&pid=crid://csi.digitaluk.co.uk/2416bf18-5fab-4b24-ac2f-5d60a2dcd647&start=2026-09-07T08:30:00+0000&duration=PT30M from server.
Fetching https://www.freeview.co.uk/api/program?sid=103&nid=64403&pid=crid://csi.digitaluk.co.uk/721418e0-4de5-4897-9486-dd8ccbf89049&start=2026-09-07T09:00:00+0000&duration=PT2H30M from server.
Fetching https://www.freeview.co.uk/api/program?sid=103&nid=64403&pid=crid://csi.digitaluk.co.uk/22228463-b8c4-4a36-8862-cffa388ef20e&start=2026-09-07T11:30:00+0000&duration=PT1H from server.
Fetching https://www.freeview.co.uk/api/program?sid=103&nid=64403&pid=crid://csi.digitaluk.co.uk/946d3d10-9834-472d-ab1b-9e585522f99a&start=2026-09-07T12:30:00+0000&duration=PT25M from server.
Fetching https://www.freeview.co.uk/api/program?sid=103&nid=64403&pid=crid://csi.digitaluk.co.uk/c82c752e-c8ab-49ee-8921-abdc980bd04b&start=2026-09-07T12:55:00+0000&duration=PT5M from server.
Fetching https://www.freeview.co.uk/api/program?sid=103&nid=64403&pid=crid://csi.digitaluk.co.uk/2b241936-b3f8-4f60-aad3-98c9145bf938&start=2026-09-07T13:00:00+0000&duration=PT1H from server.
Fetching https://www.freeview.co.uk/api/program?sid=103&nid=64403&pid=crid://csi.digitaluk.co.uk/51fa4e47-a599-4ce6-bdbe-94e2e450960d&start=2026-09-07T14:00:00+0000&duration=PT1H from server.
Fetching https://www.freeview.co.uk/api/program?sid=103&nid=64403&pid=crid://csi.digitaluk.co.uk/bce0e50a-4dbd-4d74-8156-6ac99c82365b&start=2026-09-07T15:00:00+0000&duration=PT1H from server.
Fetching https://www.freeview.co.uk/api/program?sid=103&nid=64403&pid=crid://csi.digitaluk.co.uk/a257ac6d-d1ce-4eba-9a54-e66689dd8d6b&start=2026-09-07T16:00:00+0000&duration=PT1H from server.
Fetching https://www.freeview.co.uk/api/program?sid=103&nid=64403&pid=crid://csi.digitaluk.co.uk/15609b37-fc81-42bc-b24d-63057bd609ee&start=2026-09-07T17:00:00+0000&duration=PT25M from server.
Fetching https://www.freeview.co.uk/api/program?sid=103&nid=64403&pid=crid://csi.digitaluk.co.uk/9aaa1ba6-7b34-4eda-b090-1ee5a3948550&start=2026-09-07T17:25:00+0000&duration=PT5M from server.
Fetching https://www.freeview.co.uk/api/program?sid=103&nid=64403&pid=crid://csi.digitaluk.co.uk/3a701af9-9638-4b33-992e-f3236bc2e439&start=2026-09-07T17:30:00+0000&duration=PT1H from server.
Fetching https://www.freeview.co.uk/api/program?sid=103&nid=64403&pid=crid://csi.digitaluk.co.uk/5b36ba86-9f13-4609-be5b-66e67c048015&start=2026-09-07T18:30:00+0000&duration=PT30M from server.
Fetching https://www.freeview.co.uk/api/program?sid=103&nid=64403&pid=crid://csi.digitaluk.co.uk/31371f4f-76bc-4b10-8151-cabbec4acf8a&start=2026-09-07T19:00:00+0000&duration=PT30M from server.
Fetching https://www.freeview.co.uk/api/program?sid=103&nid=64403&pid=crid://csi.digitaluk.co.uk/67eda393-312c-4d5d-9a9f-6aa54c2ac7a6&start=2026-09-07T19:30:00+0000&duration=PT30M from server.
Fetching https://www.freeview.co.uk/api/program?sid=103&nid=64403&pid=crid://csi.digitaluk.co.uk/b66d125b-31a6-4b96-a1b4-bd0d022deeea&start=2026-09-07T20:00:00+0000&duration=PT1H from server.
Fetching https://www.freeview.co.uk/api/program?sid=103&nid=64403&pid=crid://csi.digitaluk.co.uk/588e15ac-6121-41e3-bb36-55a543df373f&start=2026-09-07T21:00:00+0000&duration=PT30M from server.
Fetching https://www.freeview.co.uk/api/program?sid=103&nid=64403&pid=crid://csi.digitaluk.co.uk/aaeb1131-8bb0-4dea-8873-f5d21316eefd&start=2026-09-07T21:30:00+0000&duration=PT10M from server.
Fetching https://www.freeview.co.uk/api/program?sid=103&nid=64403&pid=crid://csi.digitaluk.co.uk/6a0b7b8a-b148-4f18-a5ef-794a5b508881&start=2026-09-07T21:40:00+0000&duration=PT25M from server.
Fetching https://www.freeview.co.uk/api/program?sid=103&nid=64403&pid=crid://csi.digitaluk.co.uk/db220484-4dbd-4a81-964f-b13da127fab4&start=2026-09-07T22:05:00+0000&duration=PT55M from server.
Fetching https://www.freeview.co.uk/api/program?sid=103&nid=64403&pid=crid://csi.digitaluk.co.uk/b9e68983-c2e9-4767-a610-425809e72e43&start=2026-09-07T23:00:00+0000&duration=PT3H from server.
## Wanted 22080 
Fetching https://www.freeview.co.uk/api/program?sid=233&nid=64403&pid=crid://csi.digitaluk.co.uk/8960832f-6b28-43d8-80eb-15062c1606ad&start=2026-09-07T00:00:00+0000&duration=PT1H from server.
Fetching https://www.freeview.co.uk/api/program?sid=233&nid=64403&pid=crid://csi.digitaluk.co.uk/803c6214-1c2d-4096-9de3-1c0655769e70&start=2026-09-07T01:00:00+0000&duration=PT1H from server.
Fetching https://www.freeview.co.uk/api/program?sid=233&nid=64403&pid=crid://csi.digitaluk.co.uk/64667409-f2e1-4684-b172-14c792471f75&start=2026-09-07T02:00:00+0000&duration=PT1H from server.
Fetching https://www.freeview.co.uk/api/program?sid=233&nid=64403&pid=crid://csi.digitaluk.co.uk/5f9535fa-d54b-4257-a7eb-3e673bd2d4ac&start=2026-09-07T03:00:00+0000&duration=PT1H from server.
Fetching https://www.freeview.co.uk/api/program?sid=233&nid=64403&pid=crid://csi.digitaluk.co.uk/73f1eb28-d292-4dea-b058-88f625bd6e8e&start=2026-09-07T04:00:00+0000&duration=PT1H from server.
Fetching https://www.freeview.co.uk/api/program?sid=233&nid=64403&pid=crid://csi.digitaluk.co.uk/ccc2560d-4715-4f47-9278-8f64fc988d25&start=2026-09-07T05:00:00+0000&duration=PT30M from server.
Fetching https://www.freeview.co.uk/api/program?sid=233&nid=64403&pid=crid://csi.digitaluk.co.uk/d4822d52-9eed-45a8-8304-1f818838f4a5&start=2026-09-07T05:30:00+0000&duration=PT30M from server.
Fetching https://www.freeview.co.uk/api/program?sid=233&nid=64403&pid=crid://csi.digitaluk.co.uk/dd8ae287-5d4b-420b-9694-99c779a930b2&start=2026-09-07T06:00:00+0000&duration=PT30M from server.
Fetching https://www.freeview.co.uk/api/program?sid=233&nid=64403&pid=crid://csi.digitaluk.co.uk/c2af15ff-82e9-40fe-88e1-7dd4b75617df&start=2026-09-07T06:30:00+0000&duration=PT30M from server.
Fetching https://www.freeview.co.uk/api/program?sid=233&nid=64403&pid=crid://csi.digitaluk.co.uk/7d24e77e-eb50-40c7-ab13-e8bd447b5538&start=2026-09-07T07:00:00+0000&duration=PT30M from server.
Fetching https://www.freeview.co.uk/api/program?sid=233&nid=64403&pid=crid://csi.digitaluk.co.uk/5ba288d3-f63b-4084-843c-7a6f9c06829a&start=2026-09-07T07:30:00+0000&duration=PT30M from server.
Fetching https://www.freeview.co.uk/api/program?sid=233&nid=64403&pid=crid://csi.digitaluk.co.uk/2f887197-7317-4013-81bf-d560bf08c4f6&start=2026-09-07T08:00:00+0000&duration=PT30M from server.
Fetching https://www.freeview.co.uk/api/program?sid=233&nid=64403&pid=crid://csi.digitaluk.co.uk/a8a91718-ae13-46ab-a4b6-ed5d219b3c10&start=2026-09-07T08:30:00+0000&duration=PT30M from server.
Fetching https://www.freeview.co.uk/api/program?sid=233&nid=64403&pid=crid://csi.digitaluk.co.uk/8e6e382e-27a5-497d-a0f7-cbb158dc9182&start=2026-09-07T09:00:00+0000&duration=PT30M from server.
Fetching https://www.freeview.co.uk/api/program?sid=233&nid=64403&pid=crid://csi.digitaluk.co.uk/b39fd3f1-f56b-4289-8f8c-3f41cce3091f&start=2026-09-07T09:30:00+0000&duration=PT30M from server.
Fetching https://www.freeview.co.uk/api/program?sid=233&nid=64403&pid=crid://csi.digitaluk.co.uk/2d060f17-71b0-4291-a57d-d17ea9b60b22&start=2026-09-07T10:00:00+0000&duration=PT30M from server.
Fetching https://www.freeview.co.uk/api/program?sid=233&nid=64403&pid=crid://csi.digitaluk.co.uk/5891071f-0435-40d6-9de2-eaf89cce142f&start=2026-09-07T10:30:00+0000&duration=PT30M from server.
Fetching https://www.freeview.co.uk/api/program?sid=233&nid=64403&pid=crid://csi.digitaluk.co.uk/aaa842f2-c6b2-4255-a220-e5bf9c782192&start=2026-09-07T11:00:00+0000&duration=PT30M from server.
Fetching https://www.freeview.co.uk/api/program?sid=233&nid=64403&pid=crid://csi.digitaluk.co.uk/76e1ab7e-c067-43cc-81b4-eaf2e8e66a08&start=2026-09-07T11:30:00+0000&duration=PT30M from server.
Fetching https://www.freeview.co.uk/api/program?sid=233&nid=64403&pid=crid://csi.digitaluk.co.uk/39a794ca-abab-464f-8d15-bc3a5354baeb&start=2026-09-07T12:00:00+0000&duration=PT30M from server.
Fetching https://www.freeview.co.uk/api/program?sid=233&nid=64403&pid=crid://csi.digitaluk.co.uk/1d8e89e4-c014-49ee-bb01-672fc5c90686&start=2026-09-07T12:30:00+0000&duration=PT30M from server.
Fetching https://www.freeview.co.uk/api/program?sid=233&nid=64403&pid=crid://csi.digitaluk.co.uk/15b833ee-8c0f-41e8-b124-bc211c19a0f2&start=2026-09-07T13:00:00+0000&duration=PT30M from server.
Fetching https://www.freeview.co.uk/api/program?sid=233&nid=64403&pid=crid://csi.digitaluk.co.uk/a17a84b2-9cd3-4524-a338-5c96c1b53a93&start=2026-09-07T13:30:00+0000&duration=PT30M from server.
Fetching https://www.freeview.co.uk/api/program?sid=233&nid=64403&pid=crid://csi.digitaluk.co.uk/8413088d-be7b-4849-bba5-93097e0f62ac&start=2026-09-07T14:00:00+0000&duration=PT30M from server.
Fetching https://www.freeview.co.uk/api/program?sid=233&nid=64403&pid=crid://csi.digitaluk.co.uk/5634fc1c-bb73-4ff0-87e0-a0b15b3e418f&start=2026-09-07T14:30:00+0000&duration=PT30M from server.
Fetching https://www.freeview.co.uk/api/program?sid=233&nid=64403&pid=crid://csi.digitaluk.co.uk/cf9be3ee-6ea3-4acf-ab8c-f0aee5ff4ec4&start=2026-09-07T15:00:00+0000&duration=PT30M from server.
Fetching https://www.freeview.co.uk/api/program?sid=233&nid=64403&pid=crid://csi.digitaluk.co.uk/47f3831b-73d7-47fd-814f-a274eaa93ac5&start=2026-09-07T15:30:00+0000&duration=PT30M from server.
Fetching https://www.freeview.co.uk/api/program?sid=233&nid=64403&pid=crid://csi.digitaluk.co.uk/3d5df1f9-df0e-4272-8be5-591c0d141ae1&start=2026-09-07T16:00:00+0000&duration=PT30M from server.
Fetching https://www.freeview.co.uk/api/program?sid=233&nid=64403&pid=crid://csi.digitaluk.co.uk/5afe6015-2555-4207-a7d1-44c4bab6256c&start=2026-09-07T16:30:00+0000&duration=PT30M from server.
Fetching https://www.freeview.co.uk/api/program?sid=233&nid=64403&pid=crid://csi.digitaluk.co.uk/23129500-2c1b-4d97-9990-9b963973cbe1&start=2026-09-07T17:00:00+0000&duration=PT30M from server.
Fetching https://www.freeview.co.uk/api/program?sid=233&nid=64403&pid=crid://csi.digitaluk.co.uk/d2600b59-42ac-4384-802e-90fd0274ba6c&start=2026-09-07T17:30:00+0000&duration=PT30M from server.
Fetching https://www.freeview.co.uk/api/program?sid=233&nid=64403&pid=crid://csi.digitaluk.co.uk/f2ab07f8-32af-4ceb-b499-385672d5a645&start=2026-09-07T18:00:00+0000&duration=PT1H from server.
Fetching https://www.freeview.co.uk/api/program?sid=233&nid=64403&pid=crid://csi.digitaluk.co.uk/943d84db-23d6-4112-a7b7-2a69a2eae536&start=2026-09-07T19:00:00+0000&duration=PT1H from server.
Fetching https://www.freeview.co.uk/api/program?sid=233&nid=64403&pid=crid://csi.digitaluk.co.uk/1d5a5d1b-cd63-44aa-9082-3862304c8515&start=2026-09-07T20:00:00+0000&duration=PT1H from server.
Fetching https://www.freeview.co.uk/api/program?sid=233&nid=64403&pid=crid://csi.digitaluk.co.uk/6e5ca246-0cd9-4a96-88f1-6e13f0fdb600&start=2026-09-07T21:00:00+0000&duration=PT30M from server.
Fetching https://www.freeview.co.uk/api/program?sid=233&nid=64403&pid=crid://csi.digitaluk.co.uk/5da90a54-d74f-4877-a1c3-f8203990d2b9&start=2026-09-07T21:30:00+0000&duration=PT30M from server.
Fetching https://www.freeview.co.uk/api/program?sid=233&nid=64403&pid=crid://csi.digitaluk.co.uk/6d1dd5ea-0c99-42bc-bf7d-ba6cbd1f317a&start=2026-09-07T22:00:00+0000&duration=PT30M from server.
Fetching https://www.freeview.co.uk/api/program?sid=233&nid=64403&pid=crid://csi.digitaluk.co.uk/c902d716-7a5a-4069-a394-796da1369e58&start=2026-09-07T22:30:00+0000&duration=PT30M from server.
Fetching https://www.freeview.co.uk/api/program?sid=233&nid=64403&pid=crid://csi.digitaluk.co.uk/7992f9bc-5a12-4216-a005-9cf6413ca6bc&start=2026-09-07T23:00:00+0000&duration=PT1H from server.
###
