tv_grab_uk_freeview, 2026-09-25 00:10:38
----------------------------------------
getting list of channels:  URL= https://www.freeview.co.uk/api/channel-list?nid=64403 
Fetching https://www.freeview.co.uk/api/channel-list?nid=64403 from server.
##################################################
using cache '/home/runner/work/xmltv/xmltv/scripts//.xmltv/cache' 
using channel format 'number' 
using region id '64403' 
using icon ch string '?w=160' 
using icon pg string '?w=800' 
fetch 20 channels 
start/end grab: 1790812800 1790899200 
getting listings:  URL= https://www.freeview.co.uk/api/tv-guide?nid=64403&start=1790812800 
Fetching https://www.freeview.co.uk/api/tv-guide?nid=64403&start=1790812800 from server.
 Wanted 8384 
Fetching https://www.freeview.co.uk/api/program?sid=4&nid=64403&pid=crid://csi.digitaluk.co.uk/091aaa55-fd2d-4c3c-a004-5c4e4455867f&start=2026-10-01T00:30:00+0000&duration=PT50M from server.
Fetching https://www.freeview.co.uk/api/program?sid=4&nid=64403&pid=crid://csi.digitaluk.co.uk/2f2f6440-c9e2-4c6b-97e3-57ea3cf3b4a3&start=2026-10-01T01:20:00+0000&duration=PT1H50M from server.
Fetching https://www.freeview.co.uk/api/program?sid=4&nid=64403&pid=crid://csi.digitaluk.co.uk/da867582-4682-4439-905e-c3a2a889d09e&start=2026-10-01T03:10:00+0000&duration=PT15M from server.
Fetching https://www.freeview.co.uk/api/program?sid=4&nid=64403&pid=crid://csi.digitaluk.co.uk/08037b19-ae8b-4bbe-b4fa-689747cbaaf6&start=2026-10-01T03:25:00+0000&duration=PT30M from server.
Fetching https://www.freeview.co.uk/api/program?sid=4&nid=64403&pid=crid://csi.digitaluk.co.uk/7fd3fd23-9121-4a71-ac5f-5ace505e0292&start=2026-10-01T03:55:00+0000&duration=PT55M from server.
Fetching https://www.freeview.co.uk/api/program?sid=4&nid=64403&pid=crid://csi.digitaluk.co.uk/d5e9a0ef-d23f-4a10-ba21-299f22c52dc1&start=2026-10-01T04:50:00+0000&duration=PT40M from server.
Fetching https://www.freeview.co.uk/api/program?sid=4&nid=64403&pid=crid://csi.digitaluk.co.uk/837b8e0c-20f7-4492-8496-424df98fcebf&start=2026-10-01T05:30:00+0000&duration=PT25M from server.
Fetching https://www.freeview.co.uk/api/program?sid=4&nid=64403&pid=crid://csi.digitaluk.co.uk/70f30bba-6af2-4447-8890-e8c54a60ba5c&start=2026-10-01T05:55:00+0000&duration=PT25M from server.
Fetching https://www.freeview.co.uk/api/program?sid=4&nid=64403&pid=crid://csi.digitaluk.co.uk/121e90b6-da62-4afa-8889-b6fa9260891f&start=2026-10-01T06:20:00+0000&duration=PT25M from server.
Fetching https://www.freeview.co.uk/api/program?sid=4&nid=64403&pid=crid://csi.digitaluk.co.uk/7a2b05e1-1652-4b4a-b187-7315c6819ebd&start=2026-10-01T06:45:00+0000&duration=PT25M from server.
Fetching https://www.freeview.co.uk/api/program?sid=4&nid=64403&pid=crid://csi.digitaluk.co.uk/60542349-b9a7-4ba9-a631-97cd1b94a18e&start=2026-10-01T07:10:00+0000&duration=PT30M from server.
Fetching https://www.freeview.co.uk/api/program?sid=4&nid=64403&pid=crid://csi.digitaluk.co.uk/183c1491-e1e8-451d-b1e8-c115cf2ec911&start=2026-10-01T07:40:00+0000&duration=PT30M from server.
Fetching https://www.freeview.co.uk/api/program?sid=4&nid=64403&pid=crid://csi.digitaluk.co.uk/88d7f67e-09f9-4f38-9b73-f8adc7da81b8&start=2026-10-01T08:10:00+0000&duration=PT30M from server.
Fetching https://www.freeview.co.uk/api/program?sid=4&nid=64403&pid=crid://csi.digitaluk.co.uk/f249509f-c92c-44c8-b89c-e06974efe9e3&start=2026-10-01T08:40:00+0000&duration=PT30M from server.
Fetching https://www.freeview.co.uk/api/program?sid=4&nid=64403&pid=crid://csi.digitaluk.co.uk/6dd25d39-c8cc-46e6-ab17-bc6361cc4c94&start=2026-10-01T09:10:00+0000&duration=PT30M from server.
Fetching https://www.freeview.co.uk/api/program?sid=4&nid=64403&pid=crid://csi.digitaluk.co.uk/cda3cfad-613f-402e-b182-cc74aabb41e4&start=2026-10-01T09:40:00+0000&duration=PT30M from server.
Fetching https://www.freeview.co.uk/api/program?sid=4&nid=64403&pid=crid://csi.digitaluk.co.uk/426e5cd7-a139-429d-9226-6015558f6c90&start=2026-10-01T10:10:00+0000&duration=PT55M from server.
Fetching https://www.freeview.co.uk/api/program?sid=4&nid=64403&pid=crid://csi.digitaluk.co.uk/8f159dfb-9cec-471c-a1a3-266170d2b602&start=2026-10-01T11:05:00+0000&duration=PT5M from server.
Fetching https://www.freeview.co.uk/api/program?sid=4&nid=64403&pid=crid://csi.digitaluk.co.uk/68a053e2-287d-4f1f-b9f4-3c197c77c9de&start=2026-10-01T11:10:00+0000&duration=PT1H from server.
Fetching https://www.freeview.co.uk/api/program?sid=4&nid=64403&pid=crid://csi.digitaluk.co.uk/42d6b7fe-267a-4465-934b-8a6d09b469a8&start=2026-10-01T12:10:00+0000&duration=PT1H from server.
Fetching https://www.freeview.co.uk/api/program?sid=4&nid=64403&pid=crid://movida.bebanjo.net/mas/version/77002/129/ASDELIVERED/C&start=2026-10-01T13:10:00+0000&duration=PT50M from server.
Fetching https://www.freeview.co.uk/api/program?sid=4&nid=64403&pid=crid://csi.digitaluk.co.uk/90e3ea3e-6fbc-4a6e-980a-bfc9128178d7&start=2026-10-01T14:00:00+0000&duration=PT1H from server.
Fetching https://www.freeview.co.uk/api/program?sid=4&nid=64403&pid=crid://movida.bebanjo.net/mas/version/77004/019/ASDELIVERED/C&start=2026-10-01T15:00:00+0000&duration=PT1H from server.
Fetching https://www.freeview.co.uk/api/program?sid=4&nid=64403&pid=crid://movida.bebanjo.net/mas/version/77206/044/ASDELIVERED/C&start=2026-10-01T16:00:00+0000&duration=PT30M from server.
Fetching https://www.freeview.co.uk/api/program?sid=4&nid=64403&pid=crid://csi.digitaluk.co.uk/da8b75a4-1784-4735-9aa3-348c920ec9e8&start=2026-10-01T16:30:00+0000&duration=PT30M from server.
Fetching https://www.freeview.co.uk/api/program?sid=4&nid=64403&pid=crid://csi.digitaluk.co.uk/70ffbccd-f1f9-43e8-9982-7ddd26cbb7e7&start=2026-10-01T17:00:00+0000&duration=PT1H from server.
Fetching https://www.freeview.co.uk/api/program?sid=4&nid=64403&pid=crid://csi.digitaluk.co.uk/4cfdb1f5-80a6-4f64-adb2-d268aa9ffcbe&start=2026-10-01T18:00:00+0000&duration=PT1H from server.
Fetching https://www.freeview.co.uk/api/program?sid=4&nid=64403&pid=crid://csi.digitaluk.co.uk/7780f27c-eb73-426b-ac4a-bf2b09df5233&start=2026-10-01T19:00:00+0000&duration=PT1H from server.
Fetching https://www.freeview.co.uk/api/program?sid=4&nid=64403&pid=crid://csi.digitaluk.co.uk/c2176062-238a-4b87-b08a-38a0a45b6ac1&start=2026-10-01T20:00:00+0000&duration=PT1H from server.
Fetching https://www.freeview.co.uk/api/program?sid=4&nid=64403&pid=crid://csi.digitaluk.co.uk/7c3a33fd-dcc5-46ca-bb0c-bbda9be7c88e&start=2026-10-01T21:00:00+0000&duration=PT30M from server.
Fetching https://www.freeview.co.uk/api/program?sid=4&nid=64403&pid=crid://csi.digitaluk.co.uk/07016966-97a1-4af4-b3d2-d9041955626e&start=2026-10-01T21:30:00+0000&duration=PT35M from server.
Fetching https://www.freeview.co.uk/api/program?sid=4&nid=64403&pid=crid://csi.digitaluk.co.uk/8705ce3b-ea58-4340-81c6-2cc3d07203c3&start=2026-10-01T22:05:00+0000&duration=PT1H from server.
Fetching https://www.freeview.co.uk/api/program?sid=4&nid=64403&pid=crid://movida.bebanjo.net/mas/version/77631/002/POSTWATERSHED2100/C&start=2026-10-01T23:05:00+0000&duration=PT1H from server.
## Wanted 8500 
Fetching https://www.freeview.co.uk/api/program?sid=5&nid=64403&pid=crid://panorama.five.tv/versions/C5349600001A&start=2026-10-01T00:00:00+0000&duration=PT1H from server.
Fetching https://www.freeview.co.uk/api/program?sid=5&nid=64403&pid=crid://panorama.five.tv/versions/C5470140001A&start=2026-10-01T01:00:00+0000&duration=PT45M from server.
Fetching https://www.freeview.co.uk/api/program?sid=5&nid=64403&pid=crid://panorama.five.tv/versions/C5495570003B&start=2026-10-01T01:45:00+0000&duration=PT50M from server.
Fetching https://www.freeview.co.uk/api/program?sid=5&nid=64403&pid=crid://panorama.five.tv/versions/C5509520003B&start=2026-10-01T02:35:00+0000&duration=PT50M from server.
Fetching https://www.freeview.co.uk/api/program?sid=5&nid=64403&pid=crid://panorama.five.tv/versions/C5316600005A&start=2026-10-01T03:25:00+0000&duration=PT25M from server.
Fetching https://www.freeview.co.uk/api/program?sid=5&nid=64403&pid=crid://panorama.five.tv/versions/C5316600006A&start=2026-10-01T03:50:00+0000&duration=PT25M from server.
Fetching https://www.freeview.co.uk/api/program?sid=5&nid=64403&pid=crid://panorama.five.tv/versions/C5522700040A&start=2026-10-01T04:15:00+0000&duration=PT15M from server.
Fetching https://www.freeview.co.uk/api/program?sid=5&nid=64403&pid=crid://csi.digitaluk.co.uk/3b1db112-25af-4420-89af-f4c89d2f27d7&start=2026-10-01T04:30:00+0000&duration=PT15M from server.
Fetching https://www.freeview.co.uk/api/program?sid=5&nid=64403&pid=crid://panorama.five.tv/versions/C5457060010A&start=2026-10-01T04:45:00+0000&duration=PT15M from server.
Fetching https://www.freeview.co.uk/api/program?sid=5&nid=64403&pid=crid://csi.digitaluk.co.uk/955cd7ce-243f-4fa5-87f2-dad9f17282a9&start=2026-10-01T05:00:00+0000&duration=PT5M from server.
Fetching https://www.freeview.co.uk/api/program?sid=5&nid=64403&pid=crid://csi.digitaluk.co.uk/a2c336fb-5c68-4528-923f-185243f56879&start=2026-10-01T05:05:00+0000&duration=PT5M from server.
Fetching https://www.freeview.co.uk/api/program?sid=5&nid=64403&pid=crid://csi.digitaluk.co.uk/a5612e66-6e71-49ac-aa86-5a8abbd2021e&start=2026-10-01T05:10:00+0000&duration=PT5M from server.
Fetching https://www.freeview.co.uk/api/program?sid=5&nid=64403&pid=crid://csi.digitaluk.co.uk/0a3df990-8f06-4d14-b2c0-ec977e245d00&start=2026-10-01T05:15:00+0000&duration=PT5M from server.
Fetching https://www.freeview.co.uk/api/program?sid=5&nid=64403&pid=crid://csi.digitaluk.co.uk/9e45953b-f38c-4896-8520-251c4a47a85b&start=2026-10-01T05:20:00+0000&duration=PT15M from server.
Fetching https://www.freeview.co.uk/api/program?sid=5&nid=64403&pid=crid://csi.digitaluk.co.uk/7f9029ef-60af-40f9-b28b-c2c0591565ec&start=2026-10-01T05:35:00+0000&duration=PT10M from server.
Fetching https://www.freeview.co.uk/api/program?sid=5&nid=64403&pid=crid://csi.digitaluk.co.uk/494510df-7b06-4da5-8d9a-37c4fa75eb5b&start=2026-10-01T05:45:00+0000&duration=PT5M from server.
Fetching https://www.freeview.co.uk/api/program?sid=5&nid=64403&pid=crid://csi.digitaluk.co.uk/a941bf1e-8f6e-4976-a91c-0abf98e0be43&start=2026-10-01T05:50:00+0000&duration=PT5M from server.
Fetching https://www.freeview.co.uk/api/program?sid=5&nid=64403&pid=crid://csi.digitaluk.co.uk/0040c696-2803-4d0e-9ca8-a884d1162726&start=2026-10-01T05:55:00+0000&duration=PT15M from server.
Fetching https://www.freeview.co.uk/api/program?sid=5&nid=64403&pid=crid://csi.digitaluk.co.uk/c5c7dfd3-66e3-4046-b93e-367d237ad782&start=2026-10-01T06:10:00+0000&duration=PT10M from server.
Fetching https://www.freeview.co.uk/api/program?sid=5&nid=64403&pid=crid://csi.digitaluk.co.uk/2628354e-f6a6-43c3-b58c-1e2dc9af535c&start=2026-10-01T06:20:00+0000&duration=PT10M from server.
Fetching https://www.freeview.co.uk/api/program?sid=5&nid=64403&pid=crid://csi.digitaluk.co.uk/fff1cdfc-aedf-4664-80dd-2c79f66adb35&start=2026-10-01T06:30:00+0000&duration=PT10M from server.
Fetching https://www.freeview.co.uk/api/program?sid=5&nid=64403&pid=crid://csi.digitaluk.co.uk/e44d2423-4a36-46a5-85d1-d674df59e461&start=2026-10-01T06:40:00+0000&duration=PT5M from server.
Fetching https://www.freeview.co.uk/api/program?sid=5&nid=64403&pid=crid://csi.digitaluk.co.uk/22fb9e6e-b65c-4949-b6db-12fbd485952a&start=2026-10-01T06:45:00+0000&duration=PT15M from server.
Fetching https://www.freeview.co.uk/api/program?sid=5&nid=64403&pid=crid://csi.digitaluk.co.uk/ecb00ee5-212f-4deb-a58a-bb38197f6250&start=2026-10-01T07:00:00+0000&duration=PT15M from server.
Fetching https://www.freeview.co.uk/api/program?sid=5&nid=64403&pid=crid://csi.digitaluk.co.uk/0e68b8d0-9505-4f2e-9bee-8ac2378891b5&start=2026-10-01T07:15:00+0000&duration=PT15M from server.
Fetching https://www.freeview.co.uk/api/program?sid=5&nid=64403&pid=crid://csi.digitaluk.co.uk/6837e571-11dd-4c6f-9eee-fa9c5e71ebc0&start=2026-10-01T07:30:00+0000&duration=PT10M from server.
Fetching https://www.freeview.co.uk/api/program?sid=5&nid=64403&pid=crid://panorama.five.tv/versions/C5115230011C&start=2026-10-01T07:40:00+0000&duration=PT5M from server.
Fetching https://www.freeview.co.uk/api/program?sid=5&nid=64403&pid=crid://panorama.five.tv/versions/C5115230012C&start=2026-10-01T07:45:00+0000&duration=PT5M from server.
Fetching https://www.freeview.co.uk/api/program?sid=5&nid=64403&pid=crid://panorama.five.tv/versions/C5115230013C&start=2026-10-01T07:50:00+0000&duration=PT5M from server.
Fetching https://www.freeview.co.uk/api/program?sid=5&nid=64403&pid=crid://csi.digitaluk.co.uk/45686503-7cfd-4009-a2a9-6ea1f5d80446&start=2026-10-01T07:55:00+0000&duration=PT10M from server.
Fetching https://www.freeview.co.uk/api/program?sid=5&nid=64403&pid=crid://csi.digitaluk.co.uk/e76d4929-37f4-4a40-8405-e0cf7be2a6af&start=2026-10-01T08:05:00+0000&duration=PT10M from server.
Fetching https://www.freeview.co.uk/api/program?sid=5&nid=64403&pid=crid://csi.digitaluk.co.uk/6561b663-1434-48ed-bc05-7ce51a0f2d2e&start=2026-10-01T08:15:00+0000&duration=PT2H15M from server.
Fetching https://www.freeview.co.uk/api/program?sid=5&nid=64403&pid=crid://csi.digitaluk.co.uk/17ac5b67-6845-4ef4-b606-12c6b27cb3e1&start=2026-10-01T10:30:00+0000&duration=PT1H15M from server.
Fetching https://www.freeview.co.uk/api/program?sid=5&nid=64403&pid=crid://csi.digitaluk.co.uk/04d8f11c-554c-48cd-8333-805622f1129c&start=2026-10-01T11:45:00+0000&duration=PT5M from server.
Fetching https://www.freeview.co.uk/api/program?sid=5&nid=64403&pid=crid://csi.digitaluk.co.uk/fdd5bbdf-c1f2-4bed-9f15-51e1549b19f9&start=2026-10-01T11:50:00+0000&duration=PT1H30M from server.
Fetching https://www.freeview.co.uk/api/program?sid=5&nid=64403&pid=crid://csi.digitaluk.co.uk/fb382d8f-cafc-441d-b6e0-c4c7606d9627&start=2026-10-01T13:20:00+0000&duration=PT1H40M from server.
Fetching https://www.freeview.co.uk/api/program?sid=5&nid=64403&pid=crid://csi.digitaluk.co.uk/5446b1a7-efc6-4867-83ad-2b63b7f6eef0&start=2026-10-01T15:00:00+0000&duration=PT1H from server.
Fetching https://www.freeview.co.uk/api/program?sid=5&nid=64403&pid=crid://csi.digitaluk.co.uk/b778c4ad-5b3b-4141-9fb8-b078255ec826&start=2026-10-01T16:00:00+0000&duration=PT1H from server.
Fetching https://www.freeview.co.uk/api/program?sid=5&nid=64403&pid=crid://panorama.five.tv/versions/C5296600001A&start=2026-10-01T17:00:00+0000&duration=PT1H from server.
Fetching https://www.freeview.co.uk/api/program?sid=5&nid=64403&pid=crid://csi.digitaluk.co.uk/3539418d-10dd-417a-b586-c259b31df185&start=2026-10-01T18:00:00+0000&duration=PT1H from server.
Fetching https://www.freeview.co.uk/api/program?sid=5&nid=64403&pid=crid://csi.digitaluk.co.uk/ab7d3a28-1f79-43a7-b9e3-c8a8feb59bbf&start=2026-10-01T19:00:00+0000&duration=PT1H from server.
Fetching https://www.freeview.co.uk/api/program?sid=5&nid=64403&pid=crid://csi.digitaluk.co.uk/c404839d-a8fb-4224-89bd-4bcf60009bd6&start=2026-10-01T20:00:00+0000&duration=PT1H from server.
Fetching https://www.freeview.co.uk/api/program?sid=5&nid=64403&pid=crid://csi.digitaluk.co.uk/c77d6044-73d6-4559-a428-2c20022970bf&start=2026-10-01T21:00:00+0000&duration=PT2H5M from server.
Fetching https://www.freeview.co.uk/api/program?sid=5&nid=64403&pid=crid://csi.digitaluk.co.uk/6529afb6-9cb2-4e1a-93ee-b066469856d9&start=2026-10-01T23:05:00+0000&duration=PT55M from server.
### Wanted 28000 
Fetching https://www.freeview.co.uk/api/program?sid=12&nid=64403&pid=crid://csi.digitaluk.co.uk/36972f10-8a10-49aa-ad3a-52897df415a5&start=2026-10-01T00:00:00+0000&duration=PT30M from server.
Fetching https://www.freeview.co.uk/api/program?sid=12&nid=64403&pid=crid://csi.digitaluk.co.uk/79c4d335-41e2-4fa4-aee2-d8f90ee35c7d&start=2026-10-01T00:30:00+0000&duration=PT1H from server.
Fetching https://www.freeview.co.uk/api/program?sid=12&nid=64403&pid=crid://csi.digitaluk.co.uk/c560ff66-ac7a-4085-b7a0-09b45ca5871c&start=2026-10-01T01:30:00+0000&duration=PT2H from server.
Fetching https://www.freeview.co.uk/api/program?sid=12&nid=64403&pid=crid://csi.digitaluk.co.uk/53192248-6734-4e39-a4c7-9486da53cbd0&start=2026-10-01T03:30:00+0000&duration=PT30M from server.
Fetching https://www.freeview.co.uk/api/program?sid=12&nid=64403&pid=crid://csi.digitaluk.co.uk/e126b3cf-c8d7-4a17-8844-c5b4947fce08&start=2026-10-01T04:00:00+0000&duration=PT1H from server.
Fetching https://www.freeview.co.uk/api/program?sid=12&nid=64403&pid=crid://csi.digitaluk.co.uk/99d87523-b63e-41ce-b66c-8f15ffac9b24&start=2026-10-01T05:00:00+0000&duration=PT30M from server.
Fetching https://www.freeview.co.uk/api/program?sid=12&nid=64403&pid=crid://csi.digitaluk.co.uk/4fdc50b2-ae6a-4a73-8465-a5d66bd554c7&start=2026-10-01T05:30:00+0000&duration=PT30M from server.
Fetching https://www.freeview.co.uk/api/program?sid=12&nid=64403&pid=crid://csi.digitaluk.co.uk/5231c9fc-87f3-4459-a76d-a437e6a1fe16&start=2026-10-01T06:00:00+0000&duration=PT30M from server.
Fetching https://www.freeview.co.uk/api/program?sid=12&nid=64403&pid=crid://csi.digitaluk.co.uk/58b54ddf-f0d5-4e36-b66e-4403d8176f08&start=2026-10-01T06:30:00+0000&duration=PT30M from server.
Fetching https://www.freeview.co.uk/api/program?sid=12&nid=64403&pid=crid://csi.digitaluk.co.uk/07c73724-ce62-454b-8895-50e1fbe954d7&start=2026-10-01T07:00:00+0000&duration=PT30M from server.
Fetching https://www.freeview.co.uk/api/program?sid=12&nid=64403&pid=crid://csi.digitaluk.co.uk/14f5adac-83e5-4e52-b6ec-516ea0b155c6&start=2026-10-01T07:30:00+0000&duration=PT30M from server.
Fetching https://www.freeview.co.uk/api/program?sid=12&nid=64403&pid=crid://csi.digitaluk.co.uk/635bb02c-8ea1-48d6-8b2f-f2ae5d578793&start=2026-10-01T08:00:00+0000&duration=PT30M from server.
Fetching https://www.freeview.co.uk/api/program?sid=12&nid=64403&pid=crid://csi.digitaluk.co.uk/d8b118b8-0951-4f94-9982-38416c946cbc&start=2026-10-01T08:30:00+0000&duration=PT30M from server.
Fetching https://www.freeview.co.uk/api/program?sid=12&nid=64403&pid=crid://csi.digitaluk.co.uk/db996d5a-4cdc-4ae3-8b00-6406c9fbf2e7&start=2026-10-01T09:00:00+0000&duration=PT30M from server.
Fetching https://www.freeview.co.uk/api/program?sid=12&nid=64403&pid=crid://csi.digitaluk.co.uk/8a2876fb-5813-47a0-a494-215d015e1020&start=2026-10-01T09:30:00+0000&duration=PT30M from server.
Fetching https://www.freeview.co.uk/api/program?sid=12&nid=64403&pid=crid://csi.digitaluk.co.uk/c6519bda-d1c1-4470-8f4f-d820a810234a&start=2026-10-01T10:00:00+0000&duration=PT30M from server.
Fetching https://www.freeview.co.uk/api/program?sid=12&nid=64403&pid=crid://csi.digitaluk.co.uk/7ffdd861-2485-467f-8fb7-1040c4bd0e73&start=2026-10-01T10:30:00+0000&duration=PT30M from server.
Fetching https://www.freeview.co.uk/api/program?sid=12&nid=64403&pid=crid://csi.digitaluk.co.uk/fcfa453c-f7d2-4ee0-9f0f-ef4ff54b3135&start=2026-10-01T11:00:00+0000&duration=PT30M from server.
Fetching https://www.freeview.co.uk/api/program?sid=12&nid=64403&pid=crid://csi.digitaluk.co.uk/e84e71ed-c86e-4d5b-b122-66db1f65d302&start=2026-10-01T11:30:00+0000&duration=PT30M from server.
Fetching https://www.freeview.co.uk/api/program?sid=12&nid=64403&pid=crid://csi.digitaluk.co.uk/bd1caa42-6062-427d-8aed-0474bcdb8f70&start=2026-10-01T12:00:00+0000&duration=PT30M from server.
Fetching https://www.freeview.co.uk/api/program?sid=12&nid=64403&pid=crid://csi.digitaluk.co.uk/beb96c2a-cb08-44d2-8236-0a79eaf67ec5&start=2026-10-01T12:30:00+0000&duration=PT30M from server.
Fetching https://www.freeview.co.uk/api/program?sid=12&nid=64403&pid=crid://csi.digitaluk.co.uk/15eca817-5262-434b-9399-9a64c74e83dd&start=2026-10-01T13:00:00+0000&duration=PT30M from server.
Fetching https://www.freeview.co.uk/api/program?sid=12&nid=64403&pid=crid://csi.digitaluk.co.uk/d59c467f-c498-4dc6-950e-cd02ae5cd837&start=2026-10-01T13:30:00+0000&duration=PT30M from server.
Fetching https://www.freeview.co.uk/api/program?sid=12&nid=64403&pid=crid://csi.digitaluk.co.uk/400c6c5f-1271-468a-beac-b71bdac34875&start=2026-10-01T14:00:00+0000&duration=PT30M from server.
Fetching https://www.freeview.co.uk/api/program?sid=12&nid=64403&pid=crid://csi.digitaluk.co.uk/25eadf55-5871-45ca-9b4c-7147ff77aafc&start=2026-10-01T14:30:00+0000&duration=PT30M from server.
Fetching https://www.freeview.co.uk/api/program?sid=12&nid=64403&pid=crid://csi.digitaluk.co.uk/eb2accb3-67a7-46a9-a51c-45c156be090c&start=2026-10-01T15:00:00+0000&duration=PT30M from server.
Fetching https://www.freeview.co.uk/api/program?sid=12&nid=64403&pid=crid://csi.digitaluk.co.uk/9a5b20a2-247b-4524-ace8-b3dc147c504a&start=2026-10-01T15:30:00+0000&duration=PT30M from server.
Fetching https://www.freeview.co.uk/api/program?sid=12&nid=64403&pid=crid://csi.digitaluk.co.uk/61db8cbc-438c-4735-9906-4429345bf1b1&start=2026-10-01T16:00:00+0000&duration=PT30M from server.
Fetching https://www.freeview.co.uk/api/program?sid=12&nid=64403&pid=crid://csi.digitaluk.co.uk/80977252-6f6e-48f7-bf5d-54736bdada16&start=2026-10-01T16:30:00+0000&duration=PT30M from server.
Fetching https://www.freeview.co.uk/api/program?sid=12&nid=64403&pid=crid://csi.digitaluk.co.uk/b054731f-7646-4474-a91f-b72931ce077f&start=2026-10-01T17:00:00+0000&duration=PT30M from server.
Fetching https://www.freeview.co.uk/api/program?sid=12&nid=64403&pid=crid://csi.digitaluk.co.uk/abbda7c3-1364-4b8e-a989-eb694151a963&start=2026-10-01T17:30:00+0000&duration=PT30M from server.
Fetching https://www.freeview.co.uk/api/program?sid=12&nid=64403&pid=crid://csi.digitaluk.co.uk/06dea9ab-0b77-43cb-9599-4073be68f82e&start=2026-10-01T18:00:00+0000&duration=PT30M from server.
Fetching https://www.freeview.co.uk/api/program?sid=12&nid=64403&pid=crid://csi.digitaluk.co.uk/0dbf5912-7e78-488b-87c5-3fa01567dde2&start=2026-10-01T18:30:00+0000&duration=PT30M from server.
Fetching https://www.freeview.co.uk/api/program?sid=12&nid=64403&pid=crid://csi.digitaluk.co.uk/8f2d432d-76c7-4073-a130-43b0ecf9390a&start=2026-10-01T19:00:00+0000&duration=PT30M from server.
Fetching https://www.freeview.co.uk/api/program?sid=12&nid=64403&pid=crid://csi.digitaluk.co.uk/e78c8be2-cc68-4d04-852e-515655c005f4&start=2026-10-01T19:30:00+0000&duration=PT30M from server.
Fetching https://www.freeview.co.uk/api/program?sid=12&nid=64403&pid=crid://csi.digitaluk.co.uk/67739281-dabb-4bfd-a3e9-c8c1e2101716&start=2026-10-01T20:00:00+0000&duration=PT1H from server.
Fetching https://www.freeview.co.uk/api/program?sid=12&nid=64403&pid=crid://csi.digitaluk.co.uk/9525b120-d326-4be6-8270-c64ed075c69d&start=2026-10-01T21:00:00+0000&duration=PT2H from server.
Fetching https://www.freeview.co.uk/api/program?sid=12&nid=64403&pid=crid://csi.digitaluk.co.uk/12b95be5-04fc-4c88-81bd-cbad1ad43972&start=2026-10-01T23:00:00+0000&duration=PT30M from server.
Fetching https://www.freeview.co.uk/api/program?sid=12&nid=64403&pid=crid://csi.digitaluk.co.uk/82874213-9855-44cf-8c5d-2cd69be0783b&start=2026-10-01T23:30:00+0000&duration=PT30M from server.
## Wanted 8448 
Fetching https://www.freeview.co.uk/api/program?sid=13&nid=64403&pid=crid://csi.digitaluk.co.uk/40434deb-25a1-4e7b-8954-7fb36866d991&start=2026-10-01T00:05:00+0000&duration=PT1H5M from server.
Fetching https://www.freeview.co.uk/api/program?sid=13&nid=64403&pid=crid://csi.digitaluk.co.uk/02a29c64-1d73-4059-896d-44ccc227ad32&start=2026-10-01T01:10:00+0000&duration=PT50M from server.
Fetching https://www.freeview.co.uk/api/program?sid=13&nid=64403&pid=crid://csi.digitaluk.co.uk/20f7d4ac-af13-4455-abd6-80e105524d56&start=2026-10-01T02:00:00+0000&duration=PT50M from server.
Fetching https://www.freeview.co.uk/api/program?sid=13&nid=64403&pid=crid://csi.digitaluk.co.uk/15d5f616-1303-4545-89fe-99171a89d611&start=2026-10-01T02:50:00+0000&duration=PT25M from server.
Fetching https://www.freeview.co.uk/api/program?sid=13&nid=64403&pid=crid://csi.digitaluk.co.uk/cbb4236f-d3f3-45b3-bf74-dbc91b4dfb61&start=2026-10-01T03:15:00+0000&duration=PT25M from server.
Fetching https://www.freeview.co.uk/api/program?sid=13&nid=64403&pid=crid://csi.digitaluk.co.uk/fad7d056-ec18-4b2f-9a25-e93484ab720d&start=2026-10-01T03:40:00+0000&duration=PT25M from server.
Fetching https://www.freeview.co.uk/api/program?sid=13&nid=64403&pid=crid://csi.digitaluk.co.uk/1ed175f3-c0c5-482c-a296-d84aace17a51&start=2026-10-01T04:05:00+0000&duration=PT25M from server.
Fetching https://www.freeview.co.uk/api/program?sid=13&nid=64403&pid=crid://csi.digitaluk.co.uk/d5fd8a37-d9c1-41a6-b441-a9e4f8b3c763&start=2026-10-01T04:30:00+0000&duration=PT30M from server.
Fetching https://www.freeview.co.uk/api/program?sid=13&nid=64403&pid=crid://csi.digitaluk.co.uk/9990eace-50a2-4949-8ad2-6c2163d51ccd&start=2026-10-01T05:00:00+0000&duration=PT30M from server.
Fetching https://www.freeview.co.uk/api/program?sid=13&nid=64403&pid=crid://csi.digitaluk.co.uk/7043cba2-5e74-4f2c-84ee-aa6f53ffa2b9&start=2026-10-01T05:30:00+0000&duration=PT25M from server.
Fetching https://www.freeview.co.uk/api/program?sid=13&nid=64403&pid=crid://csi.digitaluk.co.uk/abfcea23-1a8e-4c00-ae5e-dcc12745cbc6&start=2026-10-01T05:55:00+0000&duration=PT5M from server.
Fetching https://www.freeview.co.uk/api/program?sid=13&nid=64403&pid=crid://csi.digitaluk.co.uk/65a47f5c-4457-44ef-bd78-ef69d6ab8ea8&start=2026-10-01T06:00:00+0000&duration=PT1H from server.
Fetching https://www.freeview.co.uk/api/program?sid=13&nid=64403&pid=crid://csi.digitaluk.co.uk/83589706-991f-4eea-9218-7d26594a3423&start=2026-10-01T07:00:00+0000&duration=PT1H from server.
Fetching https://www.freeview.co.uk/api/program?sid=13&nid=64403&pid=crid://csi.digitaluk.co.uk/0cdada11-739c-4c16-88e2-fc8862b5af55&start=2026-10-01T08:00:00+0000&duration=PT1H from server.
Fetching https://www.freeview.co.uk/api/program?sid=13&nid=64403&pid=crid://csi.digitaluk.co.uk/3adb7b98-f2df-417f-a6d3-05cfbf420e5f&start=2026-10-01T09:00:00+0000&duration=PT1H from server.
Fetching https://www.freeview.co.uk/api/program?sid=13&nid=64403&pid=crid://csi.digitaluk.co.uk/4e0737e3-835a-4aff-8678-ba2257f1b7dd&start=2026-10-01T10:00:00+0000&duration=PT30M from server.
Fetching https://www.freeview.co.uk/api/program?sid=13&nid=64403&pid=crid://csi.digitaluk.co.uk/13c46bfd-6564-40e7-8eb4-c560600d189d&start=2026-10-01T10:30:00+0000&duration=PT30M from server.
Fetching https://www.freeview.co.uk/api/program?sid=13&nid=64403&pid=crid://csi.digitaluk.co.uk/eb49b761-2cfa-4a7c-a668-081f9448b0ee&start=2026-10-01T11:00:00+0000&duration=PT30M from server.
Fetching https://www.freeview.co.uk/api/program?sid=13&nid=64403&pid=crid://csi.digitaluk.co.uk/f7312abc-267a-4885-ba9b-3d9f9e410fcb&start=2026-10-01T11:30:00+0000&duration=PT30M from server.
Fetching https://www.freeview.co.uk/api/program?sid=13&nid=64403&pid=crid://csi.digitaluk.co.uk/98895d91-9a39-4ecf-9451-1fd20dbf6b19&start=2026-10-01T12:00:00+0000&duration=PT30M from server.
Fetching https://www.freeview.co.uk/api/program?sid=13&nid=64403&pid=crid://csi.digitaluk.co.uk/32cd7b9f-cf18-4454-ad0d-f248ceaf7c18&start=2026-10-01T12:30:00+0000&duration=PT30M from server.
Fetching https://www.freeview.co.uk/api/program?sid=13&nid=64403&pid=crid://csi.digitaluk.co.uk/399ec560-635c-400d-b553-33b69a9b1104&start=2026-10-01T13:00:00+0000&duration=PT30M from server.
Fetching https://www.freeview.co.uk/api/program?sid=13&nid=64403&pid=crid://csi.digitaluk.co.uk/e95f7559-7b1b-4cbf-9a93-c9e4832f8344&start=2026-10-01T13:30:00+0000&duration=PT30M from server.
Fetching https://www.freeview.co.uk/api/program?sid=13&nid=64403&pid=crid://csi.digitaluk.co.uk/57ac1a40-d55e-4f5c-b13c-2ebd0a0e3cf5&start=2026-10-01T14:00:00+0000&duration=PT30M from server.
Fetching https://www.freeview.co.uk/api/program?sid=13&nid=64403&pid=crid://csi.digitaluk.co.uk/7a03f417-f23a-4fff-93ec-f1d12e3d043d&start=2026-10-01T14:30:00+0000&duration=PT30M from server.
Fetching https://www.freeview.co.uk/api/program?sid=13&nid=64403&pid=crid://csi.digitaluk.co.uk/f9375a54-b4b7-4bd1-bed1-c02de978175d&start=2026-10-01T15:00:00+0000&duration=PT30M from server.
Fetching https://www.freeview.co.uk/api/program?sid=13&nid=64403&pid=crid://csi.digitaluk.co.uk/a3a6b6a3-3f3d-4fa9-a353-815503888e89&start=2026-10-01T15:30:00+0000&duration=PT30M from server.
Fetching https://www.freeview.co.uk/api/program?sid=13&nid=64403&pid=crid://csi.digitaluk.co.uk/284da5a2-b6f3-4b1d-b935-20b8be5a6116&start=2026-10-01T16:00:00+0000&duration=PT30M from server.
Fetching https://www.freeview.co.uk/api/program?sid=13&nid=64403&pid=crid://csi.digitaluk.co.uk/63d1eefd-bf52-4608-a4dc-1c61ea7f9d60&start=2026-10-01T16:30:00+0000&duration=PT30M from server.
Fetching https://www.freeview.co.uk/api/program?sid=13&nid=64403&pid=crid://csi.digitaluk.co.uk/71cc6400-01f0-4fd3-8e67-e80d1b966ce6&start=2026-10-01T17:00:00+0000&duration=PT30M from server.
Fetching https://www.freeview.co.uk/api/program?sid=13&nid=64403&pid=crid://csi.digitaluk.co.uk/ab8216dd-1534-4f3c-991e-23152112b60e&start=2026-10-01T17:30:00+0000&duration=PT30M from server.
Fetching https://www.freeview.co.uk/api/program?sid=13&nid=64403&pid=crid://csi.digitaluk.co.uk/d3facf86-844c-4b8e-b980-b437a3087915&start=2026-10-01T18:00:00+0000&duration=PT30M from server.
Fetching https://www.freeview.co.uk/api/program?sid=13&nid=64403&pid=crid://csi.digitaluk.co.uk/c68d3e02-3c8d-480b-89f8-b2e2a57d9f12&start=2026-10-01T18:30:00+0000&duration=PT30M from server.
Fetching https://www.freeview.co.uk/api/program?sid=13&nid=64403&pid=crid://csi.digitaluk.co.uk/4111f6e1-aa1f-4272-8bd6-e3580f6f7b17&start=2026-10-01T19:00:00+0000&duration=PT1H from server.
Fetching https://www.freeview.co.uk/api/program?sid=13&nid=64403&pid=crid://csi.digitaluk.co.uk/ba21bf4b-2094-457f-aa77-6dabc494e50f&start=2026-10-01T20:00:00+0000&duration=PT1H from server.
Fetching https://www.freeview.co.uk/api/program?sid=13&nid=64403&pid=crid://csi.digitaluk.co.uk/18bcf6e4-f6fc-42ea-942f-28855197162c&start=2026-10-01T21:00:00+0000&duration=PT1H5M from server.
Fetching https://www.freeview.co.uk/api/program?sid=13&nid=64403&pid=crid://csi.digitaluk.co.uk/d1a2fb89-8ce5-446d-b0a4-cfe1f644bde4&start=2026-10-01T22:05:00+0000&duration=PT1H from server.
Fetching https://www.freeview.co.uk/api/program?sid=13&nid=64403&pid=crid://csi.digitaluk.co.uk/6e9ffb47-82ec-48df-a5db-8b56b387a3e7&start=2026-10-01T23:05:00+0000&duration=PT1H5M from server.
### Wanted 8385 
Fetching https://www.freeview.co.uk/api/program?sid=14&nid=64403&pid=crid://movida.bebanjo.net/mas/version/26806/001/POSTWATERSHED2100/C&start=2026-10-01T00:30:00+0000&duration=PT2H20M from server.
Fetching https://www.freeview.co.uk/api/program?sid=14&nid=64403&pid=crid://csi.digitaluk.co.uk/c835b75d-550a-4b21-97f4-78bf24a47b4e&start=2026-10-01T02:50:00+0000&duration=PT3H10M from server.
Fetching https://www.freeview.co.uk/api/program?sid=14&nid=64403&pid=crid://csi.digitaluk.co.uk/02c5e8f6-0af0-4469-98ae-268a9694575f&start=2026-10-01T06:00:00+0000&duration=PT4H from server.
Fetching https://www.freeview.co.uk/api/program?sid=14&nid=64403&pid=crid://csi.digitaluk.co.uk/50822be7-2e71-4777-89e2-9d875a9d1b32&start=2026-10-01T10:00:00+0000&duration=PT2H5M from server.
Fetching https://www.freeview.co.uk/api/program?sid=14&nid=64403&pid=crid://csi.digitaluk.co.uk/38d890b4-8641-4372-9553-107c921d0bfc&start=2026-10-01T12:05:00+0000&duration=PT1H40M from server.
Fetching https://www.freeview.co.uk/api/program?sid=14&nid=64403&pid=crid://csi.digitaluk.co.uk/e36a5511-65a5-4ce1-804d-76e552437f21&start=2026-10-01T13:45:00+0000&duration=PT2H5M from server.
Fetching https://www.freeview.co.uk/api/program?sid=14&nid=64403&pid=crid://csi.digitaluk.co.uk/74923282-0cae-4750-a1ef-d8f578977ced&start=2026-10-01T15:50:00+0000&duration=PT2H10M from server.
Fetching https://www.freeview.co.uk/api/program?sid=14&nid=64403&pid=crid://csi.digitaluk.co.uk/9a616aa4-3519-4c31-8d56-1d87c654a6da&start=2026-10-01T18:00:00+0000&duration=PT2H from server.
Fetching https://www.freeview.co.uk/api/program?sid=14&nid=64403&pid=crid://movida.bebanjo.net/mas/version/77496/001/POSTWATERSHED2100/C&start=2026-10-01T20:00:00+0000&duration=PT2H40M from server.
Fetching https://www.freeview.co.uk/api/program?sid=14&nid=64403&pid=crid://movida.bebanjo.net/mas/version/76263/001/POSTWATERSHED2100/C&start=2026-10-01T22:40:00+0000&duration=PT1H50M from server.
## Wanted 27328 
Fetching https://www.freeview.co.uk/api/program?sid=17&nid=64403&pid=crid://csi.digitaluk.co.uk/62873c96-c8a6-402f-b119-66d3762cfbf2&start=2026-10-01T00:00:00+0000&duration=PT1H from server.
Fetching https://www.freeview.co.uk/api/program?sid=17&nid=64403&pid=crid://csi.digitaluk.co.uk/dd95aca1-56b0-4ce4-82c0-9a82826a164b&start=2026-10-01T01:00:00+0000&duration=PT1H from server.
Fetching https://www.freeview.co.uk/api/program?sid=17&nid=64403&pid=crid://csi.digitaluk.co.uk/9cea74c9-fbab-45db-833c-adc816f83172&start=2026-10-01T02:00:00+0000&duration=PT1H from server.
Fetching https://www.freeview.co.uk/api/program?sid=17&nid=64403&pid=crid://csi.digitaluk.co.uk/26ee77ec-1a06-4762-b9cd-5859825b4e4f&start=2026-10-01T03:00:00+0000&duration=PT30M from server.
Fetching https://www.freeview.co.uk/api/program?sid=17&nid=64403&pid=crid://csi.digitaluk.co.uk/d6864681-2f35-41ac-8d69-639193f6c851&start=2026-10-01T03:30:00+0000&duration=PT30M from server.
Fetching https://www.freeview.co.uk/api/program?sid=17&nid=64403&pid=crid://csi.digitaluk.co.uk/246cd071-51fe-4d90-a5b9-7c176e2bf826&start=2026-10-01T04:00:00+0000&duration=PT30M from server.
Fetching https://www.freeview.co.uk/api/program?sid=17&nid=64403&pid=crid://csi.digitaluk.co.uk/c2b0e7cd-fa02-43bf-bbd0-86515a410dad&start=2026-10-01T04:30:00+0000&duration=PT30M from server.
Fetching https://www.freeview.co.uk/api/program?sid=17&nid=64403&pid=crid://csi.digitaluk.co.uk/e4e972c4-b0b7-4aba-a065-b70ddea484d1&start=2026-10-01T05:00:00+0000&duration=PT1H from server.
Fetching https://www.freeview.co.uk/api/program?sid=17&nid=64403&pid=crid://csi.digitaluk.co.uk/35513372-08ef-401e-95e4-b39292c91ad3&start=2026-10-01T06:00:00+0000&duration=PT1H from server.
Fetching https://www.freeview.co.uk/api/program?sid=17&nid=64403&pid=crid://csi.digitaluk.co.uk/4a0dd11c-95d7-4938-877c-f6134ce94ff2&start=2026-10-01T07:00:00+0000&duration=PT1H from server.
Fetching https://www.freeview.co.uk/api/program?sid=17&nid=64403&pid=crid://csi.digitaluk.co.uk/03c2c65d-3b51-4d87-aac2-7bfc7fa1151e&start=2026-10-01T08:00:00+0000&duration=PT1H from server.
Fetching https://www.freeview.co.uk/api/program?sid=17&nid=64403&pid=crid://csi.digitaluk.co.uk/a3ec7e8b-31a3-4833-8ec1-7f79ad52fe65&start=2026-10-01T09:00:00+0000&duration=PT1H from server.
Fetching https://www.freeview.co.uk/api/program?sid=17&nid=64403&pid=crid://csi.digitaluk.co.uk/7685caed-d583-4bf2-892b-9cf1ccc8d647&start=2026-10-01T10:00:00+0000&duration=PT1H from server.
Fetching https://www.freeview.co.uk/api/program?sid=17&nid=64403&pid=crid://csi.digitaluk.co.uk/3d5d961a-3d4b-4f39-a83d-3d26b54b3725&start=2026-10-01T11:00:00+0000&duration=PT1H from server.
Fetching https://www.freeview.co.uk/api/program?sid=17&nid=64403&pid=crid://csi.digitaluk.co.uk/5ec70d7a-4873-4566-9840-00d66359c819&start=2026-10-01T12:00:00+0000&duration=PT1H from server.
Fetching https://www.freeview.co.uk/api/program?sid=17&nid=64403&pid=crid://csi.digitaluk.co.uk/7944ffd9-6987-4683-83e0-bb5e03b9002f&start=2026-10-01T13:00:00+0000&duration=PT30M from server.
Fetching https://www.freeview.co.uk/api/program?sid=17&nid=64403&pid=crid://csi.digitaluk.co.uk/6c91eed2-f43c-449e-81f0-1f89a618f310&start=2026-10-01T13:30:00+0000&duration=PT30M from server.
Fetching https://www.freeview.co.uk/api/program?sid=17&nid=64403&pid=crid://csi.digitaluk.co.uk/149e0f7f-5953-4c94-be78-6ddcc4d28b40&start=2026-10-01T14:00:00+0000&duration=PT30M from server.
Fetching https://www.freeview.co.uk/api/program?sid=17&nid=64403&pid=crid://csi.digitaluk.co.uk/ce735320-c5b7-4fe1-9da6-4d7144ad395f&start=2026-10-01T14:30:00+0000&duration=PT30M from server.
Fetching https://www.freeview.co.uk/api/program?sid=17&nid=64403&pid=crid://csi.digitaluk.co.uk/1da9fe76-0f48-47de-b29a-8342c58be83b&start=2026-10-01T15:00:00+0000&duration=PT1H from server.
Fetching https://www.freeview.co.uk/api/program?sid=17&nid=64403&pid=crid://csi.digitaluk.co.uk/178c262b-0f4b-407d-9ed8-8265dafbc23a&start=2026-10-01T16:00:00+0000&duration=PT1H from server.
Fetching https://www.freeview.co.uk/api/program?sid=17&nid=64403&pid=crid://csi.digitaluk.co.uk/55809125-0eae-45fe-87b3-e9cad544a28b&start=2026-10-01T17:00:00+0000&duration=PT1H from server.
Fetching https://www.freeview.co.uk/api/program?sid=17&nid=64403&pid=crid://csi.digitaluk.co.uk/5be2e087-3ce0-45f5-b4d3-675b47fde3af&start=2026-10-01T18:00:00+0000&duration=PT1H from server.
Fetching https://www.freeview.co.uk/api/program?sid=17&nid=64403&pid=crid://csi.digitaluk.co.uk/0819f9b0-7c3d-4569-8040-8ce5183b76f6&start=2026-10-01T19:00:00+0000&duration=PT1H from server.
Fetching https://www.freeview.co.uk/api/program?sid=17&nid=64403&pid=crid://csi.digitaluk.co.uk/06ad8fc5-d211-46ec-8fd3-cefb77b03104&start=2026-10-01T20:00:00+0000&duration=PT1H from server.
Fetching https://www.freeview.co.uk/api/program?sid=17&nid=64403&pid=crid://csi.digitaluk.co.uk/cf23150a-d0d3-498f-a675-35a3cc282454&start=2026-10-01T21:00:00+0000&duration=PT1H from server.
Fetching https://www.freeview.co.uk/api/program?sid=17&nid=64403&pid=crid://csi.digitaluk.co.uk/88ddbd00-28d0-468c-b99e-b64a207d2a88&start=2026-10-01T22:00:00+0000&duration=PT30M from server.
Fetching https://www.freeview.co.uk/api/program?sid=17&nid=64403&pid=crid://csi.digitaluk.co.uk/a222caf4-b340-4816-90e8-2a205f4eb409&start=2026-10-01T22:30:00+0000&duration=PT30M from server.
Fetching https://www.freeview.co.uk/api/program?sid=17&nid=64403&pid=crid://csi.digitaluk.co.uk/bd031561-ff2a-441d-a8ac-e7bc9b2df071&start=2026-10-01T23:00:00+0000&duration=PT30M from server.
Fetching https://www.freeview.co.uk/api/program?sid=17&nid=64403&pid=crid://csi.digitaluk.co.uk/8bf62c6e-3286-4a32-b0d2-eb39047e8e66&start=2026-10-01T23:30:00+0000&duration=PT30M from server.
### Wanted 8442 
Fetching https://www.freeview.co.uk/api/program?sid=18&nid=64403&pid=crid://csi.digitaluk.co.uk/59cbf9b3-ab49-4db4-ac25-e17ea528c13b&start=2026-10-01T00:10:00+0000&duration=PT1H5M from server.
Fetching https://www.freeview.co.uk/api/program?sid=18&nid=64403&pid=crid://csi.digitaluk.co.uk/35f4fd17-2dcd-458b-98d8-8fd91d11439d&start=2026-10-01T01:15:00+0000&duration=PT1H5M from server.
Fetching https://www.freeview.co.uk/api/program?sid=18&nid=64403&pid=crid://csi.digitaluk.co.uk/90d0452c-5ebd-4c8e-98db-e51214b8dad6&start=2026-10-01T02:20:00+0000&duration=PT30M from server.
Fetching https://www.freeview.co.uk/api/program?sid=18&nid=64403&pid=crid://csi.digitaluk.co.uk/0c9c7e3f-e3ba-4171-bf21-b05e541ac4e4&start=2026-10-01T02:50:00+0000&duration=PT3H10M from server.
Fetching https://www.freeview.co.uk/api/program?sid=18&nid=64403&pid=crid://csi.digitaluk.co.uk/9cb2d7e9-8bcd-46e1-9a28-9be0bdc586d4&start=2026-10-01T06:00:00+0000&duration=PT1H55M from server.
Fetching https://www.freeview.co.uk/api/program?sid=18&nid=64403&pid=crid://csi.digitaluk.co.uk/12359c82-c3e6-42e3-8872-594b1bfe9700&start=2026-10-01T07:55:00+0000&duration=PT35M from server.
Fetching https://www.freeview.co.uk/api/program?sid=18&nid=64403&pid=crid://csi.digitaluk.co.uk/e516bc73-7219-4127-b881-fe53ca01eb6c&start=2026-10-01T08:30:00+0000&duration=PT30M from server.
Fetching https://www.freeview.co.uk/api/program?sid=18&nid=64403&pid=crid://csi.digitaluk.co.uk/4a72e9f5-3755-4ac1-ac16-ac8eda0a138f&start=2026-10-01T09:00:00+0000&duration=PT30M from server.
Fetching https://www.freeview.co.uk/api/program?sid=18&nid=64403&pid=crid://csi.digitaluk.co.uk/ea1f6626-25be-4bd2-8ccc-45eea93c6f33&start=2026-10-01T09:30:00+0000&duration=PT35M from server.
Fetching https://www.freeview.co.uk/api/program?sid=18&nid=64403&pid=crid://csi.digitaluk.co.uk/841f928d-cf15-4fb0-9077-1447667405a8&start=2026-10-01T10:05:00+0000&duration=PT30M from server.
Fetching https://www.freeview.co.uk/api/program?sid=18&nid=64403&pid=crid://csi.digitaluk.co.uk/7dbda4ec-43f8-4997-a540-ded9654e8f3e&start=2026-10-01T10:35:00+0000&duration=PT30M from server.
Fetching https://www.freeview.co.uk/api/program?sid=18&nid=64403&pid=crid://csi.digitaluk.co.uk/e3281b33-275b-4da2-b427-d64ea0f92fa0&start=2026-10-01T11:05:00+0000&duration=PT30M from server.
Fetching https://www.freeview.co.uk/api/program?sid=18&nid=64403&pid=crid://csi.digitaluk.co.uk/6aa9c0d7-458c-450c-8fa0-6b570c73e094&start=2026-10-01T11:35:00+0000&duration=PT30M from server.
Fetching https://www.freeview.co.uk/api/program?sid=18&nid=64403&pid=crid://csi.digitaluk.co.uk/3db60576-1c9e-4967-82db-12487c31d278&start=2026-10-01T12:05:00+0000&duration=PT35M from server.
Fetching https://www.freeview.co.uk/api/program?sid=18&nid=64403&pid=crid://csi.digitaluk.co.uk/2611781a-b03a-4287-a7f9-bda4d4d693b7&start=2026-10-01T12:40:00+0000&duration=PT35M from server.
Fetching https://www.freeview.co.uk/api/program?sid=18&nid=64403&pid=crid://csi.digitaluk.co.uk/c6ffa9ee-055d-4799-a6b0-b3c51496f84d&start=2026-10-01T13:15:00+0000&duration=PT35M from server.
Fetching https://www.freeview.co.uk/api/program?sid=18&nid=64403&pid=crid://csi.digitaluk.co.uk/63a1ec86-6d0d-4307-934e-bca0d820ee7c&start=2026-10-01T13:50:00+0000&duration=PT30M from server.
Fetching https://www.freeview.co.uk/api/program?sid=18&nid=64403&pid=crid://csi.digitaluk.co.uk/036a306b-6b57-41fa-8ba2-b58f54788765&start=2026-10-01T14:20:00+0000&duration=PT30M from server.
Fetching https://www.freeview.co.uk/api/program?sid=18&nid=64403&pid=crid://csi.digitaluk.co.uk/2f2c9c63-50e7-41a6-b8a5-a2c7339d52a9&start=2026-10-01T14:50:00+0000&duration=PT30M from server.
Fetching https://www.freeview.co.uk/api/program?sid=18&nid=64403&pid=crid://csi.digitaluk.co.uk/d50da8be-6658-46f3-acb3-a87e7cf18692&start=2026-10-01T15:20:00+0000&duration=PT30M from server.
Fetching https://www.freeview.co.uk/api/program?sid=18&nid=64403&pid=crid://csi.digitaluk.co.uk/a2603ad0-77af-4b75-a59a-4f39f4637318&start=2026-10-01T15:50:00+0000&duration=PT1H from server.
Fetching https://www.freeview.co.uk/api/program?sid=18&nid=64403&pid=crid://csi.digitaluk.co.uk/fdfa9752-a3af-4609-b244-bfb52e356ed3&start=2026-10-01T16:50:00+0000&duration=PT1H from server.
Fetching https://www.freeview.co.uk/api/program?sid=18&nid=64403&pid=crid://csi.digitaluk.co.uk/58d8decb-ac34-45ba-ab3e-b1e160217b66&start=2026-10-01T17:50:00+0000&duration=PT1H5M from server.
Fetching https://www.freeview.co.uk/api/program?sid=18&nid=64403&pid=crid://csi.digitaluk.co.uk/7c954272-d085-4fa5-b466-ebeaa4d89fbe&start=2026-10-01T18:55:00+0000&duration=PT1H5M from server.
Fetching https://www.freeview.co.uk/api/program?sid=18&nid=64403&pid=crid://csi.digitaluk.co.uk/0b4a3008-f05d-444a-a4f3-6ae1372f9d7d&start=2026-10-01T20:00:00+0000&duration=PT1H from server.
Fetching https://www.freeview.co.uk/api/program?sid=18&nid=64403&pid=crid://csi.digitaluk.co.uk/5ddcc745-25a7-4956-b2a8-ccf6419a6f45&start=2026-10-01T21:00:00+0000&duration=PT1H5M from server.
Fetching https://www.freeview.co.uk/api/program?sid=18&nid=64403&pid=crid://csi.digitaluk.co.uk/59caef63-c31f-499f-a3ed-1ff801f880a0&start=2026-10-01T22:05:00+0000&duration=PT1H from server.
Fetching https://www.freeview.co.uk/api/program?sid=18&nid=64403&pid=crid://csi.digitaluk.co.uk/b2d974de-6d80-4b97-95b1-40f4a26e7af3&start=2026-10-01T23:05:00+0000&duration=PT1H5M from server.
## Wanted 12992 
Fetching https://www.freeview.co.uk/api/program?sid=21&nid=64403&pid=crid://panorama.five.tv/versions/C5515340012A&start=2026-10-01T00:55:00+0000&duration=PT1H from server.
Fetching https://www.freeview.co.uk/api/program?sid=21&nid=64403&pid=crid://panorama.five.tv/versions/C5522780011A&start=2026-10-01T01:55:00+0000&duration=PT50M from server.
Fetching https://www.freeview.co.uk/api/program?sid=21&nid=64403&pid=crid://panorama.five.tv/versions/C5522700040A&start=2026-10-01T02:45:00+0000&duration=PT15M from server.
Fetching https://www.freeview.co.uk/api/program?sid=21&nid=64403&pid=crid://panorama.five.tv/versions/C5266540001A&start=2026-10-01T03:00:00+0000&duration=PT2H from server.
Fetching https://www.freeview.co.uk/api/program?sid=21&nid=64403&pid=crid://panorama.five.tv/versions/C5474060001A&start=2026-10-01T05:00:00+0000&duration=PT3H from server.
Fetching https://www.freeview.co.uk/api/program?sid=21&nid=64403&pid=crid://panorama.five.tv/versions/C5522700040A&start=2026-10-01T08:00:00+0000&duration=PT10M from server.
Fetching https://www.freeview.co.uk/api/program?sid=21&nid=64403&pid=crid://panorama.five.tv/versions/C5145930002E&start=2026-10-01T08:10:00+0000&duration=PT50M from server.
Fetching https://www.freeview.co.uk/api/program?sid=21&nid=64403&pid=crid://panorama.five.tv/versions/C5145930003E&start=2026-10-01T09:00:00+0000&duration=PT1H from server.
Fetching https://www.freeview.co.uk/api/program?sid=21&nid=64403&pid=crid://panorama.five.tv/versions/C5145930004D&start=2026-10-01T10:00:00+0000&duration=PT1H from server.
Fetching https://www.freeview.co.uk/api/program?sid=21&nid=64403&pid=crid://panorama.five.tv/versions/C5098330011D&start=2026-10-01T11:00:00+0000&duration=PT1H from server.
Fetching https://www.freeview.co.uk/api/program?sid=21&nid=64403&pid=crid://panorama.five.tv/versions/C5098330012D&start=2026-10-01T12:00:00+0000&duration=PT1H from server.
Fetching https://www.freeview.co.uk/api/program?sid=21&nid=64403&pid=crid://panorama.five.tv/versions/C5098330013C&start=2026-10-01T13:00:00+0000&duration=PT1H from server.
Fetching https://www.freeview.co.uk/api/program?sid=21&nid=64403&pid=crid://panorama.five.tv/versions/C5133450004D&start=2026-10-01T14:00:00+0000&duration=PT1H from server.
Fetching https://www.freeview.co.uk/api/program?sid=21&nid=64403&pid=crid://panorama.five.tv/versions/C5133450005E&start=2026-10-01T15:00:00+0000&duration=PT1H from server.
Fetching https://www.freeview.co.uk/api/program?sid=21&nid=64403&pid=crid://panorama.five.tv/versions/C5133450006E&start=2026-10-01T16:00:00+0000&duration=PT1H from server.
Fetching https://www.freeview.co.uk/api/program?sid=21&nid=64403&pid=crid://panorama.five.tv/versions/C5145930017E&start=2026-10-01T17:00:00+0000&duration=PT1H from server.
Fetching https://www.freeview.co.uk/api/program?sid=21&nid=64403&pid=crid://panorama.five.tv/versions/C5145930018D&start=2026-10-01T18:00:00+0000&duration=PT1H from server.
Fetching https://www.freeview.co.uk/api/program?sid=21&nid=64403&pid=crid://panorama.five.tv/versions/C5145930019E&start=2026-10-01T19:00:00+0000&duration=PT1H from server.
Fetching https://www.freeview.co.uk/api/program?sid=21&nid=64403&pid=crid://panorama.five.tv/versions/C5522680006C&start=2026-10-01T20:00:00+0000&duration=PT1H from server.
Fetching https://www.freeview.co.uk/api/program?sid=21&nid=64403&pid=crid://panorama.five.tv/versions/C5443620022A&start=2026-10-01T21:00:00+0000&duration=PT1H from server.
Fetching https://www.freeview.co.uk/api/program?sid=21&nid=64403&pid=crid://panorama.five.tv/versions/C5463880001A&start=2026-10-01T22:00:00+0000&duration=PT55M from server.
Fetching https://www.freeview.co.uk/api/program?sid=21&nid=64403&pid=crid://panorama.five.tv/versions/C5443620009A&start=2026-10-01T22:55:00+0000&duration=PT1H from server.
Fetching https://www.freeview.co.uk/api/program?sid=21&nid=64403&pid=crid://panorama.five.tv/versions/C5443620011B&start=2026-10-01T23:55:00+0000&duration=PT1H from server.
### Wanted 12928 
Fetching https://www.freeview.co.uk/api/program?sid=32&nid=64403&pid=crid://panorama.five.tv/versions/C5269250001C&start=2026-10-01T00:55:00+0000&duration=PT45M from server.
Fetching https://www.freeview.co.uk/api/program?sid=32&nid=64403&pid=crid://panorama.five.tv/versions/C5269250002E&start=2026-10-01T01:40:00+0000&duration=PT50M from server.
Fetching https://www.freeview.co.uk/api/program?sid=32&nid=64403&pid=crid://panorama.five.tv/versions/C5164553191A&start=2026-10-01T02:30:00+0000&duration=PT25M from server.
Fetching https://www.freeview.co.uk/api/program?sid=32&nid=64403&pid=crid://csi.digitaluk.co.uk/f6c9bea2-a534-41ca-9579-211734e2940b&start=2026-10-01T02:55:00+0000&duration=PT5M from server.
Fetching https://www.freeview.co.uk/api/program?sid=32&nid=64403&pid=crid://panorama.five.tv/versions/C5266540001A&start=2026-10-01T03:00:00+0000&duration=PT2H from server.
Fetching https://www.freeview.co.uk/api/program?sid=32&nid=64403&pid=crid://panorama.five.tv/versions/C5266540001A&start=2026-10-01T05:00:00+0000&duration=PT1H from server.
Fetching https://www.freeview.co.uk/api/program?sid=32&nid=64403&pid=crid://panorama.five.tv/versions/C5538100001A&start=2026-10-01T06:00:00+0000&duration=PT30M from server.
Fetching https://www.freeview.co.uk/api/program?sid=32&nid=64403&pid=crid://panorama.five.tv/versions/C5538120001A&start=2026-10-01T06:30:00+0000&duration=PT30M from server.
Fetching https://www.freeview.co.uk/api/program?sid=32&nid=64403&pid=crid://csi.digitaluk.co.uk/9b3d587c-9e33-4971-af63-3932904e9248&start=2026-10-01T07:00:00+0000&duration=PT1H from server.
Fetching https://www.freeview.co.uk/api/program?sid=32&nid=64403&pid=crid://csi.digitaluk.co.uk/0e1ed336-2927-4e68-b226-c917949ba7b1&start=2026-10-01T08:00:00+0000&duration=PT1H from server.
Fetching https://www.freeview.co.uk/api/program?sid=32&nid=64403&pid=crid://csi.digitaluk.co.uk/8d5cac28-fa66-43f3-aba5-b41147aa67a9&start=2026-10-01T09:00:00+0000&duration=PT1H from server.
Fetching https://www.freeview.co.uk/api/program?sid=32&nid=64403&pid=crid://csi.digitaluk.co.uk/e16c0776-4244-421c-b21b-18e678e93ddd&start=2026-10-01T10:00:00+0000&duration=PT1H from server.
Fetching https://www.freeview.co.uk/api/program?sid=32&nid=64403&pid=crid://csi.digitaluk.co.uk/de516b66-88dc-4a47-8e85-f5f0e5ce52ac&start=2026-10-01T11:00:00+0000&duration=PT1H from server.
Fetching https://www.freeview.co.uk/api/program?sid=32&nid=64403&pid=crid://csi.digitaluk.co.uk/c9c0aaaa-252c-4537-a284-ac6474a5c354&start=2026-10-01T12:00:00+0000&duration=PT1H from server.
Fetching https://www.freeview.co.uk/api/program?sid=32&nid=64403&pid=crid://csi.digitaluk.co.uk/92ba2918-e54b-4bd6-838a-e4b2725f0540&start=2026-10-01T13:00:00+0000&duration=PT1H from server.
Fetching https://www.freeview.co.uk/api/program?sid=32&nid=64403&pid=crid://csi.digitaluk.co.uk/1b338b81-bc8c-4c3e-9612-7dc59f91c4bc&start=2026-10-01T14:00:00+0000&duration=PT1H from server.
Fetching https://www.freeview.co.uk/api/program?sid=32&nid=64403&pid=crid://csi.digitaluk.co.uk/9fe46ea6-f838-477f-be1c-fcd2d256d320&start=2026-10-01T15:00:00+0000&duration=PT1H from server.
Fetching https://www.freeview.co.uk/api/program?sid=32&nid=64403&pid=crid://panorama.five.tv/versions/C5508810019A&start=2026-10-01T16:00:00+0000&duration=PT1H from server.
Fetching https://www.freeview.co.uk/api/program?sid=32&nid=64403&pid=crid://csi.digitaluk.co.uk/9a800028-fc8a-4aee-aeb5-6d58b1ffe8d5&start=2026-10-01T17:00:00+0000&duration=PT30M from server.
Fetching https://www.freeview.co.uk/api/program?sid=32&nid=64403&pid=crid://csi.digitaluk.co.uk/ea44422d-4e75-4c3e-98aa-4dba5640bf7f&start=2026-10-01T17:30:00+0000&duration=PT30M from server.
Fetching https://www.freeview.co.uk/api/program?sid=32&nid=64403&pid=crid://csi.digitaluk.co.uk/5f977041-bef9-4930-b492-ec3921dfb0f0&start=2026-10-01T18:00:00+0000&duration=PT1H from server.
Fetching https://www.freeview.co.uk/api/program?sid=32&nid=64403&pid=crid://csi.digitaluk.co.uk/cfc1a81d-dc5c-4513-ac9e-e8f6963b9c8a&start=2026-10-01T19:00:00+0000&duration=PT1H from server.
Fetching https://www.freeview.co.uk/api/program?sid=32&nid=64403&pid=crid://panorama.five.tv/versions/C5488630002C&start=2026-10-01T20:00:00+0000&duration=PT1H from server.
Fetching https://www.freeview.co.uk/api/program?sid=32&nid=64403&pid=crid://csi.digitaluk.co.uk/85c7d6d0-ceaf-41cc-9743-558879ca5cfa&start=2026-10-01T21:00:00+0000&duration=PT1H from server.
Fetching https://www.freeview.co.uk/api/program?sid=32&nid=64403&pid=crid://csi.digitaluk.co.uk/1ebfb33a-d49d-4ed0-aab0-5e9adc69a053&start=2026-10-01T22:00:00+0000&duration=PT1H from server.
Fetching https://www.freeview.co.uk/api/program?sid=32&nid=64403&pid=crid://panorama.five.tv/versions/C5491950004A&start=2026-10-01T23:00:00+0000&duration=PT1H from server.
## Wanted 16112 
Fetching https://www.freeview.co.uk/api/program?sid=33&nid=64403&pid=crid://csi.digitaluk.co.uk/af2d5b65-cdd0-46a7-acb0-1664b21e9a34&start=2026-10-01T00:35:00+0000&duration=PT1H from server.
Fetching https://www.freeview.co.uk/api/program?sid=33&nid=64403&pid=crid://csi.digitaluk.co.uk/e65e5038-acd0-46cb-8e62-475027e6bb8d&start=2026-10-01T01:35:00+0000&duration=PT55M from server.
Fetching https://www.freeview.co.uk/api/program?sid=33&nid=64403&pid=crid://csi.digitaluk.co.uk/2f42d407-acc7-4ed3-a3ea-7b051d84702d&start=2026-10-01T02:30:00+0000&duration=PT25M from server.
Fetching https://www.freeview.co.uk/api/program?sid=33&nid=64403&pid=crid://panorama.five.tv/versions/C5522880040A&start=2026-10-01T02:55:00+0000&duration=PT5M from server.
Fetching https://www.freeview.co.uk/api/program?sid=33&nid=64403&pid=crid://panorama.five.tv/versions/C5340000001A&start=2026-10-01T03:00:00+0000&duration=PT2H from server.
Fetching https://www.freeview.co.uk/api/program?sid=33&nid=64403&pid=crid://panorama.five.tv/versions/C5266540001A&start=2026-10-01T05:00:00+0000&duration=PT1H from server.
Fetching https://www.freeview.co.uk/api/program?sid=33&nid=64403&pid=crid://panorama.five.tv/versions/C5349600001A&start=2026-10-01T06:00:00+0000&duration=PT1H from server.
Fetching https://www.freeview.co.uk/api/program?sid=33&nid=64403&pid=crid://panorama.five.tv/versions/C5349600001A&start=2026-10-01T07:00:00+0000&duration=PT1H from server.
Fetching https://www.freeview.co.uk/api/program?sid=33&nid=64403&pid=crid://panorama.five.tv/versions/C5522880040A&start=2026-10-01T08:00:00+0000&duration=PT5M from server.
Fetching https://www.freeview.co.uk/api/program?sid=33&nid=64403&pid=crid://csi.digitaluk.co.uk/147ef070-4330-429c-8804-bfc9ddb2351d&start=2026-10-01T08:05:00+0000&duration=PT1H from server.
Fetching https://www.freeview.co.uk/api/program?sid=33&nid=64403&pid=crid://csi.digitaluk.co.uk/65047462-1bcb-4851-a3dd-a29789c93933&start=2026-10-01T09:05:00+0000&duration=PT1H from server.
Fetching https://www.freeview.co.uk/api/program?sid=33&nid=64403&pid=crid://csi.digitaluk.co.uk/1f3e76b3-a368-4409-a9c9-3f07b2bb392c&start=2026-10-01T10:05:00+0000&duration=PT1H5M from server.
Fetching https://www.freeview.co.uk/api/program?sid=33&nid=64403&pid=crid://csi.digitaluk.co.uk/5be86f6d-c968-4287-8710-146ffd0e6d23&start=2026-10-01T11:10:00+0000&duration=PT1H from server.
Fetching https://www.freeview.co.uk/api/program?sid=33&nid=64403&pid=crid://csi.digitaluk.co.uk/b4389ea8-487c-47a1-89ac-39ed3e007e99&start=2026-10-01T12:10:00+0000&duration=PT5M from server.
Fetching https://www.freeview.co.uk/api/program?sid=33&nid=64403&pid=crid://csi.digitaluk.co.uk/c5a02ef6-22c9-4874-b232-acdf4a481161&start=2026-10-01T12:15:00+0000&duration=PT40M from server.
Fetching https://www.freeview.co.uk/api/program?sid=33&nid=64403&pid=crid://csi.digitaluk.co.uk/1aed1f2f-3c5d-45b9-a98a-6f2f1809aecd&start=2026-10-01T12:55:00+0000&duration=PT1H from server.
Fetching https://www.freeview.co.uk/api/program?sid=33&nid=64403&pid=crid://csi.digitaluk.co.uk/ff88e6cf-bb1c-4d34-aeb1-1e8290c390a8&start=2026-10-01T13:55:00+0000&duration=PT5M from server.
Fetching https://www.freeview.co.uk/api/program?sid=33&nid=64403&pid=crid://csi.digitaluk.co.uk/980650f8-fa87-448b-ae33-107360ef5a02&start=2026-10-01T14:00:00+0000&duration=PT1H from server.
Fetching https://www.freeview.co.uk/api/program?sid=33&nid=64403&pid=crid://csi.digitaluk.co.uk/1c1264fd-1585-4321-a3b9-9ab7540864c2&start=2026-10-01T15:00:00+0000&duration=PT1H from server.
Fetching https://www.freeview.co.uk/api/program?sid=33&nid=64403&pid=crid://panorama.five.tv/versions/C5453540004B&start=2026-10-01T16:00:00+0000&duration=PT1H from server.
Fetching https://www.freeview.co.uk/api/program?sid=33&nid=64403&pid=crid://csi.digitaluk.co.uk/becbb80d-6918-435f-a295-1615f8f2c0dc&start=2026-10-01T17:00:00+0000&duration=PT1H from server.
Fetching https://www.freeview.co.uk/api/program?sid=33&nid=64403&pid=crid://csi.digitaluk.co.uk/33030051-dde3-4733-8a9f-55750f107422&start=2026-10-01T18:00:00+0000&duration=PT1H from server.
Fetching https://www.freeview.co.uk/api/program?sid=33&nid=64403&pid=crid://csi.digitaluk.co.uk/43696095-e920-41db-bf7e-42a18c3dbbe2&start=2026-10-01T19:00:00+0000&duration=PT1H from server.
Fetching https://www.freeview.co.uk/api/program?sid=33&nid=64403&pid=crid://panorama.five.tv/versions/C5372680010E&start=2026-10-01T20:00:00+0000&duration=PT1H from server.
Fetching https://www.freeview.co.uk/api/program?sid=33&nid=64403&pid=crid://csi.digitaluk.co.uk/a84615e6-52b1-4662-97e1-d27954b7cd23&start=2026-10-01T21:00:00+0000&duration=PT1H from server.
Fetching https://www.freeview.co.uk/api/program?sid=33&nid=64403&pid=crid://panorama.five.tv/versions/C5213950011A&start=2026-10-01T22:00:00+0000&duration=PT1H from server.
Fetching https://www.freeview.co.uk/api/program?sid=33&nid=64403&pid=crid://csi.digitaluk.co.uk/3f40e625-8d89-4c33-93e8-a0b868c5e07c&start=2026-10-01T23:00:00+0000&duration=PT1H from server.
### Wanted 8373 
Fetching https://www.freeview.co.uk/api/program?sid=35&nid=64403&pid=crid://csi.digitaluk.co.uk/2c38d4bf-047c-4ea3-8242-b5ad4ee579ec&start=2026-10-01T00:00:00+0000&duration=PT3H from server.
Fetching https://www.freeview.co.uk/api/program?sid=35&nid=64403&pid=crid://csi.digitaluk.co.uk/044f5d28-3ce1-4ec4-a3b3-3d59f7640bb6&start=2026-10-01T03:00:00+0000&duration=PT25M from server.
Fetching https://www.freeview.co.uk/api/program?sid=35&nid=64403&pid=crid://csi.digitaluk.co.uk/cf878f3f-0d32-4fc7-bf93-b22a16f3cff0&start=2026-10-01T03:25:00+0000&duration=PT25M from server.
Fetching https://www.freeview.co.uk/api/program?sid=35&nid=64403&pid=crid://csi.digitaluk.co.uk/bcbc4a21-1f8e-4b38-92fc-052b17cc262c&start=2026-10-01T03:50:00+0000&duration=PT1H15M from server.
Fetching https://www.freeview.co.uk/api/program?sid=35&nid=64403&pid=crid://csi.digitaluk.co.uk/07cea624-951b-4efb-b8ab-2b6e3977cd06&start=2026-10-01T05:05:00+0000&duration=PT55M from server.
Fetching https://www.freeview.co.uk/api/program?sid=35&nid=64403&pid=crid://csi.digitaluk.co.uk/4538d287-2e7e-4caa-a154-674147a03edb&start=2026-10-01T06:00:00+0000&duration=PT3H30M from server.
Fetching https://www.freeview.co.uk/api/program?sid=35&nid=64403&pid=crid://csi.digitaluk.co.uk/d2ec3904-9d91-42f5-9623-893d3a40213a&start=2026-10-01T09:30:00+0000&duration=PT30M from server.
Fetching https://www.freeview.co.uk/api/program?sid=35&nid=64403&pid=crid://csi.digitaluk.co.uk/40c7bc71-530f-4ee5-960a-4b5411d027dd&start=2026-10-01T10:00:00+0000&duration=PT2H30M from server.
Fetching https://www.freeview.co.uk/api/program?sid=35&nid=64403&pid=crid://csi.digitaluk.co.uk/efa2d2c3-425d-4856-b4d6-941ee2a1e17b&start=2026-10-01T12:30:00+0000&duration=PT1H from server.
Fetching https://www.freeview.co.uk/api/program?sid=35&nid=64403&pid=crid://csi.digitaluk.co.uk/7b89c800-6930-4c62-96c1-9b818bfb27e5&start=2026-10-01T13:30:00+0000&duration=PT25M from server.
Fetching https://www.freeview.co.uk/api/program?sid=35&nid=64403&pid=crid://csi.digitaluk.co.uk/fcedcb0a-faea-4cd4-821a-b5f070a3a784&start=2026-10-01T13:55:00+0000&duration=PT5M from server.
Fetching https://www.freeview.co.uk/api/program?sid=35&nid=64403&pid=crid://csi.digitaluk.co.uk/f1ba08fa-ee61-4efd-b026-c09425e4b950&start=2026-10-01T14:00:00+0000&duration=PT1H from server.
Fetching https://www.freeview.co.uk/api/program?sid=35&nid=64403&pid=crid://csi.digitaluk.co.uk/b2c9f180-e4f0-4d68-b05d-8d403c376054&start=2026-10-01T15:00:00+0000&duration=PT1H from server.
Fetching https://www.freeview.co.uk/api/program?sid=35&nid=64403&pid=crid://csi.digitaluk.co.uk/9094b2c2-7977-4353-b670-37a582e8b63c&start=2026-10-01T16:00:00+0000&duration=PT1H from server.
Fetching https://www.freeview.co.uk/api/program?sid=35&nid=64403&pid=crid://csi.digitaluk.co.uk/94a50145-9408-4da2-9fc3-5eac2c51e658&start=2026-10-01T17:00:00+0000&duration=PT1H from server.
Fetching https://www.freeview.co.uk/api/program?sid=35&nid=64403&pid=crid://csi.digitaluk.co.uk/e7358d98-5a73-4ccf-be0e-52b0e9239eb8&start=2026-10-01T18:00:00+0000&duration=PT30M from server.
Fetching https://www.freeview.co.uk/api/program?sid=35&nid=64403&pid=crid://csi.digitaluk.co.uk/76987868-4bfb-4e72-826f-b268b1fc1978&start=2026-10-01T18:30:00+0000&duration=PT1H from server.
Fetching https://www.freeview.co.uk/api/program?sid=35&nid=64403&pid=crid://csi.digitaluk.co.uk/38bb2993-42d6-4d14-b98f-a9bc74d46306&start=2026-10-01T19:30:00+0000&duration=PT30M from server.
Fetching https://www.freeview.co.uk/api/program?sid=35&nid=64403&pid=crid://csi.digitaluk.co.uk/e51a5714-ecb7-4a30-bf7c-acfa49389f8d&start=2026-10-01T20:00:00+0000&duration=PT30M from server.
Fetching https://www.freeview.co.uk/api/program?sid=35&nid=64403&pid=crid://csi.digitaluk.co.uk/cea4363f-7912-42f9-a5e0-ea2b25a3340c&start=2026-10-01T20:30:00+0000&duration=PT30M from server.
Fetching https://www.freeview.co.uk/api/program?sid=35&nid=64403&pid=crid://csi.digitaluk.co.uk/f86f5ce7-2db2-4341-92be-052b76dc5843&start=2026-10-01T21:00:00+0000&duration=PT1H from server.
Fetching https://www.freeview.co.uk/api/program?sid=35&nid=64403&pid=crid://csi.digitaluk.co.uk/45d2fa4b-43ee-4755-9af6-143bb93d3274&start=2026-10-01T22:00:00+0000&duration=PT30M from server.
Fetching https://www.freeview.co.uk/api/program?sid=35&nid=64403&pid=crid://csi.digitaluk.co.uk/62d1a86d-0b86-44bf-b50a-3682a282266e&start=2026-10-01T22:30:00+0000&duration=PT15M from server.
Fetching https://www.freeview.co.uk/api/program?sid=35&nid=64403&pid=crid://csi.digitaluk.co.uk/8030dc08-7161-4a1c-aa0a-f21b66a7e635&start=2026-10-01T22:45:00+0000&duration=PT25M from server.
Fetching https://www.freeview.co.uk/api/program?sid=35&nid=64403&pid=crid://csi.digitaluk.co.uk/e3e85854-cefe-454c-84aa-66695b6f81bc&start=2026-10-01T23:10:00+0000&duration=PT1H50M from server.
## Wanted 27680 
Fetching https://www.freeview.co.uk/api/program?sid=39&nid=64403&pid=crid://csi.digitaluk.co.uk/8f3d6520-4675-4b32-8a09-f71ce2be2c69&start=2026-10-01T00:00:00+0000&duration=PT1H from server.
Fetching https://www.freeview.co.uk/api/program?sid=39&nid=64403&pid=crid://csi.digitaluk.co.uk/d4d97b0b-ddf9-4c32-8522-7ea22f35ee0e&start=2026-10-01T01:00:00+0000&duration=PT30M from server.
Fetching https://www.freeview.co.uk/api/program?sid=39&nid=64403&pid=crid://csi.digitaluk.co.uk/8c0ac01f-e9a3-4a1a-bca0-cfbcf84d8eea&start=2026-10-01T01:30:00+0000&duration=PT30M from server.
Fetching https://www.freeview.co.uk/api/program?sid=39&nid=64403&pid=crid://csi.digitaluk.co.uk/cc90e43a-dcd9-4d8b-b0ea-c68340b01685&start=2026-10-01T02:00:00+0000&duration=PT30M from server.
Fetching https://www.freeview.co.uk/api/program?sid=39&nid=64403&pid=crid://csi.digitaluk.co.uk/d6aa710f-ed25-4ae8-b90f-7232c2868f93&start=2026-10-01T02:30:00+0000&duration=PT30M from server.
Fetching https://www.freeview.co.uk/api/program?sid=39&nid=64403&pid=crid://csi.digitaluk.co.uk/78efc05f-a42c-446c-accd-49abb0c4ff31&start=2026-10-01T03:00:00+0000&duration=PT30M from server.
Fetching https://www.freeview.co.uk/api/program?sid=39&nid=64403&pid=crid://csi.digitaluk.co.uk/29c62f1a-2e9f-423b-bd60-feb47bbbd916&start=2026-10-01T03:30:00+0000&duration=PT30M from server.
Fetching https://www.freeview.co.uk/api/program?sid=39&nid=64403&pid=crid://csi.digitaluk.co.uk/4eb9c956-f33f-4317-9512-28d75c7eebe1&start=2026-10-01T04:00:00+0000&duration=PT30M from server.
Fetching https://www.freeview.co.uk/api/program?sid=39&nid=64403&pid=crid://csi.digitaluk.co.uk/5abac2d0-31b6-48b6-800a-cd2f0126658c&start=2026-10-01T04:30:00+0000&duration=PT30M from server.
Fetching https://www.freeview.co.uk/api/program?sid=39&nid=64403&pid=crid://csi.digitaluk.co.uk/c4f13ed2-9b5a-4294-8b84-4dee746b3b93&start=2026-10-01T05:00:00+0000&duration=PT1H from server.
Fetching https://www.freeview.co.uk/api/program?sid=39&nid=64403&pid=crid://csi.digitaluk.co.uk/8d09fb36-6981-43ac-b4c9-c5dff68e21b5&start=2026-10-01T06:00:00+0000&duration=PT1H from server.
Fetching https://www.freeview.co.uk/api/program?sid=39&nid=64403&pid=crid://csi.digitaluk.co.uk/fe9f6cc5-9465-4130-8942-131cc72337e9&start=2026-10-01T07:00:00+0000&duration=PT1H from server.
Fetching https://www.freeview.co.uk/api/program?sid=39&nid=64403&pid=crid://csi.digitaluk.co.uk/9efb006d-b4e0-46fc-b702-d300200c0dd4&start=2026-10-01T08:00:00+0000&duration=PT1H from server.
Fetching https://www.freeview.co.uk/api/program?sid=39&nid=64403&pid=crid://csi.digitaluk.co.uk/fc4d3890-c081-480d-a145-2cd18771ba58&start=2026-10-01T09:00:00+0000&duration=PT1H from server.
Fetching https://www.freeview.co.uk/api/program?sid=39&nid=64403&pid=crid://csi.digitaluk.co.uk/5ce00ea7-606b-4c40-b50a-8dae453b8793&start=2026-10-01T10:00:00+0000&duration=PT1H from server.
Fetching https://www.freeview.co.uk/api/program?sid=39&nid=64403&pid=crid://csi.digitaluk.co.uk/bfc2be07-ecba-486d-88dc-4829fe1782c0&start=2026-10-01T11:00:00+0000&duration=PT1H from server.
Fetching https://www.freeview.co.uk/api/program?sid=39&nid=64403&pid=crid://csi.digitaluk.co.uk/5f614cca-8bd9-4c47-96c1-3c868226dd07&start=2026-10-01T12:00:00+0000&duration=PT1H from server.
Fetching https://www.freeview.co.uk/api/program?sid=39&nid=64403&pid=crid://csi.digitaluk.co.uk/964f37d9-f521-4aff-bebe-547a1e0100a9&start=2026-10-01T13:00:00+0000&duration=PT1H from server.
Fetching https://www.freeview.co.uk/api/program?sid=39&nid=64403&pid=crid://csi.digitaluk.co.uk/507d3d03-bc1e-4d5f-9300-bff9b22895f5&start=2026-10-01T14:00:00+0000&duration=PT2H from server.
Fetching https://www.freeview.co.uk/api/program?sid=39&nid=64403&pid=crid://csi.digitaluk.co.uk/53fb8232-eac2-44d4-8484-a927b0ffa301&start=2026-10-01T16:00:00+0000&duration=PT1H from server.
Fetching https://www.freeview.co.uk/api/program?sid=39&nid=64403&pid=crid://csi.digitaluk.co.uk/a79b1940-1be5-4e0c-9224-95f8bbffd5ca&start=2026-10-01T17:00:00+0000&duration=PT1H from server.
Fetching https://www.freeview.co.uk/api/program?sid=39&nid=64403&pid=crid://csi.digitaluk.co.uk/0f140809-f0ca-4fd7-bdb6-3127ca892823&start=2026-10-01T18:00:00+0000&duration=PT1H from server.
Fetching https://www.freeview.co.uk/api/program?sid=39&nid=64403&pid=crid://csi.digitaluk.co.uk/176b6b54-3f72-4690-abdd-ee357a19a387&start=2026-10-01T19:00:00+0000&duration=PT1H from server.
Fetching https://www.freeview.co.uk/api/program?sid=39&nid=64403&pid=crid://csi.digitaluk.co.uk/6636ef2a-de7e-42fb-b510-f36a4d31fb4e&start=2026-10-01T20:00:00+0000&duration=PT1H from server.
Fetching https://www.freeview.co.uk/api/program?sid=39&nid=64403&pid=crid://csi.digitaluk.co.uk/a114b4c1-080a-41ae-a9fe-6e947a2a279b&start=2026-10-01T21:00:00+0000&duration=PT1H from server.
Fetching https://www.freeview.co.uk/api/program?sid=39&nid=64403&pid=crid://csi.digitaluk.co.uk/2f06d2e8-bd56-42ff-93d1-b164a6f1b356&start=2026-10-01T22:00:00+0000&duration=PT1H from server.
Fetching https://www.freeview.co.uk/api/program?sid=39&nid=64403&pid=crid://csi.digitaluk.co.uk/e609ee0f-2e5d-4d9f-b867-d6c07c700e65&start=2026-10-01T23:00:00+0000&duration=PT1H from server.
### Wanted 23744 
Fetching https://www.freeview.co.uk/api/program?sid=40&nid=64403&pid=crid://csi.digitaluk.co.uk/b14b79af-11b8-4b1f-8a2b-a9bbe4f3761f&start=2026-10-01T00:00:00+0000&duration=PT1H from server.
Fetching https://www.freeview.co.uk/api/program?sid=40&nid=64403&pid=crid://csi.digitaluk.co.uk/725ae09a-5494-4e3a-8a24-086b27c14aae&start=2026-10-01T01:00:00+0000&duration=PT1H from server.
Fetching https://www.freeview.co.uk/api/program?sid=40&nid=64403&pid=crid://csi.digitaluk.co.uk/b99d09bb-59b5-4266-9997-f875b8823fd4&start=2026-10-01T02:00:00+0000&duration=PT1H from server.
Fetching https://www.freeview.co.uk/api/program?sid=40&nid=64403&pid=crid://csi.digitaluk.co.uk/4e94dc40-7b0a-4644-bad1-2123e6783134&start=2026-10-01T03:00:00+0000&duration=PT30M from server.
Fetching https://www.freeview.co.uk/api/program?sid=40&nid=64403&pid=crid://csi.digitaluk.co.uk/af10410a-fefa-4956-9e52-3731f5214af0&start=2026-10-01T03:30:00+0000&duration=PT30M from server.
Fetching https://www.freeview.co.uk/api/program?sid=40&nid=64403&pid=crid://csi.digitaluk.co.uk/c5cf35aa-9dbd-46e5-ae08-08252626069d&start=2026-10-01T04:00:00+0000&duration=PT30M from server.
Fetching https://www.freeview.co.uk/api/program?sid=40&nid=64403&pid=crid://csi.digitaluk.co.uk/8ddf205f-91fa-47b2-a5db-577dca7237a4&start=2026-10-01T04:30:00+0000&duration=PT30M from server.
Fetching https://www.freeview.co.uk/api/program?sid=40&nid=64403&pid=crid://csi.digitaluk.co.uk/85eeb4ac-b6f0-4fa9-8998-072e496d9ab3&start=2026-10-01T05:00:00+0000&duration=PT30M from server.
Fetching https://www.freeview.co.uk/api/program?sid=40&nid=64403&pid=crid://csi.digitaluk.co.uk/904873bb-0286-4641-be6d-f30599472b7b&start=2026-10-01T05:30:00+0000&duration=PT30M from server.
Fetching https://www.freeview.co.uk/api/program?sid=40&nid=64403&pid=crid://csi.digitaluk.co.uk/6a407a99-460e-4059-ba40-f8745df508fb&start=2026-10-01T06:00:00+0000&duration=PT1H from server.
Fetching https://www.freeview.co.uk/api/program?sid=40&nid=64403&pid=crid://csi.digitaluk.co.uk/c3f1e4ae-ce47-436b-9003-a73067c76ebd&start=2026-10-01T07:00:00+0000&duration=PT30M from server.
Fetching https://www.freeview.co.uk/api/program?sid=40&nid=64403&pid=crid://csi.digitaluk.co.uk/99a952be-1e79-4c2f-a5f1-96fed2f56bf8&start=2026-10-01T07:30:00+0000&duration=PT30M from server.
Fetching https://www.freeview.co.uk/api/program?sid=40&nid=64403&pid=crid://csi.digitaluk.co.uk/9eba92c2-a4bd-4a6f-8192-f98e553b624f&start=2026-10-01T08:00:00+0000&duration=PT30M from server.
Fetching https://www.freeview.co.uk/api/program?sid=40&nid=64403&pid=crid://csi.digitaluk.co.uk/42d822f1-b404-4ae9-9016-380eba7f983b&start=2026-10-01T08:30:00+0000&duration=PT30M from server.
Fetching https://www.freeview.co.uk/api/program?sid=40&nid=64403&pid=crid://csi.digitaluk.co.uk/353d4dcd-6385-4d66-a768-297c1aac233f&start=2026-10-01T09:00:00+0000&duration=PT1H from server.
Fetching https://www.freeview.co.uk/api/program?sid=40&nid=64403&pid=crid://csi.digitaluk.co.uk/9713dac2-0352-4ef2-b482-9a052026a64a&start=2026-10-01T10:00:00+0000&duration=PT1H from server.
Fetching https://www.freeview.co.uk/api/program?sid=40&nid=64403&pid=crid://csi.digitaluk.co.uk/076d52b6-67db-42e5-99ee-d716039fb3e6&start=2026-10-01T11:00:00+0000&duration=PT1H from server.
Fetching https://www.freeview.co.uk/api/program?sid=40&nid=64403&pid=crid://csi.digitaluk.co.uk/c64db9f6-1d0d-4cae-841e-438e24d2f6c1&start=2026-10-01T12:00:00+0000&duration=PT1H from server.
Fetching https://www.freeview.co.uk/api/program?sid=40&nid=64403&pid=crid://csi.digitaluk.co.uk/b201bd17-c5ee-493c-bb2b-19232afd0304&start=2026-10-01T13:00:00+0000&duration=PT1H from server.
Fetching https://www.freeview.co.uk/api/program?sid=40&nid=64403&pid=crid://csi.digitaluk.co.uk/ede23584-2825-4999-bbec-e75691b0824d&start=2026-10-01T14:00:00+0000&duration=PT1H from server.
Fetching https://www.freeview.co.uk/api/program?sid=40&nid=64403&pid=crid://csi.digitaluk.co.uk/28770b26-ea0b-48bf-8be6-f9a86bb19e48&start=2026-10-01T15:00:00+0000&duration=PT1H from server.
Fetching https://www.freeview.co.uk/api/program?sid=40&nid=64403&pid=crid://csi.digitaluk.co.uk/800c86f4-45ad-4e8d-97f1-dbcf282f97f7&start=2026-10-01T16:00:00+0000&duration=PT1H from server.
Fetching https://www.freeview.co.uk/api/program?sid=40&nid=64403&pid=crid://csi.digitaluk.co.uk/84974fcf-3aa7-4122-b05d-0e1f89dca94f&start=2026-10-01T17:00:00+0000&duration=PT1H from server.
Fetching https://www.freeview.co.uk/api/program?sid=40&nid=64403&pid=crid://csi.digitaluk.co.uk/1549d861-5d86-4553-8d1d-ae43dd5e2ae8&start=2026-10-01T18:00:00+0000&duration=PT1H from server.
Fetching https://www.freeview.co.uk/api/program?sid=40&nid=64403&pid=crid://csi.digitaluk.co.uk/4d315d2c-fe3b-40b3-bfbd-996d47ae9cf5&start=2026-10-01T19:00:00+0000&duration=PT1H from server.
Fetching https://www.freeview.co.uk/api/program?sid=40&nid=64403&pid=crid://csi.digitaluk.co.uk/f9ff114b-d123-42fd-9cb3-4fdc2a34574b&start=2026-10-01T20:00:00+0000&duration=PT1H from server.
Fetching https://www.freeview.co.uk/api/program?sid=40&nid=64403&pid=crid://csi.digitaluk.co.uk/12abca1f-255d-4b45-ad02-6e93cec330c8&start=2026-10-01T21:00:00+0000&duration=PT1H from server.
Fetching https://www.freeview.co.uk/api/program?sid=40&nid=64403&pid=crid://csi.digitaluk.co.uk/c04e07ee-6b1d-41fa-a440-6dba29192c8e&start=2026-10-01T22:00:00+0000&duration=PT1H from server.
Fetching https://www.freeview.co.uk/api/program?sid=40&nid=64403&pid=crid://csi.digitaluk.co.uk/0b16c534-eef2-4cc9-8d29-9ef6477b7e05&start=2026-10-01T23:00:00+0000&duration=PT1H from server.
## Wanted 23040 
Fetching https://www.freeview.co.uk/api/program?sid=43&nid=64403&pid=crid://csi.digitaluk.co.uk/4ac7daf6-a78b-41c9-9f85-0db54ad04987&start=2026-10-01T00:00:00+0000&duration=PT30M from server.
Fetching https://www.freeview.co.uk/api/program?sid=43&nid=64403&pid=crid://csi.digitaluk.co.uk/0ead744c-fa47-4ab1-8d9d-50cbbea6ffdc&start=2026-10-01T00:30:00+0000&duration=PT30M from server.
Fetching https://www.freeview.co.uk/api/program?sid=43&nid=64403&pid=crid://csi.digitaluk.co.uk/7b639eb0-a9c1-4656-b917-a7e4f5b6d54d&start=2026-10-01T01:00:00+0000&duration=PT30M from server.
Fetching https://www.freeview.co.uk/api/program?sid=43&nid=64403&pid=crid://csi.digitaluk.co.uk/0eb6cf72-9cc2-4d59-a3e3-5344fcd39fbc&start=2026-10-01T01:30:00+0000&duration=PT30M from server.
Fetching https://www.freeview.co.uk/api/program?sid=43&nid=64403&pid=crid://csi.digitaluk.co.uk/b089a7c4-95a3-40be-ba97-5991df966085&start=2026-10-01T02:00:00+0000&duration=PT30M from server.
Fetching https://www.freeview.co.uk/api/program?sid=43&nid=64403&pid=crid://csi.digitaluk.co.uk/b29425c0-447c-4dd7-b8f7-adc01362e16b&start=2026-10-01T02:30:00+0000&duration=PT30M from server.
Fetching https://www.freeview.co.uk/api/program?sid=43&nid=64403&pid=crid://csi.digitaluk.co.uk/16fb0e3b-a053-4c1b-9c0b-ad1fa0973bae&start=2026-10-01T03:00:00+0000&duration=PT30M from server.
Fetching https://www.freeview.co.uk/api/program?sid=43&nid=64403&pid=crid://csi.digitaluk.co.uk/88153703-c7dd-4d53-9753-17af447c1b56&start=2026-10-01T03:30:00+0000&duration=PT30M from server.
Fetching https://www.freeview.co.uk/api/program?sid=43&nid=64403&pid=crid://csi.digitaluk.co.uk/0411b05d-9cff-40ba-8e5d-ee9ad60020f6&start=2026-10-01T04:00:00+0000&duration=PT30M from server.
Fetching https://www.freeview.co.uk/api/program?sid=43&nid=64403&pid=crid://csi.digitaluk.co.uk/0f38b51f-a6f9-4227-803d-03643bf3ad75&start=2026-10-01T04:30:00+0000&duration=PT30M from server.
Fetching https://www.freeview.co.uk/api/program?sid=43&nid=64403&pid=crid://csi.digitaluk.co.uk/3c2b7822-baf6-4526-aa44-18450c39cf63&start=2026-10-01T05:00:00+0000&duration=PT1H from server.
Fetching https://www.freeview.co.uk/api/program?sid=43&nid=64403&pid=crid://csi.digitaluk.co.uk/98617d5a-d724-4dbb-88d1-9c3de7f95a3b&start=2026-10-01T06:00:00+0000&duration=PT1H from server.
Fetching https://www.freeview.co.uk/api/program?sid=43&nid=64403&pid=crid://csi.digitaluk.co.uk/e1121a82-c396-43a7-bec9-1435716bc370&start=2026-10-01T07:00:00+0000&duration=PT30M from server.
Fetching https://www.freeview.co.uk/api/program?sid=43&nid=64403&pid=crid://csi.digitaluk.co.uk/10c42934-ca48-470e-9c9f-b8ad3141d6ac&start=2026-10-01T07:30:00+0000&duration=PT30M from server.
Fetching https://www.freeview.co.uk/api/program?sid=43&nid=64403&pid=crid://csi.digitaluk.co.uk/a41d3551-32da-447d-b543-07844caf0a87&start=2026-10-01T08:00:00+0000&duration=PT1H from server.
Fetching https://www.freeview.co.uk/api/program?sid=43&nid=64403&pid=crid://csi.digitaluk.co.uk/1dcd1480-3c80-4025-b801-8da204872d19&start=2026-10-01T09:00:00+0000&duration=PT30M from server.
Fetching https://www.freeview.co.uk/api/program?sid=43&nid=64403&pid=crid://csi.digitaluk.co.uk/84afac02-1bac-4194-8fd9-02e561384990&start=2026-10-01T09:30:00+0000&duration=PT30M from server.
Fetching https://www.freeview.co.uk/api/program?sid=43&nid=64403&pid=crid://csi.digitaluk.co.uk/7b2ea145-44cb-417a-bfb2-e9decfdac98a&start=2026-10-01T10:00:00+0000&duration=PT1H30M from server.
Fetching https://www.freeview.co.uk/api/program?sid=43&nid=64403&pid=crid://csi.digitaluk.co.uk/811616cb-166c-4564-bca7-4474b219e05b&start=2026-10-01T11:30:00+0000&duration=PT30M from server.
Fetching https://www.freeview.co.uk/api/program?sid=43&nid=64403&pid=crid://csi.digitaluk.co.uk/204d317f-aee2-43f4-ba01-4c0b1d0664a1&start=2026-10-01T12:00:00+0000&duration=PT30M from server.
Fetching https://www.freeview.co.uk/api/program?sid=43&nid=64403&pid=crid://csi.digitaluk.co.uk/aaeace8c-95b8-4936-910b-23a9319c9b5b&start=2026-10-01T12:30:00+0000&duration=PT30M from server.
Fetching https://www.freeview.co.uk/api/program?sid=43&nid=64403&pid=crid://csi.digitaluk.co.uk/0f0220b8-7bc5-4497-bc80-d9ee1e40b280&start=2026-10-01T13:00:00+0000&duration=PT30M from server.
Fetching https://www.freeview.co.uk/api/program?sid=43&nid=64403&pid=crid://csi.digitaluk.co.uk/432930c3-6d1e-47a4-8649-53066404275e&start=2026-10-01T13:30:00+0000&duration=PT30M from server.
Fetching https://www.freeview.co.uk/api/program?sid=43&nid=64403&pid=crid://csi.digitaluk.co.uk/ff8b1987-14a4-4ae7-8128-5489014d0088&start=2026-10-01T14:00:00+0000&duration=PT1H from server.
Fetching https://www.freeview.co.uk/api/program?sid=43&nid=64403&pid=crid://csi.digitaluk.co.uk/f7c8119c-a8b8-455a-87cb-46ac95ac6d97&start=2026-10-01T15:00:00+0000&duration=PT1H from server.
Fetching https://www.freeview.co.uk/api/program?sid=43&nid=64403&pid=crid://csi.digitaluk.co.uk/06923ae3-e1cb-46df-9d80-12c25c39ed66&start=2026-10-01T16:00:00+0000&duration=PT30M from server.
Fetching https://www.freeview.co.uk/api/program?sid=43&nid=64403&pid=crid://csi.digitaluk.co.uk/c6be9a49-f6c6-4cec-8cc3-8309b96b05b9&start=2026-10-01T16:30:00+0000&duration=PT30M from server.
Fetching https://www.freeview.co.uk/api/program?sid=43&nid=64403&pid=crid://csi.digitaluk.co.uk/e46b971a-45a7-430f-8a4a-15603580cb10&start=2026-10-01T17:00:00+0000&duration=PT30M from server.
Fetching https://www.freeview.co.uk/api/program?sid=43&nid=64403&pid=crid://csi.digitaluk.co.uk/17df8ffa-5b05-4a2e-9775-ef1a778e067e&start=2026-10-01T17:30:00+0000&duration=PT30M from server.
Fetching https://www.freeview.co.uk/api/program?sid=43&nid=64403&pid=crid://csi.digitaluk.co.uk/08ff83c9-d00f-41e1-a26a-c2694327446a&start=2026-10-01T18:00:00+0000&duration=PT1H30M from server.
Fetching https://www.freeview.co.uk/api/program?sid=43&nid=64403&pid=crid://csi.digitaluk.co.uk/e3398593-2fbe-45cd-9d72-d5abbd75ede4&start=2026-10-01T19:30:00+0000&duration=PT30M from server.
Fetching https://www.freeview.co.uk/api/program?sid=43&nid=64403&pid=crid://csi.digitaluk.co.uk/4c1f00f5-d15f-473d-9c76-7948f43aa7a3&start=2026-10-01T20:00:00+0000&duration=PT1H from server.
Fetching https://www.freeview.co.uk/api/program?sid=43&nid=64403&pid=crid://csi.digitaluk.co.uk/015ddd1b-7aaa-49bb-9db0-7836f91f06ac&start=2026-10-01T21:00:00+0000&duration=PT1H from server.
Fetching https://www.freeview.co.uk/api/program?sid=43&nid=64403&pid=crid://csi.digitaluk.co.uk/c282dd5e-6b81-4154-a32f-59e6e4314d1c&start=2026-10-01T22:00:00+0000&duration=PT30M from server.
Fetching https://www.freeview.co.uk/api/program?sid=43&nid=64403&pid=crid://csi.digitaluk.co.uk/45a3596a-13e6-48d9-a1bf-81402d14b092&start=2026-10-01T22:30:00+0000&duration=PT30M from server.
Fetching https://www.freeview.co.uk/api/program?sid=43&nid=64403&pid=crid://csi.digitaluk.co.uk/9888c30b-11ba-4ef9-a9a1-f1221fe27ca1&start=2026-10-01T23:00:00+0000&duration=PT30M from server.
Fetching https://www.freeview.co.uk/api/program?sid=43&nid=64403&pid=crid://csi.digitaluk.co.uk/ad591766-d33d-4654-be2e-1134f622bbe0&start=2026-10-01T23:30:00+0000&duration=PT30M from server.
### Wanted 23712 
Fetching https://www.freeview.co.uk/api/program?sid=44&nid=64403&pid=crid://csi.digitaluk.co.uk/3ffab4e3-1c57-477d-8f2b-8500e4da67eb&start=2026-10-01T00:00:00+0000&duration=PT1H from server.
Fetching https://www.freeview.co.uk/api/program?sid=44&nid=64403&pid=crid://csi.digitaluk.co.uk/efcbe5b6-84ae-41db-9ef4-3e2f556c8b99&start=2026-10-01T01:00:00+0000&duration=PT2H from server.
Fetching https://www.freeview.co.uk/api/program?sid=44&nid=64403&pid=crid://csi.digitaluk.co.uk/3517467c-b17d-4f7f-a0a6-ac9ae064d397&start=2026-10-01T03:00:00+0000&duration=PT1H from server.
Fetching https://www.freeview.co.uk/api/program?sid=44&nid=64403&pid=crid://csi.digitaluk.co.uk/25b18bbf-f451-4d5d-bef6-35724d0e5f36&start=2026-10-01T04:00:00+0000&duration=PT1H from server.
Fetching https://www.freeview.co.uk/api/program?sid=44&nid=64403&pid=crid://csi.digitaluk.co.uk/3e4ae514-36f6-494f-b027-104c4f12cb70&start=2026-10-01T05:00:00+0000&duration=PT1H from server.
Fetching https://www.freeview.co.uk/api/program?sid=44&nid=64403&pid=crid://csi.digitaluk.co.uk/7d64e383-70f8-4942-9c68-26a1ca06b9e0&start=2026-10-01T06:00:00+0000&duration=PT1H from server.
Fetching https://www.freeview.co.uk/api/program?sid=44&nid=64403&pid=crid://csi.digitaluk.co.uk/3586959f-f8a7-4b6c-8f29-59c2269f4830&start=2026-10-01T07:00:00+0000&duration=PT1H from server.
Fetching https://www.freeview.co.uk/api/program?sid=44&nid=64403&pid=crid://csi.digitaluk.co.uk/aabd551b-35e4-414c-bb50-845a83ed9e80&start=2026-10-01T08:00:00+0000&duration=PT1H from server.
Fetching https://www.freeview.co.uk/api/program?sid=44&nid=64403&pid=crid://csi.digitaluk.co.uk/f9236a42-e026-4138-9ff8-1e3830e6448e&start=2026-10-01T09:00:00+0000&duration=PT1H from server.
Fetching https://www.freeview.co.uk/api/program?sid=44&nid=64403&pid=crid://csi.digitaluk.co.uk/23ca8562-df7c-47a3-a058-3f600f0d72d4&start=2026-10-01T10:00:00+0000&duration=PT1H from server.
Fetching https://www.freeview.co.uk/api/program?sid=44&nid=64403&pid=crid://csi.digitaluk.co.uk/f106ca9b-3c3b-4912-958b-244995bf066d&start=2026-10-01T11:00:00+0000&duration=PT1H from server.
Fetching https://www.freeview.co.uk/api/program?sid=44&nid=64403&pid=crid://csi.digitaluk.co.uk/c4c3dbd4-6147-4e72-98df-9af25a2729e6&start=2026-10-01T12:00:00+0000&duration=PT1H from server.
Fetching https://www.freeview.co.uk/api/program?sid=44&nid=64403&pid=crid://csi.digitaluk.co.uk/a97d2945-137b-4b52-9cf6-c7d2a1d381e1&start=2026-10-01T13:00:00+0000&duration=PT1H from server.
Fetching https://www.freeview.co.uk/api/program?sid=44&nid=64403&pid=crid://csi.digitaluk.co.uk/23ecc38b-957a-4106-a141-5a7323194268&start=2026-10-01T14:00:00+0000&duration=PT1H from server.
Fetching https://www.freeview.co.uk/api/program?sid=44&nid=64403&pid=crid://csi.digitaluk.co.uk/92d019f7-433c-46f1-a15c-1be21616843e&start=2026-10-01T15:00:00+0000&duration=PT1H from server.
Fetching https://www.freeview.co.uk/api/program?sid=44&nid=64403&pid=crid://csi.digitaluk.co.uk/a7d966d0-67b7-4fcb-af5b-3a0e9fa48283&start=2026-10-01T16:00:00+0000&duration=PT1H from server.
Fetching https://www.freeview.co.uk/api/program?sid=44&nid=64403&pid=crid://csi.digitaluk.co.uk/efe8604d-f023-413f-8704-011f26e69295&start=2026-10-01T17:00:00+0000&duration=PT1H from server.
Fetching https://www.freeview.co.uk/api/program?sid=44&nid=64403&pid=crid://csi.digitaluk.co.uk/2673bf27-d58b-44af-9552-a1bab44567a4&start=2026-10-01T18:00:00+0000&duration=PT1H from server.
Fetching https://www.freeview.co.uk/api/program?sid=44&nid=64403&pid=crid://csi.digitaluk.co.uk/d057ee45-3510-4ab4-8769-bf4cd51e7a59&start=2026-10-01T19:00:00+0000&duration=PT1H from server.
Fetching https://www.freeview.co.uk/api/program?sid=44&nid=64403&pid=crid://csi.digitaluk.co.uk/d0f8371d-9fcd-48cd-93a7-b2c015c8e69f&start=2026-10-01T20:00:00+0000&duration=PT1H from server.
Fetching https://www.freeview.co.uk/api/program?sid=44&nid=64403&pid=crid://csi.digitaluk.co.uk/25cf2638-aa41-40b8-afeb-7196d9d85bab&start=2026-10-01T21:00:00+0000&duration=PT1H from server.
Fetching https://www.freeview.co.uk/api/program?sid=44&nid=64403&pid=crid://csi.digitaluk.co.uk/a1a958c0-3277-4e13-b160-6b282cb4f031&start=2026-10-01T22:00:00+0000&duration=PT1H from server.
Fetching https://www.freeview.co.uk/api/program?sid=44&nid=64403&pid=crid://csi.digitaluk.co.uk/62ef771b-e38b-4cb5-a197-233dc48fbf80&start=2026-10-01T23:00:00+0000&duration=PT1H from server.
## Wanted 20256 
Fetching https://www.freeview.co.uk/api/program?sid=46&nid=64403&pid=crid://panorama.five.tv/versions/C5488980009A&start=2026-10-01T00:10:00+0000&duration=PT1H from server.
Fetching https://www.freeview.co.uk/api/program?sid=46&nid=64403&pid=crid://csi.digitaluk.co.uk/47f9cb6d-c6a7-4683-b23d-6783c6dc8365&start=2026-10-01T01:10:00+0000&duration=PT1H from server.
Fetching https://www.freeview.co.uk/api/program?sid=46&nid=64403&pid=crid://panorama.five.tv/versions/C5407810006C&start=2026-10-01T02:10:00+0000&duration=PT50M from server.
Fetching https://www.freeview.co.uk/api/program?sid=46&nid=64403&pid=crid://panorama.five.tv/versions/C5266540001A&start=2026-10-01T03:00:00+0000&duration=PT2H from server.
Fetching https://www.freeview.co.uk/api/program?sid=46&nid=64403&pid=crid://panorama.five.tv/versions/C5480340001A&start=2026-10-01T05:00:00+0000&duration=PT30M from server.
Fetching https://www.freeview.co.uk/api/program?sid=46&nid=64403&pid=crid://panorama.five.tv/versions/C5326820001A&start=2026-10-01T05:30:00+0000&duration=PT30M from server.
Fetching https://www.freeview.co.uk/api/program?sid=46&nid=64403&pid=crid://panorama.five.tv/versions/C5349600001A&start=2026-10-01T06:00:00+0000&duration=PT1H from server.
Fetching https://www.freeview.co.uk/api/program?sid=46&nid=64403&pid=crid://panorama.five.tv/versions/C5349600001A&start=2026-10-01T07:00:00+0000&duration=PT1H from server.
Fetching https://www.freeview.co.uk/api/program?sid=46&nid=64403&pid=crid://csi.digitaluk.co.uk/200208ea-8d08-42f2-a4c5-36f43236104c&start=2026-10-01T08:00:00+0000&duration=PT1H from server.
Fetching https://www.freeview.co.uk/api/program?sid=46&nid=64403&pid=crid://csi.digitaluk.co.uk/a609f9ea-cda7-44e0-bb2c-9721243f988a&start=2026-10-01T09:00:00+0000&duration=PT1H from server.
Fetching https://www.freeview.co.uk/api/program?sid=46&nid=64403&pid=crid://csi.digitaluk.co.uk/5cafb6a9-1e9f-4cb7-8aab-6138bcd14f68&start=2026-10-01T10:00:00+0000&duration=PT1H from server.
Fetching https://www.freeview.co.uk/api/program?sid=46&nid=64403&pid=crid://csi.digitaluk.co.uk/8d3235db-f149-4e0f-9ad1-e1554dbc1692&start=2026-10-01T11:00:00+0000&duration=PT1H from server.
Fetching https://www.freeview.co.uk/api/program?sid=46&nid=64403&pid=crid://panorama.five.tv/versions/C5269370014A&start=2026-10-01T12:00:00+0000&duration=PT1H from server.
Fetching https://www.freeview.co.uk/api/program?sid=46&nid=64403&pid=crid://panorama.five.tv/versions/C5269370015A&start=2026-10-01T13:00:00+0000&duration=PT1H from server.
Fetching https://www.freeview.co.uk/api/program?sid=46&nid=64403&pid=crid://csi.digitaluk.co.uk/a9f635f6-2239-4dc3-a969-a218e9434b2b&start=2026-10-01T14:00:00+0000&duration=PT2H from server.
Fetching https://www.freeview.co.uk/api/program?sid=46&nid=64403&pid=crid://csi.digitaluk.co.uk/ea958600-eaf5-428f-9ea5-fafbf015cf3f&start=2026-10-01T16:00:00+0000&duration=PT1H from server.
Fetching https://www.freeview.co.uk/api/program?sid=46&nid=64403&pid=crid://csi.digitaluk.co.uk/f602db9e-9369-4b3c-983e-9b57998b9108&start=2026-10-01T17:00:00+0000&duration=PT1H from server.
Fetching https://www.freeview.co.uk/api/program?sid=46&nid=64403&pid=crid://csi.digitaluk.co.uk/6c283b57-d0c0-4536-be71-fb7e79edf1fa&start=2026-10-01T18:00:00+0000&duration=PT1H from server.
Fetching https://www.freeview.co.uk/api/program?sid=46&nid=64403&pid=crid://csi.digitaluk.co.uk/149e43b8-0844-4bab-a9e2-ec42ef900e60&start=2026-10-01T19:00:00+0000&duration=PT1H from server.
Fetching https://www.freeview.co.uk/api/program?sid=46&nid=64403&pid=crid://csi.digitaluk.co.uk/e4087cdc-9320-4bcc-a9c6-8fd89d8691fb&start=2026-10-01T20:00:00+0000&duration=PT1H from server.
Fetching https://www.freeview.co.uk/api/program?sid=46&nid=64403&pid=crid://csi.digitaluk.co.uk/6b9b3761-a974-4269-9628-d3e8c1ce4394&start=2026-10-01T21:00:00+0000&duration=PT1H30M from server.
Fetching https://www.freeview.co.uk/api/program?sid=46&nid=64403&pid=crid://csi.digitaluk.co.uk/8d6e2236-9b6e-4f5e-a787-d4a07461dc4f&start=2026-10-01T22:30:00+0000&duration=PT1H5M from server.
Fetching https://www.freeview.co.uk/api/program?sid=46&nid=64403&pid=crid://csi.digitaluk.co.uk/d5babacc-bd46-48a4-87c7-4a3334a518bd&start=2026-10-01T23:35:00+0000&duration=PT1H from server.
### Wanted 8460 
Fetching https://www.freeview.co.uk/api/program?sid=49&nid=64403&pid=crid://csi.digitaluk.co.uk/6cafbeb9-9c44-4409-93cb-f99249d7fb04&start=2026-10-01T00:05:00+0000&duration=PT1H from server.
Fetching https://www.freeview.co.uk/api/program?sid=49&nid=64403&pid=crid://csi.digitaluk.co.uk/3e6bc172-b97c-42d5-91b9-ae90fef303e6&start=2026-10-01T01:05:00+0000&duration=PT1H5M from server.
Fetching https://www.freeview.co.uk/api/program?sid=49&nid=64403&pid=crid://movida.bebanjo.net/mas/version/79486/002/ASDELIVERED/C&start=2026-10-01T02:10:00+0000&duration=PT1H20M from server.
Fetching https://www.freeview.co.uk/api/program?sid=49&nid=64403&pid=crid://csi.digitaluk.co.uk/679ff399-de24-4f29-968e-8248148db0a2&start=2026-10-01T03:30:00+0000&duration=PT30M from server.
Fetching https://www.freeview.co.uk/api/program?sid=49&nid=64403&pid=crid://csi.digitaluk.co.uk/3696b584-e752-43df-a7fd-908f848a5017&start=2026-10-01T04:00:00+0000&duration=PT2H from server.
Fetching https://www.freeview.co.uk/api/program?sid=49&nid=64403&pid=crid://csi.digitaluk.co.uk/fc27d2da-57da-46c4-8cf3-35a0dd50086f&start=2026-10-01T06:00:00+0000&duration=PT2H from server.
Fetching https://www.freeview.co.uk/api/program?sid=49&nid=64403&pid=crid://csi.digitaluk.co.uk/4782fdda-481e-49f3-932e-cb3e4229ffa2&start=2026-10-01T08:00:00+0000&duration=PT1H from server.
Fetching https://www.freeview.co.uk/api/program?sid=49&nid=64403&pid=crid://csi.digitaluk.co.uk/46480ef7-ef25-4705-b600-98d87c6ba966&start=2026-10-01T09:00:00+0000&duration=PT1H from server.
Fetching https://www.freeview.co.uk/api/program?sid=49&nid=64403&pid=crid://movida.bebanjo.net/mas/version/77004/018/ASDELIVERED/C&start=2026-10-01T10:00:00+0000&duration=PT1H from server.
Fetching https://www.freeview.co.uk/api/program?sid=49&nid=64403&pid=crid://csi.digitaluk.co.uk/9b44c2f8-e6ff-4556-9db0-61fa06d4d15d&start=2026-10-01T11:00:00+0000&duration=PT1H from server.
Fetching https://www.freeview.co.uk/api/program?sid=49&nid=64403&pid=crid://csi.digitaluk.co.uk/dfe598d3-1edd-4e3c-b11b-7f1143d54a13&start=2026-10-01T12:00:00+0000&duration=PT1H from server.
Fetching https://www.freeview.co.uk/api/program?sid=49&nid=64403&pid=crid://csi.digitaluk.co.uk/c8592c57-fe77-4b45-ba0d-ce2f2e6f2a40&start=2026-10-01T13:00:00+0000&duration=PT1H from server.
Fetching https://www.freeview.co.uk/api/program?sid=49&nid=64403&pid=crid://csi.digitaluk.co.uk/98222938-b0e7-4ddd-a949-abf31b4ee6f4&start=2026-10-01T14:00:00+0000&duration=PT30M from server.
Fetching https://www.freeview.co.uk/api/program?sid=49&nid=64403&pid=crid://csi.digitaluk.co.uk/97dd740a-e79c-42f1-aeff-d45d3007a002&start=2026-10-01T14:30:00+0000&duration=PT30M from server.
Fetching https://www.freeview.co.uk/api/program?sid=49&nid=64403&pid=crid://csi.digitaluk.co.uk/6b80273b-37a1-4e28-b0be-156be70364d1&start=2026-10-01T15:00:00+0000&duration=PT30M from server.
Fetching https://www.freeview.co.uk/api/program?sid=49&nid=64403&pid=crid://csi.digitaluk.co.uk/48d046c1-df1c-40e2-99e9-cd0aad0ab26a&start=2026-10-01T15:30:00+0000&duration=PT30M from server.
Fetching https://www.freeview.co.uk/api/program?sid=49&nid=64403&pid=crid://csi.digitaluk.co.uk/9bbedba8-9bf2-4f28-ad6c-9c429fc80787&start=2026-10-01T16:00:00+0000&duration=PT30M from server.
Fetching https://www.freeview.co.uk/api/program?sid=49&nid=64403&pid=crid://movida.bebanjo.net/mas/version/77206/039/ASDELIVERED/C&start=2026-10-01T16:30:00+0000&duration=PT30M from server.
Fetching https://www.freeview.co.uk/api/program?sid=49&nid=64403&pid=crid://csi.digitaluk.co.uk/55861666-b13d-4c1c-8491-f68806770eda&start=2026-10-01T17:00:00+0000&duration=PT1H from server.
Fetching https://www.freeview.co.uk/api/program?sid=49&nid=64403&pid=crid://csi.digitaluk.co.uk/192a815e-fcc4-48d4-9972-0a6af9711c4b&start=2026-10-01T18:00:00+0000&duration=PT45M from server.
Fetching https://www.freeview.co.uk/api/program?sid=49&nid=64403&pid=crid://movida.bebanjo.net/mas/version/78515/003/ASDELIVERED/C&start=2026-10-01T18:45:00+0000&duration=PT1H15M from server.
Fetching https://www.freeview.co.uk/api/program?sid=49&nid=64403&pid=crid://csi.digitaluk.co.uk/c547416d-c091-4c96-83ee-9262b6eed5aa&start=2026-10-01T20:00:00+0000&duration=PT1H from server.
Fetching https://www.freeview.co.uk/api/program?sid=49&nid=64403&pid=crid://csi.digitaluk.co.uk/0eba60ea-e322-4cd3-a74c-0c4c37f044dd&start=2026-10-01T21:00:00+0000&duration=PT1H from server.
Fetching https://www.freeview.co.uk/api/program?sid=49&nid=64403&pid=crid://movida.bebanjo.net/mas/version/78078/002/ASDELIVERED/C&start=2026-10-01T22:00:00+0000&duration=PT1H from server.
Fetching https://www.freeview.co.uk/api/program?sid=49&nid=64403&pid=crid://csi.digitaluk.co.uk/0edce770-9c67-4c70-8080-f7618e81adde&start=2026-10-01T23:00:00+0000&duration=PT1H5M from server.
## Wanted 14384 
Fetching https://www.freeview.co.uk/api/program?sid=64&nid=64403&pid=crid://csi.digitaluk.co.uk/e48d18b8-b5a2-4d59-8c80-6be4817c61e3&start=2026-10-01T00:00:00+0000&duration=PT1H from server.
Fetching https://www.freeview.co.uk/api/program?sid=64&nid=64403&pid=crid://csi.digitaluk.co.uk/ba8a5341-a8d1-48ba-a152-3b3d092c257e&start=2026-10-01T01:00:00+0000&duration=PT1H from server.
Fetching https://www.freeview.co.uk/api/program?sid=64&nid=64403&pid=crid://csi.digitaluk.co.uk/ef18fce0-e636-4366-9a6e-2b5d2d4c2cff&start=2026-10-01T02:00:00+0000&duration=PT45M from server.
Fetching https://www.freeview.co.uk/api/program?sid=64&nid=64403&pid=crid://csi.digitaluk.co.uk/fbd62d87-e198-4040-96d6-5423d97f4b9c&start=2026-10-01T02:45:00+0000&duration=PT25M from server.
Fetching https://www.freeview.co.uk/api/program?sid=64&nid=64403&pid=crid://csi.digitaluk.co.uk/1c0898eb-9d3e-417a-9c75-7ec7e103803e&start=2026-10-01T03:10:00+0000&duration=PT25M from server.
Fetching https://www.freeview.co.uk/api/program?sid=64&nid=64403&pid=crid://csi.digitaluk.co.uk/2550a0fc-f149-4e3d-b401-04674ad7acbc&start=2026-10-01T03:35:00+0000&duration=PT25M from server.
Fetching https://www.freeview.co.uk/api/program?sid=64&nid=64403&pid=crid://csi.digitaluk.co.uk/72408b08-9a3b-487e-bbc1-33cd6c011cef&start=2026-10-01T04:00:00+0000&duration=PT1H from server.
Fetching https://www.freeview.co.uk/api/program?sid=64&nid=64403&pid=crid://csi.digitaluk.co.uk/3794afa8-3017-4fca-a96a-e052ca5ba128&start=2026-10-01T05:00:00+0000&duration=PT45M from server.
Fetching https://www.freeview.co.uk/api/program?sid=64&nid=64403&pid=crid://csi.digitaluk.co.uk/593ece67-5ca9-4b93-a6b1-dbe8fefeb56e&start=2026-10-01T05:45:00+0000&duration=PT45M from server.
Fetching https://www.freeview.co.uk/api/program?sid=64&nid=64403&pid=crid://csi.digitaluk.co.uk/5f0497da-2035-41c8-9993-d1baed4a8e63&start=2026-10-01T06:30:00+0000&duration=PT30M from server.
Fetching https://www.freeview.co.uk/api/program?sid=64&nid=64403&pid=crid://csi.digitaluk.co.uk/fd3a9438-1c7c-4989-b5f6-3b4365b060d7&start=2026-10-01T07:00:00+0000&duration=PT25M from server.
Fetching https://www.freeview.co.uk/api/program?sid=64&nid=64403&pid=crid://csi.digitaluk.co.uk/624c5358-d5b3-49eb-814a-59882f4651ae&start=2026-10-01T07:25:00+0000&duration=PT30M from server.
Fetching https://www.freeview.co.uk/api/program?sid=64&nid=64403&pid=crid://csi.digitaluk.co.uk/a40af4d8-b0a8-43fc-9d2c-8c3f3779e5c3&start=2026-10-01T07:55:00+0000&duration=PT25M from server.
Fetching https://www.freeview.co.uk/api/program?sid=64&nid=64403&pid=crid://csi.digitaluk.co.uk/7ec37848-df29-4191-98f2-faf4083bd4fd&start=2026-10-01T08:20:00+0000&duration=PT25M from server.
Fetching https://www.freeview.co.uk/api/program?sid=64&nid=64403&pid=crid://csi.digitaluk.co.uk/c1245745-f9d8-42d4-a9af-49ae7d677be3&start=2026-10-01T08:45:00+0000&duration=PT30M from server.
Fetching https://www.freeview.co.uk/api/program?sid=64&nid=64403&pid=crid://csi.digitaluk.co.uk/cc5e8bca-54c4-4e7c-9643-f4f3ad0027b3&start=2026-10-01T09:15:00+0000&duration=PT25M from server.
Fetching https://www.freeview.co.uk/api/program?sid=64&nid=64403&pid=crid://csi.digitaluk.co.uk/45d606e6-099d-4294-8185-5fc3d63c9349&start=2026-10-01T09:40:00+0000&duration=PT30M from server.
Fetching https://www.freeview.co.uk/api/program?sid=64&nid=64403&pid=crid://csi.digitaluk.co.uk/cd78bd73-690d-40c5-88cd-3f0d5c0c4f6e&start=2026-10-01T10:10:00+0000&duration=PT30M from server.
Fetching https://www.freeview.co.uk/api/program?sid=64&nid=64403&pid=crid://csi.digitaluk.co.uk/134c8c9d-8610-43af-88c0-40fe14158562&start=2026-10-01T10:40:00+0000&duration=PT30M from server.
Fetching https://www.freeview.co.uk/api/program?sid=64&nid=64403&pid=crid://csi.digitaluk.co.uk/1989acad-f058-403e-a7f6-d096fa72ed8d&start=2026-10-01T11:10:00+0000&duration=PT25M from server.
Fetching https://www.freeview.co.uk/api/program?sid=64&nid=64403&pid=crid://csi.digitaluk.co.uk/98e44d85-9497-49b1-b442-826d548b1016&start=2026-10-01T11:35:00+0000&duration=PT30M from server.
Fetching https://www.freeview.co.uk/api/program?sid=64&nid=64403&pid=crid://csi.digitaluk.co.uk/7fbcff74-545e-4a02-832b-1a35c59163a4&start=2026-10-01T12:05:00+0000&duration=PT1H from server.
Fetching https://www.freeview.co.uk/api/program?sid=64&nid=64403&pid=crid://csi.digitaluk.co.uk/05bf8b58-72e6-44fc-946d-31a2a3bf016d&start=2026-10-01T13:05:00+0000&duration=PT30M from server.
Fetching https://www.freeview.co.uk/api/program?sid=64&nid=64403&pid=crid://csi.digitaluk.co.uk/17995f9f-e4ae-4f24-b8b8-a18466b4e9a4&start=2026-10-01T13:35:00+0000&duration=PT30M from server.
Fetching https://www.freeview.co.uk/api/program?sid=64&nid=64403&pid=crid://csi.digitaluk.co.uk/c7ec3295-0805-4691-a66e-2baa88f75848&start=2026-10-01T14:05:00+0000&duration=PT1H from server.
Fetching https://www.freeview.co.uk/api/program?sid=64&nid=64403&pid=crid://csi.digitaluk.co.uk/d05d2bfd-cae5-42bc-9085-346ce8abaae8&start=2026-10-01T15:05:00+0000&duration=PT55M from server.
Fetching https://www.freeview.co.uk/api/program?sid=64&nid=64403&pid=crid://csi.digitaluk.co.uk/561403fe-470d-41f6-8d85-1a2a9151073b&start=2026-10-01T16:00:00+0000&duration=PT1H from server.
Fetching https://www.freeview.co.uk/api/program?sid=64&nid=64403&pid=crid://csi.digitaluk.co.uk/d1ec3a79-2f09-4e59-92f1-16c4124c7bf0&start=2026-10-01T17:00:00+0000&duration=PT1H from server.
Fetching https://www.freeview.co.uk/api/program?sid=64&nid=64403&pid=crid://csi.digitaluk.co.uk/bfab211b-bade-4ec3-8f16-5507f6b28518&start=2026-10-01T18:00:00+0000&duration=PT1H from server.
Fetching https://www.freeview.co.uk/api/program?sid=64&nid=64403&pid=crid://csi.digitaluk.co.uk/8eb58147-9ea2-486d-bd4f-10a6b98ba95f&start=2026-10-01T19:00:00+0000&duration=PT1H from server.
Fetching https://www.freeview.co.uk/api/program?sid=64&nid=64403&pid=crid://csi.digitaluk.co.uk/9d45c20c-8bf8-44d7-86d9-50df5e8e7806&start=2026-10-01T20:00:00+0000&duration=PT1H from server.
Fetching https://www.freeview.co.uk/api/program?sid=64&nid=64403&pid=crid://csi.digitaluk.co.uk/cb7684f7-46a0-478e-92ac-b928f8322226&start=2026-10-01T21:00:00+0000&duration=PT30M from server.
Fetching https://www.freeview.co.uk/api/program?sid=64&nid=64403&pid=crid://csi.digitaluk.co.uk/855398e7-4969-4f7a-afa0-1a25b1f0001d&start=2026-10-01T21:30:00+0000&duration=PT30M from server.
Fetching https://www.freeview.co.uk/api/program?sid=64&nid=64403&pid=crid://csi.digitaluk.co.uk/0476003a-da96-4dfd-a63c-4b1d004af89d&start=2026-10-01T22:00:00+0000&duration=PT1H from server.
Fetching https://www.freeview.co.uk/api/program?sid=64&nid=64403&pid=crid://csi.digitaluk.co.uk/1f71aa8d-c76c-4355-b3fb-50f0880525aa&start=2026-10-01T23:00:00+0000&duration=PT1H from server.
### Wanted 17856 
Fetching https://www.freeview.co.uk/api/program?sid=103&nid=64403&pid=crid://csi.digitaluk.co.uk/7ca3ffd7-2635-43a7-9c42-202e08b737f7&start=2026-10-01T02:00:00+0000&duration=PT25M from server.
Fetching https://www.freeview.co.uk/api/program?sid=103&nid=64403&pid=crid://csi.digitaluk.co.uk/109be6bc-c02a-49e0-aa95-59630ff5b7df&start=2026-10-01T02:25:00+0000&duration=PT25M from server.
Fetching https://www.freeview.co.uk/api/program?sid=103&nid=64403&pid=crid://csi.digitaluk.co.uk/9368596c-c9a4-4e28-b506-40dc8b946f34&start=2026-10-01T02:50:00+0000&duration=PT1H15M from server.
Fetching https://www.freeview.co.uk/api/program?sid=103&nid=64403&pid=crid://csi.digitaluk.co.uk/4bc46e7a-7c7f-42cd-9dc4-f3b14ad09997&start=2026-10-01T04:05:00+0000&duration=PT55M from server.
Fetching https://www.freeview.co.uk/api/program?sid=103&nid=64403&pid=crid://csi.digitaluk.co.uk/509d8423-0a23-4417-86ab-91a9e6127800&start=2026-10-01T05:00:00+0000&duration=PT3H30M from server.
Fetching https://www.freeview.co.uk/api/program?sid=103&nid=64403&pid=crid://csi.digitaluk.co.uk/1ad84b14-ca45-42d6-9951-ff99a4a5e2e9&start=2026-10-01T08:30:00+0000&duration=PT30M from server.
Fetching https://www.freeview.co.uk/api/program?sid=103&nid=64403&pid=crid://csi.digitaluk.co.uk/6bd9341d-5cc0-4dd9-a936-c365d5014e2e&start=2026-10-01T09:00:00+0000&duration=PT2H30M from server.
Fetching https://www.freeview.co.uk/api/program?sid=103&nid=64403&pid=crid://csi.digitaluk.co.uk/652b4369-a992-446c-8273-4663176db3cc&start=2026-10-01T11:30:00+0000&duration=PT1H from server.
Fetching https://www.freeview.co.uk/api/program?sid=103&nid=64403&pid=crid://csi.digitaluk.co.uk/84f64147-1536-48c5-81df-dcc2c745e082&start=2026-10-01T12:30:00+0000&duration=PT25M from server.
Fetching https://www.freeview.co.uk/api/program?sid=103&nid=64403&pid=crid://csi.digitaluk.co.uk/b45d13a9-421a-4e92-92ca-cb12d58a5d6a&start=2026-10-01T12:55:00+0000&duration=PT5M from server.
Fetching https://www.freeview.co.uk/api/program?sid=103&nid=64403&pid=crid://csi.digitaluk.co.uk/c98505e1-bc52-408c-9827-34d2da10548d&start=2026-10-01T13:00:00+0000&duration=PT1H from server.
Fetching https://www.freeview.co.uk/api/program?sid=103&nid=64403&pid=crid://csi.digitaluk.co.uk/9e71216a-8fda-43d9-a157-2639ec84feb3&start=2026-10-01T14:00:00+0000&duration=PT1H from server.
Fetching https://www.freeview.co.uk/api/program?sid=103&nid=64403&pid=crid://csi.digitaluk.co.uk/a833fa02-5afc-446a-afe2-6b85c0b4ddb1&start=2026-10-01T15:00:00+0000&duration=PT1H from server.
Fetching https://www.freeview.co.uk/api/program?sid=103&nid=64403&pid=crid://csi.digitaluk.co.uk/2cfe108e-5907-468f-9875-837914d1910a&start=2026-10-01T16:00:00+0000&duration=PT1H from server.
Fetching https://www.freeview.co.uk/api/program?sid=103&nid=64403&pid=crid://csi.digitaluk.co.uk/ef402393-bdf7-43b1-adad-b68b1e81e62e&start=2026-10-01T17:00:00+0000&duration=PT30M from server.
Fetching https://www.freeview.co.uk/api/program?sid=103&nid=64403&pid=crid://csi.digitaluk.co.uk/f62eadea-89d2-493f-b7e4-56a4c42cb360&start=2026-10-01T17:30:00+0000&duration=PT1H from server.
Fetching https://www.freeview.co.uk/api/program?sid=103&nid=64403&pid=crid://csi.digitaluk.co.uk/ce296220-7bc3-4ff3-b76d-357d88dfbdfb&start=2026-10-01T18:30:00+0000&duration=PT30M from server.
Fetching https://www.freeview.co.uk/api/program?sid=103&nid=64403&pid=crid://csi.digitaluk.co.uk/89528f75-6d04-489b-bdae-9cb964492bb3&start=2026-10-01T19:00:00+0000&duration=PT30M from server.
Fetching https://www.freeview.co.uk/api/program?sid=103&nid=64403&pid=crid://csi.digitaluk.co.uk/187705d4-93d2-4bf8-abee-a8d9a160b54f&start=2026-10-01T19:30:00+0000&duration=PT30M from server.
Fetching https://www.freeview.co.uk/api/program?sid=103&nid=64403&pid=crid://csi.digitaluk.co.uk/aac71ec0-41d2-4be4-96da-387ba255a61f&start=2026-10-01T20:00:00+0000&duration=PT1H from server.
Fetching https://www.freeview.co.uk/api/program?sid=103&nid=64403&pid=crid://csi.digitaluk.co.uk/ec978977-f97d-4dc3-a15f-81a4bcaa9be1&start=2026-10-01T21:00:00+0000&duration=PT30M from server.
Fetching https://www.freeview.co.uk/api/program?sid=103&nid=64403&pid=crid://csi.digitaluk.co.uk/4e9a29fb-b0e4-47e0-a234-c71fdcd923a5&start=2026-10-01T21:30:00+0000&duration=PT15M from server.
Fetching https://www.freeview.co.uk/api/program?sid=103&nid=64403&pid=crid://csi.digitaluk.co.uk/105e148a-b181-47cf-945d-eb37abee5147&start=2026-10-01T21:45:00+0000&duration=PT25M from server.
Fetching https://www.freeview.co.uk/api/program?sid=103&nid=64403&pid=crid://csi.digitaluk.co.uk/0575a8be-7d88-4f37-93ee-da8247e6b07c&start=2026-10-01T22:10:00+0000&duration=PT1H50M from server.
## Wanted 22080 
Fetching https://www.freeview.co.uk/api/program?sid=233&nid=64403&pid=crid://csi.digitaluk.co.uk/6002955c-228b-4b41-bd09-f7f68366c75d&start=2026-10-01T00:00:00+0000&duration=PT1H from server.
Fetching https://www.freeview.co.uk/api/program?sid=233&nid=64403&pid=crid://csi.digitaluk.co.uk/e93df187-a9eb-4c0a-8279-c90b38031f32&start=2026-10-01T01:00:00+0000&duration=PT1H from server.
Fetching https://www.freeview.co.uk/api/program?sid=233&nid=64403&pid=crid://csi.digitaluk.co.uk/f9388847-9166-490e-a232-ee0e32fd550c&start=2026-10-01T02:00:00+0000&duration=PT1H from server.
Fetching https://www.freeview.co.uk/api/program?sid=233&nid=64403&pid=crid://csi.digitaluk.co.uk/956ee4b4-4b27-411c-ac16-3419506c956a&start=2026-10-01T03:00:00+0000&duration=PT1H from server.
Fetching https://www.freeview.co.uk/api/program?sid=233&nid=64403&pid=crid://csi.digitaluk.co.uk/8220d17b-2fae-4ef7-a45b-d9bf27c0c5e7&start=2026-10-01T04:00:00+0000&duration=PT1H from server.
Fetching https://www.freeview.co.uk/api/program?sid=233&nid=64403&pid=crid://csi.digitaluk.co.uk/860fef62-57c0-43e7-ac09-226295732588&start=2026-10-01T05:00:00+0000&duration=PT30M from server.
Fetching https://www.freeview.co.uk/api/program?sid=233&nid=64403&pid=crid://csi.digitaluk.co.uk/d3e29afe-dcef-4cb6-9d69-6631f5bef8ed&start=2026-10-01T05:30:00+0000&duration=PT30M from server.
Fetching https://www.freeview.co.uk/api/program?sid=233&nid=64403&pid=crid://csi.digitaluk.co.uk/4291ce7e-31e9-47e2-b137-f124f0c0b7ee&start=2026-10-01T06:00:00+0000&duration=PT30M from server.
Fetching https://www.freeview.co.uk/api/program?sid=233&nid=64403&pid=crid://csi.digitaluk.co.uk/8e9b5beb-a1e8-4173-9f89-577de3dea3e0&start=2026-10-01T06:30:00+0000&duration=PT30M from server.
Fetching https://www.freeview.co.uk/api/program?sid=233&nid=64403&pid=crid://csi.digitaluk.co.uk/41f9a1cf-c512-4aed-8fea-8d713add7db4&start=2026-10-01T07:00:00+0000&duration=PT30M from server.
Fetching https://www.freeview.co.uk/api/program?sid=233&nid=64403&pid=crid://csi.digitaluk.co.uk/736f16ed-b8e7-4ea4-8de5-eb13f1044392&start=2026-10-01T07:30:00+0000&duration=PT30M from server.
Fetching https://www.freeview.co.uk/api/program?sid=233&nid=64403&pid=crid://csi.digitaluk.co.uk/5633134e-dc7e-4cd5-9150-6b10044a6016&start=2026-10-01T08:00:00+0000&duration=PT30M from server.
Fetching https://www.freeview.co.uk/api/program?sid=233&nid=64403&pid=crid://csi.digitaluk.co.uk/7c877523-099a-49c4-a676-2e9516d61a09&start=2026-10-01T08:30:00+0000&duration=PT30M from server.
Fetching https://www.freeview.co.uk/api/program?sid=233&nid=64403&pid=crid://csi.digitaluk.co.uk/d13ed540-dfa3-481d-a2f5-34bd3e4e59d0&start=2026-10-01T09:00:00+0000&duration=PT30M from server.
Fetching https://www.freeview.co.uk/api/program?sid=233&nid=64403&pid=crid://csi.digitaluk.co.uk/0e9c68fd-7a04-4016-a4fb-2e344e7f2d5f&start=2026-10-01T09:30:00+0000&duration=PT30M from server.
Fetching https://www.freeview.co.uk/api/program?sid=233&nid=64403&pid=crid://csi.digitaluk.co.uk/d818c1fe-6e5a-4df3-9bf5-70bee8a823c6&start=2026-10-01T10:00:00+0000&duration=PT30M from server.
Fetching https://www.freeview.co.uk/api/program?sid=233&nid=64403&pid=crid://csi.digitaluk.co.uk/1f03f25c-ad37-461b-93fb-622a297c5f6d&start=2026-10-01T10:30:00+0000&duration=PT30M from server.
Fetching https://www.freeview.co.uk/api/program?sid=233&nid=64403&pid=crid://csi.digitaluk.co.uk/d72b9687-85a3-4545-920c-fc59ddd94863&start=2026-10-01T11:00:00+0000&duration=PT30M from server.
Fetching https://www.freeview.co.uk/api/program?sid=233&nid=64403&pid=crid://csi.digitaluk.co.uk/12d0d41b-bb3b-4de3-8a8c-fc3d0f280ff1&start=2026-10-01T11:30:00+0000&duration=PT30M from server.
Fetching https://www.freeview.co.uk/api/program?sid=233&nid=64403&pid=crid://csi.digitaluk.co.uk/0d2b0a3e-e3cc-462c-aef7-b5a025d4acdb&start=2026-10-01T12:00:00+0000&duration=PT30M from server.
Fetching https://www.freeview.co.uk/api/program?sid=233&nid=64403&pid=crid://csi.digitaluk.co.uk/c855c58c-e4d8-4dc5-826e-866dd14ea5a3&start=2026-10-01T12:30:00+0000&duration=PT30M from server.
Fetching https://www.freeview.co.uk/api/program?sid=233&nid=64403&pid=crid://csi.digitaluk.co.uk/d826fe63-ca80-4dad-9183-8911e6a63638&start=2026-10-01T13:00:00+0000&duration=PT30M from server.
Fetching https://www.freeview.co.uk/api/program?sid=233&nid=64403&pid=crid://csi.digitaluk.co.uk/9f41f3e6-3a0b-4e63-9822-6720fc1a81ff&start=2026-10-01T13:30:00+0000&duration=PT30M from server.
Fetching https://www.freeview.co.uk/api/program?sid=233&nid=64403&pid=crid://csi.digitaluk.co.uk/4b3cdb75-ccd0-41df-ae3a-3c78b08e8c99&start=2026-10-01T14:00:00+0000&duration=PT30M from server.
Fetching https://www.freeview.co.uk/api/program?sid=233&nid=64403&pid=crid://csi.digitaluk.co.uk/dc1accef-024d-4204-8b1c-ffcfc90042fc&start=2026-10-01T14:30:00+0000&duration=PT30M from server.
Fetching https://www.freeview.co.uk/api/program?sid=233&nid=64403&pid=crid://csi.digitaluk.co.uk/62cac961-92e0-4df1-a96a-f883409680d9&start=2026-10-01T15:00:00+0000&duration=PT30M from server.
Fetching https://www.freeview.co.uk/api/program?sid=233&nid=64403&pid=crid://csi.digitaluk.co.uk/c89ca229-c1e3-4a21-b093-64fe54853836&start=2026-10-01T15:30:00+0000&duration=PT30M from server.
Fetching https://www.freeview.co.uk/api/program?sid=233&nid=64403&pid=crid://csi.digitaluk.co.uk/675cc5a5-c8ca-407c-815e-ed3e6cb7dd65&start=2026-10-01T16:00:00+0000&duration=PT30M from server.
Fetching https://www.freeview.co.uk/api/program?sid=233&nid=64403&pid=crid://csi.digitaluk.co.uk/165e6eed-311b-46f3-a621-cd4706b38e64&start=2026-10-01T16:30:00+0000&duration=PT30M from server.
Fetching https://www.freeview.co.uk/api/program?sid=233&nid=64403&pid=crid://csi.digitaluk.co.uk/79f80c61-acb3-4381-a98e-5c811226209e&start=2026-10-01T17:00:00+0000&duration=PT30M from server.
Fetching https://www.freeview.co.uk/api/program?sid=233&nid=64403&pid=crid://csi.digitaluk.co.uk/3bb7b187-b077-483c-95a8-abdbfffe1641&start=2026-10-01T17:30:00+0000&duration=PT30M from server.
Fetching https://www.freeview.co.uk/api/program?sid=233&nid=64403&pid=crid://csi.digitaluk.co.uk/ae92422e-cf8d-4ac4-97c5-59babff1ba7b&start=2026-10-01T18:00:00+0000&duration=PT1H from server.
Fetching https://www.freeview.co.uk/api/program?sid=233&nid=64403&pid=crid://csi.digitaluk.co.uk/74b1b7bc-3999-4ecd-af3f-2fbf4d529600&start=2026-10-01T19:00:00+0000&duration=PT1H from server.
Fetching https://www.freeview.co.uk/api/program?sid=233&nid=64403&pid=crid://csi.digitaluk.co.uk/34eadc6c-cbe4-441e-b10a-8bedade41b78&start=2026-10-01T20:00:00+0000&duration=PT1H from server.
Fetching https://www.freeview.co.uk/api/program?sid=233&nid=64403&pid=crid://csi.digitaluk.co.uk/e9c5dd61-03c5-45be-84a7-0ac864f1778f&start=2026-10-01T21:00:00+0000&duration=PT30M from server.
Fetching https://www.freeview.co.uk/api/program?sid=233&nid=64403&pid=crid://csi.digitaluk.co.uk/c223cea8-6086-471b-b21e-c160bb5d0484&start=2026-10-01T21:30:00+0000&duration=PT30M from server.
Fetching https://www.freeview.co.uk/api/program?sid=233&nid=64403&pid=crid://csi.digitaluk.co.uk/43996d25-e097-4dfa-b92f-eb2d70f2987a&start=2026-10-01T22:00:00+0000&duration=PT30M from server.
Fetching https://www.freeview.co.uk/api/program?sid=233&nid=64403&pid=crid://csi.digitaluk.co.uk/564a7cff-ff1b-4aab-9925-8433dd3371b3&start=2026-10-01T22:30:00+0000&duration=PT30M from server.
Fetching https://www.freeview.co.uk/api/program?sid=233&nid=64403&pid=crid://csi.digitaluk.co.uk/4fefa89e-bfae-47e3-b6de-f1738731bef0&start=2026-10-01T23:00:00+0000&duration=PT1H from server.
###
