tv_grab_uk_freeview, 2026-09-03 23:42:52
----------------------------------------
getting list of channels:  URL= https://www.freeview.co.uk/api/channel-list?nid=64403 
Fetching https://www.freeview.co.uk/api/channel-list?nid=64403 from server.
##################################################
using cache '/home/runner/work/xmltv/xmltv/scripts//.xmltv/cache' 
using channel format 'number' 
using region id '64403' 
using icon ch string '?w=160' 
using icon pg string '?w=800' 
fetch 20 channels 
start/end grab: 1788998400 1789084800 
getting listings:  URL= https://www.freeview.co.uk/api/tv-guide?nid=64403&start=1788998400 
Fetching https://www.freeview.co.uk/api/tv-guide?nid=64403&start=1788998400 from server.
 Wanted 8384 
Fetching https://www.freeview.co.uk/api/program?sid=4&nid=64403&pid=crid://csi.digitaluk.co.uk/e04e5fbf-0d74-4d36-898c-e2a7e236c696&start=2026-09-10T00:05:00+0000&duration=PT45M from server.
Fetching https://www.freeview.co.uk/api/program?sid=4&nid=64403&pid=crid://csi.digitaluk.co.uk/9632f551-0769-4ff4-a007-21b141657777&start=2026-09-10T00:50:00+0000&duration=PT1H55M from server.
Fetching https://www.freeview.co.uk/api/program?sid=4&nid=64403&pid=crid://csi.digitaluk.co.uk/5cafb00b-e337-4ca2-9f69-b9cd4f4c3f40&start=2026-09-10T02:45:00+0000&duration=PT55M from server.
Fetching https://www.freeview.co.uk/api/program?sid=4&nid=64403&pid=crid://csi.digitaluk.co.uk/6c52dbc2-c881-4bb5-89c4-56d0ed0469a4&start=2026-09-10T03:40:00+0000&duration=PT15M from server.
Fetching https://www.freeview.co.uk/api/program?sid=4&nid=64403&pid=crid://csi.digitaluk.co.uk/80c51590-23ae-4354-8b42-61eeeb0be91f&start=2026-09-10T03:55:00+0000&duration=PT55M from server.
Fetching https://www.freeview.co.uk/api/program?sid=4&nid=64403&pid=crid://movida.bebanjo.net/mas/version/77002/113/ASDELIVERED/C&start=2026-09-10T04:50:00+0000&duration=PT40M from server.
Fetching https://www.freeview.co.uk/api/program?sid=4&nid=64403&pid=crid://csi.digitaluk.co.uk/1cd90e58-73e0-41db-9b89-d6b265ca0558&start=2026-09-10T05:30:00+0000&duration=PT25M from server.
Fetching https://www.freeview.co.uk/api/program?sid=4&nid=64403&pid=crid://csi.digitaluk.co.uk/199e9569-0eae-4bef-9543-dd58430d54ea&start=2026-09-10T05:55:00+0000&duration=PT25M from server.
Fetching https://www.freeview.co.uk/api/program?sid=4&nid=64403&pid=crid://csi.digitaluk.co.uk/a89b1341-f883-4480-8adf-dda0e8e67131&start=2026-09-10T06:20:00+0000&duration=PT25M from server.
Fetching https://www.freeview.co.uk/api/program?sid=4&nid=64403&pid=crid://csi.digitaluk.co.uk/b31c47b8-9a81-4c80-bf81-b717333c293c&start=2026-09-10T06:45:00+0000&duration=PT25M from server.
Fetching https://www.freeview.co.uk/api/program?sid=4&nid=64403&pid=crid://csi.digitaluk.co.uk/cbf440f8-7c5f-4555-bd91-1f4f82f5674f&start=2026-09-10T07:10:00+0000&duration=PT30M from server.
Fetching https://www.freeview.co.uk/api/program?sid=4&nid=64403&pid=crid://csi.digitaluk.co.uk/3bb7fec0-f86c-4646-93a9-4356cfab1f69&start=2026-09-10T07:40:00+0000&duration=PT30M from server.
Fetching https://www.freeview.co.uk/api/program?sid=4&nid=64403&pid=crid://csi.digitaluk.co.uk/67c09313-d294-4b5d-8c1c-28bcc02304c4&start=2026-09-10T08:10:00+0000&duration=PT30M from server.
Fetching https://www.freeview.co.uk/api/program?sid=4&nid=64403&pid=crid://csi.digitaluk.co.uk/d3ec3654-648f-494f-86c5-f99eec637faf&start=2026-09-10T08:40:00+0000&duration=PT30M from server.
Fetching https://www.freeview.co.uk/api/program?sid=4&nid=64403&pid=crid://csi.digitaluk.co.uk/ca28aedc-3750-4816-bcce-6a9a09c2b3d9&start=2026-09-10T09:10:00+0000&duration=PT30M from server.
Fetching https://www.freeview.co.uk/api/program?sid=4&nid=64403&pid=crid://csi.digitaluk.co.uk/20a23f6c-e641-4570-baf9-7af5d6f63b45&start=2026-09-10T09:40:00+0000&duration=PT30M from server.
Fetching https://www.freeview.co.uk/api/program?sid=4&nid=64403&pid=crid://csi.digitaluk.co.uk/9d74bacf-5702-4220-b943-17ca381182c4&start=2026-09-10T10:10:00+0000&duration=PT55M from server.
Fetching https://www.freeview.co.uk/api/program?sid=4&nid=64403&pid=crid://csi.digitaluk.co.uk/d9213423-efe3-4fbf-8a5f-e05f567782a7&start=2026-09-10T11:05:00+0000&duration=PT5M from server.
Fetching https://www.freeview.co.uk/api/program?sid=4&nid=64403&pid=crid://csi.digitaluk.co.uk/4d18d73c-7322-4816-be7c-450c974dca59&start=2026-09-10T11:10:00+0000&duration=PT1H from server.
Fetching https://www.freeview.co.uk/api/program?sid=4&nid=64403&pid=crid://csi.digitaluk.co.uk/8339dc26-7ece-4096-9235-cc5e97a877bf&start=2026-09-10T12:10:00+0000&duration=PT1H from server.
Fetching https://www.freeview.co.uk/api/program?sid=4&nid=64403&pid=crid://movida.bebanjo.net/mas/version/77002/114/ASDELIVERED/C&start=2026-09-10T13:10:00+0000&duration=PT50M from server.
Fetching https://www.freeview.co.uk/api/program?sid=4&nid=64403&pid=crid://csi.digitaluk.co.uk/5d822221-5a8c-4da8-b2e7-d202e2068901&start=2026-09-10T14:00:00+0000&duration=PT1H from server.
Fetching https://www.freeview.co.uk/api/program?sid=4&nid=64403&pid=crid://csi.digitaluk.co.uk/cf70716a-043c-48c3-9768-d38c24241ee0&start=2026-09-10T15:00:00+0000&duration=PT1H from server.
Fetching https://www.freeview.co.uk/api/program?sid=4&nid=64403&pid=crid://csi.digitaluk.co.uk/8efe0c5b-fcae-48a2-b578-84821c236c38&start=2026-09-10T16:00:00+0000&duration=PT30M from server.
Fetching https://www.freeview.co.uk/api/program?sid=4&nid=64403&pid=crid://csi.digitaluk.co.uk/b9dbba38-f911-45e5-9c31-3d5020ef1e15&start=2026-09-10T16:30:00+0000&duration=PT30M from server.
Fetching https://www.freeview.co.uk/api/program?sid=4&nid=64403&pid=crid://csi.digitaluk.co.uk/a62aeba5-81c2-4271-b1b2-97d878894939&start=2026-09-10T17:00:00+0000&duration=PT1H from server.
Fetching https://www.freeview.co.uk/api/program?sid=4&nid=64403&pid=crid://csi.digitaluk.co.uk/75930c19-b7b1-4ff7-8e1d-9c06a69b04b3&start=2026-09-10T18:00:00+0000&duration=PT1H from server.
Fetching https://www.freeview.co.uk/api/program?sid=4&nid=64403&pid=crid://movida.bebanjo.net/mas/version/77221/007/ASDELIVERED/C&start=2026-09-10T19:00:00+0000&duration=PT1H from server.
Fetching https://www.freeview.co.uk/api/program?sid=4&nid=64403&pid=crid://csi.digitaluk.co.uk/b4f48cec-aa14-469c-9aaa-1908db87c93e&start=2026-09-10T20:00:00+0000&duration=PT1H from server.
Fetching https://www.freeview.co.uk/api/program?sid=4&nid=64403&pid=crid://csi.digitaluk.co.uk/ffbe5a16-3758-4fa5-a821-3a3556095fbd&start=2026-09-10T21:00:00+0000&duration=PT1H5M from server.
Fetching https://www.freeview.co.uk/api/program?sid=4&nid=64403&pid=crid://movida.bebanjo.net/mas/version/77937/005/ASDELIVERED/C&start=2026-09-10T22:05:00+0000&duration=PT1H5M from server.
Fetching https://www.freeview.co.uk/api/program?sid=4&nid=64403&pid=crid://csi.digitaluk.co.uk/71465209-1aa4-43ca-a543-41258e9b88d2&start=2026-09-10T23:10:00+0000&duration=PT50M from server.
## Wanted 8500 
Fetching https://www.freeview.co.uk/api/program?sid=5&nid=64403&pid=crid://panorama.five.tv/versions/C5349600001A&start=2026-09-10T00:00:00+0000&duration=PT1H from server.
Fetching https://www.freeview.co.uk/api/program?sid=5&nid=64403&pid=crid://csi.digitaluk.co.uk/37b11d44-a9c7-4b9d-bcac-3d8e4603234d&start=2026-09-10T01:00:00+0000&duration=PT55M from server.
Fetching https://www.freeview.co.uk/api/program?sid=5&nid=64403&pid=crid://csi.digitaluk.co.uk/0ea5cb87-f0ad-48e5-85e2-e6f1640030ab&start=2026-09-10T01:55:00+0000&duration=PT50M from server.
Fetching https://www.freeview.co.uk/api/program?sid=5&nid=64403&pid=crid://csi.digitaluk.co.uk/54105a05-4082-430e-9448-650fa8316d4d&start=2026-09-10T02:45:00+0000&duration=PT50M from server.
Fetching https://www.freeview.co.uk/api/program?sid=5&nid=64403&pid=crid://csi.digitaluk.co.uk/0cf4f113-91f0-43b3-abe4-78146ff4fb4f&start=2026-09-10T03:35:00+0000&duration=PT25M from server.
Fetching https://www.freeview.co.uk/api/program?sid=5&nid=64403&pid=crid://csi.digitaluk.co.uk/30b29d67-1877-427c-a87a-de7fd2f5424a&start=2026-09-10T04:00:00+0000&duration=PT25M from server.
Fetching https://www.freeview.co.uk/api/program?sid=5&nid=64403&pid=crid://panorama.five.tv/versions/C5522700037A&start=2026-09-10T04:25:00+0000&duration=PT10M from server.
Fetching https://www.freeview.co.uk/api/program?sid=5&nid=64403&pid=crid://csi.digitaluk.co.uk/5187ce73-9dac-4efd-b602-b76088e2305e&start=2026-09-10T04:35:00+0000&duration=PT15M from server.
Fetching https://www.freeview.co.uk/api/program?sid=5&nid=64403&pid=crid://csi.digitaluk.co.uk/05944c77-2374-4df9-881c-3dedca27c3db&start=2026-09-10T04:50:00+0000&duration=PT10M from server.
Fetching https://www.freeview.co.uk/api/program?sid=5&nid=64403&pid=crid://csi.digitaluk.co.uk/19fe89f6-c91f-4c22-a848-2665385c94c7&start=2026-09-10T05:00:00+0000&duration=PT5M from server.
Fetching https://www.freeview.co.uk/api/program?sid=5&nid=64403&pid=crid://csi.digitaluk.co.uk/3637e620-61b0-4521-a78e-00de199c7b7a&start=2026-09-10T05:05:00+0000&duration=PT5M from server.
Fetching https://www.freeview.co.uk/api/program?sid=5&nid=64403&pid=crid://csi.digitaluk.co.uk/c4c198e8-aef1-4d29-9f6f-37167a24e33d&start=2026-09-10T05:10:00+0000&duration=PT5M from server.
Fetching https://www.freeview.co.uk/api/program?sid=5&nid=64403&pid=crid://csi.digitaluk.co.uk/455cab11-95a3-4c85-b5bb-ea52ccc35aea&start=2026-09-10T05:15:00+0000&duration=PT5M from server.
Fetching https://www.freeview.co.uk/api/program?sid=5&nid=64403&pid=crid://csi.digitaluk.co.uk/f854476a-86b0-4f7a-b5c7-e85023fd0bfd&start=2026-09-10T05:20:00+0000&duration=PT15M from server.
Fetching https://www.freeview.co.uk/api/program?sid=5&nid=64403&pid=crid://csi.digitaluk.co.uk/5539ad8f-6f1f-4343-af82-47f08ca591e7&start=2026-09-10T05:35:00+0000&duration=PT10M from server.
Fetching https://www.freeview.co.uk/api/program?sid=5&nid=64403&pid=crid://csi.digitaluk.co.uk/41935675-b9dc-4e5c-88f3-d84a6f150d26&start=2026-09-10T05:45:00+0000&duration=PT5M from server.
Fetching https://www.freeview.co.uk/api/program?sid=5&nid=64403&pid=crid://csi.digitaluk.co.uk/23403ea5-0076-4d09-8017-b650360ebdba&start=2026-09-10T05:50:00+0000&duration=PT5M from server.
Fetching https://www.freeview.co.uk/api/program?sid=5&nid=64403&pid=crid://csi.digitaluk.co.uk/0386c074-90de-4e37-b9d9-15c6180d879d&start=2026-09-10T05:55:00+0000&duration=PT15M from server.
Fetching https://www.freeview.co.uk/api/program?sid=5&nid=64403&pid=crid://csi.digitaluk.co.uk/666a825b-80e2-4ded-861c-69e8c7885e57&start=2026-09-10T06:10:00+0000&duration=PT10M from server.
Fetching https://www.freeview.co.uk/api/program?sid=5&nid=64403&pid=crid://csi.digitaluk.co.uk/f81bf694-16f8-455a-aa5a-3b106767ef86&start=2026-09-10T06:20:00+0000&duration=PT10M from server.
Fetching https://www.freeview.co.uk/api/program?sid=5&nid=64403&pid=crid://csi.digitaluk.co.uk/6886c1d5-bd55-4eb2-a49d-9adfebdf2b7c&start=2026-09-10T06:30:00+0000&duration=PT5M from server.
Fetching https://www.freeview.co.uk/api/program?sid=5&nid=64403&pid=crid://panorama.five.tv/versions/C5144870010B&start=2026-09-10T06:35:00+0000&duration=PT5M from server.
Fetching https://www.freeview.co.uk/api/program?sid=5&nid=64403&pid=crid://csi.digitaluk.co.uk/e3098032-2c4d-4b7d-8a5e-265e8144ff28&start=2026-09-10T06:40:00+0000&duration=PT10M from server.
Fetching https://www.freeview.co.uk/api/program?sid=5&nid=64403&pid=crid://csi.digitaluk.co.uk/d5a65ff4-cabe-4449-857d-704e4c497a1b&start=2026-09-10T06:50:00+0000&duration=PT15M from server.
Fetching https://www.freeview.co.uk/api/program?sid=5&nid=64403&pid=crid://csi.digitaluk.co.uk/3ee7a836-1cb6-4e52-84e1-c57aa724fc4f&start=2026-09-10T07:05:00+0000&duration=PT10M from server.
Fetching https://www.freeview.co.uk/api/program?sid=5&nid=64403&pid=crid://csi.digitaluk.co.uk/e79aba23-bd8c-4c79-aa62-bba7cc5304b4&start=2026-09-10T07:15:00+0000&duration=PT15M from server.
Fetching https://www.freeview.co.uk/api/program?sid=5&nid=64403&pid=crid://csi.digitaluk.co.uk/883e3b5b-3a94-497d-a917-8d382d1da9aa&start=2026-09-10T07:30:00+0000&duration=PT10M from server.
Fetching https://www.freeview.co.uk/api/program?sid=5&nid=64403&pid=crid://csi.digitaluk.co.uk/a6942cd8-7af2-4e86-aae4-9603b7cf94b2&start=2026-09-10T07:40:00+0000&duration=PT5M from server.
Fetching https://www.freeview.co.uk/api/program?sid=5&nid=64403&pid=crid://csi.digitaluk.co.uk/e9c3c448-b34f-4464-a6be-d69e3227c1f1&start=2026-09-10T07:45:00+0000&duration=PT5M from server.
Fetching https://www.freeview.co.uk/api/program?sid=5&nid=64403&pid=crid://csi.digitaluk.co.uk/a6a93eff-7f3b-4943-a1e8-b3052df5c5b7&start=2026-09-10T07:50:00+0000&duration=PT5M from server.
Fetching https://www.freeview.co.uk/api/program?sid=5&nid=64403&pid=crid://csi.digitaluk.co.uk/341cd287-5fc7-4d57-b11e-835463708f04&start=2026-09-10T07:55:00+0000&duration=PT15M from server.
Fetching https://www.freeview.co.uk/api/program?sid=5&nid=64403&pid=crid://csi.digitaluk.co.uk/b13622fd-6982-4734-87bb-95680a98d09f&start=2026-09-10T08:10:00+0000&duration=PT5M from server.
Fetching https://www.freeview.co.uk/api/program?sid=5&nid=64403&pid=crid://csi.digitaluk.co.uk/4c096918-da9c-4b55-b9fa-214baf1757ec&start=2026-09-10T08:15:00+0000&duration=PT2H15M from server.
Fetching https://www.freeview.co.uk/api/program?sid=5&nid=64403&pid=crid://csi.digitaluk.co.uk/92b70e1c-b18e-4f52-8f88-2ea262f036fb&start=2026-09-10T10:30:00+0000&duration=PT1H15M from server.
Fetching https://www.freeview.co.uk/api/program?sid=5&nid=64403&pid=crid://csi.digitaluk.co.uk/3bab8a1b-9ade-4b15-8b59-14f20bdf8810&start=2026-09-10T11:45:00+0000&duration=PT5M from server.
Fetching https://www.freeview.co.uk/api/program?sid=5&nid=64403&pid=crid://csi.digitaluk.co.uk/5aeb9ca7-8f16-488b-805d-4d91c57e26b3&start=2026-09-10T11:50:00+0000&duration=PT1H30M from server.
Fetching https://www.freeview.co.uk/api/program?sid=5&nid=64403&pid=crid://csi.digitaluk.co.uk/c4c1dd6b-ff23-47a7-a6bf-eff29b43870c&start=2026-09-10T13:20:00+0000&duration=PT1H40M from server.
Fetching https://www.freeview.co.uk/api/program?sid=5&nid=64403&pid=crid://csi.digitaluk.co.uk/cdad458f-44bc-408e-9ae9-57452cdd28ad&start=2026-09-10T15:00:00+0000&duration=PT55M from server.
Fetching https://www.freeview.co.uk/api/program?sid=5&nid=64403&pid=crid://csi.digitaluk.co.uk/329b898d-2722-4a5f-8243-839ee68ed347&start=2026-09-10T15:55:00+0000&duration=PT5M from server.
Fetching https://www.freeview.co.uk/api/program?sid=5&nid=64403&pid=crid://csi.digitaluk.co.uk/2fb544b2-9ae7-4bdf-bd92-8b3a805a2c5c&start=2026-09-10T16:00:00+0000&duration=PT1H from server.
Fetching https://www.freeview.co.uk/api/program?sid=5&nid=64403&pid=crid://csi.digitaluk.co.uk/7dd7238f-1562-4ddb-8e44-8a24c3637ed5&start=2026-09-10T17:00:00+0000&duration=PT1H from server.
Fetching https://www.freeview.co.uk/api/program?sid=5&nid=64403&pid=crid://csi.digitaluk.co.uk/cf7e5579-620d-41f2-afe2-822488edc5c7&start=2026-09-10T18:00:00+0000&duration=PT1H from server.
Fetching https://www.freeview.co.uk/api/program?sid=5&nid=64403&pid=crid://csi.digitaluk.co.uk/e7c8a152-2d6f-4c8e-bfbc-ab062e2df664&start=2026-09-10T19:00:00+0000&duration=PT1H from server.
Fetching https://www.freeview.co.uk/api/program?sid=5&nid=64403&pid=crid://csi.digitaluk.co.uk/f1d04054-ac66-4be4-a803-3e097df1e497&start=2026-09-10T20:00:00+0000&duration=PT1H30M from server.
Fetching https://www.freeview.co.uk/api/program?sid=5&nid=64403&pid=crid://csi.digitaluk.co.uk/f76d8544-78d0-4ae9-96f7-b2f07d18cd27&start=2026-09-10T21:30:00+0000&duration=PT1H35M from server.
Fetching https://www.freeview.co.uk/api/program?sid=5&nid=64403&pid=crid://panorama.five.tv/versions/C5490220017C&start=2026-09-10T23:05:00+0000&duration=PT55M from server.
### Wanted 28000 
Fetching https://www.freeview.co.uk/api/program?sid=12&nid=64403&pid=crid://csi.digitaluk.co.uk/b31dc8f6-ede4-4895-af97-aee898fdcd6f&start=2026-09-10T00:00:00+0000&duration=PT30M from server.
Fetching https://www.freeview.co.uk/api/program?sid=12&nid=64403&pid=crid://csi.digitaluk.co.uk/faf82e35-c7e7-46ce-91f9-4039abaef518&start=2026-09-10T00:30:00+0000&duration=PT1H from server.
Fetching https://www.freeview.co.uk/api/program?sid=12&nid=64403&pid=crid://csi.digitaluk.co.uk/d0ecb0d7-f941-4059-ae2b-acd3ca17aaf4&start=2026-09-10T01:30:00+0000&duration=PT2H from server.
Fetching https://www.freeview.co.uk/api/program?sid=12&nid=64403&pid=crid://csi.digitaluk.co.uk/9a93074d-8747-482a-9622-eb0bf2d803a2&start=2026-09-10T03:30:00+0000&duration=PT30M from server.
Fetching https://www.freeview.co.uk/api/program?sid=12&nid=64403&pid=crid://csi.digitaluk.co.uk/1657c42f-02d7-4ec2-8393-59a3853b9158&start=2026-09-10T04:00:00+0000&duration=PT1H from server.
Fetching https://www.freeview.co.uk/api/program?sid=12&nid=64403&pid=crid://csi.digitaluk.co.uk/81285b23-47f2-43f1-b3b4-9bb3e5b4abb5&start=2026-09-10T05:00:00+0000&duration=PT30M from server.
Fetching https://www.freeview.co.uk/api/program?sid=12&nid=64403&pid=crid://csi.digitaluk.co.uk/e7768d42-28ad-48c0-90b4-8fb6f67b21fb&start=2026-09-10T05:30:00+0000&duration=PT30M from server.
Fetching https://www.freeview.co.uk/api/program?sid=12&nid=64403&pid=crid://csi.digitaluk.co.uk/bff6db03-3866-4049-aa3a-5b3a2fa9620d&start=2026-09-10T06:00:00+0000&duration=PT30M from server.
Fetching https://www.freeview.co.uk/api/program?sid=12&nid=64403&pid=crid://csi.digitaluk.co.uk/1a012cd9-8151-448c-96f9-3b576cc81534&start=2026-09-10T06:30:00+0000&duration=PT30M from server.
Fetching https://www.freeview.co.uk/api/program?sid=12&nid=64403&pid=crid://csi.digitaluk.co.uk/2eb9ee72-5ff1-46e0-8b77-6e8e8035c8e4&start=2026-09-10T07:00:00+0000&duration=PT30M from server.
Fetching https://www.freeview.co.uk/api/program?sid=12&nid=64403&pid=crid://csi.digitaluk.co.uk/6b3e08c8-af4c-4eaa-8d7e-2babd891d43f&start=2026-09-10T07:30:00+0000&duration=PT30M from server.
Fetching https://www.freeview.co.uk/api/program?sid=12&nid=64403&pid=crid://csi.digitaluk.co.uk/00d8341e-0343-4494-b8df-9c99f7ef79a1&start=2026-09-10T08:00:00+0000&duration=PT30M from server.
Fetching https://www.freeview.co.uk/api/program?sid=12&nid=64403&pid=crid://csi.digitaluk.co.uk/88bc022b-f153-4d9a-97ee-cfb206f6c345&start=2026-09-10T08:30:00+0000&duration=PT30M from server.
Fetching https://www.freeview.co.uk/api/program?sid=12&nid=64403&pid=crid://csi.digitaluk.co.uk/cbf36f64-4b0d-4628-8d36-74ec3d7374e1&start=2026-09-10T09:00:00+0000&duration=PT30M from server.
Fetching https://www.freeview.co.uk/api/program?sid=12&nid=64403&pid=crid://csi.digitaluk.co.uk/762d184e-62be-40dd-8ace-8953bbd43b23&start=2026-09-10T09:30:00+0000&duration=PT30M from server.
Fetching https://www.freeview.co.uk/api/program?sid=12&nid=64403&pid=crid://csi.digitaluk.co.uk/a3e70e43-f715-4399-b71a-4227bf55ff9c&start=2026-09-10T10:00:00+0000&duration=PT30M from server.
Fetching https://www.freeview.co.uk/api/program?sid=12&nid=64403&pid=crid://csi.digitaluk.co.uk/0bbfb469-ed93-4f2a-a867-92b3dae482af&start=2026-09-10T10:30:00+0000&duration=PT30M from server.
Fetching https://www.freeview.co.uk/api/program?sid=12&nid=64403&pid=crid://csi.digitaluk.co.uk/7f7ca8a4-bb19-4428-9ebe-3e0b184d6f26&start=2026-09-10T11:00:00+0000&duration=PT30M from server.
Fetching https://www.freeview.co.uk/api/program?sid=12&nid=64403&pid=crid://csi.digitaluk.co.uk/8e0db3e6-1bfa-49c7-8134-8562cbe495ed&start=2026-09-10T11:30:00+0000&duration=PT30M from server.
Fetching https://www.freeview.co.uk/api/program?sid=12&nid=64403&pid=crid://csi.digitaluk.co.uk/281dae11-e01a-400d-815d-52333acc267a&start=2026-09-10T12:00:00+0000&duration=PT30M from server.
Fetching https://www.freeview.co.uk/api/program?sid=12&nid=64403&pid=crid://csi.digitaluk.co.uk/e884dec0-e914-487a-94e3-c5b332ff7080&start=2026-09-10T12:30:00+0000&duration=PT30M from server.
Fetching https://www.freeview.co.uk/api/program?sid=12&nid=64403&pid=crid://csi.digitaluk.co.uk/67c13147-7768-4ad5-a28d-a8da8fa6bd96&start=2026-09-10T13:00:00+0000&duration=PT30M from server.
Fetching https://www.freeview.co.uk/api/program?sid=12&nid=64403&pid=crid://csi.digitaluk.co.uk/4552065b-bca5-4633-a53b-07f7a6f29415&start=2026-09-10T13:30:00+0000&duration=PT30M from server.
Fetching https://www.freeview.co.uk/api/program?sid=12&nid=64403&pid=crid://csi.digitaluk.co.uk/5aef2ad6-c88b-4a89-8332-27fbbd91790f&start=2026-09-10T14:00:00+0000&duration=PT30M from server.
Fetching https://www.freeview.co.uk/api/program?sid=12&nid=64403&pid=crid://csi.digitaluk.co.uk/2bef1f55-ac7f-4344-b484-203ffefc6a7f&start=2026-09-10T14:30:00+0000&duration=PT30M from server.
Fetching https://www.freeview.co.uk/api/program?sid=12&nid=64403&pid=crid://csi.digitaluk.co.uk/5683fe0a-052a-43f3-9f89-d2eeb4e261a9&start=2026-09-10T15:00:00+0000&duration=PT30M from server.
Fetching https://www.freeview.co.uk/api/program?sid=12&nid=64403&pid=crid://csi.digitaluk.co.uk/be18e78e-566a-4529-9fbe-6a7e8573a5f1&start=2026-09-10T15:30:00+0000&duration=PT30M from server.
Fetching https://www.freeview.co.uk/api/program?sid=12&nid=64403&pid=crid://csi.digitaluk.co.uk/855312e4-1511-4cc8-b58b-59d83fa17b11&start=2026-09-10T16:00:00+0000&duration=PT30M from server.
Fetching https://www.freeview.co.uk/api/program?sid=12&nid=64403&pid=crid://csi.digitaluk.co.uk/9344c795-098a-4d14-bcc9-ef7e22889f0a&start=2026-09-10T16:30:00+0000&duration=PT30M from server.
Fetching https://www.freeview.co.uk/api/program?sid=12&nid=64403&pid=crid://csi.digitaluk.co.uk/bf47c2df-cef3-4d18-863b-3ac0920dcc22&start=2026-09-10T17:00:00+0000&duration=PT30M from server.
Fetching https://www.freeview.co.uk/api/program?sid=12&nid=64403&pid=crid://csi.digitaluk.co.uk/594833e5-c724-4406-b85a-41c07e1230de&start=2026-09-10T17:30:00+0000&duration=PT30M from server.
Fetching https://www.freeview.co.uk/api/program?sid=12&nid=64403&pid=crid://csi.digitaluk.co.uk/b1b0dd94-0010-44e5-bf28-2f6882e33f04&start=2026-09-10T18:00:00+0000&duration=PT30M from server.
Fetching https://www.freeview.co.uk/api/program?sid=12&nid=64403&pid=crid://csi.digitaluk.co.uk/3666a199-793e-439a-8a6b-418b739ab172&start=2026-09-10T18:30:00+0000&duration=PT30M from server.
Fetching https://www.freeview.co.uk/api/program?sid=12&nid=64403&pid=crid://csi.digitaluk.co.uk/63133fc5-47a3-46db-b758-103ba6697b05&start=2026-09-10T19:00:00+0000&duration=PT30M from server.
Fetching https://www.freeview.co.uk/api/program?sid=12&nid=64403&pid=crid://csi.digitaluk.co.uk/dd9dd286-1c40-4891-94be-25fe0049ac30&start=2026-09-10T19:30:00+0000&duration=PT30M from server.
Fetching https://www.freeview.co.uk/api/program?sid=12&nid=64403&pid=crid://csi.digitaluk.co.uk/7eb449ab-bbc9-4812-83f7-2200d8cc96bf&start=2026-09-10T20:00:00+0000&duration=PT2H from server.
Fetching https://www.freeview.co.uk/api/program?sid=12&nid=64403&pid=crid://csi.digitaluk.co.uk/532e242f-29ba-4565-9e33-11da1c91dcb5&start=2026-09-10T22:00:00+0000&duration=PT1H from server.
Fetching https://www.freeview.co.uk/api/program?sid=12&nid=64403&pid=crid://csi.digitaluk.co.uk/45ae12f8-c213-4989-b85d-db40bb1c9105&start=2026-09-10T23:00:00+0000&duration=PT30M from server.
Fetching https://www.freeview.co.uk/api/program?sid=12&nid=64403&pid=crid://csi.digitaluk.co.uk/65170780-c27b-420b-9a15-218c69899343&start=2026-09-10T23:30:00+0000&duration=PT30M from server.
## Wanted 8448 
Fetching https://www.freeview.co.uk/api/program?sid=13&nid=64403&pid=crid://csi.digitaluk.co.uk/0b931ed1-e0fc-4d41-b337-12d1266f6e22&start=2026-09-10T00:10:00+0000&duration=PT1H5M from server.
Fetching https://www.freeview.co.uk/api/program?sid=13&nid=64403&pid=crid://csi.digitaluk.co.uk/5cfe0acd-b773-4b71-81df-887679eb7615&start=2026-09-10T01:15:00+0000&duration=PT55M from server.
Fetching https://www.freeview.co.uk/api/program?sid=13&nid=64403&pid=crid://csi.digitaluk.co.uk/f2e4346a-723b-4e77-88e5-7937a21fa9f5&start=2026-09-10T02:10:00+0000&duration=PT50M from server.
Fetching https://www.freeview.co.uk/api/program?sid=13&nid=64403&pid=crid://csi.digitaluk.co.uk/3dd8d51d-c4b5-4515-a7ef-b3225a4f5186&start=2026-09-10T03:00:00+0000&duration=PT25M from server.
Fetching https://www.freeview.co.uk/api/program?sid=13&nid=64403&pid=crid://csi.digitaluk.co.uk/640ca9b6-1017-4622-9961-371fa51933be&start=2026-09-10T03:25:00+0000&duration=PT25M from server.
Fetching https://www.freeview.co.uk/api/program?sid=13&nid=64403&pid=crid://csi.digitaluk.co.uk/c0608024-d6a7-4d12-a00b-28561e173504&start=2026-09-10T03:50:00+0000&duration=PT25M from server.
Fetching https://www.freeview.co.uk/api/program?sid=13&nid=64403&pid=crid://csi.digitaluk.co.uk/922a2fdc-a03b-416a-982c-b22794539e2c&start=2026-09-10T04:15:00+0000&duration=PT45M from server.
Fetching https://www.freeview.co.uk/api/program?sid=13&nid=64403&pid=crid://csi.digitaluk.co.uk/1dce1bd2-af8b-41e0-ae8c-cfbff9e18697&start=2026-09-10T05:00:00+0000&duration=PT30M from server.
Fetching https://www.freeview.co.uk/api/program?sid=13&nid=64403&pid=crid://csi.digitaluk.co.uk/38a6f8af-bed5-4803-890b-45b84a149a46&start=2026-09-10T05:30:00+0000&duration=PT25M from server.
Fetching https://www.freeview.co.uk/api/program?sid=13&nid=64403&pid=crid://csi.digitaluk.co.uk/3b0d4286-cc69-4a08-bbe6-1a12929af68a&start=2026-09-10T05:55:00+0000&duration=PT5M from server.
Fetching https://www.freeview.co.uk/api/program?sid=13&nid=64403&pid=crid://csi.digitaluk.co.uk/5f3d7d42-635a-42a7-af1a-d9cc55ccd0c0&start=2026-09-10T06:00:00+0000&duration=PT1H from server.
Fetching https://www.freeview.co.uk/api/program?sid=13&nid=64403&pid=crid://csi.digitaluk.co.uk/1145d0e1-c665-43b8-8aad-73abcdc5d31a&start=2026-09-10T07:00:00+0000&duration=PT1H from server.
Fetching https://www.freeview.co.uk/api/program?sid=13&nid=64403&pid=crid://csi.digitaluk.co.uk/2f9d3ae5-7c83-4d73-a49a-93d8b7d6f707&start=2026-09-10T08:00:00+0000&duration=PT1H from server.
Fetching https://www.freeview.co.uk/api/program?sid=13&nid=64403&pid=crid://csi.digitaluk.co.uk/26ceb1ad-96ce-4b20-818a-663ac7c446b4&start=2026-09-10T09:00:00+0000&duration=PT1H from server.
Fetching https://www.freeview.co.uk/api/program?sid=13&nid=64403&pid=crid://csi.digitaluk.co.uk/056cdbb3-88e4-4423-9339-1eb11b86561b&start=2026-09-10T10:00:00+0000&duration=PT1H from server.
Fetching https://www.freeview.co.uk/api/program?sid=13&nid=64403&pid=crid://csi.digitaluk.co.uk/0e903782-a1f2-46da-9833-1c2e129d55fe&start=2026-09-10T11:00:00+0000&duration=PT30M from server.
Fetching https://www.freeview.co.uk/api/program?sid=13&nid=64403&pid=crid://csi.digitaluk.co.uk/8c92f0dc-3b1b-48a2-9616-60ca6222dc52&start=2026-09-10T11:30:00+0000&duration=PT30M from server.
Fetching https://www.freeview.co.uk/api/program?sid=13&nid=64403&pid=crid://csi.digitaluk.co.uk/eb2d4959-099a-4303-a15b-17c24f38bf1a&start=2026-09-10T12:00:00+0000&duration=PT30M from server.
Fetching https://www.freeview.co.uk/api/program?sid=13&nid=64403&pid=crid://csi.digitaluk.co.uk/3e29f5a6-7b07-4916-94b1-4a04d4a3fe6d&start=2026-09-10T12:30:00+0000&duration=PT30M from server.
Fetching https://www.freeview.co.uk/api/program?sid=13&nid=64403&pid=crid://csi.digitaluk.co.uk/4832c41a-d98f-4282-815f-434211116ac7&start=2026-09-10T13:00:00+0000&duration=PT30M from server.
Fetching https://www.freeview.co.uk/api/program?sid=13&nid=64403&pid=crid://csi.digitaluk.co.uk/8e28aaeb-4afe-4de5-b343-c04afb4df00f&start=2026-09-10T13:30:00+0000&duration=PT30M from server.
Fetching https://www.freeview.co.uk/api/program?sid=13&nid=64403&pid=crid://csi.digitaluk.co.uk/69cdaa40-1477-4f71-ae66-a015958e6153&start=2026-09-10T14:00:00+0000&duration=PT30M from server.
Fetching https://www.freeview.co.uk/api/program?sid=13&nid=64403&pid=crid://csi.digitaluk.co.uk/e38d4f09-b804-438c-8e0e-91e4f1612c1f&start=2026-09-10T14:30:00+0000&duration=PT30M from server.
Fetching https://www.freeview.co.uk/api/program?sid=13&nid=64403&pid=crid://csi.digitaluk.co.uk/44b18138-780f-4249-a234-369063217c74&start=2026-09-10T15:00:00+0000&duration=PT30M from server.
Fetching https://www.freeview.co.uk/api/program?sid=13&nid=64403&pid=crid://csi.digitaluk.co.uk/c1a77513-885a-4aa7-9b79-cbc3e3190a2c&start=2026-09-10T15:30:00+0000&duration=PT30M from server.
Fetching https://www.freeview.co.uk/api/program?sid=13&nid=64403&pid=crid://csi.digitaluk.co.uk/7a38f006-f5a0-481b-8103-079db64eb11c&start=2026-09-10T16:00:00+0000&duration=PT30M from server.
Fetching https://www.freeview.co.uk/api/program?sid=13&nid=64403&pid=crid://csi.digitaluk.co.uk/65762210-0e9a-412c-bb68-1d078db114f1&start=2026-09-10T16:30:00+0000&duration=PT30M from server.
Fetching https://www.freeview.co.uk/api/program?sid=13&nid=64403&pid=crid://csi.digitaluk.co.uk/390c6cf5-adcc-4bb0-bff3-444d64d81e36&start=2026-09-10T17:00:00+0000&duration=PT30M from server.
Fetching https://www.freeview.co.uk/api/program?sid=13&nid=64403&pid=crid://csi.digitaluk.co.uk/7e08b05f-c677-4b81-b07b-da04ce2ca746&start=2026-09-10T17:30:00+0000&duration=PT30M from server.
Fetching https://www.freeview.co.uk/api/program?sid=13&nid=64403&pid=crid://csi.digitaluk.co.uk/8edc68ef-8ad5-4c76-bf1d-a97537223332&start=2026-09-10T18:00:00+0000&duration=PT30M from server.
Fetching https://www.freeview.co.uk/api/program?sid=13&nid=64403&pid=crid://csi.digitaluk.co.uk/f14259d2-47ce-4b22-8c64-c45b71bfa1d4&start=2026-09-10T18:30:00+0000&duration=PT30M from server.
Fetching https://www.freeview.co.uk/api/program?sid=13&nid=64403&pid=crid://csi.digitaluk.co.uk/bc5464f8-51c1-467e-8f49-030e131492bb&start=2026-09-10T19:00:00+0000&duration=PT1H from server.
Fetching https://www.freeview.co.uk/api/program?sid=13&nid=64403&pid=crid://csi.digitaluk.co.uk/232e22a8-0280-43ef-aea5-c2eddb1fa146&start=2026-09-10T20:00:00+0000&duration=PT1H from server.
Fetching https://www.freeview.co.uk/api/program?sid=13&nid=64403&pid=crid://csi.digitaluk.co.uk/5f00ca20-7dfd-4a27-93c9-181d99bcce7b&start=2026-09-10T21:00:00+0000&duration=PT1H5M from server.
Fetching https://www.freeview.co.uk/api/program?sid=13&nid=64403&pid=crid://csi.digitaluk.co.uk/c191f18f-08da-4526-9748-51af777707d4&start=2026-09-10T22:05:00+0000&duration=PT1H from server.
Fetching https://www.freeview.co.uk/api/program?sid=13&nid=64403&pid=crid://csi.digitaluk.co.uk/a4560ebb-dd7a-4894-864e-a0eb1a54991f&start=2026-09-10T23:05:00+0000&duration=PT1H5M from server.
### Wanted 8385 
Fetching https://www.freeview.co.uk/api/program?sid=14&nid=64403&pid=crid://csi.digitaluk.co.uk/4df5b1d2-4547-4288-a541-77589f5d48aa&start=2026-09-10T00:10:00+0000&duration=PT2H35M from server.
Fetching https://www.freeview.co.uk/api/program?sid=14&nid=64403&pid=crid://csi.digitaluk.co.uk/2e658de0-cd58-49bc-ae11-af68b87dd6b8&start=2026-09-10T02:45:00+0000&duration=PT3H15M from server.
Fetching https://www.freeview.co.uk/api/program?sid=14&nid=64403&pid=crid://csi.digitaluk.co.uk/40d0074d-d442-4c50-8269-f047cfdfb712&start=2026-09-10T06:00:00+0000&duration=PT4H from server.
Fetching https://www.freeview.co.uk/api/program?sid=14&nid=64403&pid=crid://movida.bebanjo.net/mas/version/4594/001/ALLTIMESSWC/C&start=2026-09-10T10:00:00+0000&duration=PT1H50M from server.
Fetching https://www.freeview.co.uk/api/program?sid=14&nid=64403&pid=crid://csi.digitaluk.co.uk/d0541f8b-e103-4d36-9c26-12c65b8d427d&start=2026-09-10T11:50:00+0000&duration=PT1H50M from server.
Fetching https://www.freeview.co.uk/api/program?sid=14&nid=64403&pid=crid://csi.digitaluk.co.uk/f9691468-9acf-44e8-9f7e-96093e2f5b13&start=2026-09-10T13:40:00+0000&duration=PT1H45M from server.
Fetching https://www.freeview.co.uk/api/program?sid=14&nid=64403&pid=crid://movida.bebanjo.net/mas/version/4208/001/ALLTIMESSWC/C&start=2026-09-10T15:25:00+0000&duration=PT2H15M from server.
Fetching https://www.freeview.co.uk/api/program?sid=14&nid=64403&pid=crid://csi.digitaluk.co.uk/aaff69f6-621f-406e-ba3a-397d97772899&start=2026-09-10T17:40:00+0000&duration=PT2H20M from server.
Fetching https://www.freeview.co.uk/api/program?sid=14&nid=64403&pid=crid://csi.digitaluk.co.uk/a734d0ce-b0a4-4c69-af69-3227dc9799ab&start=2026-09-10T20:00:00+0000&duration=PT1H45M from server.
Fetching https://www.freeview.co.uk/api/program?sid=14&nid=64403&pid=crid://csi.digitaluk.co.uk/e35aebcf-0cf1-421d-aa01-ff96137719c9&start=2026-09-10T21:45:00+0000&duration=PT2H10M from server.
Fetching https://www.freeview.co.uk/api/program?sid=14&nid=64403&pid=crid://movida.bebanjo.net/mas/version/76952/001/POSTWATERSHED2100/C&start=2026-09-10T23:55:00+0000&duration=PT2H35M from server.
## Wanted 27328 
Fetching https://www.freeview.co.uk/api/program?sid=17&nid=64403&pid=crid://csi.digitaluk.co.uk/bcd8aad4-931e-4060-80c9-656883df3eb5&start=2026-09-10T00:00:00+0000&duration=PT1H from server.
Fetching https://www.freeview.co.uk/api/program?sid=17&nid=64403&pid=crid://csi.digitaluk.co.uk/a09240cb-c08d-41f1-be60-0aa5ee89f330&start=2026-09-10T01:00:00+0000&duration=PT1H from server.
Fetching https://www.freeview.co.uk/api/program?sid=17&nid=64403&pid=crid://csi.digitaluk.co.uk/5dc56614-44bb-4f2d-86d0-8693e9f4b1fe&start=2026-09-10T02:00:00+0000&duration=PT1H from server.
Fetching https://www.freeview.co.uk/api/program?sid=17&nid=64403&pid=crid://csi.digitaluk.co.uk/c3f282e1-302a-4636-8d26-c642473be50a&start=2026-09-10T03:00:00+0000&duration=PT30M from server.
Fetching https://www.freeview.co.uk/api/program?sid=17&nid=64403&pid=crid://csi.digitaluk.co.uk/00417e42-af97-4987-977e-0685f986526b&start=2026-09-10T03:30:00+0000&duration=PT30M from server.
Fetching https://www.freeview.co.uk/api/program?sid=17&nid=64403&pid=crid://csi.digitaluk.co.uk/668a3313-fc05-4e9d-b2ff-d1e2e110ebf9&start=2026-09-10T04:00:00+0000&duration=PT30M from server.
Fetching https://www.freeview.co.uk/api/program?sid=17&nid=64403&pid=crid://csi.digitaluk.co.uk/bfe8f7e8-86c9-4ff9-9458-807efdfa9aae&start=2026-09-10T04:30:00+0000&duration=PT30M from server.
Fetching https://www.freeview.co.uk/api/program?sid=17&nid=64403&pid=crid://csi.digitaluk.co.uk/9df76484-b81f-4ddc-a1dc-2f6d4d268d51&start=2026-09-10T05:00:00+0000&duration=PT1H from server.
Fetching https://www.freeview.co.uk/api/program?sid=17&nid=64403&pid=crid://csi.digitaluk.co.uk/450f17b6-15e1-4add-8442-cf6186af0a9c&start=2026-09-10T06:00:00+0000&duration=PT1H from server.
Fetching https://www.freeview.co.uk/api/program?sid=17&nid=64403&pid=crid://csi.digitaluk.co.uk/677794b4-7925-4a99-beb9-6666d43dcb80&start=2026-09-10T07:00:00+0000&duration=PT1H from server.
Fetching https://www.freeview.co.uk/api/program?sid=17&nid=64403&pid=crid://csi.digitaluk.co.uk/2c322078-6bc2-496e-9dd1-8ac31b1022c0&start=2026-09-10T08:00:00+0000&duration=PT1H from server.
Fetching https://www.freeview.co.uk/api/program?sid=17&nid=64403&pid=crid://csi.digitaluk.co.uk/269bd5cb-d288-4198-a664-abc3beecbb07&start=2026-09-10T09:00:00+0000&duration=PT1H from server.
Fetching https://www.freeview.co.uk/api/program?sid=17&nid=64403&pid=crid://csi.digitaluk.co.uk/0411e550-1722-4c26-8cf4-cd38fba4ae90&start=2026-09-10T10:00:00+0000&duration=PT1H from server.
Fetching https://www.freeview.co.uk/api/program?sid=17&nid=64403&pid=crid://csi.digitaluk.co.uk/fff1c68f-4213-44b1-9e12-99607a6ec503&start=2026-09-10T11:00:00+0000&duration=PT1H from server.
Fetching https://www.freeview.co.uk/api/program?sid=17&nid=64403&pid=crid://csi.digitaluk.co.uk/4d2c98e1-b45c-4d74-8f5b-1af58d7b07ef&start=2026-09-10T12:00:00+0000&duration=PT1H from server.
Fetching https://www.freeview.co.uk/api/program?sid=17&nid=64403&pid=crid://csi.digitaluk.co.uk/d9279523-1a06-40a5-8256-3389dad3337e&start=2026-09-10T13:00:00+0000&duration=PT30M from server.
Fetching https://www.freeview.co.uk/api/program?sid=17&nid=64403&pid=crid://csi.digitaluk.co.uk/c6161f4e-86b4-4747-847a-a1c8acb933df&start=2026-09-10T13:30:00+0000&duration=PT30M from server.
Fetching https://www.freeview.co.uk/api/program?sid=17&nid=64403&pid=crid://csi.digitaluk.co.uk/f7f080b8-25b4-4c00-8207-20d5c8b33348&start=2026-09-10T14:00:00+0000&duration=PT1H from server.
Fetching https://www.freeview.co.uk/api/program?sid=17&nid=64403&pid=crid://csi.digitaluk.co.uk/34b0b273-2736-4b05-a03a-1ea4420f0fc3&start=2026-09-10T15:00:00+0000&duration=PT1H from server.
Fetching https://www.freeview.co.uk/api/program?sid=17&nid=64403&pid=crid://csi.digitaluk.co.uk/f80e5b10-4ff4-4b19-aa3f-862e365036eb&start=2026-09-10T16:00:00+0000&duration=PT1H from server.
Fetching https://www.freeview.co.uk/api/program?sid=17&nid=64403&pid=crid://csi.digitaluk.co.uk/8e827e4a-064d-47d3-8eb1-fb434d815185&start=2026-09-10T17:00:00+0000&duration=PT1H from server.
Fetching https://www.freeview.co.uk/api/program?sid=17&nid=64403&pid=crid://csi.digitaluk.co.uk/521b62a5-bb82-4b35-b700-9ad06d8465d3&start=2026-09-10T18:00:00+0000&duration=PT1H from server.
Fetching https://www.freeview.co.uk/api/program?sid=17&nid=64403&pid=crid://csi.digitaluk.co.uk/b62a1c7b-b30e-4121-a5e1-6aa25d3cbfef&start=2026-09-10T19:00:00+0000&duration=PT1H from server.
Fetching https://www.freeview.co.uk/api/program?sid=17&nid=64403&pid=crid://csi.digitaluk.co.uk/c5856072-c217-44d5-bf3a-3f8dd615a0e3&start=2026-09-10T20:00:00+0000&duration=PT1H from server.
Fetching https://www.freeview.co.uk/api/program?sid=17&nid=64403&pid=crid://csi.digitaluk.co.uk/211d739f-e78f-4bcb-b5cd-521a197c50ed&start=2026-09-10T21:00:00+0000&duration=PT1H from server.
Fetching https://www.freeview.co.uk/api/program?sid=17&nid=64403&pid=crid://csi.digitaluk.co.uk/923b6878-c3da-470a-8c21-333b8c83bae8&start=2026-09-10T22:00:00+0000&duration=PT30M from server.
Fetching https://www.freeview.co.uk/api/program?sid=17&nid=64403&pid=crid://csi.digitaluk.co.uk/7aea9c32-4deb-418b-b3e1-ec51e1d13537&start=2026-09-10T22:30:00+0000&duration=PT30M from server.
Fetching https://www.freeview.co.uk/api/program?sid=17&nid=64403&pid=crid://csi.digitaluk.co.uk/1e074ebc-8111-44ff-8d2d-d90f4a34321a&start=2026-09-10T23:00:00+0000&duration=PT30M from server.
Fetching https://www.freeview.co.uk/api/program?sid=17&nid=64403&pid=crid://csi.digitaluk.co.uk/4ecb9118-68c7-461c-be98-f5e411540633&start=2026-09-10T23:30:00+0000&duration=PT30M from server.
### Wanted 8442 
Fetching https://www.freeview.co.uk/api/program?sid=18&nid=64403&pid=crid://csi.digitaluk.co.uk/628689bc-4a4d-4246-8a00-fc8405ddcbac&start=2026-09-10T00:15:00+0000&duration=PT1H5M from server.
Fetching https://www.freeview.co.uk/api/program?sid=18&nid=64403&pid=crid://csi.digitaluk.co.uk/48d13901-3ea3-43ec-acb5-55472b6a8a97&start=2026-09-10T01:20:00+0000&duration=PT1H5M from server.
Fetching https://www.freeview.co.uk/api/program?sid=18&nid=64403&pid=crid://csi.digitaluk.co.uk/edf05294-bc5e-4999-b2fc-88f5078e2edd&start=2026-09-10T02:25:00+0000&duration=PT30M from server.
Fetching https://www.freeview.co.uk/api/program?sid=18&nid=64403&pid=crid://csi.digitaluk.co.uk/4ebb9c1b-b73a-4ab6-80bb-e503fd2c1d6a&start=2026-09-10T02:55:00+0000&duration=PT3H5M from server.
Fetching https://www.freeview.co.uk/api/program?sid=18&nid=64403&pid=crid://csi.digitaluk.co.uk/73ef5f9b-d7ab-42fd-8678-7bb97b52c67b&start=2026-09-10T06:00:00+0000&duration=PT1H55M from server.
Fetching https://www.freeview.co.uk/api/program?sid=18&nid=64403&pid=crid://csi.digitaluk.co.uk/ebbbc3ac-b066-4626-a8f9-832845759db1&start=2026-09-10T07:55:00+0000&duration=PT35M from server.
Fetching https://www.freeview.co.uk/api/program?sid=18&nid=64403&pid=crid://csi.digitaluk.co.uk/a3f1d99c-3ace-470c-83b0-2312f3c9f593&start=2026-09-10T08:30:00+0000&duration=PT30M from server.
Fetching https://www.freeview.co.uk/api/program?sid=18&nid=64403&pid=crid://csi.digitaluk.co.uk/98dff1fd-1cc8-4d3c-ab0c-841aa53da565&start=2026-09-10T09:00:00+0000&duration=PT30M from server.
Fetching https://www.freeview.co.uk/api/program?sid=18&nid=64403&pid=crid://csi.digitaluk.co.uk/10ac1007-5c2e-4356-9d84-89b235b5270c&start=2026-09-10T09:30:00+0000&duration=PT35M from server.
Fetching https://www.freeview.co.uk/api/program?sid=18&nid=64403&pid=crid://csi.digitaluk.co.uk/08e9caca-7d28-4d05-9016-e1567211925f&start=2026-09-10T10:05:00+0000&duration=PT30M from server.
Fetching https://www.freeview.co.uk/api/program?sid=18&nid=64403&pid=crid://csi.digitaluk.co.uk/96bcaf31-f088-4435-a8b6-a7fd1de37431&start=2026-09-10T10:35:00+0000&duration=PT30M from server.
Fetching https://www.freeview.co.uk/api/program?sid=18&nid=64403&pid=crid://csi.digitaluk.co.uk/2dba4f4f-9c1a-4a4b-90fa-2ae3231e3437&start=2026-09-10T11:05:00+0000&duration=PT30M from server.
Fetching https://www.freeview.co.uk/api/program?sid=18&nid=64403&pid=crid://csi.digitaluk.co.uk/c739184d-7b5f-4234-9751-ae948a483bf2&start=2026-09-10T11:35:00+0000&duration=PT30M from server.
Fetching https://www.freeview.co.uk/api/program?sid=18&nid=64403&pid=crid://csi.digitaluk.co.uk/4bb0bcd0-9f7e-465e-b673-5bdb860e45e0&start=2026-09-10T12:05:00+0000&duration=PT35M from server.
Fetching https://www.freeview.co.uk/api/program?sid=18&nid=64403&pid=crid://csi.digitaluk.co.uk/5f93699a-2bae-470e-aa51-ecbfd369f3ef&start=2026-09-10T12:40:00+0000&duration=PT35M from server.
Fetching https://www.freeview.co.uk/api/program?sid=18&nid=64403&pid=crid://csi.digitaluk.co.uk/7ec4ecb7-e5ba-4f8e-8f48-1df1abd46dac&start=2026-09-10T13:15:00+0000&duration=PT35M from server.
Fetching https://www.freeview.co.uk/api/program?sid=18&nid=64403&pid=crid://csi.digitaluk.co.uk/c2b98dda-78a4-416c-bd62-96ac35aa929e&start=2026-09-10T13:50:00+0000&duration=PT30M from server.
Fetching https://www.freeview.co.uk/api/program?sid=18&nid=64403&pid=crid://csi.digitaluk.co.uk/8d073718-e2e7-4fd9-90af-80e4b7fbaab4&start=2026-09-10T14:20:00+0000&duration=PT30M from server.
Fetching https://www.freeview.co.uk/api/program?sid=18&nid=64403&pid=crid://csi.digitaluk.co.uk/1cbdf34d-3a9f-4f6b-8f33-a181f1914326&start=2026-09-10T14:50:00+0000&duration=PT30M from server.
Fetching https://www.freeview.co.uk/api/program?sid=18&nid=64403&pid=crid://csi.digitaluk.co.uk/e2827542-ef38-4b46-a563-50bb740297fe&start=2026-09-10T15:20:00+0000&duration=PT30M from server.
Fetching https://www.freeview.co.uk/api/program?sid=18&nid=64403&pid=crid://csi.digitaluk.co.uk/deb18c82-8028-4886-9256-4969f9652eb7&start=2026-09-10T15:50:00+0000&duration=PT1H from server.
Fetching https://www.freeview.co.uk/api/program?sid=18&nid=64403&pid=crid://csi.digitaluk.co.uk/bc9b18ed-e6c0-47d3-995b-a018bfb592c5&start=2026-09-10T16:50:00+0000&duration=PT1H from server.
Fetching https://www.freeview.co.uk/api/program?sid=18&nid=64403&pid=crid://csi.digitaluk.co.uk/5818acbf-0d14-49c0-b52d-75d88167cc9f&start=2026-09-10T17:50:00+0000&duration=PT1H5M from server.
Fetching https://www.freeview.co.uk/api/program?sid=18&nid=64403&pid=crid://csi.digitaluk.co.uk/aa534735-81f7-4636-9a97-646e970219c3&start=2026-09-10T18:55:00+0000&duration=PT1H5M from server.
Fetching https://www.freeview.co.uk/api/program?sid=18&nid=64403&pid=crid://csi.digitaluk.co.uk/3faf9629-a207-4eb4-8aa3-3ede4d553bf9&start=2026-09-10T20:00:00+0000&duration=PT1H from server.
Fetching https://www.freeview.co.uk/api/program?sid=18&nid=64403&pid=crid://csi.digitaluk.co.uk/adb9fa94-c647-4c56-9cf6-c34e059d67d7&start=2026-09-10T21:00:00+0000&duration=PT1H5M from server.
Fetching https://www.freeview.co.uk/api/program?sid=18&nid=64403&pid=crid://csi.digitaluk.co.uk/5d29d2a0-c35a-414f-96a8-cc80108b0151&start=2026-09-10T22:05:00+0000&duration=PT1H5M from server.
Fetching https://www.freeview.co.uk/api/program?sid=18&nid=64403&pid=crid://csi.digitaluk.co.uk/98d80fdc-7332-49e3-bb0f-529b5b83feec&start=2026-09-10T23:10:00+0000&duration=PT1H5M from server.
## Wanted 12992 
Fetching https://www.freeview.co.uk/api/program?sid=21&nid=64403&pid=crid://panorama.five.tv/versions/C5368420002A&start=2026-09-10T00:55:00+0000&duration=PT1H from server.
Fetching https://www.freeview.co.uk/api/program?sid=21&nid=64403&pid=crid://panorama.five.tv/versions/C5515340009A&start=2026-09-10T01:55:00+0000&duration=PT50M from server.
Fetching https://www.freeview.co.uk/api/program?sid=21&nid=64403&pid=crid://panorama.five.tv/versions/C5522700037A&start=2026-09-10T02:45:00+0000&duration=PT15M from server.
Fetching https://www.freeview.co.uk/api/program?sid=21&nid=64403&pid=crid://panorama.five.tv/versions/C5266540001A&start=2026-09-10T03:00:00+0000&duration=PT2H from server.
Fetching https://www.freeview.co.uk/api/program?sid=21&nid=64403&pid=crid://panorama.five.tv/versions/C5474060001A&start=2026-09-10T05:00:00+0000&duration=PT3H from server.
Fetching https://www.freeview.co.uk/api/program?sid=21&nid=64403&pid=crid://panorama.five.tv/versions/C5522700037A&start=2026-09-10T08:00:00+0000&duration=PT10M from server.
Fetching https://www.freeview.co.uk/api/program?sid=21&nid=64403&pid=crid://panorama.five.tv/versions/C5126580024F&start=2026-09-10T08:10:00+0000&duration=PT50M from server.
Fetching https://www.freeview.co.uk/api/program?sid=21&nid=64403&pid=crid://panorama.five.tv/versions/C5133570001G&start=2026-09-10T09:00:00+0000&duration=PT1H from server.
Fetching https://www.freeview.co.uk/api/program?sid=21&nid=64403&pid=crid://panorama.five.tv/versions/C5133570002G&start=2026-09-10T10:00:00+0000&duration=PT1H from server.
Fetching https://www.freeview.co.uk/api/program?sid=21&nid=64403&pid=crid://panorama.five.tv/versions/C5084020009D&start=2026-09-10T11:00:00+0000&duration=PT1H from server.
Fetching https://www.freeview.co.uk/api/program?sid=21&nid=64403&pid=crid://panorama.five.tv/versions/C5084020010C&start=2026-09-10T12:00:00+0000&duration=PT1H from server.
Fetching https://www.freeview.co.uk/api/program?sid=21&nid=64403&pid=crid://panorama.five.tv/versions/C5084020011E&start=2026-09-10T13:00:00+0000&duration=PT1H from server.
Fetching https://www.freeview.co.uk/api/program?sid=21&nid=64403&pid=crid://csi.digitaluk.co.uk/18e00028-1e69-4d64-8667-a009f85e0a0c&start=2026-09-10T14:00:00+0000&duration=PT1H from server.
Fetching https://www.freeview.co.uk/api/program?sid=21&nid=64403&pid=crid://csi.digitaluk.co.uk/082f8043-6d4b-434d-8774-6149d3914d71&start=2026-09-10T15:00:00+0000&duration=PT1H from server.
Fetching https://www.freeview.co.uk/api/program?sid=21&nid=64403&pid=crid://csi.digitaluk.co.uk/67a36cef-4e68-4bf0-a897-f6324e447e79&start=2026-09-10T16:00:00+0000&duration=PT1H from server.
Fetching https://www.freeview.co.uk/api/program?sid=21&nid=64403&pid=crid://csi.digitaluk.co.uk/23cee80c-b2c4-4b7a-b339-723c6d2383f2&start=2026-09-10T17:00:00+0000&duration=PT1H from server.
Fetching https://www.freeview.co.uk/api/program?sid=21&nid=64403&pid=crid://csi.digitaluk.co.uk/e9de8927-8888-4313-802b-e15706dadd9a&start=2026-09-10T18:00:00+0000&duration=PT1H from server.
Fetching https://www.freeview.co.uk/api/program?sid=21&nid=64403&pid=crid://csi.digitaluk.co.uk/15875b07-8c2c-4d5c-868d-1e3de9c6a913&start=2026-09-10T19:00:00+0000&duration=PT1H from server.
Fetching https://www.freeview.co.uk/api/program?sid=21&nid=64403&pid=crid://panorama.five.tv/versions/C5522680003B&start=2026-09-10T20:00:00+0000&duration=PT1H from server.
Fetching https://www.freeview.co.uk/api/program?sid=21&nid=64403&pid=crid://csi.digitaluk.co.uk/827268f3-2c32-4f1d-bf79-8d29de7965d8&start=2026-09-10T21:00:00+0000&duration=PT1H from server.
Fetching https://www.freeview.co.uk/api/program?sid=21&nid=64403&pid=crid://csi.digitaluk.co.uk/b5e1922a-d4f8-4a2d-a362-b0a49c359365&start=2026-09-10T22:00:00+0000&duration=PT1H from server.
Fetching https://www.freeview.co.uk/api/program?sid=21&nid=64403&pid=crid://panorama.five.tv/versions/C5368420003A&start=2026-09-10T23:00:00+0000&duration=PT55M from server.
Fetching https://www.freeview.co.uk/api/program?sid=21&nid=64403&pid=crid://panorama.five.tv/versions/C5368420004A&start=2026-09-10T23:55:00+0000&duration=PT1H from server.
### Wanted 12928 
Fetching https://www.freeview.co.uk/api/program?sid=32&nid=64403&pid=crid://panorama.five.tv/versions/C5399060003E&start=2026-09-10T00:10:00+0000&duration=PT1H from server.
Fetching https://www.freeview.co.uk/api/program?sid=32&nid=64403&pid=crid://panorama.five.tv/versions/C5215620006E&start=2026-09-10T01:10:00+0000&duration=PT50M from server.
Fetching https://www.freeview.co.uk/api/program?sid=32&nid=64403&pid=crid://panorama.five.tv/versions/C5215620008C&start=2026-09-10T02:00:00+0000&duration=PT50M from server.
Fetching https://www.freeview.co.uk/api/program?sid=32&nid=64403&pid=crid://panorama.five.tv/versions/C5522700037A&start=2026-09-10T02:50:00+0000&duration=PT10M from server.
Fetching https://www.freeview.co.uk/api/program?sid=32&nid=64403&pid=crid://panorama.five.tv/versions/C5266540001A&start=2026-09-10T03:00:00+0000&duration=PT2H from server.
Fetching https://www.freeview.co.uk/api/program?sid=32&nid=64403&pid=crid://panorama.five.tv/versions/C5266540001A&start=2026-09-10T05:00:00+0000&duration=PT1H from server.
Fetching https://www.freeview.co.uk/api/program?sid=32&nid=64403&pid=crid://panorama.five.tv/versions/C5326820001A&start=2026-09-10T06:00:00+0000&duration=PT30M from server.
Fetching https://www.freeview.co.uk/api/program?sid=32&nid=64403&pid=crid://panorama.five.tv/versions/C5266540001A&start=2026-09-10T06:30:00+0000&duration=PT30M from server.
Fetching https://www.freeview.co.uk/api/program?sid=32&nid=64403&pid=crid://csi.digitaluk.co.uk/122f7311-df12-45e9-9497-c08318f808f1&start=2026-09-10T07:00:00+0000&duration=PT1H from server.
Fetching https://www.freeview.co.uk/api/program?sid=32&nid=64403&pid=crid://csi.digitaluk.co.uk/a2b71696-a96c-4670-9450-bf75919682e7&start=2026-09-10T08:00:00+0000&duration=PT1H from server.
Fetching https://www.freeview.co.uk/api/program?sid=32&nid=64403&pid=crid://panorama.five.tv/versions/C5350870004F&start=2026-09-10T09:00:00+0000&duration=PT1H from server.
Fetching https://www.freeview.co.uk/api/program?sid=32&nid=64403&pid=crid://csi.digitaluk.co.uk/1770ec6b-e83a-4bb0-b2c4-66ffe22de1d3&start=2026-09-10T10:00:00+0000&duration=PT1H from server.
Fetching https://www.freeview.co.uk/api/program?sid=32&nid=64403&pid=crid://csi.digitaluk.co.uk/8a9c91cc-11ed-44be-9028-747ad0351ec3&start=2026-09-10T11:00:00+0000&duration=PT1H from server.
Fetching https://www.freeview.co.uk/api/program?sid=32&nid=64403&pid=crid://csi.digitaluk.co.uk/4dd282fd-51e1-447e-9bf0-46c6a27c3fe4&start=2026-09-10T12:00:00+0000&duration=PT1H from server.
Fetching https://www.freeview.co.uk/api/program?sid=32&nid=64403&pid=crid://csi.digitaluk.co.uk/d95d5da1-796b-40f7-a982-7ece52a7ad53&start=2026-09-10T13:00:00+0000&duration=PT1H from server.
Fetching https://www.freeview.co.uk/api/program?sid=32&nid=64403&pid=crid://csi.digitaluk.co.uk/7b54f2ff-868a-4226-90b9-ecf05a000d2e&start=2026-09-10T14:00:00+0000&duration=PT1H from server.
Fetching https://www.freeview.co.uk/api/program?sid=32&nid=64403&pid=crid://csi.digitaluk.co.uk/f51b902b-54ae-46a9-852e-5e90454fb56e&start=2026-09-10T15:00:00+0000&duration=PT1H from server.
Fetching https://www.freeview.co.uk/api/program?sid=32&nid=64403&pid=crid://csi.digitaluk.co.uk/cb150043-6585-4c5e-b1ce-5a3754762d2d&start=2026-09-10T16:00:00+0000&duration=PT1H from server.
Fetching https://www.freeview.co.uk/api/program?sid=32&nid=64403&pid=crid://panorama.five.tv/versions/C5164553179A&start=2026-09-10T17:00:00+0000&duration=PT30M from server.
Fetching https://www.freeview.co.uk/api/program?sid=32&nid=64403&pid=crid://csi.digitaluk.co.uk/9bb045a9-9765-4130-b2fe-e09ed2c597d9&start=2026-09-10T17:30:00+0000&duration=PT30M from server.
Fetching https://www.freeview.co.uk/api/program?sid=32&nid=64403&pid=crid://csi.digitaluk.co.uk/7928b65a-0210-42d1-8641-df09af07c1e2&start=2026-09-10T18:00:00+0000&duration=PT1H from server.
Fetching https://www.freeview.co.uk/api/program?sid=32&nid=64403&pid=crid://csi.digitaluk.co.uk/d71a50d8-865e-46a8-ab4e-987131946a2b&start=2026-09-10T19:00:00+0000&duration=PT1H from server.
Fetching https://www.freeview.co.uk/api/program?sid=32&nid=64403&pid=crid://panorama.five.tv/versions/C5467310011A&start=2026-09-10T20:00:00+0000&duration=PT1H from server.
Fetching https://www.freeview.co.uk/api/program?sid=32&nid=64403&pid=crid://panorama.five.tv/versions/C5434600003A&start=2026-09-10T21:00:00+0000&duration=PT1H from server.
Fetching https://www.freeview.co.uk/api/program?sid=32&nid=64403&pid=crid://csi.digitaluk.co.uk/bc3f5198-9900-4d70-b129-93b6046f58cd&start=2026-09-10T22:00:00+0000&duration=PT1H from server.
Fetching https://www.freeview.co.uk/api/program?sid=32&nid=64403&pid=crid://panorama.five.tv/versions/C5491950001A&start=2026-09-10T23:00:00+0000&duration=PT1H from server.
## Wanted 16112 
Fetching https://www.freeview.co.uk/api/program?sid=33&nid=64403&pid=crid://csi.digitaluk.co.uk/16fa01ca-3cda-444b-8798-e16afe4fd0ef&start=2026-09-10T00:05:00+0000&duration=PT1H from server.
Fetching https://www.freeview.co.uk/api/program?sid=33&nid=64403&pid=crid://csi.digitaluk.co.uk/d935c6b9-e5bf-41b0-a8b6-5da62b49f55d&start=2026-09-10T01:05:00+0000&duration=PT1H from server.
Fetching https://www.freeview.co.uk/api/program?sid=33&nid=64403&pid=crid://csi.digitaluk.co.uk/b319c752-c01a-405e-8b31-66252e87215b&start=2026-09-10T02:05:00+0000&duration=PT50M from server.
Fetching https://www.freeview.co.uk/api/program?sid=33&nid=64403&pid=crid://panorama.five.tv/versions/C5522880036A&start=2026-09-10T02:55:00+0000&duration=PT5M from server.
Fetching https://www.freeview.co.uk/api/program?sid=33&nid=64403&pid=crid://panorama.five.tv/versions/C5340000001A&start=2026-09-10T03:00:00+0000&duration=PT2H from server.
Fetching https://www.freeview.co.uk/api/program?sid=33&nid=64403&pid=crid://panorama.five.tv/versions/C5266540001A&start=2026-09-10T05:00:00+0000&duration=PT1H from server.
Fetching https://www.freeview.co.uk/api/program?sid=33&nid=64403&pid=crid://panorama.five.tv/versions/C5349600001A&start=2026-09-10T06:00:00+0000&duration=PT1H from server.
Fetching https://www.freeview.co.uk/api/program?sid=33&nid=64403&pid=crid://panorama.five.tv/versions/C5349600001A&start=2026-09-10T07:00:00+0000&duration=PT1H from server.
Fetching https://www.freeview.co.uk/api/program?sid=33&nid=64403&pid=crid://csi.digitaluk.co.uk/133b4a79-6313-4102-81ac-e4aa97a358ae&start=2026-09-10T08:00:00+0000&duration=PT25M from server.
Fetching https://www.freeview.co.uk/api/program?sid=33&nid=64403&pid=crid://csi.digitaluk.co.uk/bfed87aa-0c59-4f7c-958b-18362f2e6b17&start=2026-09-10T08:25:00+0000&duration=PT1H from server.
Fetching https://www.freeview.co.uk/api/program?sid=33&nid=64403&pid=crid://panorama.five.tv/versions/C5533940020A&start=2026-09-10T09:25:00+0000&duration=PT1H5M from server.
Fetching https://www.freeview.co.uk/api/program?sid=33&nid=64403&pid=crid://panorama.five.tv/versions/C5508180001D&start=2026-09-10T10:30:00+0000&duration=PT1H from server.
Fetching https://www.freeview.co.uk/api/program?sid=33&nid=64403&pid=crid://csi.digitaluk.co.uk/2682e995-abdd-4e70-b074-e50ecea40981&start=2026-09-10T11:30:00+0000&duration=PT5M from server.
Fetching https://www.freeview.co.uk/api/program?sid=33&nid=64403&pid=crid://panorama.five.tv/versions/C5508180001D&start=2026-09-10T11:35:00+0000&duration=PT1H20M from server.
Fetching https://www.freeview.co.uk/api/program?sid=33&nid=64403&pid=crid://panorama.five.tv/versions/C5510920001A&start=2026-09-10T12:55:00+0000&duration=PT1H from server.
Fetching https://www.freeview.co.uk/api/program?sid=33&nid=64403&pid=crid://csi.digitaluk.co.uk/b08b21d2-d57f-408d-b0d6-23203e21a6a8&start=2026-09-10T13:55:00+0000&duration=PT5M from server.
Fetching https://www.freeview.co.uk/api/program?sid=33&nid=64403&pid=crid://panorama.five.tv/versions/C5510920001A&start=2026-09-10T14:00:00+0000&duration=PT1H from server.
Fetching https://www.freeview.co.uk/api/program?sid=33&nid=64403&pid=crid://panorama.five.tv/versions/C5526840012A&start=2026-09-10T15:00:00+0000&duration=PT1H from server.
Fetching https://www.freeview.co.uk/api/program?sid=33&nid=64403&pid=crid://panorama.five.tv/versions/C5422460004D&start=2026-09-10T16:00:00+0000&duration=PT1H from server.
Fetching https://www.freeview.co.uk/api/program?sid=33&nid=64403&pid=crid://csi.digitaluk.co.uk/3f5c5281-e885-4a4b-942a-d1ec4cd301ab&start=2026-09-10T17:00:00+0000&duration=PT1H from server.
Fetching https://www.freeview.co.uk/api/program?sid=33&nid=64403&pid=crid://csi.digitaluk.co.uk/69a2e39e-770b-4a3e-9488-d8bee9bd7826&start=2026-09-10T18:00:00+0000&duration=PT1H from server.
Fetching https://www.freeview.co.uk/api/program?sid=33&nid=64403&pid=crid://csi.digitaluk.co.uk/092974b4-7220-46ab-a04c-e508d3791cb2&start=2026-09-10T19:00:00+0000&duration=PT1H from server.
Fetching https://www.freeview.co.uk/api/program?sid=33&nid=64403&pid=crid://csi.digitaluk.co.uk/733b9cc7-44c0-434f-aabb-9bb62e9bc3f0&start=2026-09-10T20:00:00+0000&duration=PT1H from server.
Fetching https://www.freeview.co.uk/api/program?sid=33&nid=64403&pid=crid://csi.digitaluk.co.uk/7bb69648-c256-40e3-8a6d-d479b433237c&start=2026-09-10T21:00:00+0000&duration=PT1H from server.
Fetching https://www.freeview.co.uk/api/program?sid=33&nid=64403&pid=crid://panorama.five.tv/versions/C5213580018A&start=2026-09-10T22:00:00+0000&duration=PT1H from server.
Fetching https://www.freeview.co.uk/api/program?sid=33&nid=64403&pid=crid://csi.digitaluk.co.uk/e6f3dc61-b216-4951-a70b-b79a19e5cc04&start=2026-09-10T23:00:00+0000&duration=PT1H from server.
### Wanted 8373 
Fetching https://www.freeview.co.uk/api/program?sid=35&nid=64403&pid=crid://csi.digitaluk.co.uk/bfb34e5b-3175-491f-880e-80b28fb65e4a&start=2026-09-10T00:00:00+0000&duration=PT3H from server.
Fetching https://www.freeview.co.uk/api/program?sid=35&nid=64403&pid=crid://csi.digitaluk.co.uk/ec4fd6d7-bb75-4274-9968-a63d5ec8f0c8&start=2026-09-10T03:00:00+0000&duration=PT25M from server.
Fetching https://www.freeview.co.uk/api/program?sid=35&nid=64403&pid=crid://csi.digitaluk.co.uk/8b6ef960-2e6d-4d68-b4b0-d91f24810543&start=2026-09-10T03:25:00+0000&duration=PT25M from server.
Fetching https://www.freeview.co.uk/api/program?sid=35&nid=64403&pid=crid://csi.digitaluk.co.uk/ecaa174e-2d92-450a-b37c-2704551dafa0&start=2026-09-10T03:50:00+0000&duration=PT1H15M from server.
Fetching https://www.freeview.co.uk/api/program?sid=35&nid=64403&pid=crid://csi.digitaluk.co.uk/f1a33627-ed9e-4869-897b-ec392a233246&start=2026-09-10T05:05:00+0000&duration=PT55M from server.
Fetching https://www.freeview.co.uk/api/program?sid=35&nid=64403&pid=crid://csi.digitaluk.co.uk/47e346ac-27a0-45a2-80e6-25d5f13ceb58&start=2026-09-10T06:00:00+0000&duration=PT3H30M from server.
Fetching https://www.freeview.co.uk/api/program?sid=35&nid=64403&pid=crid://csi.digitaluk.co.uk/dd162e49-1e4a-4895-8f4d-71550111f91e&start=2026-09-10T09:30:00+0000&duration=PT30M from server.
Fetching https://www.freeview.co.uk/api/program?sid=35&nid=64403&pid=crid://csi.digitaluk.co.uk/ddcd9bb7-94b6-4eae-ba57-29e7eaacbf85&start=2026-09-10T10:00:00+0000&duration=PT2H30M from server.
Fetching https://www.freeview.co.uk/api/program?sid=35&nid=64403&pid=crid://csi.digitaluk.co.uk/5d67201d-fb8b-4071-accc-329884181579&start=2026-09-10T12:30:00+0000&duration=PT20M from server.
Fetching https://www.freeview.co.uk/api/program?sid=35&nid=64403&pid=crid://csi.digitaluk.co.uk/6f52f4c7-cebf-4bcf-adf8-db55884de1cd&start=2026-09-10T12:50:00+0000&duration=PT10M from server.
Fetching https://www.freeview.co.uk/api/program?sid=35&nid=64403&pid=crid://csi.digitaluk.co.uk/03e00cd5-2cc7-4e31-9fb6-6075664fddca&start=2026-09-10T13:00:00+0000&duration=PT3H from server.
Fetching https://www.freeview.co.uk/api/program?sid=35&nid=64403&pid=crid://csi.digitaluk.co.uk/ed2584e6-d89e-45bf-af5e-e14dace2217f&start=2026-09-10T16:00:00+0000&duration=PT1H from server.
Fetching https://www.freeview.co.uk/api/program?sid=35&nid=64403&pid=crid://csi.digitaluk.co.uk/7432c7dc-d242-4643-99dc-df44ae2c3daa&start=2026-09-10T17:00:00+0000&duration=PT1H from server.
Fetching https://www.freeview.co.uk/api/program?sid=35&nid=64403&pid=crid://csi.digitaluk.co.uk/d2f7554e-efc2-4ad1-9759-9fd4752189fa&start=2026-09-10T18:00:00+0000&duration=PT30M from server.
Fetching https://www.freeview.co.uk/api/program?sid=35&nid=64403&pid=crid://csi.digitaluk.co.uk/be2f26c2-42cf-42aa-8011-d302836fd307&start=2026-09-10T18:30:00+0000&duration=PT1H from server.
Fetching https://www.freeview.co.uk/api/program?sid=35&nid=64403&pid=crid://www.stv.tv/programInformation/233849&start=2026-09-10T19:30:00+0000&duration=PT30M from server.
Fetching https://www.freeview.co.uk/api/program?sid=35&nid=64403&pid=crid://www.stv.tv/programInformation/233806&start=2026-09-10T20:00:00+0000&duration=PT30M from server.
Fetching https://www.freeview.co.uk/api/program?sid=35&nid=64403&pid=crid://csi.digitaluk.co.uk/6aed7a88-70c9-40de-9290-78c5ca95ed12&start=2026-09-10T20:30:00+0000&duration=PT30M from server.
Fetching https://www.freeview.co.uk/api/program?sid=35&nid=64403&pid=crid://csi.digitaluk.co.uk/a35f2574-a413-4aa9-8130-7e387e136caa&start=2026-09-10T21:00:00+0000&duration=PT1H from server.
Fetching https://www.freeview.co.uk/api/program?sid=35&nid=64403&pid=crid://csi.digitaluk.co.uk/687cbeb7-f5d4-4d82-98c5-4417476af227&start=2026-09-10T22:00:00+0000&duration=PT30M from server.
Fetching https://www.freeview.co.uk/api/program?sid=35&nid=64403&pid=crid://csi.digitaluk.co.uk/32f00764-6fe8-469c-b494-aa6252a2273a&start=2026-09-10T22:30:00+0000&duration=PT15M from server.
Fetching https://www.freeview.co.uk/api/program?sid=35&nid=64403&pid=crid://csi.digitaluk.co.uk/2b47bf3d-bd2f-48f3-8444-c466d2fe4023&start=2026-09-10T22:45:00+0000&duration=PT2H20M from server.
## Wanted 27680 
Fetching https://www.freeview.co.uk/api/program?sid=39&nid=64403&pid=crid://csi.digitaluk.co.uk/f023754c-5ea8-4fa9-9c9c-54d69c78ca12&start=2026-09-10T00:00:00+0000&duration=PT1H from server.
Fetching https://www.freeview.co.uk/api/program?sid=39&nid=64403&pid=crid://csi.digitaluk.co.uk/7b8b921a-f862-483c-be43-e6e4ecaeaa13&start=2026-09-10T01:00:00+0000&duration=PT30M from server.
Fetching https://www.freeview.co.uk/api/program?sid=39&nid=64403&pid=crid://csi.digitaluk.co.uk/f64f197f-06a1-421f-9f95-72c7477fb82a&start=2026-09-10T01:30:00+0000&duration=PT30M from server.
Fetching https://www.freeview.co.uk/api/program?sid=39&nid=64403&pid=crid://csi.digitaluk.co.uk/ce195627-c8ce-4623-92f4-f180bd860aa4&start=2026-09-10T02:00:00+0000&duration=PT30M from server.
Fetching https://www.freeview.co.uk/api/program?sid=39&nid=64403&pid=crid://csi.digitaluk.co.uk/188f16c0-2555-4bff-867b-b059c4488975&start=2026-09-10T02:30:00+0000&duration=PT30M from server.
Fetching https://www.freeview.co.uk/api/program?sid=39&nid=64403&pid=crid://csi.digitaluk.co.uk/af723d98-d4f7-4327-832d-a7965d95271a&start=2026-09-10T03:00:00+0000&duration=PT30M from server.
Fetching https://www.freeview.co.uk/api/program?sid=39&nid=64403&pid=crid://csi.digitaluk.co.uk/c86d517e-306d-4388-b8e5-be2cc507a085&start=2026-09-10T03:30:00+0000&duration=PT30M from server.
Fetching https://www.freeview.co.uk/api/program?sid=39&nid=64403&pid=crid://csi.digitaluk.co.uk/ab2a0992-38b2-496e-b228-7307936f19af&start=2026-09-10T04:00:00+0000&duration=PT30M from server.
Fetching https://www.freeview.co.uk/api/program?sid=39&nid=64403&pid=crid://csi.digitaluk.co.uk/f0ae6dc8-d5a3-4b4a-b374-75470d3d0282&start=2026-09-10T04:30:00+0000&duration=PT30M from server.
Fetching https://www.freeview.co.uk/api/program?sid=39&nid=64403&pid=crid://csi.digitaluk.co.uk/b6a73b79-ca37-4dd4-b625-ec2d15dfacda&start=2026-09-10T05:00:00+0000&duration=PT1H from server.
Fetching https://www.freeview.co.uk/api/program?sid=39&nid=64403&pid=crid://csi.digitaluk.co.uk/fe1dde86-65d3-472b-8eb1-dd67ae1686fc&start=2026-09-10T06:00:00+0000&duration=PT1H from server.
Fetching https://www.freeview.co.uk/api/program?sid=39&nid=64403&pid=crid://csi.digitaluk.co.uk/195bb28e-2524-46db-b0fc-3638ba19bd92&start=2026-09-10T07:00:00+0000&duration=PT1H from server.
Fetching https://www.freeview.co.uk/api/program?sid=39&nid=64403&pid=crid://csi.digitaluk.co.uk/6b26706e-9e15-4202-befd-6cbab3bbebfb&start=2026-09-10T08:00:00+0000&duration=PT1H from server.
Fetching https://www.freeview.co.uk/api/program?sid=39&nid=64403&pid=crid://csi.digitaluk.co.uk/7342035e-55c5-4398-ae8f-b6990143658b&start=2026-09-10T09:00:00+0000&duration=PT1H from server.
Fetching https://www.freeview.co.uk/api/program?sid=39&nid=64403&pid=crid://csi.digitaluk.co.uk/06bdbc0f-cdcf-466b-8302-2ffa7e2e40d1&start=2026-09-10T10:00:00+0000&duration=PT1H from server.
Fetching https://www.freeview.co.uk/api/program?sid=39&nid=64403&pid=crid://csi.digitaluk.co.uk/2e955974-2394-4caf-8030-c5f39727d8e3&start=2026-09-10T11:00:00+0000&duration=PT1H from server.
Fetching https://www.freeview.co.uk/api/program?sid=39&nid=64403&pid=crid://csi.digitaluk.co.uk/906d5f86-e241-4e7c-8edd-46948f58568c&start=2026-09-10T12:00:00+0000&duration=PT1H from server.
Fetching https://www.freeview.co.uk/api/program?sid=39&nid=64403&pid=crid://csi.digitaluk.co.uk/4e0fc028-f728-490f-a9cd-f71b6dadbe29&start=2026-09-10T13:00:00+0000&duration=PT1H from server.
Fetching https://www.freeview.co.uk/api/program?sid=39&nid=64403&pid=crid://csi.digitaluk.co.uk/5f4f2d28-5016-4f45-ac36-3119ecb2159e&start=2026-09-10T14:00:00+0000&duration=PT1H from server.
Fetching https://www.freeview.co.uk/api/program?sid=39&nid=64403&pid=crid://csi.digitaluk.co.uk/b74fdaad-0849-4fcc-a3f1-5641f4cd5cd7&start=2026-09-10T15:00:00+0000&duration=PT1H from server.
Fetching https://www.freeview.co.uk/api/program?sid=39&nid=64403&pid=crid://csi.digitaluk.co.uk/12ec1caf-613d-43f1-bb47-a40413778a5d&start=2026-09-10T16:00:00+0000&duration=PT1H from server.
Fetching https://www.freeview.co.uk/api/program?sid=39&nid=64403&pid=crid://csi.digitaluk.co.uk/71f224bf-4791-42c6-9a46-bda4ea41713b&start=2026-09-10T17:00:00+0000&duration=PT1H from server.
Fetching https://www.freeview.co.uk/api/program?sid=39&nid=64403&pid=crid://csi.digitaluk.co.uk/650eed37-dbc3-400b-8818-0accd20f4591&start=2026-09-10T18:00:00+0000&duration=PT1H from server.
Fetching https://www.freeview.co.uk/api/program?sid=39&nid=64403&pid=crid://csi.digitaluk.co.uk/92fb1094-fa0e-4b12-bfeb-7441c35fce02&start=2026-09-10T19:00:00+0000&duration=PT1H from server.
Fetching https://www.freeview.co.uk/api/program?sid=39&nid=64403&pid=crid://csi.digitaluk.co.uk/f85c4b01-8845-4eb0-8fa2-5a4e74be4853&start=2026-09-10T20:00:00+0000&duration=PT1H from server.
Fetching https://www.freeview.co.uk/api/program?sid=39&nid=64403&pid=crid://csi.digitaluk.co.uk/ed48f6a2-2a6a-40eb-a346-b143802bc83b&start=2026-09-10T21:00:00+0000&duration=PT1H from server.
Fetching https://www.freeview.co.uk/api/program?sid=39&nid=64403&pid=crid://csi.digitaluk.co.uk/b08003d9-602d-4d32-a823-cdddf1f5f32e&start=2026-09-10T22:00:00+0000&duration=PT1H from server.
Fetching https://www.freeview.co.uk/api/program?sid=39&nid=64403&pid=crid://csi.digitaluk.co.uk/19159d81-d477-462a-97bd-9b9de62352dd&start=2026-09-10T23:00:00+0000&duration=PT1H from server.
### Wanted 23744 
Fetching https://www.freeview.co.uk/api/program?sid=40&nid=64403&pid=crid://csi.digitaluk.co.uk/59d5d1ab-1aff-4867-8c8e-062f21e5a539&start=2026-09-10T00:00:00+0000&duration=PT1H from server.
Fetching https://www.freeview.co.uk/api/program?sid=40&nid=64403&pid=crid://csi.digitaluk.co.uk/b6b6a745-0935-44c7-be2b-04a975cfbb4d&start=2026-09-10T01:00:00+0000&duration=PT1H from server.
Fetching https://www.freeview.co.uk/api/program?sid=40&nid=64403&pid=crid://csi.digitaluk.co.uk/de26b812-6815-4f18-9015-d279eccd7014&start=2026-09-10T02:00:00+0000&duration=PT1H from server.
Fetching https://www.freeview.co.uk/api/program?sid=40&nid=64403&pid=crid://csi.digitaluk.co.uk/c8f627f8-dd34-4915-b2e3-47821a5b1f30&start=2026-09-10T03:00:00+0000&duration=PT30M from server.
Fetching https://www.freeview.co.uk/api/program?sid=40&nid=64403&pid=crid://csi.digitaluk.co.uk/5ab665d0-1f47-4dda-8301-1d907409ee37&start=2026-09-10T03:30:00+0000&duration=PT30M from server.
Fetching https://www.freeview.co.uk/api/program?sid=40&nid=64403&pid=crid://csi.digitaluk.co.uk/8d10945b-a05e-4815-ad38-d2333c8b0699&start=2026-09-10T04:00:00+0000&duration=PT30M from server.
Fetching https://www.freeview.co.uk/api/program?sid=40&nid=64403&pid=crid://csi.digitaluk.co.uk/10035c8a-e679-4e16-8783-f36ff9ce3f6d&start=2026-09-10T04:30:00+0000&duration=PT30M from server.
Fetching https://www.freeview.co.uk/api/program?sid=40&nid=64403&pid=crid://csi.digitaluk.co.uk/2feddd1d-87dc-4967-b09a-0802d07ad8f4&start=2026-09-10T05:00:00+0000&duration=PT30M from server.
Fetching https://www.freeview.co.uk/api/program?sid=40&nid=64403&pid=crid://csi.digitaluk.co.uk/fe10ff9a-c6e5-4c87-b65c-cff7425297a0&start=2026-09-10T05:30:00+0000&duration=PT30M from server.
Fetching https://www.freeview.co.uk/api/program?sid=40&nid=64403&pid=crid://csi.digitaluk.co.uk/ce2cd5d1-3388-4884-9b07-7ac7192ec7e5&start=2026-09-10T06:00:00+0000&duration=PT30M from server.
Fetching https://www.freeview.co.uk/api/program?sid=40&nid=64403&pid=crid://csi.digitaluk.co.uk/c59c55f6-8b22-4cca-8eb1-5bd8c043fea1&start=2026-09-10T06:30:00+0000&duration=PT30M from server.
Fetching https://www.freeview.co.uk/api/program?sid=40&nid=64403&pid=crid://csi.digitaluk.co.uk/5f13edfd-ff70-4a0f-8938-1a176aa96943&start=2026-09-10T07:00:00+0000&duration=PT1H from server.
Fetching https://www.freeview.co.uk/api/program?sid=40&nid=64403&pid=crid://csi.digitaluk.co.uk/87edcc79-2154-4281-a278-f733b920c8f2&start=2026-09-10T08:00:00+0000&duration=PT1H from server.
Fetching https://www.freeview.co.uk/api/program?sid=40&nid=64403&pid=crid://csi.digitaluk.co.uk/af2d5390-587a-49f9-a466-6517de83a502&start=2026-09-10T09:00:00+0000&duration=PT1H from server.
Fetching https://www.freeview.co.uk/api/program?sid=40&nid=64403&pid=crid://csi.digitaluk.co.uk/12077141-0390-4d9f-8b03-b981d0c53dab&start=2026-09-10T10:00:00+0000&duration=PT1H from server.
Fetching https://www.freeview.co.uk/api/program?sid=40&nid=64403&pid=crid://csi.digitaluk.co.uk/42e66e0d-14f1-430b-997f-18e847e68c44&start=2026-09-10T11:00:00+0000&duration=PT1H from server.
Fetching https://www.freeview.co.uk/api/program?sid=40&nid=64403&pid=crid://csi.digitaluk.co.uk/743cb449-3534-440a-9c80-34e1c92abc06&start=2026-09-10T12:00:00+0000&duration=PT1H from server.
Fetching https://www.freeview.co.uk/api/program?sid=40&nid=64403&pid=crid://csi.digitaluk.co.uk/a0b7ca5c-c686-4597-94df-625eff0098fb&start=2026-09-10T13:00:00+0000&duration=PT1H from server.
Fetching https://www.freeview.co.uk/api/program?sid=40&nid=64403&pid=crid://csi.digitaluk.co.uk/45cf64e1-bb4c-4d91-afd2-e70bb3101a5d&start=2026-09-10T14:00:00+0000&duration=PT1H from server.
Fetching https://www.freeview.co.uk/api/program?sid=40&nid=64403&pid=crid://csi.digitaluk.co.uk/177799c9-723d-4ec9-af95-e15605079753&start=2026-09-10T15:00:00+0000&duration=PT1H from server.
Fetching https://www.freeview.co.uk/api/program?sid=40&nid=64403&pid=crid://csi.digitaluk.co.uk/dd0283b7-9344-49a6-906c-f4906a225f16&start=2026-09-10T16:00:00+0000&duration=PT1H from server.
Fetching https://www.freeview.co.uk/api/program?sid=40&nid=64403&pid=crid://csi.digitaluk.co.uk/11fe7d7a-60e4-428b-a097-81c5a289ba70&start=2026-09-10T17:00:00+0000&duration=PT1H from server.
Fetching https://www.freeview.co.uk/api/program?sid=40&nid=64403&pid=crid://csi.digitaluk.co.uk/4c257700-ad5d-4bdb-aa66-0140c768e819&start=2026-09-10T18:00:00+0000&duration=PT1H from server.
Fetching https://www.freeview.co.uk/api/program?sid=40&nid=64403&pid=crid://csi.digitaluk.co.uk/f7fcdf8e-e813-4807-bcbb-0e50699b35fd&start=2026-09-10T19:00:00+0000&duration=PT1H from server.
Fetching https://www.freeview.co.uk/api/program?sid=40&nid=64403&pid=crid://csi.digitaluk.co.uk/e6c2d5f2-fe1a-40dd-8aa3-aeff6eccf64b&start=2026-09-10T20:00:00+0000&duration=PT1H from server.
Fetching https://www.freeview.co.uk/api/program?sid=40&nid=64403&pid=crid://csi.digitaluk.co.uk/eb29bcf5-7b22-480c-89e2-92be9432a695&start=2026-09-10T21:00:00+0000&duration=PT30M from server.
Fetching https://www.freeview.co.uk/api/program?sid=40&nid=64403&pid=crid://csi.digitaluk.co.uk/cc19df70-1906-4dce-a88a-af361048e1fc&start=2026-09-10T21:30:00+0000&duration=PT30M from server.
Fetching https://www.freeview.co.uk/api/program?sid=40&nid=64403&pid=crid://csi.digitaluk.co.uk/d135346c-6866-4261-86dc-caec00744366&start=2026-09-10T22:00:00+0000&duration=PT1H from server.
Fetching https://www.freeview.co.uk/api/program?sid=40&nid=64403&pid=crid://csi.digitaluk.co.uk/e55002f2-3f86-471b-8bec-ba26f69b9b2b&start=2026-09-10T23:00:00+0000&duration=PT1H from server.
## Wanted 23040 
Fetching https://www.freeview.co.uk/api/program?sid=43&nid=64403&pid=crid://csi.digitaluk.co.uk/b71349e8-0f05-45b7-ab59-4e45e600f612&start=2026-09-10T00:00:00+0000&duration=PT30M from server.
Fetching https://www.freeview.co.uk/api/program?sid=43&nid=64403&pid=crid://csi.digitaluk.co.uk/5fb74e57-6897-420b-a05f-18f7d2fbe4a6&start=2026-09-10T00:30:00+0000&duration=PT30M from server.
Fetching https://www.freeview.co.uk/api/program?sid=43&nid=64403&pid=crid://csi.digitaluk.co.uk/1af8bb49-a24a-43cc-a0fb-24e6f8507660&start=2026-09-10T01:00:00+0000&duration=PT30M from server.
Fetching https://www.freeview.co.uk/api/program?sid=43&nid=64403&pid=crid://csi.digitaluk.co.uk/6badd74b-e395-428a-96ed-4f3b48e9be9f&start=2026-09-10T01:30:00+0000&duration=PT30M from server.
Fetching https://www.freeview.co.uk/api/program?sid=43&nid=64403&pid=crid://csi.digitaluk.co.uk/f68d0de5-4cac-4d1e-afea-334a75c821f0&start=2026-09-10T02:00:00+0000&duration=PT30M from server.
Fetching https://www.freeview.co.uk/api/program?sid=43&nid=64403&pid=crid://csi.digitaluk.co.uk/1ed5fb8a-9335-45cf-a761-b9a1c18d50c3&start=2026-09-10T02:30:00+0000&duration=PT30M from server.
Fetching https://www.freeview.co.uk/api/program?sid=43&nid=64403&pid=crid://csi.digitaluk.co.uk/c568564e-bbb5-4d7a-bd85-b6fcb1c7cf20&start=2026-09-10T03:00:00+0000&duration=PT30M from server.
Fetching https://www.freeview.co.uk/api/program?sid=43&nid=64403&pid=crid://csi.digitaluk.co.uk/393b75a9-5e0f-493b-9c28-5b3d22d786b5&start=2026-09-10T03:30:00+0000&duration=PT30M from server.
Fetching https://www.freeview.co.uk/api/program?sid=43&nid=64403&pid=crid://csi.digitaluk.co.uk/c38b30ef-0f50-4526-a584-59c125ce25f7&start=2026-09-10T04:00:00+0000&duration=PT30M from server.
Fetching https://www.freeview.co.uk/api/program?sid=43&nid=64403&pid=crid://csi.digitaluk.co.uk/7615dca3-64fb-4e1c-bd7e-87d55054f425&start=2026-09-10T04:30:00+0000&duration=PT30M from server.
Fetching https://www.freeview.co.uk/api/program?sid=43&nid=64403&pid=crid://csi.digitaluk.co.uk/d1eabd71-ba1a-4708-980f-d3a92c4b3e1a&start=2026-09-10T05:00:00+0000&duration=PT1H from server.
Fetching https://www.freeview.co.uk/api/program?sid=43&nid=64403&pid=crid://csi.digitaluk.co.uk/941c963a-380f-465a-a81c-b7ccef67b9de&start=2026-09-10T06:00:00+0000&duration=PT1H from server.
Fetching https://www.freeview.co.uk/api/program?sid=43&nid=64403&pid=crid://csi.digitaluk.co.uk/01101418-c1d1-44ef-ae2b-0e2dbe430b6a&start=2026-09-10T07:00:00+0000&duration=PT30M from server.
Fetching https://www.freeview.co.uk/api/program?sid=43&nid=64403&pid=crid://csi.digitaluk.co.uk/ee9d9f69-0cea-438f-8ee9-f0981a4733a2&start=2026-09-10T07:30:00+0000&duration=PT30M from server.
Fetching https://www.freeview.co.uk/api/program?sid=43&nid=64403&pid=crid://csi.digitaluk.co.uk/918d21ea-957e-4206-b3b0-2a25b2d81241&start=2026-09-10T08:00:00+0000&duration=PT30M from server.
Fetching https://www.freeview.co.uk/api/program?sid=43&nid=64403&pid=crid://csi.digitaluk.co.uk/aa798ca5-cf68-4342-af06-29930c12c68d&start=2026-09-10T08:30:00+0000&duration=PT30M from server.
Fetching https://www.freeview.co.uk/api/program?sid=43&nid=64403&pid=crid://csi.digitaluk.co.uk/bc2c6929-e2cb-4d26-b061-41edcf4544d0&start=2026-09-10T09:00:00+0000&duration=PT30M from server.
Fetching https://www.freeview.co.uk/api/program?sid=43&nid=64403&pid=crid://csi.digitaluk.co.uk/c40bb51a-f78e-4372-b57a-39509be2ded4&start=2026-09-10T09:30:00+0000&duration=PT30M from server.
Fetching https://www.freeview.co.uk/api/program?sid=43&nid=64403&pid=crid://csi.digitaluk.co.uk/132c76a9-6136-4312-9f96-5acbf699060a&start=2026-09-10T10:00:00+0000&duration=PT1H30M from server.
Fetching https://www.freeview.co.uk/api/program?sid=43&nid=64403&pid=crid://csi.digitaluk.co.uk/bf71041d-c66a-4ae2-91ef-137ee02d65b0&start=2026-09-10T11:30:00+0000&duration=PT30M from server.
Fetching https://www.freeview.co.uk/api/program?sid=43&nid=64403&pid=crid://csi.digitaluk.co.uk/96b490e3-ded1-4812-855e-466361313035&start=2026-09-10T12:00:00+0000&duration=PT1H from server.
Fetching https://www.freeview.co.uk/api/program?sid=43&nid=64403&pid=crid://csi.digitaluk.co.uk/a2a922d2-9dbd-41a0-aa05-3b003b44dd26&start=2026-09-10T13:00:00+0000&duration=PT1H from server.
Fetching https://www.freeview.co.uk/api/program?sid=43&nid=64403&pid=crid://csi.digitaluk.co.uk/cfd837ab-961e-402f-84b8-4d54f570cc16&start=2026-09-10T14:00:00+0000&duration=PT1H from server.
Fetching https://www.freeview.co.uk/api/program?sid=43&nid=64403&pid=crid://csi.digitaluk.co.uk/c0a71a1b-1894-461d-b01e-eafd1d57ab5c&start=2026-09-10T15:00:00+0000&duration=PT30M from server.
Fetching https://www.freeview.co.uk/api/program?sid=43&nid=64403&pid=crid://csi.digitaluk.co.uk/6d2f282a-d28b-4ff8-9990-67bbb8f5f387&start=2026-09-10T15:30:00+0000&duration=PT30M from server.
Fetching https://www.freeview.co.uk/api/program?sid=43&nid=64403&pid=crid://csi.digitaluk.co.uk/5f5483e1-1df8-4773-8bf6-a4f333f056a9&start=2026-09-10T16:00:00+0000&duration=PT30M from server.
Fetching https://www.freeview.co.uk/api/program?sid=43&nid=64403&pid=crid://csi.digitaluk.co.uk/69948b64-8929-4737-b3c7-e2d1301db658&start=2026-09-10T16:30:00+0000&duration=PT30M from server.
Fetching https://www.freeview.co.uk/api/program?sid=43&nid=64403&pid=crid://csi.digitaluk.co.uk/8368bd6e-cac4-47fc-9117-037d7fae4331&start=2026-09-10T17:00:00+0000&duration=PT1H from server.
Fetching https://www.freeview.co.uk/api/program?sid=43&nid=64403&pid=crid://csi.digitaluk.co.uk/ff068a21-81e7-4bd8-8977-c6e937f0bc5f&start=2026-09-10T18:00:00+0000&duration=PT1H30M from server.
Fetching https://www.freeview.co.uk/api/program?sid=43&nid=64403&pid=crid://csi.digitaluk.co.uk/c1638854-acdc-4850-9221-1e6f085c0808&start=2026-09-10T19:30:00+0000&duration=PT30M from server.
Fetching https://www.freeview.co.uk/api/program?sid=43&nid=64403&pid=crid://csi.digitaluk.co.uk/e4292874-e4e8-455b-a9dd-1ff948e37a53&start=2026-09-10T20:00:00+0000&duration=PT1H from server.
Fetching https://www.freeview.co.uk/api/program?sid=43&nid=64403&pid=crid://csi.digitaluk.co.uk/21e19961-a939-45bc-b84c-d036451fda01&start=2026-09-10T21:00:00+0000&duration=PT30M from server.
Fetching https://www.freeview.co.uk/api/program?sid=43&nid=64403&pid=crid://csi.digitaluk.co.uk/ff110636-03de-447b-b1c3-a2da79bd3161&start=2026-09-10T21:30:00+0000&duration=PT30M from server.
Fetching https://www.freeview.co.uk/api/program?sid=43&nid=64403&pid=crid://csi.digitaluk.co.uk/117bb3bc-41ea-4b24-b62f-8254ac28d750&start=2026-09-10T22:00:00+0000&duration=PT30M from server.
Fetching https://www.freeview.co.uk/api/program?sid=43&nid=64403&pid=crid://csi.digitaluk.co.uk/8698c39f-14b7-4de7-9448-cb6dc4fd544f&start=2026-09-10T22:30:00+0000&duration=PT30M from server.
Fetching https://www.freeview.co.uk/api/program?sid=43&nid=64403&pid=crid://csi.digitaluk.co.uk/4d4feb0e-1e69-40b9-9b75-208a5eb2d865&start=2026-09-10T23:00:00+0000&duration=PT30M from server.
Fetching https://www.freeview.co.uk/api/program?sid=43&nid=64403&pid=crid://csi.digitaluk.co.uk/55a0582f-c9e1-4fcf-becd-99b9053ff856&start=2026-09-10T23:30:00+0000&duration=PT30M from server.
### Wanted 23712 
Fetching https://www.freeview.co.uk/api/program?sid=44&nid=64403&pid=crid://csi.digitaluk.co.uk/d7477f51-48e0-4a4c-ac17-96389886483a&start=2026-09-10T00:00:00+0000&duration=PT1H from server.
Fetching https://www.freeview.co.uk/api/program?sid=44&nid=64403&pid=crid://csi.digitaluk.co.uk/1d7120f3-3966-4c03-a636-3234235ec206&start=2026-09-10T01:00:00+0000&duration=PT2H from server.
Fetching https://www.freeview.co.uk/api/program?sid=44&nid=64403&pid=crid://csi.digitaluk.co.uk/a94a0d0f-d88f-490c-8603-2cbd089d52a0&start=2026-09-10T03:00:00+0000&duration=PT1H from server.
Fetching https://www.freeview.co.uk/api/program?sid=44&nid=64403&pid=crid://csi.digitaluk.co.uk/ddd13de4-b5d7-4afa-a007-3bd237658ef3&start=2026-09-10T04:00:00+0000&duration=PT1H from server.
Fetching https://www.freeview.co.uk/api/program?sid=44&nid=64403&pid=crid://csi.digitaluk.co.uk/85444cc2-a7cc-4ad8-ad46-18cced4922d2&start=2026-09-10T05:00:00+0000&duration=PT1H from server.
Fetching https://www.freeview.co.uk/api/program?sid=44&nid=64403&pid=crid://csi.digitaluk.co.uk/1379ebd7-8f4a-438c-be6c-2e80f983d466&start=2026-09-10T06:00:00+0000&duration=PT1H from server.
Fetching https://www.freeview.co.uk/api/program?sid=44&nid=64403&pid=crid://csi.digitaluk.co.uk/42276ee7-30d6-407c-9acf-2f27ac8e1d18&start=2026-09-10T07:00:00+0000&duration=PT1H from server.
Fetching https://www.freeview.co.uk/api/program?sid=44&nid=64403&pid=crid://csi.digitaluk.co.uk/f236d67a-f2c2-4ae6-a223-263aabd0832e&start=2026-09-10T08:00:00+0000&duration=PT1H from server.
Fetching https://www.freeview.co.uk/api/program?sid=44&nid=64403&pid=crid://csi.digitaluk.co.uk/20afe25c-c053-489b-be61-68d0559b362b&start=2026-09-10T09:00:00+0000&duration=PT1H from server.
Fetching https://www.freeview.co.uk/api/program?sid=44&nid=64403&pid=crid://csi.digitaluk.co.uk/a6b28320-a508-41ce-a702-3ddcd24fe938&start=2026-09-10T10:00:00+0000&duration=PT1H from server.
Fetching https://www.freeview.co.uk/api/program?sid=44&nid=64403&pid=crid://csi.digitaluk.co.uk/8ad5bbdf-3c14-4fa9-b602-a904b0a9236a&start=2026-09-10T11:00:00+0000&duration=PT1H from server.
Fetching https://www.freeview.co.uk/api/program?sid=44&nid=64403&pid=crid://csi.digitaluk.co.uk/fcd6dda6-40a2-4cf7-aaa4-fa8bbba155d6&start=2026-09-10T12:00:00+0000&duration=PT1H from server.
Fetching https://www.freeview.co.uk/api/program?sid=44&nid=64403&pid=crid://csi.digitaluk.co.uk/6f2d719e-fcaa-46f5-b37a-4a596e342731&start=2026-09-10T13:00:00+0000&duration=PT1H from server.
Fetching https://www.freeview.co.uk/api/program?sid=44&nid=64403&pid=crid://csi.digitaluk.co.uk/4af5c816-2d65-468d-93df-138ba1d2445c&start=2026-09-10T14:00:00+0000&duration=PT1H from server.
Fetching https://www.freeview.co.uk/api/program?sid=44&nid=64403&pid=crid://csi.digitaluk.co.uk/b4257c30-cc06-46a6-aa26-462c7777c5bc&start=2026-09-10T15:00:00+0000&duration=PT1H from server.
Fetching https://www.freeview.co.uk/api/program?sid=44&nid=64403&pid=crid://csi.digitaluk.co.uk/2bb1523f-4fdb-4c41-902a-e6392f0c15a5&start=2026-09-10T16:00:00+0000&duration=PT1H from server.
Fetching https://www.freeview.co.uk/api/program?sid=44&nid=64403&pid=crid://csi.digitaluk.co.uk/e8e89531-601f-444e-b4a9-456816993d86&start=2026-09-10T17:00:00+0000&duration=PT1H from server.
Fetching https://www.freeview.co.uk/api/program?sid=44&nid=64403&pid=crid://csi.digitaluk.co.uk/976738de-3ee9-4019-8723-66ff0960a1fd&start=2026-09-10T18:00:00+0000&duration=PT1H from server.
Fetching https://www.freeview.co.uk/api/program?sid=44&nid=64403&pid=crid://csi.digitaluk.co.uk/3fc5a91f-3f7e-41f6-b142-ccd88a39fa71&start=2026-09-10T19:00:00+0000&duration=PT1H from server.
Fetching https://www.freeview.co.uk/api/program?sid=44&nid=64403&pid=crid://csi.digitaluk.co.uk/aa770adf-1cb8-4c52-88df-efba8973e6c9&start=2026-09-10T20:00:00+0000&duration=PT1H from server.
Fetching https://www.freeview.co.uk/api/program?sid=44&nid=64403&pid=crid://csi.digitaluk.co.uk/0ef04487-4cb4-4aae-ba10-22f97067f949&start=2026-09-10T21:00:00+0000&duration=PT1H from server.
Fetching https://www.freeview.co.uk/api/program?sid=44&nid=64403&pid=crid://csi.digitaluk.co.uk/14d7571d-4dcc-4e2f-a7ba-97cdabcc79e6&start=2026-09-10T22:00:00+0000&duration=PT1H from server.
Fetching https://www.freeview.co.uk/api/program?sid=44&nid=64403&pid=crid://csi.digitaluk.co.uk/4a178450-8cbf-4a94-b61e-c02ad9e3063e&start=2026-09-10T23:00:00+0000&duration=PT1H from server.
## Wanted 20256 
Fetching https://www.freeview.co.uk/api/program?sid=46&nid=64403&pid=crid://csi.digitaluk.co.uk/5e6c5d6f-2a65-4f0a-b3e7-053dde815f7f&start=2026-09-10T00:10:00+0000&duration=PT1H from server.
Fetching https://www.freeview.co.uk/api/program?sid=46&nid=64403&pid=crid://csi.digitaluk.co.uk/601b15b2-88e1-400d-b503-c3aceb37f6f8&start=2026-09-10T01:10:00+0000&duration=PT1H from server.
Fetching https://www.freeview.co.uk/api/program?sid=46&nid=64403&pid=crid://csi.digitaluk.co.uk/b31db594-7285-4aaf-a974-d080465b0d61&start=2026-09-10T02:10:00+0000&duration=PT50M from server.
Fetching https://www.freeview.co.uk/api/program?sid=46&nid=64403&pid=crid://panorama.five.tv/versions/C5266540001A&start=2026-09-10T03:00:00+0000&duration=PT2H from server.
Fetching https://www.freeview.co.uk/api/program?sid=46&nid=64403&pid=crid://panorama.five.tv/versions/C5480340001A&start=2026-09-10T05:00:00+0000&duration=PT30M from server.
Fetching https://www.freeview.co.uk/api/program?sid=46&nid=64403&pid=crid://panorama.five.tv/versions/C5326820001A&start=2026-09-10T05:30:00+0000&duration=PT30M from server.
Fetching https://www.freeview.co.uk/api/program?sid=46&nid=64403&pid=crid://panorama.five.tv/versions/C5349600001A&start=2026-09-10T06:00:00+0000&duration=PT1H from server.
Fetching https://www.freeview.co.uk/api/program?sid=46&nid=64403&pid=crid://panorama.five.tv/versions/C5349600001A&start=2026-09-10T07:00:00+0000&duration=PT1H from server.
Fetching https://www.freeview.co.uk/api/program?sid=46&nid=64403&pid=crid://csi.digitaluk.co.uk/35d491ff-d290-46f3-9edb-f8f04eb4a300&start=2026-09-10T08:00:00+0000&duration=PT1H from server.
Fetching https://www.freeview.co.uk/api/program?sid=46&nid=64403&pid=crid://panorama.five.tv/versions/C5491410006A&start=2026-09-10T09:00:00+0000&duration=PT1H from server.
Fetching https://www.freeview.co.uk/api/program?sid=46&nid=64403&pid=crid://panorama.five.tv/versions/C5491410007A&start=2026-09-10T10:00:00+0000&duration=PT1H from server.
Fetching https://www.freeview.co.uk/api/program?sid=46&nid=64403&pid=crid://csi.digitaluk.co.uk/ac6746a6-33e9-4d9e-b61e-9fc51d4f954f&start=2026-09-10T11:00:00+0000&duration=PT1H from server.
Fetching https://www.freeview.co.uk/api/program?sid=46&nid=64403&pid=crid://panorama.five.tv/versions/C5348700001B&start=2026-09-10T12:00:00+0000&duration=PT1H from server.
Fetching https://www.freeview.co.uk/api/program?sid=46&nid=64403&pid=crid://panorama.five.tv/versions/C5348700002B&start=2026-09-10T13:00:00+0000&duration=PT1H from server.
Fetching https://www.freeview.co.uk/api/program?sid=46&nid=64403&pid=crid://csi.digitaluk.co.uk/66ce84de-3476-4855-8842-a6d2308a4669&start=2026-09-10T14:00:00+0000&duration=PT2H from server.
Fetching https://www.freeview.co.uk/api/program?sid=46&nid=64403&pid=crid://csi.digitaluk.co.uk/b0837fda-00d7-4545-b463-e0600822a011&start=2026-09-10T16:00:00+0000&duration=PT1H from server.
Fetching https://www.freeview.co.uk/api/program?sid=46&nid=64403&pid=crid://csi.digitaluk.co.uk/c1c8c5d7-e66c-48ae-a77c-9ad4bfeae4c7&start=2026-09-10T17:00:00+0000&duration=PT1H from server.
Fetching https://www.freeview.co.uk/api/program?sid=46&nid=64403&pid=crid://csi.digitaluk.co.uk/203c9891-b220-44eb-9fee-7dc31b7080c0&start=2026-09-10T18:00:00+0000&duration=PT1H from server.
Fetching https://www.freeview.co.uk/api/program?sid=46&nid=64403&pid=crid://csi.digitaluk.co.uk/0007924e-531b-43c2-8877-811833fd146d&start=2026-09-10T19:00:00+0000&duration=PT1H from server.
Fetching https://www.freeview.co.uk/api/program?sid=46&nid=64403&pid=crid://csi.digitaluk.co.uk/0d19cf5f-07f2-4d2b-9d17-7f62c95356e5&start=2026-09-10T20:00:00+0000&duration=PT1H30M from server.
Fetching https://www.freeview.co.uk/api/program?sid=46&nid=64403&pid=crid://csi.digitaluk.co.uk/1decaf7f-b31c-4ad4-9f92-ef51e859f942&start=2026-09-10T21:30:00+0000&duration=PT30M from server.
Fetching https://www.freeview.co.uk/api/program?sid=46&nid=64403&pid=crid://csi.digitaluk.co.uk/bf2f9846-7920-4436-bec2-6a99a47fcd40&start=2026-09-10T22:00:00+0000&duration=PT1H from server.
Fetching https://www.freeview.co.uk/api/program?sid=46&nid=64403&pid=crid://csi.digitaluk.co.uk/8779359d-8803-4a38-a54e-3e9f9617e697&start=2026-09-10T23:00:00+0000&duration=PT1H5M from server.
### Wanted 8460 
Fetching https://www.freeview.co.uk/api/program?sid=49&nid=64403&pid=crid://movida.bebanjo.net/mas/version/78222/004/ASDELIVERED/C&start=2026-09-10T00:20:00+0000&duration=PT1H from server.
Fetching https://www.freeview.co.uk/api/program?sid=49&nid=64403&pid=crid://csi.digitaluk.co.uk/63eeae05-5c9a-49db-8e39-2c83a83365bc&start=2026-09-10T01:20:00+0000&duration=PT1H5M from server.
Fetching https://www.freeview.co.uk/api/program?sid=49&nid=64403&pid=crid://csi.digitaluk.co.uk/188f414f-81f4-409d-a5d4-3d3abbce34a7&start=2026-09-10T02:25:00+0000&duration=PT55M from server.
Fetching https://www.freeview.co.uk/api/program?sid=49&nid=64403&pid=crid://csi.digitaluk.co.uk/92c2a4b7-a0d1-44ba-a973-bccaaf31eade&start=2026-09-10T03:20:00+0000&duration=PT25M from server.
Fetching https://www.freeview.co.uk/api/program?sid=49&nid=64403&pid=crid://csi.digitaluk.co.uk/62d0c8ba-4942-4aa8-940f-2105034af81f&start=2026-09-10T03:45:00+0000&duration=PT2H15M from server.
Fetching https://www.freeview.co.uk/api/program?sid=49&nid=64403&pid=crid://csi.digitaluk.co.uk/9d8b9ec2-31d8-4a14-95e3-28442a1316ba&start=2026-09-10T06:00:00+0000&duration=PT2H from server.
Fetching https://www.freeview.co.uk/api/program?sid=49&nid=64403&pid=crid://csi.digitaluk.co.uk/b6d96f2a-c6ae-44d5-a039-e13896351b0a&start=2026-09-10T08:00:00+0000&duration=PT1H from server.
Fetching https://www.freeview.co.uk/api/program?sid=49&nid=64403&pid=crid://csi.digitaluk.co.uk/a5add052-6e2e-465f-8d99-59d859714092&start=2026-09-10T09:00:00+0000&duration=PT1H from server.
Fetching https://www.freeview.co.uk/api/program?sid=49&nid=64403&pid=crid://movida.bebanjo.net/mas/version/77004/003/ASDELIVERED/C&start=2026-09-10T10:00:00+0000&duration=PT1H from server.
Fetching https://www.freeview.co.uk/api/program?sid=49&nid=64403&pid=crid://csi.digitaluk.co.uk/6306b99f-3e85-4c90-bc5c-f9c9ac5ac7ec&start=2026-09-10T11:00:00+0000&duration=PT1H from server.
Fetching https://www.freeview.co.uk/api/program?sid=49&nid=64403&pid=crid://csi.digitaluk.co.uk/19b5a895-e1b1-40e4-a41f-1fc97705d8f7&start=2026-09-10T12:00:00+0000&duration=PT1H from server.
Fetching https://www.freeview.co.uk/api/program?sid=49&nid=64403&pid=crid://csi.digitaluk.co.uk/541ccf19-5f48-4629-8b5c-20e4cc12a00e&start=2026-09-10T13:00:00+0000&duration=PT1H from server.
Fetching https://www.freeview.co.uk/api/program?sid=49&nid=64403&pid=crid://csi.digitaluk.co.uk/78f20f1e-c742-474c-ba02-d81296a5a6b4&start=2026-09-10T14:00:00+0000&duration=PT30M from server.
Fetching https://www.freeview.co.uk/api/program?sid=49&nid=64403&pid=crid://csi.digitaluk.co.uk/895b7641-6ed5-4293-ab74-5264f74ab7fa&start=2026-09-10T14:30:00+0000&duration=PT30M from server.
Fetching https://www.freeview.co.uk/api/program?sid=49&nid=64403&pid=crid://csi.digitaluk.co.uk/248119dc-ef0d-4293-83fd-abd9c630684c&start=2026-09-10T15:00:00+0000&duration=PT30M from server.
Fetching https://www.freeview.co.uk/api/program?sid=49&nid=64403&pid=crid://csi.digitaluk.co.uk/fe1a4c79-0d72-425d-a4ec-cef056d40fdc&start=2026-09-10T15:30:00+0000&duration=PT30M from server.
Fetching https://www.freeview.co.uk/api/program?sid=49&nid=64403&pid=crid://csi.digitaluk.co.uk/99db9079-7bb6-400e-b24f-012e3d9dc33d&start=2026-09-10T16:00:00+0000&duration=PT30M from server.
Fetching https://www.freeview.co.uk/api/program?sid=49&nid=64403&pid=crid://csi.digitaluk.co.uk/b3a024c0-d2ad-4f01-9e97-5c2859d7d8d0&start=2026-09-10T16:30:00+0000&duration=PT30M from server.
Fetching https://www.freeview.co.uk/api/program?sid=49&nid=64403&pid=crid://csi.digitaluk.co.uk/473d91e9-5cce-4935-bcbc-9a95fb2b55e1&start=2026-09-10T17:00:00+0000&duration=PT1H from server.
Fetching https://www.freeview.co.uk/api/program?sid=49&nid=64403&pid=crid://csi.digitaluk.co.uk/354ed81e-396e-454e-9f2f-f49538862635&start=2026-09-10T18:00:00+0000&duration=PT1H from server.
Fetching https://www.freeview.co.uk/api/program?sid=49&nid=64403&pid=crid://csi.digitaluk.co.uk/2cc53a41-1712-4efe-adf4-c2be690f1ca8&start=2026-09-10T19:00:00+0000&duration=PT1H from server.
Fetching https://www.freeview.co.uk/api/program?sid=49&nid=64403&pid=crid://movida.bebanjo.net/mas/version/77937/005/ASDELIVERED/C&start=2026-09-10T20:00:00+0000&duration=PT1H from server.
Fetching https://www.freeview.co.uk/api/program?sid=49&nid=64403&pid=crid://csi.digitaluk.co.uk/c8058d94-5ec4-4bc5-b4da-692583678aa4&start=2026-09-10T21:00:00+0000&duration=PT1H from server.
Fetching https://www.freeview.co.uk/api/program?sid=49&nid=64403&pid=crid://csi.digitaluk.co.uk/6a4f108c-f6a6-4796-b8a6-eb80f40a28ee&start=2026-09-10T22:00:00+0000&duration=PT1H from server.
Fetching https://www.freeview.co.uk/api/program?sid=49&nid=64403&pid=crid://movida.bebanjo.net/mas/version/74225/001/POSTWATERSHED2100/C&start=2026-09-10T23:00:00+0000&duration=PT2H15M from server.
## Wanted 14384 
Fetching https://www.freeview.co.uk/api/program?sid=64&nid=64403&pid=crid://csi.digitaluk.co.uk/88594dfa-fe67-48a1-95df-9e6fb294af0c&start=2026-09-10T00:00:00+0000&duration=PT30M from server.
Fetching https://www.freeview.co.uk/api/program?sid=64&nid=64403&pid=crid://csi.digitaluk.co.uk/76aee3cb-33c4-4214-9b17-45f76aa1534d&start=2026-09-10T00:30:00+0000&duration=PT30M from server.
Fetching https://www.freeview.co.uk/api/program?sid=64&nid=64403&pid=crid://csi.digitaluk.co.uk/ffe133fd-9753-4aad-9eac-7b367555b61d&start=2026-09-10T01:00:00+0000&duration=PT1H from server.
Fetching https://www.freeview.co.uk/api/program?sid=64&nid=64403&pid=crid://csi.digitaluk.co.uk/cda2b40c-40d3-498f-b976-442cea4df648&start=2026-09-10T02:00:00+0000&duration=PT45M from server.
Fetching https://www.freeview.co.uk/api/program?sid=64&nid=64403&pid=crid://csi.digitaluk.co.uk/6f638a29-7dbc-41a1-a77c-3a0ae79a8782&start=2026-09-10T02:45:00+0000&duration=PT25M from server.
Fetching https://www.freeview.co.uk/api/program?sid=64&nid=64403&pid=crid://csi.digitaluk.co.uk/afd1a750-29a9-4c1a-ab66-0a9b6eb551d0&start=2026-09-10T03:10:00+0000&duration=PT25M from server.
Fetching https://www.freeview.co.uk/api/program?sid=64&nid=64403&pid=crid://csi.digitaluk.co.uk/2eff2303-c9f1-47fa-8069-5e2ce183d84a&start=2026-09-10T03:35:00+0000&duration=PT25M from server.
Fetching https://www.freeview.co.uk/api/program?sid=64&nid=64403&pid=crid://csi.digitaluk.co.uk/8926123b-1771-4c79-901f-229c03611210&start=2026-09-10T04:00:00+0000&duration=PT1H from server.
Fetching https://www.freeview.co.uk/api/program?sid=64&nid=64403&pid=crid://csi.digitaluk.co.uk/53eca596-cfb1-45a3-ad76-261d3ccf8ca1&start=2026-09-10T05:00:00+0000&duration=PT45M from server.
Fetching https://www.freeview.co.uk/api/program?sid=64&nid=64403&pid=crid://csi.digitaluk.co.uk/7322ce2b-e2d7-42c4-b797-52fe2d48617f&start=2026-09-10T05:45:00+0000&duration=PT25M from server.
Fetching https://www.freeview.co.uk/api/program?sid=64&nid=64403&pid=crid://csi.digitaluk.co.uk/d4cf555f-f6e8-42d7-a5ca-13209c056059&start=2026-09-10T06:10:00+0000&duration=PT20M from server.
Fetching https://www.freeview.co.uk/api/program?sid=64&nid=64403&pid=crid://csi.digitaluk.co.uk/1c3b1189-bab6-4146-913a-d92ffd197fcd&start=2026-09-10T06:30:00+0000&duration=PT30M from server.
Fetching https://www.freeview.co.uk/api/program?sid=64&nid=64403&pid=crid://csi.digitaluk.co.uk/b0e5f4a3-b78b-4285-b98d-3dfeb29fbc55&start=2026-09-10T07:00:00+0000&duration=PT25M from server.
Fetching https://www.freeview.co.uk/api/program?sid=64&nid=64403&pid=crid://csi.digitaluk.co.uk/553813bf-9149-412f-9541-a66d253fb808&start=2026-09-10T07:25:00+0000&duration=PT30M from server.
Fetching https://www.freeview.co.uk/api/program?sid=64&nid=64403&pid=crid://csi.digitaluk.co.uk/dffbab3e-7f7f-4ef0-ac49-cdabf0b57ee5&start=2026-09-10T07:55:00+0000&duration=PT25M from server.
Fetching https://www.freeview.co.uk/api/program?sid=64&nid=64403&pid=crid://csi.digitaluk.co.uk/9c1761bd-a9a8-47be-952f-9f89b0664967&start=2026-09-10T08:20:00+0000&duration=PT25M from server.
Fetching https://www.freeview.co.uk/api/program?sid=64&nid=64403&pid=crid://csi.digitaluk.co.uk/e68448d3-8e4a-433d-9753-6415a1dbc5cd&start=2026-09-10T08:45:00+0000&duration=PT30M from server.
Fetching https://www.freeview.co.uk/api/program?sid=64&nid=64403&pid=crid://csi.digitaluk.co.uk/b83968fc-f857-4907-bf7b-27ccbe12f902&start=2026-09-10T09:15:00+0000&duration=PT25M from server.
Fetching https://www.freeview.co.uk/api/program?sid=64&nid=64403&pid=crid://csi.digitaluk.co.uk/0eb2970c-4ba1-46a2-b2a9-d8dcd72d543c&start=2026-09-10T09:40:00+0000&duration=PT30M from server.
Fetching https://www.freeview.co.uk/api/program?sid=64&nid=64403&pid=crid://csi.digitaluk.co.uk/d93e2088-53b4-4135-89c7-3ae5ef422c61&start=2026-09-10T10:10:00+0000&duration=PT30M from server.
Fetching https://www.freeview.co.uk/api/program?sid=64&nid=64403&pid=crid://csi.digitaluk.co.uk/0adf8998-871a-4c91-8609-d97d5f0352d0&start=2026-09-10T10:40:00+0000&duration=PT30M from server.
Fetching https://www.freeview.co.uk/api/program?sid=64&nid=64403&pid=crid://csi.digitaluk.co.uk/a2da6943-cc9d-4fe9-8cba-85b3bbc8baab&start=2026-09-10T11:10:00+0000&duration=PT25M from server.
Fetching https://www.freeview.co.uk/api/program?sid=64&nid=64403&pid=crid://csi.digitaluk.co.uk/eaa61566-5885-460f-927b-35647005f35f&start=2026-09-10T11:35:00+0000&duration=PT30M from server.
Fetching https://www.freeview.co.uk/api/program?sid=64&nid=64403&pid=crid://csi.digitaluk.co.uk/2413e89e-f256-4829-b068-fd03e79885c4&start=2026-09-10T12:05:00+0000&duration=PT30M from server.
Fetching https://www.freeview.co.uk/api/program?sid=64&nid=64403&pid=crid://csi.digitaluk.co.uk/647fbbef-a5b2-476c-be50-b5e8e0809d12&start=2026-09-10T12:35:00+0000&duration=PT30M from server.
Fetching https://www.freeview.co.uk/api/program?sid=64&nid=64403&pid=crid://csi.digitaluk.co.uk/6d5de410-fdbe-4a94-9cd3-4a716dea0998&start=2026-09-10T13:05:00+0000&duration=PT30M from server.
Fetching https://www.freeview.co.uk/api/program?sid=64&nid=64403&pid=crid://csi.digitaluk.co.uk/f9538e66-c361-4269-9e9e-e81ffa48433a&start=2026-09-10T13:35:00+0000&duration=PT30M from server.
Fetching https://www.freeview.co.uk/api/program?sid=64&nid=64403&pid=crid://csi.digitaluk.co.uk/774ab84d-880d-47b4-9445-521df7f167b6&start=2026-09-10T14:05:00+0000&duration=PT1H from server.
Fetching https://www.freeview.co.uk/api/program?sid=64&nid=64403&pid=crid://csi.digitaluk.co.uk/a91e44b0-c750-4f90-9f91-df15f83dee15&start=2026-09-10T15:05:00+0000&duration=PT55M from server.
Fetching https://www.freeview.co.uk/api/program?sid=64&nid=64403&pid=crid://csi.digitaluk.co.uk/a5eee6b5-a94d-4325-8803-71aab9e17588&start=2026-09-10T16:00:00+0000&duration=PT30M from server.
Fetching https://www.freeview.co.uk/api/program?sid=64&nid=64403&pid=crid://csi.digitaluk.co.uk/790bf660-3d49-45b2-90da-32fa94b86d82&start=2026-09-10T16:30:00+0000&duration=PT30M from server.
Fetching https://www.freeview.co.uk/api/program?sid=64&nid=64403&pid=crid://csi.digitaluk.co.uk/28d232a4-dc7e-40f5-81b9-671e3a90ed9c&start=2026-09-10T17:00:00+0000&duration=PT1H from server.
Fetching https://www.freeview.co.uk/api/program?sid=64&nid=64403&pid=crid://csi.digitaluk.co.uk/9b559576-efcb-480a-8dd7-51ddc34b5881&start=2026-09-10T18:00:00+0000&duration=PT1H from server.
Fetching https://www.freeview.co.uk/api/program?sid=64&nid=64403&pid=crid://csi.digitaluk.co.uk/ddbbb544-3b6e-48aa-8923-7a9396c8d085&start=2026-09-10T19:00:00+0000&duration=PT1H from server.
Fetching https://www.freeview.co.uk/api/program?sid=64&nid=64403&pid=crid://csi.digitaluk.co.uk/e9992144-af44-41f4-8d9c-3041b2b94bbe&start=2026-09-10T20:00:00+0000&duration=PT1H from server.
Fetching https://www.freeview.co.uk/api/program?sid=64&nid=64403&pid=crid://csi.digitaluk.co.uk/5775cdc2-f648-46b7-84ed-dd00a4bd498f&start=2026-09-10T21:00:00+0000&duration=PT1H from server.
Fetching https://www.freeview.co.uk/api/program?sid=64&nid=64403&pid=crid://csi.digitaluk.co.uk/0c9aed2b-6ab2-405e-be24-9b86ae69764a&start=2026-09-10T22:00:00+0000&duration=PT1H from server.
Fetching https://www.freeview.co.uk/api/program?sid=64&nid=64403&pid=crid://csi.digitaluk.co.uk/9c21719c-0cb7-4d18-a7f2-9cbe7ab9738a&start=2026-09-10T23:00:00+0000&duration=PT1H from server.
### Wanted 17856 
Fetching https://www.freeview.co.uk/api/program?sid=103&nid=64403&pid=crid://csi.digitaluk.co.uk/c5095853-b2b3-4be4-bf31-ab6cd0fc2a62&start=2026-09-10T02:00:00+0000&duration=PT25M from server.
Fetching https://www.freeview.co.uk/api/program?sid=103&nid=64403&pid=crid://csi.digitaluk.co.uk/dc163a56-7523-4912-b725-1e513bf739d3&start=2026-09-10T02:25:00+0000&duration=PT25M from server.
Fetching https://www.freeview.co.uk/api/program?sid=103&nid=64403&pid=crid://csi.digitaluk.co.uk/b04a805c-4e0f-459d-8af2-f9b05eaff7dd&start=2026-09-10T02:50:00+0000&duration=PT1H15M from server.
Fetching https://www.freeview.co.uk/api/program?sid=103&nid=64403&pid=crid://csi.digitaluk.co.uk/cdc39bc7-2b1a-4baf-81d0-971eb3c50ab7&start=2026-09-10T04:05:00+0000&duration=PT55M from server.
Fetching https://www.freeview.co.uk/api/program?sid=103&nid=64403&pid=crid://csi.digitaluk.co.uk/dfcbe091-0d11-4991-a4ec-a2c2b6b6918a&start=2026-09-10T05:00:00+0000&duration=PT3H30M from server.
Fetching https://www.freeview.co.uk/api/program?sid=103&nid=64403&pid=crid://csi.digitaluk.co.uk/0a048d7a-f12a-4fd3-9eb5-df59b1d1d64c&start=2026-09-10T08:30:00+0000&duration=PT30M from server.
Fetching https://www.freeview.co.uk/api/program?sid=103&nid=64403&pid=crid://csi.digitaluk.co.uk/dc13cf96-9bba-42d2-80be-ad943817d37f&start=2026-09-10T09:00:00+0000&duration=PT2H30M from server.
Fetching https://www.freeview.co.uk/api/program?sid=103&nid=64403&pid=crid://csi.digitaluk.co.uk/393d0be1-0b88-45a3-b756-d2349aedba8e&start=2026-09-10T11:30:00+0000&duration=PT20M from server.
Fetching https://www.freeview.co.uk/api/program?sid=103&nid=64403&pid=crid://csi.digitaluk.co.uk/35c17f96-18ae-4654-bb0f-7dc0e4700ace&start=2026-09-10T11:50:00+0000&duration=PT10M from server.
Fetching https://www.freeview.co.uk/api/program?sid=103&nid=64403&pid=crid://csi.digitaluk.co.uk/696af39c-06ea-4f6d-885f-ba9d184efcc4&start=2026-09-10T12:00:00+0000&duration=PT3H from server.
Fetching https://www.freeview.co.uk/api/program?sid=103&nid=64403&pid=crid://csi.digitaluk.co.uk/888009ab-d5c6-41a0-adc7-034fca12f1c9&start=2026-09-10T15:00:00+0000&duration=PT1H from server.
Fetching https://www.freeview.co.uk/api/program?sid=103&nid=64403&pid=crid://csi.digitaluk.co.uk/404d5e50-5d56-4b37-b7eb-60fd70cd374a&start=2026-09-10T16:00:00+0000&duration=PT1H from server.
Fetching https://www.freeview.co.uk/api/program?sid=103&nid=64403&pid=crid://csi.digitaluk.co.uk/7968242e-d28d-445b-af64-4274f3d15547&start=2026-09-10T17:00:00+0000&duration=PT30M from server.
Fetching https://www.freeview.co.uk/api/program?sid=103&nid=64403&pid=crid://csi.digitaluk.co.uk/3cc9971d-8620-494f-bbc4-4fbbadfbd95b&start=2026-09-10T17:30:00+0000&duration=PT1H from server.
Fetching https://www.freeview.co.uk/api/program?sid=103&nid=64403&pid=crid://www.stv.tv/programInformation/233849&start=2026-09-10T18:30:00+0000&duration=PT30M from server.
Fetching https://www.freeview.co.uk/api/program?sid=103&nid=64403&pid=crid://www.stv.tv/programInformation/233806&start=2026-09-10T19:00:00+0000&duration=PT30M from server.
Fetching https://www.freeview.co.uk/api/program?sid=103&nid=64403&pid=crid://csi.digitaluk.co.uk/f50c4040-ae93-4a8e-9ab7-06770989421b&start=2026-09-10T19:30:00+0000&duration=PT30M from server.
Fetching https://www.freeview.co.uk/api/program?sid=103&nid=64403&pid=crid://csi.digitaluk.co.uk/d09bcaa6-9ab3-4e18-ae98-2a9efede823b&start=2026-09-10T20:00:00+0000&duration=PT1H from server.
Fetching https://www.freeview.co.uk/api/program?sid=103&nid=64403&pid=crid://csi.digitaluk.co.uk/c1b1dc9b-4838-42be-a115-12a20d30eeea&start=2026-09-10T21:00:00+0000&duration=PT30M from server.
Fetching https://www.freeview.co.uk/api/program?sid=103&nid=64403&pid=crid://csi.digitaluk.co.uk/23c503bf-4171-4b9b-ae85-5fb0828b9386&start=2026-09-10T21:30:00+0000&duration=PT15M from server.
Fetching https://www.freeview.co.uk/api/program?sid=103&nid=64403&pid=crid://csi.digitaluk.co.uk/ad988771-5239-4348-974a-64556a56ed84&start=2026-09-10T21:45:00+0000&duration=PT2H20M from server.
## Wanted 22080 
Fetching https://www.freeview.co.uk/api/program?sid=233&nid=64403&pid=crid://csi.digitaluk.co.uk/7a687f47-72c5-4e67-bb6e-c6fa249c0229&start=2026-09-10T00:00:00+0000&duration=PT1H from server.
Fetching https://www.freeview.co.uk/api/program?sid=233&nid=64403&pid=crid://csi.digitaluk.co.uk/1dbb23af-296b-4e0d-8cab-f5a229587166&start=2026-09-10T01:00:00+0000&duration=PT1H from server.
Fetching https://www.freeview.co.uk/api/program?sid=233&nid=64403&pid=crid://csi.digitaluk.co.uk/173a5b17-45cf-4c34-b7a0-4a99c68a1225&start=2026-09-10T02:00:00+0000&duration=PT1H from server.
Fetching https://www.freeview.co.uk/api/program?sid=233&nid=64403&pid=crid://csi.digitaluk.co.uk/cf56d904-4e53-41c1-ad7e-ad26c59c3cc2&start=2026-09-10T03:00:00+0000&duration=PT1H from server.
Fetching https://www.freeview.co.uk/api/program?sid=233&nid=64403&pid=crid://csi.digitaluk.co.uk/a61eba4f-d165-415a-a617-9f9d877a0151&start=2026-09-10T04:00:00+0000&duration=PT1H from server.
Fetching https://www.freeview.co.uk/api/program?sid=233&nid=64403&pid=crid://csi.digitaluk.co.uk/b0c92645-9cb9-46b0-84ca-06b6467de5fb&start=2026-09-10T05:00:00+0000&duration=PT30M from server.
Fetching https://www.freeview.co.uk/api/program?sid=233&nid=64403&pid=crid://csi.digitaluk.co.uk/90b15f81-a711-4085-ae93-624154d03607&start=2026-09-10T05:30:00+0000&duration=PT30M from server.
Fetching https://www.freeview.co.uk/api/program?sid=233&nid=64403&pid=crid://csi.digitaluk.co.uk/dfa188dc-fbe6-4e9d-ab35-98ef107746cf&start=2026-09-10T06:00:00+0000&duration=PT30M from server.
Fetching https://www.freeview.co.uk/api/program?sid=233&nid=64403&pid=crid://csi.digitaluk.co.uk/d6c1861f-6a28-4af2-abe1-589ae38f13e8&start=2026-09-10T06:30:00+0000&duration=PT30M from server.
Fetching https://www.freeview.co.uk/api/program?sid=233&nid=64403&pid=crid://csi.digitaluk.co.uk/80b84c07-234a-4e54-80e1-1a097fc4f519&start=2026-09-10T07:00:00+0000&duration=PT30M from server.
Fetching https://www.freeview.co.uk/api/program?sid=233&nid=64403&pid=crid://csi.digitaluk.co.uk/04f28241-20f3-40ec-99a5-83389b6524fb&start=2026-09-10T07:30:00+0000&duration=PT30M from server.
Fetching https://www.freeview.co.uk/api/program?sid=233&nid=64403&pid=crid://csi.digitaluk.co.uk/af228043-3b25-40b1-8f63-7ed6d8c6f727&start=2026-09-10T08:00:00+0000&duration=PT30M from server.
Fetching https://www.freeview.co.uk/api/program?sid=233&nid=64403&pid=crid://csi.digitaluk.co.uk/54d78c9d-2ff8-4403-92c8-dcc9cab2b7df&start=2026-09-10T08:30:00+0000&duration=PT30M from server.
Fetching https://www.freeview.co.uk/api/program?sid=233&nid=64403&pid=crid://csi.digitaluk.co.uk/b13a7ca7-1243-45c1-a535-2c6c199226c6&start=2026-09-10T09:00:00+0000&duration=PT30M from server.
Fetching https://www.freeview.co.uk/api/program?sid=233&nid=64403&pid=crid://csi.digitaluk.co.uk/de6daccb-8a38-4101-a2b2-b1e066c6a954&start=2026-09-10T09:30:00+0000&duration=PT30M from server.
Fetching https://www.freeview.co.uk/api/program?sid=233&nid=64403&pid=crid://csi.digitaluk.co.uk/d65dddb4-ad46-4eb1-92e4-744aed2be2f4&start=2026-09-10T10:00:00+0000&duration=PT30M from server.
Fetching https://www.freeview.co.uk/api/program?sid=233&nid=64403&pid=crid://csi.digitaluk.co.uk/b37be550-0ea1-4dd3-9a01-068b35660429&start=2026-09-10T10:30:00+0000&duration=PT30M from server.
Fetching https://www.freeview.co.uk/api/program?sid=233&nid=64403&pid=crid://csi.digitaluk.co.uk/7175383b-8547-4093-83d2-0bfbf3588dfd&start=2026-09-10T11:00:00+0000&duration=PT30M from server.
Fetching https://www.freeview.co.uk/api/program?sid=233&nid=64403&pid=crid://csi.digitaluk.co.uk/cc0c9234-ee63-47ee-829b-efdcb78cdb9d&start=2026-09-10T11:30:00+0000&duration=PT30M from server.
Fetching https://www.freeview.co.uk/api/program?sid=233&nid=64403&pid=crid://csi.digitaluk.co.uk/74ce8409-3d16-4d02-a125-7a87ba04955e&start=2026-09-10T12:00:00+0000&duration=PT30M from server.
Fetching https://www.freeview.co.uk/api/program?sid=233&nid=64403&pid=crid://csi.digitaluk.co.uk/af4636a1-d892-4c5a-83e8-a5b767711491&start=2026-09-10T12:30:00+0000&duration=PT30M from server.
Fetching https://www.freeview.co.uk/api/program?sid=233&nid=64403&pid=crid://csi.digitaluk.co.uk/81700e31-cd56-4a65-94e7-9c00225dfb3b&start=2026-09-10T13:00:00+0000&duration=PT30M from server.
Fetching https://www.freeview.co.uk/api/program?sid=233&nid=64403&pid=crid://csi.digitaluk.co.uk/b1f6c067-fc01-485c-921f-0976ea5475a1&start=2026-09-10T13:30:00+0000&duration=PT30M from server.
Fetching https://www.freeview.co.uk/api/program?sid=233&nid=64403&pid=crid://csi.digitaluk.co.uk/7ed2199e-efb9-4078-ba9e-4436c2f5d4bb&start=2026-09-10T14:00:00+0000&duration=PT30M from server.
Fetching https://www.freeview.co.uk/api/program?sid=233&nid=64403&pid=crid://csi.digitaluk.co.uk/3fd78c23-faf3-4673-b482-32196dc0c361&start=2026-09-10T14:30:00+0000&duration=PT30M from server.
Fetching https://www.freeview.co.uk/api/program?sid=233&nid=64403&pid=crid://csi.digitaluk.co.uk/e698ea1f-0ef6-4c6e-adfd-fcf87d423a59&start=2026-09-10T15:00:00+0000&duration=PT30M from server.
Fetching https://www.freeview.co.uk/api/program?sid=233&nid=64403&pid=crid://csi.digitaluk.co.uk/e35833a2-8338-4c8a-870a-556b9cd4222f&start=2026-09-10T15:30:00+0000&duration=PT30M from server.
Fetching https://www.freeview.co.uk/api/program?sid=233&nid=64403&pid=crid://csi.digitaluk.co.uk/0be8684f-ae5e-4553-98d4-5bb5e69cde22&start=2026-09-10T16:00:00+0000&duration=PT30M from server.
Fetching https://www.freeview.co.uk/api/program?sid=233&nid=64403&pid=crid://csi.digitaluk.co.uk/b04100c8-7bf7-4900-a6c1-77b72bc33321&start=2026-09-10T16:30:00+0000&duration=PT30M from server.
Fetching https://www.freeview.co.uk/api/program?sid=233&nid=64403&pid=crid://csi.digitaluk.co.uk/184fa6e2-06aa-4fd7-b249-b3b6a0d75ffc&start=2026-09-10T17:00:00+0000&duration=PT30M from server.
Fetching https://www.freeview.co.uk/api/program?sid=233&nid=64403&pid=crid://csi.digitaluk.co.uk/2e8a54f0-8bd4-4a7a-b4ef-6a23c965b10f&start=2026-09-10T17:30:00+0000&duration=PT30M from server.
Fetching https://www.freeview.co.uk/api/program?sid=233&nid=64403&pid=crid://csi.digitaluk.co.uk/58aee4a1-41e3-4508-a074-2b79079d4a19&start=2026-09-10T18:00:00+0000&duration=PT1H from server.
Fetching https://www.freeview.co.uk/api/program?sid=233&nid=64403&pid=crid://csi.digitaluk.co.uk/238ebd87-2fbe-4eb2-bd6b-c87d8f9cc3ce&start=2026-09-10T19:00:00+0000&duration=PT1H from server.
Fetching https://www.freeview.co.uk/api/program?sid=233&nid=64403&pid=crid://csi.digitaluk.co.uk/c301fb66-c6b0-4052-926d-06e97b14fa56&start=2026-09-10T20:00:00+0000&duration=PT1H from server.
Fetching https://www.freeview.co.uk/api/program?sid=233&nid=64403&pid=crid://csi.digitaluk.co.uk/6620ac22-5ccb-47bb-a5f7-d038b3905a01&start=2026-09-10T21:00:00+0000&duration=PT30M from server.
Fetching https://www.freeview.co.uk/api/program?sid=233&nid=64403&pid=crid://csi.digitaluk.co.uk/5b6b6581-11f4-481f-aa33-a19b2dab1cb1&start=2026-09-10T21:30:00+0000&duration=PT30M from server.
Fetching https://www.freeview.co.uk/api/program?sid=233&nid=64403&pid=crid://csi.digitaluk.co.uk/0d1ba6d5-bfed-479e-9400-afaf323c82bc&start=2026-09-10T22:00:00+0000&duration=PT30M from server.
Fetching https://www.freeview.co.uk/api/program?sid=233&nid=64403&pid=crid://csi.digitaluk.co.uk/88de9bd3-c057-44df-9403-6fec5d7c2527&start=2026-09-10T22:30:00+0000&duration=PT30M from server.
Fetching https://www.freeview.co.uk/api/program?sid=233&nid=64403&pid=crid://csi.digitaluk.co.uk/b92a72a4-7177-4797-b632-cea21a9a331e&start=2026-09-10T23:00:00+0000&duration=PT1H from server.
###
