tv_grab_uk_freeview, 2026-10-10 01:24:31
----------------------------------------
getting list of channels:  URL= https://www.freeview.co.uk/api/channel-list?nid=64403 
Fetching https://www.freeview.co.uk/api/channel-list?nid=64403 from server.
##################################################
using cache '/home/runner/work/xmltv/xmltv/scripts//.xmltv/cache' 
using channel format 'number' 
using region id '64403' 
using icon ch string '?w=160' 
using icon pg string '?w=800' 
fetch 20 channels 
start/end grab: 1791676800 1791763200 
getting listings:  URL= https://www.freeview.co.uk/api/tv-guide?nid=64403&start=1791676800 
Fetching https://www.freeview.co.uk/api/tv-guide?nid=64403&start=1791676800 from server.
 Wanted 8384 
Fetching https://www.freeview.co.uk/api/program?sid=4&nid=64403&pid=crid://csi.digitaluk.co.uk/1a1178e5-a626-4c5f-aaa4-cb5ec98208ce&start=2026-10-11T00:30:00+0000&duration=PT1H from server.
Fetching https://www.freeview.co.uk/api/program?sid=4&nid=64403&pid=crid://csi.digitaluk.co.uk/2014e9fd-a5a7-4ddf-8b25-4a7b46962582&start=2026-10-11T01:30:00+0000&duration=PT25M from server.
Fetching https://www.freeview.co.uk/api/program?sid=4&nid=64403&pid=crid://csi.digitaluk.co.uk/c9b0ae53-c151-4e64-927e-c2c557b96d2c&start=2026-10-11T01:55:00+0000&duration=PT25M from server.
Fetching https://www.freeview.co.uk/api/program?sid=4&nid=64403&pid=crid://csi.digitaluk.co.uk/1479100d-397c-4f00-8752-31a508a4de8d&start=2026-10-11T02:20:00+0000&duration=PT25M from server.
Fetching https://www.freeview.co.uk/api/program?sid=4&nid=64403&pid=crid://csi.digitaluk.co.uk/d2a81767-a859-4ff7-90f3-5bea27bbeee9&start=2026-10-11T02:45:00+0000&duration=PT25M from server.
Fetching https://www.freeview.co.uk/api/program?sid=4&nid=64403&pid=crid://csi.digitaluk.co.uk/dfe9281f-038e-4d1a-accb-0e9c745b1137&start=2026-10-11T03:10:00+0000&duration=PT25M from server.
Fetching https://www.freeview.co.uk/api/program?sid=4&nid=64403&pid=crid://csi.digitaluk.co.uk/05e3175e-ec21-49e0-91c9-834b5b8da07e&start=2026-10-11T03:35:00+0000&duration=PT25M from server.
Fetching https://www.freeview.co.uk/api/program?sid=4&nid=64403&pid=crid://csi.digitaluk.co.uk/c7cbfc1f-0f4c-469b-a718-a828ceebfd11&start=2026-10-11T04:00:00+0000&duration=PT5M from server.
Fetching https://www.freeview.co.uk/api/program?sid=4&nid=64403&pid=crid://csi.digitaluk.co.uk/1e575166-b0ec-4a02-bde6-00c4cd1968f4&start=2026-10-11T04:05:00+0000&duration=PT10M from server.
Fetching https://www.freeview.co.uk/api/program?sid=4&nid=64403&pid=crid://csi.digitaluk.co.uk/f386f7c5-4627-46be-831d-4fe9f061ccd7&start=2026-10-11T04:15:00+0000&duration=PT55M from server.
Fetching https://www.freeview.co.uk/api/program?sid=4&nid=64403&pid=crid://csi.digitaluk.co.uk/b6965d98-3989-4293-a42e-3ee4e057453d&start=2026-10-11T05:10:00+0000&duration=PT30M from server.
Fetching https://www.freeview.co.uk/api/program?sid=4&nid=64403&pid=crid://csi.digitaluk.co.uk/82e580e4-18d8-4a8a-81cb-bec8f09bd9c9&start=2026-10-11T05:40:00+0000&duration=PT25M from server.
Fetching https://www.freeview.co.uk/api/program?sid=4&nid=64403&pid=crid://csi.digitaluk.co.uk/8b8412ac-c3f1-4b2d-8b94-5846a960fd0e&start=2026-10-11T06:05:00+0000&duration=PT30M from server.
Fetching https://www.freeview.co.uk/api/program?sid=4&nid=64403&pid=crid://csi.digitaluk.co.uk/a0cdc8c2-bc6f-4f8b-972c-1609384757eb&start=2026-10-11T06:35:00+0000&duration=PT25M from server.
Fetching https://www.freeview.co.uk/api/program?sid=4&nid=64403&pid=crid://csi.digitaluk.co.uk/5cd64841-9884-47d8-9ddd-01fa3d3394d6&start=2026-10-11T07:00:00+0000&duration=PT30M from server.
Fetching https://www.freeview.co.uk/api/program?sid=4&nid=64403&pid=crid://csi.digitaluk.co.uk/17db5c4b-7759-4ef8-8d25-7d4724ec6a49&start=2026-10-11T07:30:00+0000&duration=PT30M from server.
Fetching https://www.freeview.co.uk/api/program?sid=4&nid=64403&pid=crid://csi.digitaluk.co.uk/9f6ae4d8-2ed3-410b-8e47-54c34ef4be24&start=2026-10-11T08:00:00+0000&duration=PT30M from server.
Fetching https://www.freeview.co.uk/api/program?sid=4&nid=64403&pid=crid://csi.digitaluk.co.uk/c257af99-98fb-44c3-acc9-b47e6fb97de8&start=2026-10-11T08:30:00+0000&duration=PT30M from server.
Fetching https://www.freeview.co.uk/api/program?sid=4&nid=64403&pid=crid://csi.digitaluk.co.uk/e7c60aab-d166-44cc-9756-39d7acc4e739&start=2026-10-11T09:00:00+0000&duration=PT3H from server.
Fetching https://www.freeview.co.uk/api/program?sid=4&nid=64403&pid=crid://csi.digitaluk.co.uk/3b9af92e-55ce-44eb-9c64-64fd23ec03d2&start=2026-10-11T12:00:00+0000&duration=PT25M from server.
Fetching https://www.freeview.co.uk/api/program?sid=4&nid=64403&pid=crid://csi.digitaluk.co.uk/590fd62f-c962-4bb9-acb3-a2323be42b80&start=2026-10-11T12:25:00+0000&duration=PT30M from server.
Fetching https://www.freeview.co.uk/api/program?sid=4&nid=64403&pid=crid://csi.digitaluk.co.uk/cd3d434c-1238-49f4-b780-f2446dc85e05&start=2026-10-11T12:55:00+0000&duration=PT1H from server.
Fetching https://www.freeview.co.uk/api/program?sid=4&nid=64403&pid=crid://csi.digitaluk.co.uk/c8897e6d-2b98-43db-8fc1-65315c4d364a&start=2026-10-11T13:55:00+0000&duration=PT1H from server.
Fetching https://www.freeview.co.uk/api/program?sid=4&nid=64403&pid=crid://csi.digitaluk.co.uk/9b48f87f-af33-4c18-be01-5b73a0b83065&start=2026-10-11T14:55:00+0000&duration=PT1H5M from server.
Fetching https://www.freeview.co.uk/api/program?sid=4&nid=64403&pid=crid://csi.digitaluk.co.uk/3e8d7516-234e-47bd-8857-fe10c0f86a7f&start=2026-10-11T16:00:00+0000&duration=PT30M from server.
Fetching https://www.freeview.co.uk/api/program?sid=4&nid=64403&pid=crid://csi.digitaluk.co.uk/293268b0-c724-4b21-8dd9-cc6dd3f446dc&start=2026-10-11T16:30:00+0000&duration=PT2H15M from server.
Fetching https://www.freeview.co.uk/api/program?sid=4&nid=64403&pid=crid://movida.bebanjo.net/mas/version/78515/005/ASDELIVERED/C&start=2026-10-11T18:45:00+0000&duration=PT1H15M from server.
Fetching https://www.freeview.co.uk/api/program?sid=4&nid=64403&pid=crid://movida.bebanjo.net/mas/version/77383/005/POSTWATERSHED2100/C&start=2026-10-11T20:00:00+0000&duration=PT1H15M from server.
Fetching https://www.freeview.co.uk/api/program?sid=4&nid=64403&pid=crid://csi.digitaluk.co.uk/e8b3015f-f34c-48e1-9f44-a7fc71c83369&start=2026-10-11T21:15:00+0000&duration=PT1H from server.
Fetching https://www.freeview.co.uk/api/program?sid=4&nid=64403&pid=crid://csi.digitaluk.co.uk/093eb5a7-6d33-4b7f-be58-01702898b1a1&start=2026-10-11T22:15:00+0000&duration=PT1H from server.
Fetching https://www.freeview.co.uk/api/program?sid=4&nid=64403&pid=crid://csi.digitaluk.co.uk/5a40b0a7-0983-4126-a8a7-a164d42b1a62&start=2026-10-11T23:15:00+0000&duration=PT55M from server.
## Wanted 8500 
Fetching https://www.freeview.co.uk/api/program?sid=5&nid=64403&pid=crid://panorama.five.tv/versions/C5544480001A&start=2026-10-11T00:00:00+0000&duration=PT2H from server.
Fetching https://www.freeview.co.uk/api/program?sid=5&nid=64403&pid=crid://panorama.five.tv/versions/C5394920002A&start=2026-10-11T02:00:00+0000&duration=PT45M from server.
Fetching https://www.freeview.co.uk/api/program?sid=5&nid=64403&pid=crid://panorama.five.tv/versions/C5394920003A&start=2026-10-11T02:45:00+0000&duration=PT50M from server.
Fetching https://www.freeview.co.uk/api/program?sid=5&nid=64403&pid=crid://panorama.five.tv/versions/C5511220003A&start=2026-10-11T03:35:00+0000&duration=PT45M from server.
Fetching https://www.freeview.co.uk/api/program?sid=5&nid=64403&pid=crid://panorama.five.tv/versions/C5522900200A&start=2026-10-11T04:20:00+0000&duration=PT5M from server.
Fetching https://www.freeview.co.uk/api/program?sid=5&nid=64403&pid=crid://panorama.five.tv/versions/C5457060032A&start=2026-10-11T04:25:00+0000&duration=PT10M from server.
Fetching https://www.freeview.co.uk/api/program?sid=5&nid=64403&pid=crid://panorama.five.tv/versions/C5457060033A&start=2026-10-11T04:35:00+0000&duration=PT10M from server.
Fetching https://www.freeview.co.uk/api/program?sid=5&nid=64403&pid=crid://panorama.five.tv/versions/C5457060034A&start=2026-10-11T04:45:00+0000&duration=PT15M from server.
Fetching https://www.freeview.co.uk/api/program?sid=5&nid=64403&pid=crid://panorama.five.tv/versions/C5115230022C&start=2026-10-11T05:00:00+0000&duration=PT5M from server.
Fetching https://www.freeview.co.uk/api/program?sid=5&nid=64403&pid=crid://panorama.five.tv/versions/C5115230023C&start=2026-10-11T05:05:00+0000&duration=PT5M from server.
Fetching https://www.freeview.co.uk/api/program?sid=5&nid=64403&pid=crid://panorama.five.tv/versions/C5115230024C&start=2026-10-11T05:10:00+0000&duration=PT5M from server.
Fetching https://www.freeview.co.uk/api/program?sid=5&nid=64403&pid=crid://panorama.five.tv/versions/C5416540015A&start=2026-10-11T05:15:00+0000&duration=PT10M from server.
Fetching https://www.freeview.co.uk/api/program?sid=5&nid=64403&pid=crid://panorama.five.tv/versions/C5357220049A&start=2026-10-11T05:25:00+0000&duration=PT10M from server.
Fetching https://www.freeview.co.uk/api/program?sid=5&nid=64403&pid=crid://panorama.five.tv/versions/C5510940006A&start=2026-10-11T05:35:00+0000&duration=PT10M from server.
Fetching https://www.freeview.co.uk/api/program?sid=5&nid=64403&pid=crid://panorama.five.tv/versions/C5463820011A&start=2026-10-11T05:45:00+0000&duration=PT15M from server.
Fetching https://www.freeview.co.uk/api/program?sid=5&nid=64403&pid=crid://panorama.five.tv/versions/C5463540012B&start=2026-10-11T06:00:00+0000&duration=PT5M from server.
Fetching https://www.freeview.co.uk/api/program?sid=5&nid=64403&pid=crid://panorama.five.tv/versions/C5408820030A&start=2026-10-11T06:05:00+0000&duration=PT10M from server.
Fetching https://www.freeview.co.uk/api/program?sid=5&nid=64403&pid=crid://panorama.five.tv/versions/C5408820031A&start=2026-10-11T06:15:00+0000&duration=PT5M from server.
Fetching https://www.freeview.co.uk/api/program?sid=5&nid=64403&pid=crid://panorama.five.tv/versions/C5270620023A&start=2026-10-11T06:20:00+0000&duration=PT10M from server.
Fetching https://www.freeview.co.uk/api/program?sid=5&nid=64403&pid=crid://panorama.five.tv/versions/C5270620024A&start=2026-10-11T06:30:00+0000&duration=PT5M from server.
Fetching https://www.freeview.co.uk/api/program?sid=5&nid=64403&pid=crid://panorama.five.tv/versions/C5446160012A&start=2026-10-11T06:35:00+0000&duration=PT15M from server.
Fetching https://www.freeview.co.uk/api/program?sid=5&nid=64403&pid=crid://panorama.five.tv/versions/C5446160013A&start=2026-10-11T06:50:00+0000&duration=PT10M from server.
Fetching https://www.freeview.co.uk/api/program?sid=5&nid=64403&pid=crid://panorama.five.tv/versions/C5514960008A&start=2026-10-11T07:00:00+0000&duration=PT10M from server.
Fetching https://www.freeview.co.uk/api/program?sid=5&nid=64403&pid=crid://panorama.five.tv/versions/C5528860028A&start=2026-10-11T07:10:00+0000&duration=PT15M from server.
Fetching https://www.freeview.co.uk/api/program?sid=5&nid=64403&pid=crid://panorama.five.tv/versions/C5531680011A&start=2026-10-11T07:25:00+0000&duration=PT10M from server.
Fetching https://www.freeview.co.uk/api/program?sid=5&nid=64403&pid=crid://panorama.five.tv/versions/C5151860012B&start=2026-10-11T07:35:00+0000&duration=PT15M from server.
Fetching https://www.freeview.co.uk/api/program?sid=5&nid=64403&pid=crid://panorama.five.tv/versions/C5521620005A&start=2026-10-11T07:50:00+0000&duration=PT10M from server.
Fetching https://www.freeview.co.uk/api/program?sid=5&nid=64403&pid=crid://panorama.five.tv/versions/C5522900200A&start=2026-10-11T08:00:00+0000&duration=PT5M from server.
Fetching https://www.freeview.co.uk/api/program?sid=5&nid=64403&pid=crid://panorama.five.tv/versions/C5434620011D&start=2026-10-11T08:05:00+0000&duration=PT1H from server.
Fetching https://www.freeview.co.uk/api/program?sid=5&nid=64403&pid=crid://panorama.five.tv/versions/C5434620012D&start=2026-10-11T09:05:00+0000&duration=PT1H from server.
Fetching https://www.freeview.co.uk/api/program?sid=5&nid=64403&pid=crid://panorama.five.tv/versions/C5275310004A&start=2026-10-11T10:05:00+0000&duration=PT55M from server.
Fetching https://www.freeview.co.uk/api/program?sid=5&nid=64403&pid=crid://panorama.five.tv/versions/C5509520006A&start=2026-10-11T11:00:00+0000&duration=PT1H from server.
Fetching https://www.freeview.co.uk/api/program?sid=5&nid=64403&pid=crid://panorama.five.tv/versions/C5509520007A&start=2026-10-11T12:00:00+0000&duration=PT1H from server.
Fetching https://www.freeview.co.uk/api/program?sid=5&nid=64403&pid=crid://panorama.five.tv/versions/C5540640002A&start=2026-10-11T13:00:00+0000&duration=PT3H30M from server.
Fetching https://www.freeview.co.uk/api/program?sid=5&nid=64403&pid=crid://panorama.five.tv/versions/C5316600002A&start=2026-10-11T16:30:00+0000&duration=PT30M from server.
Fetching https://www.freeview.co.uk/api/program?sid=5&nid=64403&pid=crid://panorama.five.tv/versions/C5449040002A&start=2026-10-11T17:00:00+0000&duration=PT55M from server.
Fetching https://www.freeview.co.uk/api/program?sid=5&nid=64403&pid=crid://panorama.five.tv/versions/C5524420082A&start=2026-10-11T17:55:00+0000&duration=PT5M from server.
Fetching https://www.freeview.co.uk/api/program?sid=5&nid=64403&pid=crid://panorama.five.tv/versions/C5519760004A&start=2026-10-11T18:00:00+0000&duration=PT1H from server.
Fetching https://www.freeview.co.uk/api/program?sid=5&nid=64403&pid=crid://panorama.five.tv/versions/C5516700005A&start=2026-10-11T19:00:00+0000&duration=PT1H from server.
Fetching https://www.freeview.co.uk/api/program?sid=5&nid=64403&pid=crid://panorama.five.tv/versions/C5540620005A&start=2026-10-11T20:00:00+0000&duration=PT3H30M from server.
Fetching https://www.freeview.co.uk/api/program?sid=5&nid=64403&pid=crid://panorama.five.tv/versions/C5526200007A&start=2026-10-11T23:30:00+0000&duration=PT25M from server.
Fetching https://www.freeview.co.uk/api/program?sid=5&nid=64403&pid=crid://panorama.five.tv/versions/C5455410002B&start=2026-10-11T23:55:00+0000&duration=PT1H from server.
### Wanted 28000 
Fetching https://www.freeview.co.uk/api/program?sid=12&nid=64403&pid=crid://csi.digitaluk.co.uk/e802f4f7-d22f-4fa1-b9ab-5d44e0b4aa2e&start=2026-10-11T00:00:00+0000&duration=PT1H from server.
Fetching https://www.freeview.co.uk/api/program?sid=12&nid=64403&pid=crid://csi.digitaluk.co.uk/ffa1d65e-fa17-441b-8289-c493c8b9c37a&start=2026-10-11T01:00:00+0000&duration=PT30M from server.
Fetching https://www.freeview.co.uk/api/program?sid=12&nid=64403&pid=crid://csi.digitaluk.co.uk/cd61e0ac-a029-40ae-a1a4-d2b53496cf8a&start=2026-10-11T01:30:00+0000&duration=PT2H from server.
Fetching https://www.freeview.co.uk/api/program?sid=12&nid=64403&pid=crid://csi.digitaluk.co.uk/50b0850e-fe0a-4187-9789-53ae3e765f3e&start=2026-10-11T03:30:00+0000&duration=PT30M from server.
Fetching https://www.freeview.co.uk/api/program?sid=12&nid=64403&pid=crid://csi.digitaluk.co.uk/9b11d776-a2b4-491c-b3b6-8b1f382dff81&start=2026-10-11T04:00:00+0000&duration=PT30M from server.
Fetching https://www.freeview.co.uk/api/program?sid=12&nid=64403&pid=crid://csi.digitaluk.co.uk/6b0081f8-17b7-4d8c-8b23-04903a2cd5a0&start=2026-10-11T04:30:00+0000&duration=PT30M from server.
Fetching https://www.freeview.co.uk/api/program?sid=12&nid=64403&pid=crid://csi.digitaluk.co.uk/49a5582e-1813-4853-939b-c97c7bfa3cb7&start=2026-10-11T05:00:00+0000&duration=PT30M from server.
Fetching https://www.freeview.co.uk/api/program?sid=12&nid=64403&pid=crid://csi.digitaluk.co.uk/62e390f5-3c80-4305-97c8-fe4948e075cc&start=2026-10-11T05:30:00+0000&duration=PT30M from server.
Fetching https://www.freeview.co.uk/api/program?sid=12&nid=64403&pid=crid://csi.digitaluk.co.uk/90913ebb-9a87-44c7-9b05-635d88018dec&start=2026-10-11T06:00:00+0000&duration=PT30M from server.
Fetching https://www.freeview.co.uk/api/program?sid=12&nid=64403&pid=crid://csi.digitaluk.co.uk/19848585-c49a-465f-af63-00ea7a280f93&start=2026-10-11T06:30:00+0000&duration=PT30M from server.
Fetching https://www.freeview.co.uk/api/program?sid=12&nid=64403&pid=crid://csi.digitaluk.co.uk/6d62c655-b111-4ee3-9c9b-07609446e477&start=2026-10-11T07:00:00+0000&duration=PT30M from server.
Fetching https://www.freeview.co.uk/api/program?sid=12&nid=64403&pid=crid://csi.digitaluk.co.uk/3e3a5ff3-27a2-4653-b3b7-381ade654a82&start=2026-10-11T07:30:00+0000&duration=PT30M from server.
Fetching https://www.freeview.co.uk/api/program?sid=12&nid=64403&pid=crid://csi.digitaluk.co.uk/07be2777-a911-4717-97e2-6b7a44f05d3e&start=2026-10-11T08:00:00+0000&duration=PT30M from server.
Fetching https://www.freeview.co.uk/api/program?sid=12&nid=64403&pid=crid://csi.digitaluk.co.uk/018760d8-4e13-4521-9115-943f9844cbac&start=2026-10-11T08:30:00+0000&duration=PT30M from server.
Fetching https://www.freeview.co.uk/api/program?sid=12&nid=64403&pid=crid://csi.digitaluk.co.uk/dff5bb9c-7a8c-4fd7-a6b9-1250681a59cf&start=2026-10-11T09:00:00+0000&duration=PT30M from server.
Fetching https://www.freeview.co.uk/api/program?sid=12&nid=64403&pid=crid://csi.digitaluk.co.uk/e8a77312-3f6c-4289-9a1c-fbc728fd53ba&start=2026-10-11T09:30:00+0000&duration=PT30M from server.
Fetching https://www.freeview.co.uk/api/program?sid=12&nid=64403&pid=crid://csi.digitaluk.co.uk/736705e6-92ed-4bbc-877a-470fa00e0a37&start=2026-10-11T10:00:00+0000&duration=PT30M from server.
Fetching https://www.freeview.co.uk/api/program?sid=12&nid=64403&pid=crid://csi.digitaluk.co.uk/b158d32d-6b60-4626-a84c-a8cc81bdbc4a&start=2026-10-11T10:30:00+0000&duration=PT30M from server.
Fetching https://www.freeview.co.uk/api/program?sid=12&nid=64403&pid=crid://csi.digitaluk.co.uk/c6848c1f-73e4-4f58-95a8-9e73660e287d&start=2026-10-11T11:00:00+0000&duration=PT30M from server.
Fetching https://www.freeview.co.uk/api/program?sid=12&nid=64403&pid=crid://csi.digitaluk.co.uk/d34be867-630b-4659-849a-aab2d1e48ea6&start=2026-10-11T11:30:00+0000&duration=PT30M from server.
Fetching https://www.freeview.co.uk/api/program?sid=12&nid=64403&pid=crid://csi.digitaluk.co.uk/0894a6e9-1ef2-4023-93a9-faa11c21fe1a&start=2026-10-11T12:00:00+0000&duration=PT30M from server.
Fetching https://www.freeview.co.uk/api/program?sid=12&nid=64403&pid=crid://csi.digitaluk.co.uk/fc6d2499-115e-4308-be35-4bb732531ea1&start=2026-10-11T12:30:00+0000&duration=PT30M from server.
Fetching https://www.freeview.co.uk/api/program?sid=12&nid=64403&pid=crid://csi.digitaluk.co.uk/1bdbc80f-946d-4a82-a12f-e0b9b8f1e821&start=2026-10-11T13:00:00+0000&duration=PT30M from server.
Fetching https://www.freeview.co.uk/api/program?sid=12&nid=64403&pid=crid://csi.digitaluk.co.uk/18205fab-3b44-4429-b794-b2107e216e4f&start=2026-10-11T13:30:00+0000&duration=PT30M from server.
Fetching https://www.freeview.co.uk/api/program?sid=12&nid=64403&pid=crid://csi.digitaluk.co.uk/c86a5df6-5cd7-4f91-842d-4f4f229369c8&start=2026-10-11T14:00:00+0000&duration=PT30M from server.
Fetching https://www.freeview.co.uk/api/program?sid=12&nid=64403&pid=crid://csi.digitaluk.co.uk/bff89b03-39a0-47e5-ba56-98d9adc46c21&start=2026-10-11T14:30:00+0000&duration=PT30M from server.
Fetching https://www.freeview.co.uk/api/program?sid=12&nid=64403&pid=crid://csi.digitaluk.co.uk/3ee72676-e05a-47d6-b183-d9bbb95f633e&start=2026-10-11T15:00:00+0000&duration=PT30M from server.
Fetching https://www.freeview.co.uk/api/program?sid=12&nid=64403&pid=crid://csi.digitaluk.co.uk/f48f4d10-bc57-4615-830d-8852d58c95e2&start=2026-10-11T15:30:00+0000&duration=PT30M from server.
Fetching https://www.freeview.co.uk/api/program?sid=12&nid=64403&pid=crid://csi.digitaluk.co.uk/c3c745e8-34dc-4d45-97b9-9e8108bb2885&start=2026-10-11T16:00:00+0000&duration=PT30M from server.
Fetching https://www.freeview.co.uk/api/program?sid=12&nid=64403&pid=crid://csi.digitaluk.co.uk/464e6845-586c-4161-8e9b-ba506b940ce4&start=2026-10-11T16:30:00+0000&duration=PT30M from server.
Fetching https://www.freeview.co.uk/api/program?sid=12&nid=64403&pid=crid://csi.digitaluk.co.uk/891671bb-a2ef-4de9-8741-f7f8f54acf79&start=2026-10-11T17:00:00+0000&duration=PT30M from server.
Fetching https://www.freeview.co.uk/api/program?sid=12&nid=64403&pid=crid://csi.digitaluk.co.uk/26d2806e-a3ff-431a-82bc-f22728f10c44&start=2026-10-11T17:30:00+0000&duration=PT30M from server.
Fetching https://www.freeview.co.uk/api/program?sid=12&nid=64403&pid=crid://csi.digitaluk.co.uk/146cf5e5-bb3a-4431-aa6d-2bc418c68119&start=2026-10-11T18:00:00+0000&duration=PT30M from server.
Fetching https://www.freeview.co.uk/api/program?sid=12&nid=64403&pid=crid://csi.digitaluk.co.uk/272637af-b156-43b2-8fcb-e4949fd0744e&start=2026-10-11T18:30:00+0000&duration=PT30M from server.
Fetching https://www.freeview.co.uk/api/program?sid=12&nid=64403&pid=crid://csi.digitaluk.co.uk/27705855-8f1a-4e6c-bfc1-28e08061b0b4&start=2026-10-11T19:00:00+0000&duration=PT30M from server.
Fetching https://www.freeview.co.uk/api/program?sid=12&nid=64403&pid=crid://csi.digitaluk.co.uk/db5e37b8-7dfd-4406-9916-2a6058c82c16&start=2026-10-11T19:30:00+0000&duration=PT30M from server.
Fetching https://www.freeview.co.uk/api/program?sid=12&nid=64403&pid=crid://csi.digitaluk.co.uk/a8ed421e-6745-437d-b640-5fe50f04a7e6&start=2026-10-11T20:00:00+0000&duration=PT1H from server.
Fetching https://www.freeview.co.uk/api/program?sid=12&nid=64403&pid=crid://csi.digitaluk.co.uk/6e7c0234-8efc-401f-a4cc-f6f62ca5e4c6&start=2026-10-11T21:00:00+0000&duration=PT1H from server.
Fetching https://www.freeview.co.uk/api/program?sid=12&nid=64403&pid=crid://csi.digitaluk.co.uk/1e39ba4d-8400-4179-8c2b-41a964a2caa6&start=2026-10-11T22:00:00+0000&duration=PT1H from server.
Fetching https://www.freeview.co.uk/api/program?sid=12&nid=64403&pid=crid://csi.digitaluk.co.uk/b273a85c-b642-4844-bec9-29e57918a026&start=2026-10-11T23:00:00+0000&duration=PT30M from server.
Fetching https://www.freeview.co.uk/api/program?sid=12&nid=64403&pid=crid://csi.digitaluk.co.uk/98d57916-cbc5-4904-9c31-e5ebbfc17e0a&start=2026-10-11T23:30:00+0000&duration=PT1H from server.
## Wanted 8448 
Fetching https://www.freeview.co.uk/api/program?sid=13&nid=64403&pid=crid://csi.digitaluk.co.uk/af62d5da-4a58-4d36-ac30-5a401e9f8722&start=2026-10-11T00:10:00+0000&duration=PT1H from server.
Fetching https://www.freeview.co.uk/api/program?sid=13&nid=64403&pid=crid://movida.bebanjo.net/mas/version/80555/011/POST2000/C&start=2026-10-11T01:10:00+0000&duration=PT50M from server.
Fetching https://www.freeview.co.uk/api/program?sid=13&nid=64403&pid=crid://movida.bebanjo.net/mas/version/80555/012/POST2000/C&start=2026-10-11T02:00:00+0000&duration=PT50M from server.
Fetching https://www.freeview.co.uk/api/program?sid=13&nid=64403&pid=crid://csi.digitaluk.co.uk/1c7dca93-a612-4b31-85c6-4998126d4288&start=2026-10-11T02:50:00+0000&duration=PT50M from server.
Fetching https://www.freeview.co.uk/api/program?sid=13&nid=64403&pid=crid://csi.digitaluk.co.uk/7a3d6de8-a689-4933-8277-fe925ebefba1&start=2026-10-11T03:40:00+0000&duration=PT1H20M from server.
Fetching https://www.freeview.co.uk/api/program?sid=13&nid=64403&pid=crid://csi.digitaluk.co.uk/8152fe1d-15f8-4736-815c-af7bc7adf68d&start=2026-10-11T05:00:00+0000&duration=PT1H5M from server.
Fetching https://www.freeview.co.uk/api/program?sid=13&nid=64403&pid=crid://csi.digitaluk.co.uk/1af450a8-3494-450d-a14e-d6dde5d32dc3&start=2026-10-11T06:05:00+0000&duration=PT10M from server.
Fetching https://www.freeview.co.uk/api/program?sid=13&nid=64403&pid=crid://csi.digitaluk.co.uk/23edc3cd-8a8e-4057-af89-988812f5b39d&start=2026-10-11T06:15:00+0000&duration=PT30M from server.
Fetching https://www.freeview.co.uk/api/program?sid=13&nid=64403&pid=crid://csi.digitaluk.co.uk/80c0ff6d-274c-4165-b692-ddace22d8554&start=2026-10-11T06:45:00+0000&duration=PT25M from server.
Fetching https://www.freeview.co.uk/api/program?sid=13&nid=64403&pid=crid://csi.digitaluk.co.uk/d728d3b8-2808-4a4e-a028-cd575e376921&start=2026-10-11T07:10:00+0000&duration=PT30M from server.
Fetching https://www.freeview.co.uk/api/program?sid=13&nid=64403&pid=crid://csi.digitaluk.co.uk/a2b3615a-6095-4cbb-bc2c-1c296c966d06&start=2026-10-11T07:40:00+0000&duration=PT1H from server.
Fetching https://www.freeview.co.uk/api/program?sid=13&nid=64403&pid=crid://csi.digitaluk.co.uk/2f9e85c4-3b1b-4629-908e-d9d3b02a87fb&start=2026-10-11T08:40:00+0000&duration=PT1H from server.
Fetching https://www.freeview.co.uk/api/program?sid=13&nid=64403&pid=crid://csi.digitaluk.co.uk/3913d786-2016-45b9-ba71-ea1bd30379b4&start=2026-10-11T09:40:00+0000&duration=PT1H from server.
Fetching https://www.freeview.co.uk/api/program?sid=13&nid=64403&pid=crid://movida.bebanjo.net/mas/version/80668/007/POSTWATERSHED2100/C&start=2026-10-11T10:40:00+0000&duration=PT55M from server.
Fetching https://www.freeview.co.uk/api/program?sid=13&nid=64403&pid=crid://csi.digitaluk.co.uk/fb1b66ef-7613-4e50-89a2-6429574df4bc&start=2026-10-11T11:35:00+0000&duration=PT1H35M from server.
Fetching https://www.freeview.co.uk/api/program?sid=13&nid=64403&pid=crid://csi.digitaluk.co.uk/184a348c-0f83-405e-b723-e577ada1f872&start=2026-10-11T13:10:00+0000&duration=PT35M from server.
Fetching https://www.freeview.co.uk/api/program?sid=13&nid=64403&pid=crid://csi.digitaluk.co.uk/2ecdf1f1-fd85-4ac2-8003-2fa4c399f22f&start=2026-10-11T13:45:00+0000&duration=PT25M from server.
Fetching https://www.freeview.co.uk/api/program?sid=13&nid=64403&pid=crid://csi.digitaluk.co.uk/10069130-b8bb-4408-b326-8ebf1c068942&start=2026-10-11T14:10:00+0000&duration=PT35M from server.
Fetching https://www.freeview.co.uk/api/program?sid=13&nid=64403&pid=crid://csi.digitaluk.co.uk/e15d5458-24bf-4de5-9d98-9b2f0db29f64&start=2026-10-11T14:45:00+0000&duration=PT25M from server.
Fetching https://www.freeview.co.uk/api/program?sid=13&nid=64403&pid=crid://csi.digitaluk.co.uk/e93475a3-072b-4f74-ab22-b1400405c34e&start=2026-10-11T15:10:00+0000&duration=PT35M from server.
Fetching https://www.freeview.co.uk/api/program?sid=13&nid=64403&pid=crid://csi.digitaluk.co.uk/b3135208-75b7-437d-89d8-b9b8da0fc7b2&start=2026-10-11T15:45:00+0000&duration=PT25M from server.
Fetching https://www.freeview.co.uk/api/program?sid=13&nid=64403&pid=crid://csi.digitaluk.co.uk/ea73842e-29ef-4ad5-a9f5-7eca33c77281&start=2026-10-11T16:10:00+0000&duration=PT30M from server.
Fetching https://www.freeview.co.uk/api/program?sid=13&nid=64403&pid=crid://movida.bebanjo.net/mas/version/79413/009/ASDELIVERED/C&start=2026-10-11T16:40:00+0000&duration=PT1H10M from server.
Fetching https://www.freeview.co.uk/api/program?sid=13&nid=64403&pid=crid://csi.digitaluk.co.uk/a4a1ffb1-9d49-4d4c-b9f1-d97376e637dd&start=2026-10-11T17:50:00+0000&duration=PT2H10M from server.
Fetching https://www.freeview.co.uk/api/program?sid=13&nid=64403&pid=crid://csi.digitaluk.co.uk/b7caf400-d51d-438c-a16f-7b0126e5be02&start=2026-10-11T20:00:00+0000&duration=PT1H5M from server.
Fetching https://www.freeview.co.uk/api/program?sid=13&nid=64403&pid=crid://csi.digitaluk.co.uk/e1655cfe-92e5-48f8-8721-a7dcee1e8e92&start=2026-10-11T21:05:00+0000&duration=PT35M from server.
Fetching https://www.freeview.co.uk/api/program?sid=13&nid=64403&pid=crid://csi.digitaluk.co.uk/22cabca3-bbb0-4565-a826-62b31bb6f83b&start=2026-10-11T21:40:00+0000&duration=PT30M from server.
Fetching https://www.freeview.co.uk/api/program?sid=13&nid=64403&pid=crid://csi.digitaluk.co.uk/e356a0f8-4e53-4b02-ad52-3ad14ac25c78&start=2026-10-11T22:10:00+0000&duration=PT35M from server.
Fetching https://www.freeview.co.uk/api/program?sid=13&nid=64403&pid=crid://csi.digitaluk.co.uk/69adce7e-1c58-4a42-9664-3cc8e0dee66d&start=2026-10-11T22:45:00+0000&duration=PT35M from server.
Fetching https://www.freeview.co.uk/api/program?sid=13&nid=64403&pid=crid://csi.digitaluk.co.uk/c8867faf-17d3-4750-96d5-7c5f547049ca&start=2026-10-11T23:20:00+0000&duration=PT1H from server.
### Wanted 8385 
Fetching https://www.freeview.co.uk/api/program?sid=14&nid=64403&pid=crid://csi.digitaluk.co.uk/f2441340-0b5f-4aed-b54a-b013273a985d&start=2026-10-11T00:40:00+0000&duration=PT2H10M from server.
Fetching https://www.freeview.co.uk/api/program?sid=14&nid=64403&pid=crid://csi.digitaluk.co.uk/b3b0373a-b4cc-4746-8231-9c3864affdbd&start=2026-10-11T02:50:00+0000&duration=PT3H10M from server.
Fetching https://www.freeview.co.uk/api/program?sid=14&nid=64403&pid=crid://csi.digitaluk.co.uk/174f2f42-5246-4dd0-94d8-1bfe465c5e06&start=2026-10-11T06:00:00+0000&duration=PT4H from server.
Fetching https://www.freeview.co.uk/api/program?sid=14&nid=64403&pid=crid://csi.digitaluk.co.uk/d11b61bd-0de6-4f07-9df4-174dc8583aec&start=2026-10-11T10:00:00+0000&duration=PT2H5M from server.
Fetching https://www.freeview.co.uk/api/program?sid=14&nid=64403&pid=crid://csi.digitaluk.co.uk/58e7224b-72e5-447f-a923-8cdffe96c06a&start=2026-10-11T12:05:00+0000&duration=PT2H30M from server.
Fetching https://www.freeview.co.uk/api/program?sid=14&nid=64403&pid=crid://movida.bebanjo.net/mas/version/55636/001/ALLTIMESSWC/C&start=2026-10-11T14:35:00+0000&duration=PT2H25M from server.
Fetching https://www.freeview.co.uk/api/program?sid=14&nid=64403&pid=crid://movida.bebanjo.net/mas/version/76611/001/ALLTIMESSWC/C&start=2026-10-11T17:00:00+0000&duration=PT2H from server.
Fetching https://www.freeview.co.uk/api/program?sid=14&nid=64403&pid=crid://movida.bebanjo.net/mas/version/77969/001/POST1800/C&start=2026-10-11T19:00:00+0000&duration=PT2H40M from server.
Fetching https://www.freeview.co.uk/api/program?sid=14&nid=64403&pid=crid://csi.digitaluk.co.uk/c7c97439-3130-46ca-9dfc-f089df991689&start=2026-10-11T21:40:00+0000&duration=PT2H20M from server.
## Wanted 27328 
Fetching https://www.freeview.co.uk/api/program?sid=17&nid=64403&pid=crid://csi.digitaluk.co.uk/99032e12-6c2d-45b4-b170-e237a7cfa645&start=2026-10-11T00:00:00+0000&duration=PT1H from server.
Fetching https://www.freeview.co.uk/api/program?sid=17&nid=64403&pid=crid://csi.digitaluk.co.uk/94b9eb24-6215-4ffc-8f18-3e1b908395ff&start=2026-10-11T01:00:00+0000&duration=PT1H from server.
Fetching https://www.freeview.co.uk/api/program?sid=17&nid=64403&pid=crid://csi.digitaluk.co.uk/57d16475-8bad-4ee3-bdf3-9974bab1ff7b&start=2026-10-11T02:00:00+0000&duration=PT1H from server.
Fetching https://www.freeview.co.uk/api/program?sid=17&nid=64403&pid=crid://csi.digitaluk.co.uk/7666d59d-12e8-40aa-926e-ad8d7c547906&start=2026-10-11T03:00:00+0000&duration=PT30M from server.
Fetching https://www.freeview.co.uk/api/program?sid=17&nid=64403&pid=crid://csi.digitaluk.co.uk/3cd1b92f-78c3-47bf-af32-d8c9bfd845cb&start=2026-10-11T03:30:00+0000&duration=PT30M from server.
Fetching https://www.freeview.co.uk/api/program?sid=17&nid=64403&pid=crid://csi.digitaluk.co.uk/c5aedc14-2609-41b3-bf3c-9d1a92642e01&start=2026-10-11T04:00:00+0000&duration=PT30M from server.
Fetching https://www.freeview.co.uk/api/program?sid=17&nid=64403&pid=crid://csi.digitaluk.co.uk/ec62e88b-79d7-489c-ae06-46c627f0f6a4&start=2026-10-11T04:30:00+0000&duration=PT30M from server.
Fetching https://www.freeview.co.uk/api/program?sid=17&nid=64403&pid=crid://csi.digitaluk.co.uk/c107902e-7155-40c0-a03c-ac5e4c420d88&start=2026-10-11T05:00:00+0000&duration=PT1H from server.
Fetching https://www.freeview.co.uk/api/program?sid=17&nid=64403&pid=crid://csi.digitaluk.co.uk/a62ff5f3-b2ca-4356-bb42-266e38c7edd9&start=2026-10-11T06:00:00+0000&duration=PT1H from server.
Fetching https://www.freeview.co.uk/api/program?sid=17&nid=64403&pid=crid://csi.digitaluk.co.uk/6dbb696a-6fa9-4a71-bd68-0bd1a339ddab&start=2026-10-11T07:00:00+0000&duration=PT1H from server.
Fetching https://www.freeview.co.uk/api/program?sid=17&nid=64403&pid=crid://csi.digitaluk.co.uk/dadcfd3b-3edc-4cbc-b387-e658e977a3ba&start=2026-10-11T08:00:00+0000&duration=PT1H from server.
Fetching https://www.freeview.co.uk/api/program?sid=17&nid=64403&pid=crid://csi.digitaluk.co.uk/38a5dbed-e788-4726-8fce-fc5421f6c24c&start=2026-10-11T09:00:00+0000&duration=PT1H from server.
Fetching https://www.freeview.co.uk/api/program?sid=17&nid=64403&pid=crid://csi.digitaluk.co.uk/5c9037c5-9a62-4209-817e-1dcdbea0eb5a&start=2026-10-11T10:00:00+0000&duration=PT1H from server.
Fetching https://www.freeview.co.uk/api/program?sid=17&nid=64403&pid=crid://csi.digitaluk.co.uk/82d9e4f1-3712-4e03-92f0-1cb95ff9e70c&start=2026-10-11T11:00:00+0000&duration=PT1H from server.
Fetching https://www.freeview.co.uk/api/program?sid=17&nid=64403&pid=crid://csi.digitaluk.co.uk/e8141fe5-2f3c-4dcf-8b9d-c1b72ce5c54a&start=2026-10-11T12:00:00+0000&duration=PT1H from server.
Fetching https://www.freeview.co.uk/api/program?sid=17&nid=64403&pid=crid://csi.digitaluk.co.uk/7f8f0b60-6819-4a50-88ed-8de5767c915b&start=2026-10-11T13:00:00+0000&duration=PT1H from server.
Fetching https://www.freeview.co.uk/api/program?sid=17&nid=64403&pid=crid://csi.digitaluk.co.uk/41a32550-1e91-4bfa-b47b-20b8c1cfa9e4&start=2026-10-11T14:00:00+0000&duration=PT1H from server.
Fetching https://www.freeview.co.uk/api/program?sid=17&nid=64403&pid=crid://csi.digitaluk.co.uk/70c6be45-f257-470f-bc37-b9ff296e86c8&start=2026-10-11T15:00:00+0000&duration=PT1H from server.
Fetching https://www.freeview.co.uk/api/program?sid=17&nid=64403&pid=crid://csi.digitaluk.co.uk/acbabf01-1762-4520-a46a-c384314f51ad&start=2026-10-11T16:00:00+0000&duration=PT1H from server.
Fetching https://www.freeview.co.uk/api/program?sid=17&nid=64403&pid=crid://csi.digitaluk.co.uk/c17902ac-1405-4b37-9bc6-c3724c2091a4&start=2026-10-11T17:00:00+0000&duration=PT1H from server.
Fetching https://www.freeview.co.uk/api/program?sid=17&nid=64403&pid=crid://csi.digitaluk.co.uk/97c71ddb-ad19-423d-b6c5-bbb7e3ffdc37&start=2026-10-11T18:00:00+0000&duration=PT1H from server.
Fetching https://www.freeview.co.uk/api/program?sid=17&nid=64403&pid=crid://csi.digitaluk.co.uk/ed46b13a-c9dd-4ebc-beb6-707f051a9850&start=2026-10-11T19:00:00+0000&duration=PT1H from server.
Fetching https://www.freeview.co.uk/api/program?sid=17&nid=64403&pid=crid://csi.digitaluk.co.uk/9a0dcb3b-9634-4e55-a6b2-d4739aaf9dbb&start=2026-10-11T20:00:00+0000&duration=PT1H from server.
Fetching https://www.freeview.co.uk/api/program?sid=17&nid=64403&pid=crid://csi.digitaluk.co.uk/1a7542dd-cab7-44a5-9815-8532ccf0f63d&start=2026-10-11T21:00:00+0000&duration=PT1H from server.
Fetching https://www.freeview.co.uk/api/program?sid=17&nid=64403&pid=crid://csi.digitaluk.co.uk/06c8b6e8-c0fd-4f69-b0d2-8e106ad4497b&start=2026-10-11T22:00:00+0000&duration=PT1H from server.
Fetching https://www.freeview.co.uk/api/program?sid=17&nid=64403&pid=crid://csi.digitaluk.co.uk/fe2de07f-995f-4b57-9ede-5291478cea95&start=2026-10-11T23:00:00+0000&duration=PT1H from server.
### Wanted 8442 
Fetching https://www.freeview.co.uk/api/program?sid=18&nid=64403&pid=crid://csi.digitaluk.co.uk/8a21ea5e-17d4-4fa2-b527-00f9383bd5b6&start=2026-10-11T00:05:00+0000&duration=PT1H5M from server.
Fetching https://www.freeview.co.uk/api/program?sid=18&nid=64403&pid=crid://csi.digitaluk.co.uk/eec4b616-a29d-4aff-8fb2-44a44fb2df27&start=2026-10-11T01:10:00+0000&duration=PT1H5M from server.
Fetching https://www.freeview.co.uk/api/program?sid=18&nid=64403&pid=crid://csi.digitaluk.co.uk/9a92f4f0-1b68-4c49-a230-8845a37dbf52&start=2026-10-11T02:15:00+0000&duration=PT45M from server.
Fetching https://www.freeview.co.uk/api/program?sid=18&nid=64403&pid=crid://csi.digitaluk.co.uk/b8915d43-845f-40b4-a52c-e43d58b0b397&start=2026-10-11T03:00:00+0000&duration=PT3H from server.
Fetching https://www.freeview.co.uk/api/program?sid=18&nid=64403&pid=crid://csi.digitaluk.co.uk/18813020-9ce7-4635-b4a2-41bc0c0b0730&start=2026-10-11T06:00:00+0000&duration=PT1H55M from server.
Fetching https://www.freeview.co.uk/api/program?sid=18&nid=64403&pid=crid://csi.digitaluk.co.uk/8ae7d3c4-09ed-41af-a2e2-f716bc143737&start=2026-10-11T07:55:00+0000&duration=PT1H5M from server.
Fetching https://www.freeview.co.uk/api/program?sid=18&nid=64403&pid=crid://csi.digitaluk.co.uk/ab5d1b75-6772-4a37-bb69-9c5225ca2087&start=2026-10-11T09:00:00+0000&duration=PT1H from server.
Fetching https://www.freeview.co.uk/api/program?sid=18&nid=64403&pid=crid://csi.digitaluk.co.uk/989b839e-e8a8-43b1-8a81-de5d2207c7de&start=2026-10-11T10:00:00+0000&duration=PT1H from server.
Fetching https://www.freeview.co.uk/api/program?sid=18&nid=64403&pid=crid://csi.digitaluk.co.uk/6907741d-590c-47c6-9697-1b07489b37e6&start=2026-10-11T11:00:00+0000&duration=PT1H from server.
Fetching https://www.freeview.co.uk/api/program?sid=18&nid=64403&pid=crid://csi.digitaluk.co.uk/03eae52b-e036-4132-a2b8-921df672de6f&start=2026-10-11T12:00:00+0000&duration=PT1H from server.
Fetching https://www.freeview.co.uk/api/program?sid=18&nid=64403&pid=crid://csi.digitaluk.co.uk/6461d329-b217-4f96-a3bf-d2f820ba4c64&start=2026-10-11T13:00:00+0000&duration=PT1H from server.
Fetching https://www.freeview.co.uk/api/program?sid=18&nid=64403&pid=crid://csi.digitaluk.co.uk/7949aeec-c427-41d7-89cc-d771eb092d0b&start=2026-10-11T14:00:00+0000&duration=PT50M from server.
Fetching https://www.freeview.co.uk/api/program?sid=18&nid=64403&pid=crid://csi.digitaluk.co.uk/53228045-faec-4b68-bb0a-45ef4c85947d&start=2026-10-11T14:50:00+0000&duration=PT30M from server.
Fetching https://www.freeview.co.uk/api/program?sid=18&nid=64403&pid=crid://csi.digitaluk.co.uk/f7eaac3a-b1b4-4cfe-95a4-3eded54a64aa&start=2026-10-11T15:20:00+0000&duration=PT30M from server.
Fetching https://www.freeview.co.uk/api/program?sid=18&nid=64403&pid=crid://csi.digitaluk.co.uk/919fca19-17c4-4368-bc16-f5ab41c7e849&start=2026-10-11T15:50:00+0000&duration=PT30M from server.
Fetching https://www.freeview.co.uk/api/program?sid=18&nid=64403&pid=crid://csi.digitaluk.co.uk/250e9ac4-cd27-481f-a76c-dbba0d3db6fa&start=2026-10-11T16:20:00+0000&duration=PT35M from server.
Fetching https://www.freeview.co.uk/api/program?sid=18&nid=64403&pid=crid://csi.digitaluk.co.uk/d817977d-d198-454f-9088-a447b591f2bf&start=2026-10-11T16:55:00+0000&duration=PT30M from server.
Fetching https://www.freeview.co.uk/api/program?sid=18&nid=64403&pid=crid://csi.digitaluk.co.uk/733d4b78-1ad0-4813-810e-f9f801eb60ef&start=2026-10-11T17:25:00+0000&duration=PT30M from server.
Fetching https://www.freeview.co.uk/api/program?sid=18&nid=64403&pid=crid://csi.digitaluk.co.uk/03cf06ff-d02b-460e-87ff-882607672c7b&start=2026-10-11T17:55:00+0000&duration=PT30M from server.
Fetching https://www.freeview.co.uk/api/program?sid=18&nid=64403&pid=crid://csi.digitaluk.co.uk/6c236e22-fc59-4578-8959-68f5d3dc9518&start=2026-10-11T18:25:00+0000&duration=PT30M from server.
Fetching https://www.freeview.co.uk/api/program?sid=18&nid=64403&pid=crid://csi.digitaluk.co.uk/86f27d30-e04d-4e83-88e4-166a02df6b81&start=2026-10-11T18:55:00+0000&duration=PT35M from server.
Fetching https://www.freeview.co.uk/api/program?sid=18&nid=64403&pid=crid://csi.digitaluk.co.uk/e801efed-4e2c-4ee1-a7ab-fb42adf087d5&start=2026-10-11T19:30:00+0000&duration=PT30M from server.
Fetching https://www.freeview.co.uk/api/program?sid=18&nid=64403&pid=crid://movida.bebanjo.net/mas/version/77858/009/ASDELIVERED/C&start=2026-10-11T20:00:00+0000&duration=PT1H from server.
Fetching https://www.freeview.co.uk/api/program?sid=18&nid=64403&pid=crid://csi.digitaluk.co.uk/452568f3-c94a-4a7e-9ee6-a3366173b8e4&start=2026-10-11T21:00:00+0000&duration=PT1H5M from server.
Fetching https://www.freeview.co.uk/api/program?sid=18&nid=64403&pid=crid://csi.digitaluk.co.uk/9758d134-a7f0-49c6-b7da-d10a24160340&start=2026-10-11T22:05:00+0000&duration=PT1H from server.
Fetching https://www.freeview.co.uk/api/program?sid=18&nid=64403&pid=crid://csi.digitaluk.co.uk/766b4a60-1344-460e-9b6c-56ab06b4b09c&start=2026-10-11T23:05:00+0000&duration=PT1H5M from server.
## Wanted 12992 
Fetching https://www.freeview.co.uk/api/program?sid=21&nid=64403&pid=crid://panorama.five.tv/versions/C5539260009A&start=2026-10-11T00:55:00+0000&duration=PT1H from server.
Fetching https://www.freeview.co.uk/api/program?sid=21&nid=64403&pid=crid://panorama.five.tv/versions/C5539260010A&start=2026-10-11T01:55:00+0000&duration=PT55M from server.
Fetching https://www.freeview.co.uk/api/program?sid=21&nid=64403&pid=crid://panorama.five.tv/versions/C5522700042A&start=2026-10-11T02:50:00+0000&duration=PT10M from server.
Fetching https://www.freeview.co.uk/api/program?sid=21&nid=64403&pid=crid://panorama.five.tv/versions/C5266540001A&start=2026-10-11T03:00:00+0000&duration=PT2H from server.
Fetching https://www.freeview.co.uk/api/program?sid=21&nid=64403&pid=crid://panorama.five.tv/versions/C5474060001A&start=2026-10-11T05:00:00+0000&duration=PT3H from server.
Fetching https://www.freeview.co.uk/api/program?sid=21&nid=64403&pid=crid://panorama.five.tv/versions/C5522700042A&start=2026-10-11T08:00:00+0000&duration=PT10M from server.
Fetching https://www.freeview.co.uk/api/program?sid=21&nid=64403&pid=crid://panorama.five.tv/versions/C5526200033A&start=2026-10-11T08:10:00+0000&duration=PT20M from server.
Fetching https://www.freeview.co.uk/api/program?sid=21&nid=64403&pid=crid://panorama.five.tv/versions/C5479960013A&start=2026-10-11T08:30:00+0000&duration=PT55M from server.
Fetching https://www.freeview.co.uk/api/program?sid=21&nid=64403&pid=crid://panorama.five.tv/versions/C5479960014A&start=2026-10-11T09:25:00+0000&duration=PT55M from server.
Fetching https://www.freeview.co.uk/api/program?sid=21&nid=64403&pid=crid://panorama.five.tv/versions/C5479960015A&start=2026-10-11T10:20:00+0000&duration=PT1H from server.
Fetching https://www.freeview.co.uk/api/program?sid=21&nid=64403&pid=crid://panorama.five.tv/versions/C5085220001F&start=2026-10-11T11:20:00+0000&duration=PT1H45M from server.
Fetching https://www.freeview.co.uk/api/program?sid=21&nid=64403&pid=crid://panorama.five.tv/versions/C5167100001A&start=2026-10-11T13:05:00+0000&duration=PT1H55M from server.
Fetching https://www.freeview.co.uk/api/program?sid=21&nid=64403&pid=crid://panorama.five.tv/versions/C5085380001E&start=2026-10-11T15:00:00+0000&duration=PT1H55M from server.
Fetching https://www.freeview.co.uk/api/program?sid=21&nid=64403&pid=crid://panorama.five.tv/versions/C5068020001D&start=2026-10-11T16:55:00+0000&duration=PT2H5M from server.
Fetching https://www.freeview.co.uk/api/program?sid=21&nid=64403&pid=crid://panorama.five.tv/versions/C5084500001C&start=2026-10-11T19:00:00+0000&duration=PT2H from server.
Fetching https://www.freeview.co.uk/api/program?sid=21&nid=64403&pid=crid://panorama.five.tv/versions/C5463880019A&start=2026-10-11T21:00:00+0000&duration=PT1H from server.
Fetching https://www.freeview.co.uk/api/program?sid=21&nid=64403&pid=crid://panorama.five.tv/versions/C5463880020A&start=2026-10-11T22:00:00+0000&duration=PT1H from server.
Fetching https://www.freeview.co.uk/api/program?sid=21&nid=64403&pid=crid://panorama.five.tv/versions/C5463880007A&start=2026-10-11T23:00:00+0000&duration=PT1H from server.
### Wanted 12928 
Fetching https://www.freeview.co.uk/api/program?sid=32&nid=64403&pid=crid://panorama.five.tv/versions/C5429820001D&start=2026-10-11T00:15:00+0000&duration=PT55M from server.
Fetching https://www.freeview.co.uk/api/program?sid=32&nid=64403&pid=crid://panorama.five.tv/versions/C5429820002D&start=2026-10-11T01:10:00+0000&duration=PT50M from server.
Fetching https://www.freeview.co.uk/api/program?sid=32&nid=64403&pid=crid://panorama.five.tv/versions/C5491950005A&start=2026-10-11T02:00:00+0000&duration=PT50M from server.
Fetching https://www.freeview.co.uk/api/program?sid=32&nid=64403&pid=crid://panorama.five.tv/versions/C5522700042A&start=2026-10-11T02:50:00+0000&duration=PT10M from server.
Fetching https://www.freeview.co.uk/api/program?sid=32&nid=64403&pid=crid://panorama.five.tv/versions/C5266540001A&start=2026-10-11T03:00:00+0000&duration=PT2H from server.
Fetching https://www.freeview.co.uk/api/program?sid=32&nid=64403&pid=crid://panorama.five.tv/versions/C5266540001A&start=2026-10-11T05:00:00+0000&duration=PT1H from server.
Fetching https://www.freeview.co.uk/api/program?sid=32&nid=64403&pid=crid://panorama.five.tv/versions/C5538100001A&start=2026-10-11T06:00:00+0000&duration=PT30M from server.
Fetching https://www.freeview.co.uk/api/program?sid=32&nid=64403&pid=crid://panorama.five.tv/versions/C5538120001A&start=2026-10-11T06:30:00+0000&duration=PT30M from server.
Fetching https://www.freeview.co.uk/api/program?sid=32&nid=64403&pid=crid://panorama.five.tv/versions/C5215500003A&start=2026-10-11T07:00:00+0000&duration=PT1H from server.
Fetching https://www.freeview.co.uk/api/program?sid=32&nid=64403&pid=crid://panorama.five.tv/versions/C5215500004B&start=2026-10-11T08:00:00+0000&duration=PT1H from server.
Fetching https://www.freeview.co.uk/api/program?sid=32&nid=64403&pid=crid://panorama.five.tv/versions/C5526980006A&start=2026-10-11T09:00:00+0000&duration=PT1H from server.
Fetching https://www.freeview.co.uk/api/program?sid=32&nid=64403&pid=crid://panorama.five.tv/versions/C5526980007B&start=2026-10-11T10:00:00+0000&duration=PT1H from server.
Fetching https://www.freeview.co.uk/api/program?sid=32&nid=64403&pid=crid://panorama.five.tv/versions/C5526980008B&start=2026-10-11T11:00:00+0000&duration=PT1H from server.
Fetching https://www.freeview.co.uk/api/program?sid=32&nid=64403&pid=crid://panorama.five.tv/versions/C5268840013D&start=2026-10-11T12:00:00+0000&duration=PT1H from server.
Fetching https://www.freeview.co.uk/api/program?sid=32&nid=64403&pid=crid://panorama.five.tv/versions/C5268840015D&start=2026-10-11T13:00:00+0000&duration=PT1H from server.
Fetching https://www.freeview.co.uk/api/program?sid=32&nid=64403&pid=crid://panorama.five.tv/versions/C5268840016F&start=2026-10-11T14:00:00+0000&duration=PT1H from server.
Fetching https://www.freeview.co.uk/api/program?sid=32&nid=64403&pid=crid://panorama.five.tv/versions/C5268840017E&start=2026-10-11T15:00:00+0000&duration=PT1H from server.
Fetching https://www.freeview.co.uk/api/program?sid=32&nid=64403&pid=crid://panorama.five.tv/versions/C5278170001F&start=2026-10-11T16:00:00+0000&duration=PT1H from server.
Fetching https://www.freeview.co.uk/api/program?sid=32&nid=64403&pid=crid://panorama.five.tv/versions/C5278170002D&start=2026-10-11T17:00:00+0000&duration=PT1H from server.
Fetching https://www.freeview.co.uk/api/program?sid=32&nid=64403&pid=crid://panorama.five.tv/versions/C5278170004G&start=2026-10-11T18:00:00+0000&duration=PT1H from server.
Fetching https://www.freeview.co.uk/api/program?sid=32&nid=64403&pid=crid://panorama.five.tv/versions/C5278170003D&start=2026-10-11T19:00:00+0000&duration=PT1H from server.
Fetching https://www.freeview.co.uk/api/program?sid=32&nid=64403&pid=crid://panorama.five.tv/versions/C5524740002A&start=2026-10-11T20:00:00+0000&duration=PT1H from server.
Fetching https://www.freeview.co.uk/api/program?sid=32&nid=64403&pid=crid://panorama.five.tv/versions/C5455390014B&start=2026-10-11T21:00:00+0000&duration=PT1H from server.
Fetching https://www.freeview.co.uk/api/program?sid=32&nid=64403&pid=crid://panorama.five.tv/versions/C5519880002A&start=2026-10-11T22:00:00+0000&duration=PT1H from server.
Fetching https://www.freeview.co.uk/api/program?sid=32&nid=64403&pid=crid://panorama.five.tv/versions/C5488590001C&start=2026-10-11T23:00:00+0000&duration=PT1H from server.
## Wanted 16112 
Fetching https://www.freeview.co.uk/api/program?sid=33&nid=64403&pid=crid://panorama.five.tv/versions/C5213950016A&start=2026-10-11T00:15:00+0000&duration=PT55M from server.
Fetching https://www.freeview.co.uk/api/program?sid=33&nid=64403&pid=crid://panorama.five.tv/versions/C5213950017A&start=2026-10-11T01:10:00+0000&duration=PT55M from server.
Fetching https://www.freeview.co.uk/api/program?sid=33&nid=64403&pid=crid://panorama.five.tv/versions/C5504200006B&start=2026-10-11T02:05:00+0000&duration=PT30M from server.
Fetching https://www.freeview.co.uk/api/program?sid=33&nid=64403&pid=crid://panorama.five.tv/versions/C5504200008B&start=2026-10-11T02:35:00+0000&duration=PT20M from server.
Fetching https://www.freeview.co.uk/api/program?sid=33&nid=64403&pid=crid://panorama.five.tv/versions/C5522900200A&start=2026-10-11T02:55:00+0000&duration=PT5M from server.
Fetching https://www.freeview.co.uk/api/program?sid=33&nid=64403&pid=crid://panorama.five.tv/versions/C5340000001A&start=2026-10-11T03:00:00+0000&duration=PT2H from server.
Fetching https://www.freeview.co.uk/api/program?sid=33&nid=64403&pid=crid://panorama.five.tv/versions/C5266540001A&start=2026-10-11T05:00:00+0000&duration=PT1H from server.
Fetching https://www.freeview.co.uk/api/program?sid=33&nid=64403&pid=crid://panorama.five.tv/versions/C5349600001A&start=2026-10-11T06:00:00+0000&duration=PT1H from server.
Fetching https://www.freeview.co.uk/api/program?sid=33&nid=64403&pid=crid://panorama.five.tv/versions/C5349600001A&start=2026-10-11T07:00:00+0000&duration=PT1H from server.
Fetching https://www.freeview.co.uk/api/program?sid=33&nid=64403&pid=crid://panorama.five.tv/versions/C5522880041A&start=2026-10-11T08:00:00+0000&duration=PT5M from server.
Fetching https://www.freeview.co.uk/api/program?sid=33&nid=64403&pid=crid://panorama.five.tv/versions/C5168100011A&start=2026-10-11T08:05:00+0000&duration=PT1H from server.
Fetching https://www.freeview.co.uk/api/program?sid=33&nid=64403&pid=crid://panorama.five.tv/versions/C5168100012B&start=2026-10-11T09:05:00+0000&duration=PT1H from server.
Fetching https://www.freeview.co.uk/api/program?sid=33&nid=64403&pid=crid://panorama.five.tv/versions/C5213640001B&start=2026-10-11T10:05:00+0000&duration=PT55M from server.
Fetching https://www.freeview.co.uk/api/program?sid=33&nid=64403&pid=crid://panorama.five.tv/versions/C5213640002B&start=2026-10-11T11:00:00+0000&duration=PT1H from server.
Fetching https://www.freeview.co.uk/api/program?sid=33&nid=64403&pid=crid://panorama.five.tv/versions/C5517180001B&start=2026-10-11T12:00:00+0000&duration=PT1H5M from server.
Fetching https://www.freeview.co.uk/api/program?sid=33&nid=64403&pid=crid://panorama.five.tv/versions/C5522900205A&start=2026-10-11T13:05:00+0000&duration=PT5M from server.
Fetching https://www.freeview.co.uk/api/program?sid=33&nid=64403&pid=crid://panorama.five.tv/versions/C5517180001B&start=2026-10-11T13:10:00+0000&duration=PT50M from server.
Fetching https://www.freeview.co.uk/api/program?sid=33&nid=64403&pid=crid://panorama.five.tv/versions/C5027570001E&start=2026-10-11T14:00:00+0000&duration=PT1H from server.
Fetching https://www.freeview.co.uk/api/program?sid=33&nid=64403&pid=crid://panorama.five.tv/versions/C5522900205A&start=2026-10-11T15:00:00+0000&duration=PT5M from server.
Fetching https://www.freeview.co.uk/api/program?sid=33&nid=64403&pid=crid://panorama.five.tv/versions/C5027570001E&start=2026-10-11T15:05:00+0000&duration=PT1H10M from server.
Fetching https://www.freeview.co.uk/api/program?sid=33&nid=64403&pid=crid://panorama.five.tv/versions/C5522700041A&start=2026-10-11T16:15:00+0000&duration=PT15M from server.
Fetching https://www.freeview.co.uk/api/program?sid=33&nid=64403&pid=crid://panorama.five.tv/versions/C5540880005A&start=2026-10-11T16:30:00+0000&duration=PT3H30M from server.
Fetching https://www.freeview.co.uk/api/program?sid=33&nid=64403&pid=crid://panorama.five.tv/versions/C5526200011A&start=2026-10-11T20:00:00+0000&duration=PT30M from server.
Fetching https://www.freeview.co.uk/api/program?sid=33&nid=64403&pid=crid://panorama.five.tv/versions/C5526200012A&start=2026-10-11T20:30:00+0000&duration=PT30M from server.
Fetching https://www.freeview.co.uk/api/program?sid=33&nid=64403&pid=crid://panorama.five.tv/versions/C5494030001B&start=2026-10-11T21:00:00+0000&duration=PT1H50M from server.
Fetching https://www.freeview.co.uk/api/program?sid=33&nid=64403&pid=crid://panorama.five.tv/versions/C5492440002A&start=2026-10-11T22:50:00+0000&duration=PT1H from server.
Fetching https://www.freeview.co.uk/api/program?sid=33&nid=64403&pid=crid://panorama.five.tv/versions/C5498000001A&start=2026-10-11T23:50:00+0000&duration=PT1H35M from server.
### Wanted 8373 
Fetching https://www.freeview.co.uk/api/program?sid=35&nid=64403&pid=crid://csi.digitaluk.co.uk/3b3e7aec-e072-4c52-ada5-1463a2e2485e&start=2026-10-11T00:35:00+0000&duration=PT2H25M from server.
Fetching https://www.freeview.co.uk/api/program?sid=35&nid=64403&pid=crid://csi.digitaluk.co.uk/720c2161-76bf-4bfa-8290-24a380f854ab&start=2026-10-11T03:00:00+0000&duration=PT25M from server.
Fetching https://www.freeview.co.uk/api/program?sid=35&nid=64403&pid=crid://csi.digitaluk.co.uk/52376500-3b9f-49fb-bbee-68418e0b47c0&start=2026-10-11T03:25:00+0000&duration=PT25M from server.
Fetching https://www.freeview.co.uk/api/program?sid=35&nid=64403&pid=crid://csi.digitaluk.co.uk/4c496bd7-b401-4486-8a8b-2950e2d49e19&start=2026-10-11T03:50:00+0000&duration=PT1H15M from server.
Fetching https://www.freeview.co.uk/api/program?sid=35&nid=64403&pid=crid://csi.digitaluk.co.uk/28aa1b73-3d2b-4a1d-b74e-12981668166c&start=2026-10-11T05:05:00+0000&duration=PT55M from server.
Fetching https://www.freeview.co.uk/api/program?sid=35&nid=64403&pid=crid://csi.digitaluk.co.uk/2c3744ba-15fd-479b-896e-521a25266bdf&start=2026-10-11T06:00:00+0000&duration=PT1H from server.
Fetching https://www.freeview.co.uk/api/program?sid=35&nid=64403&pid=crid://csi.digitaluk.co.uk/f6e15fbd-e21e-490e-a383-a3f57d3e60f3&start=2026-10-11T07:00:00+0000&duration=PT2H25M from server.
Fetching https://www.freeview.co.uk/api/program?sid=35&nid=64403&pid=crid://csi.digitaluk.co.uk/f0ada27c-e805-4704-ae18-d794c22caf0a&start=2026-10-11T09:25:00+0000&duration=PT5M from server.
Fetching https://www.freeview.co.uk/api/program?sid=35&nid=64403&pid=crid://www.stv.tv/programInformation/234777&start=2026-10-11T09:30:00+0000&duration=PT2H from server.
Fetching https://www.freeview.co.uk/api/program?sid=35&nid=64403&pid=crid://csi.digitaluk.co.uk/3c575705-d9ab-43f4-ba3c-8deecf9107be&start=2026-10-11T11:30:00+0000&duration=PT2H55M from server.
Fetching https://www.freeview.co.uk/api/program?sid=35&nid=64403&pid=crid://csi.digitaluk.co.uk/9324f12b-11c7-4e75-8242-c7a0a4021aaf&start=2026-10-11T14:25:00+0000&duration=PT25M from server.
Fetching https://www.freeview.co.uk/api/program?sid=35&nid=64403&pid=crid://csi.digitaluk.co.uk/0d9d6a94-237e-491f-820f-f47c2ef66d2a&start=2026-10-11T14:50:00+0000&duration=PT30M from server.
Fetching https://www.freeview.co.uk/api/program?sid=35&nid=64403&pid=crid://csi.digitaluk.co.uk/c44e399b-37ab-4efb-a0e5-cac43e18965c&start=2026-10-11T15:20:00+0000&duration=PT2H20M from server.
Fetching https://www.freeview.co.uk/api/program?sid=35&nid=64403&pid=crid://csi.digitaluk.co.uk/23787343-b11d-4452-b960-1d4af16c53dd&start=2026-10-11T17:40:00+0000&duration=PT50M from server.
Fetching https://www.freeview.co.uk/api/program?sid=35&nid=64403&pid=crid://csi.digitaluk.co.uk/2f0cb5dd-8a2d-4936-9d7e-d6598151dfb2&start=2026-10-11T18:30:00+0000&duration=PT15M from server.
Fetching https://www.freeview.co.uk/api/program?sid=35&nid=64403&pid=crid://csi.digitaluk.co.uk/fcbeb64e-5beb-4198-bca4-f0feb3b53391&start=2026-10-11T18:45:00+0000&duration=PT15M from server.
Fetching https://www.freeview.co.uk/api/program?sid=35&nid=64403&pid=crid://www.stv.tv/programInformation/234778&start=2026-10-11T19:00:00+0000&duration=PT1H from server.
Fetching https://www.freeview.co.uk/api/program?sid=35&nid=64403&pid=crid://www.stv.tv/programInformation/234759&start=2026-10-11T20:00:00+0000&duration=PT30M from server.
Fetching https://www.freeview.co.uk/api/program?sid=35&nid=64403&pid=crid://www.stv.tv/programInformation/234752&start=2026-10-11T20:30:00+0000&duration=PT30M from server.
Fetching https://www.freeview.co.uk/api/program?sid=35&nid=64403&pid=crid://csi.digitaluk.co.uk/e5528f3c-264b-4d3e-9f48-bb0e0726b34f&start=2026-10-11T21:00:00+0000&duration=PT1H from server.
Fetching https://www.freeview.co.uk/api/program?sid=35&nid=64403&pid=crid://csi.digitaluk.co.uk/42ef5f40-ff03-4b3a-a3b3-8df55078941a&start=2026-10-11T22:00:00+0000&duration=PT20M from server.
Fetching https://www.freeview.co.uk/api/program?sid=35&nid=64403&pid=crid://csi.digitaluk.co.uk/a05da814-8154-4582-82c3-7abb8e7d1599&start=2026-10-11T22:20:00+0000&duration=PT1H20M from server.
Fetching https://www.freeview.co.uk/api/program?sid=35&nid=64403&pid=crid://csi.digitaluk.co.uk/f0d245be-7742-4ff5-b2e6-464fb6d03e44&start=2026-10-11T23:40:00+0000&duration=PT1H5M from server.
## Wanted 27680 
Fetching https://www.freeview.co.uk/api/program?sid=39&nid=64403&pid=crid://csi.digitaluk.co.uk/23a26b0e-259b-48ae-977f-786ea1281a1d&start=2026-10-11T00:00:00+0000&duration=PT1H from server.
Fetching https://www.freeview.co.uk/api/program?sid=39&nid=64403&pid=crid://csi.digitaluk.co.uk/281ee332-b203-4ffd-b9d9-428927f4bfee&start=2026-10-11T01:00:00+0000&duration=PT30M from server.
Fetching https://www.freeview.co.uk/api/program?sid=39&nid=64403&pid=crid://csi.digitaluk.co.uk/67a7ed23-9eba-4606-805c-f198de60cea5&start=2026-10-11T01:30:00+0000&duration=PT30M from server.
Fetching https://www.freeview.co.uk/api/program?sid=39&nid=64403&pid=crid://csi.digitaluk.co.uk/1bfa403e-70f5-4cb1-a243-1b63d5b5a539&start=2026-10-11T02:00:00+0000&duration=PT30M from server.
Fetching https://www.freeview.co.uk/api/program?sid=39&nid=64403&pid=crid://csi.digitaluk.co.uk/751edb23-d423-4ced-89f0-b76499655776&start=2026-10-11T02:30:00+0000&duration=PT30M from server.
Fetching https://www.freeview.co.uk/api/program?sid=39&nid=64403&pid=crid://csi.digitaluk.co.uk/94b6e7ba-61aa-418e-90fa-28eb12427728&start=2026-10-11T03:00:00+0000&duration=PT30M from server.
Fetching https://www.freeview.co.uk/api/program?sid=39&nid=64403&pid=crid://csi.digitaluk.co.uk/f0f2dc1e-6fea-43b3-be99-d8471bd9d1ee&start=2026-10-11T03:30:00+0000&duration=PT30M from server.
Fetching https://www.freeview.co.uk/api/program?sid=39&nid=64403&pid=crid://csi.digitaluk.co.uk/4b7172fe-a2d3-45dc-853e-26969b049e0e&start=2026-10-11T04:00:00+0000&duration=PT30M from server.
Fetching https://www.freeview.co.uk/api/program?sid=39&nid=64403&pid=crid://csi.digitaluk.co.uk/4f6603ee-40d0-4204-9ad0-3f354234ef37&start=2026-10-11T04:30:00+0000&duration=PT30M from server.
Fetching https://www.freeview.co.uk/api/program?sid=39&nid=64403&pid=crid://csi.digitaluk.co.uk/fe795933-1639-4cce-a67f-d72feea80d0d&start=2026-10-11T05:00:00+0000&duration=PT1H from server.
Fetching https://www.freeview.co.uk/api/program?sid=39&nid=64403&pid=crid://csi.digitaluk.co.uk/9f6cd104-0524-4432-9ca0-e51d2d541c40&start=2026-10-11T06:00:00+0000&duration=PT1H from server.
Fetching https://www.freeview.co.uk/api/program?sid=39&nid=64403&pid=crid://csi.digitaluk.co.uk/4fe5b1ea-a4ec-4573-80ed-a4df10772b1e&start=2026-10-11T07:00:00+0000&duration=PT1H from server.
Fetching https://www.freeview.co.uk/api/program?sid=39&nid=64403&pid=crid://csi.digitaluk.co.uk/9f02d07b-5b99-42df-847b-3df63d3a5fb9&start=2026-10-11T08:00:00+0000&duration=PT1H from server.
Fetching https://www.freeview.co.uk/api/program?sid=39&nid=64403&pid=crid://csi.digitaluk.co.uk/973670fb-28c6-49ea-941b-22a1cf8f84a4&start=2026-10-11T09:00:00+0000&duration=PT1H from server.
Fetching https://www.freeview.co.uk/api/program?sid=39&nid=64403&pid=crid://csi.digitaluk.co.uk/cd9b2454-42c6-4fec-99b4-69af9bd17832&start=2026-10-11T10:00:00+0000&duration=PT1H from server.
Fetching https://www.freeview.co.uk/api/program?sid=39&nid=64403&pid=crid://csi.digitaluk.co.uk/1c1c2818-cff9-4eb2-8b2c-f992397d8c1e&start=2026-10-11T11:00:00+0000&duration=PT1H from server.
Fetching https://www.freeview.co.uk/api/program?sid=39&nid=64403&pid=crid://csi.digitaluk.co.uk/98ca6d5b-b37e-4eac-ab8d-2eeee406fd1d&start=2026-10-11T12:00:00+0000&duration=PT1H from server.
Fetching https://www.freeview.co.uk/api/program?sid=39&nid=64403&pid=crid://csi.digitaluk.co.uk/c0e2eff2-164a-4ce6-93d1-34ef7fc2869d&start=2026-10-11T13:00:00+0000&duration=PT1H from server.
Fetching https://www.freeview.co.uk/api/program?sid=39&nid=64403&pid=crid://csi.digitaluk.co.uk/ced8458e-1f0f-458c-be1c-ab27901a518f&start=2026-10-11T14:00:00+0000&duration=PT1H from server.
Fetching https://www.freeview.co.uk/api/program?sid=39&nid=64403&pid=crid://csi.digitaluk.co.uk/510b1f13-a05d-4a85-81d5-bd1b473bdb74&start=2026-10-11T15:00:00+0000&duration=PT1H from server.
Fetching https://www.freeview.co.uk/api/program?sid=39&nid=64403&pid=crid://csi.digitaluk.co.uk/5957bcb8-7c4d-491b-84bd-bd3dba53b6a0&start=2026-10-11T16:00:00+0000&duration=PT1H from server.
Fetching https://www.freeview.co.uk/api/program?sid=39&nid=64403&pid=crid://csi.digitaluk.co.uk/834fcbe0-a358-40d1-816a-cff7fd6156d6&start=2026-10-11T17:00:00+0000&duration=PT1H from server.
Fetching https://www.freeview.co.uk/api/program?sid=39&nid=64403&pid=crid://csi.digitaluk.co.uk/670dd25e-2170-40f4-a06c-ee0b9d5a1f5a&start=2026-10-11T18:00:00+0000&duration=PT1H from server.
Fetching https://www.freeview.co.uk/api/program?sid=39&nid=64403&pid=crid://csi.digitaluk.co.uk/737c8a3c-1a9c-4797-bcda-6e9425777a11&start=2026-10-11T19:00:00+0000&duration=PT1H from server.
Fetching https://www.freeview.co.uk/api/program?sid=39&nid=64403&pid=crid://csi.digitaluk.co.uk/e80b9cf3-30de-4374-8812-a703818ac308&start=2026-10-11T20:00:00+0000&duration=PT2H from server.
Fetching https://www.freeview.co.uk/api/program?sid=39&nid=64403&pid=crid://csi.digitaluk.co.uk/5944ccfc-e716-41b7-be11-8300e1b1c489&start=2026-10-11T22:00:00+0000&duration=PT1H from server.
Fetching https://www.freeview.co.uk/api/program?sid=39&nid=64403&pid=crid://csi.digitaluk.co.uk/1129e92c-4d08-4621-8024-cc5d70d4cb32&start=2026-10-11T23:00:00+0000&duration=PT1H from server.
### Wanted 23744 
Fetching https://www.freeview.co.uk/api/program?sid=40&nid=64403&pid=crid://csi.digitaluk.co.uk/66775c49-d59d-4f30-a26c-7a78bc6c83df&start=2026-10-11T00:00:00+0000&duration=PT1H from server.
Fetching https://www.freeview.co.uk/api/program?sid=40&nid=64403&pid=crid://csi.digitaluk.co.uk/33501506-7c35-4d6e-b783-18335c75c870&start=2026-10-11T01:00:00+0000&duration=PT1H from server.
Fetching https://www.freeview.co.uk/api/program?sid=40&nid=64403&pid=crid://csi.digitaluk.co.uk/aba28fa0-1e5b-4018-81a4-db4ce42bd70a&start=2026-10-11T02:00:00+0000&duration=PT1H from server.
Fetching https://www.freeview.co.uk/api/program?sid=40&nid=64403&pid=crid://csi.digitaluk.co.uk/0aabec8e-ed5f-402b-9cb9-4d1888bdf27c&start=2026-10-11T03:00:00+0000&duration=PT30M from server.
Fetching https://www.freeview.co.uk/api/program?sid=40&nid=64403&pid=crid://csi.digitaluk.co.uk/95575759-9192-4f97-a6cd-19d393ff58bc&start=2026-10-11T03:30:00+0000&duration=PT30M from server.
Fetching https://www.freeview.co.uk/api/program?sid=40&nid=64403&pid=crid://csi.digitaluk.co.uk/2ffff472-5dd4-4080-a8ee-bf32856a85e4&start=2026-10-11T04:00:00+0000&duration=PT30M from server.
Fetching https://www.freeview.co.uk/api/program?sid=40&nid=64403&pid=crid://csi.digitaluk.co.uk/d94bb562-444a-4aae-8e25-4797e8f6bb48&start=2026-10-11T04:30:00+0000&duration=PT30M from server.
Fetching https://www.freeview.co.uk/api/program?sid=40&nid=64403&pid=crid://csi.digitaluk.co.uk/491f4ba8-7ee9-4d9c-aa1f-59cc327e2d06&start=2026-10-11T05:00:00+0000&duration=PT30M from server.
Fetching https://www.freeview.co.uk/api/program?sid=40&nid=64403&pid=crid://csi.digitaluk.co.uk/a93f0ab6-abb1-4ece-9701-6f7fdc598abf&start=2026-10-11T05:30:00+0000&duration=PT30M from server.
Fetching https://www.freeview.co.uk/api/program?sid=40&nid=64403&pid=crid://csi.digitaluk.co.uk/6f74cc40-d337-4c60-9e6b-ae547105a77c&start=2026-10-11T06:00:00+0000&duration=PT1H from server.
Fetching https://www.freeview.co.uk/api/program?sid=40&nid=64403&pid=crid://csi.digitaluk.co.uk/6e22b3b9-233a-4a52-9fb3-dd1a98a8bd0f&start=2026-10-11T07:00:00+0000&duration=PT30M from server.
Fetching https://www.freeview.co.uk/api/program?sid=40&nid=64403&pid=crid://csi.digitaluk.co.uk/a7d48aa9-7184-48c5-b8af-e332097346b2&start=2026-10-11T07:30:00+0000&duration=PT30M from server.
Fetching https://www.freeview.co.uk/api/program?sid=40&nid=64403&pid=crid://csi.digitaluk.co.uk/3850d98b-a526-4748-b0d4-869589f44d61&start=2026-10-11T08:00:00+0000&duration=PT30M from server.
Fetching https://www.freeview.co.uk/api/program?sid=40&nid=64403&pid=crid://csi.digitaluk.co.uk/82d80857-3a24-44fe-b994-b3ca18f3005b&start=2026-10-11T08:30:00+0000&duration=PT30M from server.
Fetching https://www.freeview.co.uk/api/program?sid=40&nid=64403&pid=crid://csi.digitaluk.co.uk/7dda7dbf-49e3-499a-9cce-32a679fe32b9&start=2026-10-11T09:00:00+0000&duration=PT1H from server.
Fetching https://www.freeview.co.uk/api/program?sid=40&nid=64403&pid=crid://csi.digitaluk.co.uk/78a6fac2-dca9-4c5c-bdcf-5339a7ff9c41&start=2026-10-11T10:00:00+0000&duration=PT1H from server.
Fetching https://www.freeview.co.uk/api/program?sid=40&nid=64403&pid=crid://csi.digitaluk.co.uk/36b5315f-ac3f-4c29-8fbc-d64405400c35&start=2026-10-11T11:00:00+0000&duration=PT1H from server.
Fetching https://www.freeview.co.uk/api/program?sid=40&nid=64403&pid=crid://csi.digitaluk.co.uk/4adae682-e46e-4c3a-b5ae-91752e8aa46e&start=2026-10-11T12:00:00+0000&duration=PT1H from server.
Fetching https://www.freeview.co.uk/api/program?sid=40&nid=64403&pid=crid://csi.digitaluk.co.uk/402b5068-0815-48e8-becb-4c96022450b3&start=2026-10-11T13:00:00+0000&duration=PT1H from server.
Fetching https://www.freeview.co.uk/api/program?sid=40&nid=64403&pid=crid://csi.digitaluk.co.uk/5863564f-1571-49e5-88d0-9d29d3b324f8&start=2026-10-11T14:00:00+0000&duration=PT1H from server.
Fetching https://www.freeview.co.uk/api/program?sid=40&nid=64403&pid=crid://csi.digitaluk.co.uk/7b7c6ed3-faf2-4fa5-9d24-1b38d000911c&start=2026-10-11T15:00:00+0000&duration=PT1H from server.
Fetching https://www.freeview.co.uk/api/program?sid=40&nid=64403&pid=crid://csi.digitaluk.co.uk/d200fd70-2237-4f41-bc12-4880c711d732&start=2026-10-11T16:00:00+0000&duration=PT1H from server.
Fetching https://www.freeview.co.uk/api/program?sid=40&nid=64403&pid=crid://csi.digitaluk.co.uk/e277b89a-922c-4d5a-892a-e33e224e3f28&start=2026-10-11T17:00:00+0000&duration=PT1H from server.
Fetching https://www.freeview.co.uk/api/program?sid=40&nid=64403&pid=crid://csi.digitaluk.co.uk/e8ca3592-cabb-4027-8c37-ec3a4c607e70&start=2026-10-11T18:00:00+0000&duration=PT1H from server.
Fetching https://www.freeview.co.uk/api/program?sid=40&nid=64403&pid=crid://csi.digitaluk.co.uk/e1e731db-c7c7-4b8d-9fa1-82b403f10d0d&start=2026-10-11T19:00:00+0000&duration=PT1H from server.
Fetching https://www.freeview.co.uk/api/program?sid=40&nid=64403&pid=crid://csi.digitaluk.co.uk/59ee2c2f-8c9d-42be-a15a-f73136c5a937&start=2026-10-11T20:00:00+0000&duration=PT1H from server.
Fetching https://www.freeview.co.uk/api/program?sid=40&nid=64403&pid=crid://csi.digitaluk.co.uk/7d77b99f-1efb-4a7f-8d20-fd5c491ba30d&start=2026-10-11T21:00:00+0000&duration=PT1H from server.
Fetching https://www.freeview.co.uk/api/program?sid=40&nid=64403&pid=crid://csi.digitaluk.co.uk/86a954b0-69b7-4f90-a3a8-058ee1942904&start=2026-10-11T22:00:00+0000&duration=PT1H from server.
Fetching https://www.freeview.co.uk/api/program?sid=40&nid=64403&pid=crid://csi.digitaluk.co.uk/ba3d05d8-7582-43ea-8733-9a2ca7564601&start=2026-10-11T23:00:00+0000&duration=PT1H from server.
## Wanted 23040 
Fetching https://www.freeview.co.uk/api/program?sid=43&nid=64403&pid=crid://csi.digitaluk.co.uk/d25e4c11-96ad-4a29-a1f4-1449c770caa4&start=2026-10-11T00:00:00+0000&duration=PT30M from server.
Fetching https://www.freeview.co.uk/api/program?sid=43&nid=64403&pid=crid://csi.digitaluk.co.uk/b842d5dd-2f3e-4a3f-9e47-6b3dbd0dd611&start=2026-10-11T00:30:00+0000&duration=PT30M from server.
Fetching https://www.freeview.co.uk/api/program?sid=43&nid=64403&pid=crid://csi.digitaluk.co.uk/bb9ae8d8-9b1f-4f77-bff5-9d3179f14870&start=2026-10-11T01:00:00+0000&duration=PT30M from server.
Fetching https://www.freeview.co.uk/api/program?sid=43&nid=64403&pid=crid://csi.digitaluk.co.uk/fbbe31ce-5bbd-4fee-b191-d02b62f19153&start=2026-10-11T01:30:00+0000&duration=PT30M from server.
Fetching https://www.freeview.co.uk/api/program?sid=43&nid=64403&pid=crid://csi.digitaluk.co.uk/909bc59d-7b5d-4279-8dbd-7ccdd21cc0b7&start=2026-10-11T02:00:00+0000&duration=PT30M from server.
Fetching https://www.freeview.co.uk/api/program?sid=43&nid=64403&pid=crid://csi.digitaluk.co.uk/25999c22-6356-47a8-a9dc-8798372bb680&start=2026-10-11T02:30:00+0000&duration=PT30M from server.
Fetching https://www.freeview.co.uk/api/program?sid=43&nid=64403&pid=crid://csi.digitaluk.co.uk/52fbf250-e18a-4307-acb4-72873752f90a&start=2026-10-11T03:00:00+0000&duration=PT30M from server.
Fetching https://www.freeview.co.uk/api/program?sid=43&nid=64403&pid=crid://csi.digitaluk.co.uk/bcf3d68f-2596-4088-92d6-3a4e538e91b0&start=2026-10-11T03:30:00+0000&duration=PT30M from server.
Fetching https://www.freeview.co.uk/api/program?sid=43&nid=64403&pid=crid://csi.digitaluk.co.uk/98a9b32b-bf27-44e0-a37d-a61a5100b631&start=2026-10-11T04:00:00+0000&duration=PT30M from server.
Fetching https://www.freeview.co.uk/api/program?sid=43&nid=64403&pid=crid://csi.digitaluk.co.uk/09ab8855-66ac-4c4a-b9a4-4e6566561924&start=2026-10-11T04:30:00+0000&duration=PT30M from server.
Fetching https://www.freeview.co.uk/api/program?sid=43&nid=64403&pid=crid://csi.digitaluk.co.uk/51bf8494-a57a-4668-8141-bffdf44d23da&start=2026-10-11T05:00:00+0000&duration=PT30M from server.
Fetching https://www.freeview.co.uk/api/program?sid=43&nid=64403&pid=crid://csi.digitaluk.co.uk/dc1ad74c-65ff-447d-b5d1-1fec9e16fc9b&start=2026-10-11T05:30:00+0000&duration=PT30M from server.
Fetching https://www.freeview.co.uk/api/program?sid=43&nid=64403&pid=crid://csi.digitaluk.co.uk/cc972317-e88f-4e5c-b73b-0fcafa106cbb&start=2026-10-11T06:00:00+0000&duration=PT30M from server.
Fetching https://www.freeview.co.uk/api/program?sid=43&nid=64403&pid=crid://csi.digitaluk.co.uk/974f2f48-ee3e-4622-9c1f-8cce94699c26&start=2026-10-11T06:30:00+0000&duration=PT30M from server.
Fetching https://www.freeview.co.uk/api/program?sid=43&nid=64403&pid=crid://csi.digitaluk.co.uk/3f93aa98-b335-437f-9699-60267d8cf674&start=2026-10-11T07:00:00+0000&duration=PT30M from server.
Fetching https://www.freeview.co.uk/api/program?sid=43&nid=64403&pid=crid://csi.digitaluk.co.uk/f6a552eb-d09a-4a83-b535-87e76c86adea&start=2026-10-11T07:30:00+0000&duration=PT30M from server.
Fetching https://www.freeview.co.uk/api/program?sid=43&nid=64403&pid=crid://csi.digitaluk.co.uk/8b5e71e0-4c29-4fc9-be39-982b973f2935&start=2026-10-11T08:00:00+0000&duration=PT30M from server.
Fetching https://www.freeview.co.uk/api/program?sid=43&nid=64403&pid=crid://csi.digitaluk.co.uk/1df43f56-763e-46a4-a50f-d6d3bc0ab408&start=2026-10-11T08:30:00+0000&duration=PT30M from server.
Fetching https://www.freeview.co.uk/api/program?sid=43&nid=64403&pid=crid://csi.digitaluk.co.uk/f13930f0-f50e-407f-84b2-eade9fddfc9f&start=2026-10-11T09:00:00+0000&duration=PT30M from server.
Fetching https://www.freeview.co.uk/api/program?sid=43&nid=64403&pid=crid://csi.digitaluk.co.uk/fc3d44bd-3d7d-4a54-bedb-6133c3d0e063&start=2026-10-11T09:30:00+0000&duration=PT30M from server.
Fetching https://www.freeview.co.uk/api/program?sid=43&nid=64403&pid=crid://csi.digitaluk.co.uk/db6790fc-10c1-4cba-b69d-9c6e85f4117b&start=2026-10-11T10:00:00+0000&duration=PT30M from server.
Fetching https://www.freeview.co.uk/api/program?sid=43&nid=64403&pid=crid://csi.digitaluk.co.uk/768cd236-d436-402d-9251-debddaf02fc6&start=2026-10-11T10:30:00+0000&duration=PT30M from server.
Fetching https://www.freeview.co.uk/api/program?sid=43&nid=64403&pid=crid://csi.digitaluk.co.uk/f6a34973-9b7b-480f-8ce0-c341f9d6a118&start=2026-10-11T11:00:00+0000&duration=PT30M from server.
Fetching https://www.freeview.co.uk/api/program?sid=43&nid=64403&pid=crid://csi.digitaluk.co.uk/a80edc46-f6dd-4cff-ac88-81167b6a3fff&start=2026-10-11T11:30:00+0000&duration=PT30M from server.
Fetching https://www.freeview.co.uk/api/program?sid=43&nid=64403&pid=crid://csi.digitaluk.co.uk/9c655942-ba31-4602-8bb7-28615e0c905d&start=2026-10-11T12:00:00+0000&duration=PT1H from server.
Fetching https://www.freeview.co.uk/api/program?sid=43&nid=64403&pid=crid://csi.digitaluk.co.uk/a1a2138c-9d13-4c35-8d41-7c9c0c6e1add&start=2026-10-11T13:00:00+0000&duration=PT1H from server.
Fetching https://www.freeview.co.uk/api/program?sid=43&nid=64403&pid=crid://csi.digitaluk.co.uk/144ee2fc-e6e2-4e04-bafb-d988f6649579&start=2026-10-11T14:00:00+0000&duration=PT1H from server.
Fetching https://www.freeview.co.uk/api/program?sid=43&nid=64403&pid=crid://csi.digitaluk.co.uk/3e66990b-f9fc-4b9b-8211-d576304bcf49&start=2026-10-11T15:00:00+0000&duration=PT1H from server.
Fetching https://www.freeview.co.uk/api/program?sid=43&nid=64403&pid=crid://csi.digitaluk.co.uk/0069ef11-1a98-47a6-9fc5-69f5c4e71b12&start=2026-10-11T16:00:00+0000&duration=PT1H from server.
Fetching https://www.freeview.co.uk/api/program?sid=43&nid=64403&pid=crid://csi.digitaluk.co.uk/7eb61c3e-0be5-4380-abc2-ca1f5c908913&start=2026-10-11T17:00:00+0000&duration=PT1H from server.
Fetching https://www.freeview.co.uk/api/program?sid=43&nid=64403&pid=crid://csi.digitaluk.co.uk/7f104717-a409-4293-95d1-c6a9d8c70703&start=2026-10-11T18:00:00+0000&duration=PT1H from server.
Fetching https://www.freeview.co.uk/api/program?sid=43&nid=64403&pid=crid://csi.digitaluk.co.uk/2683e8bf-033e-4987-a986-60a052a04c09&start=2026-10-11T19:00:00+0000&duration=PT1H from server.
Fetching https://www.freeview.co.uk/api/program?sid=43&nid=64403&pid=crid://csi.digitaluk.co.uk/131a8613-b486-4d35-bce0-548ba4a16161&start=2026-10-11T20:00:00+0000&duration=PT30M from server.
Fetching https://www.freeview.co.uk/api/program?sid=43&nid=64403&pid=crid://csi.digitaluk.co.uk/734fc6cb-39fb-45fd-8ba8-e35dbdadb163&start=2026-10-11T20:30:00+0000&duration=PT30M from server.
Fetching https://www.freeview.co.uk/api/program?sid=43&nid=64403&pid=crid://csi.digitaluk.co.uk/f1e5118c-6d58-483b-b179-911098a291c5&start=2026-10-11T21:00:00+0000&duration=PT30M from server.
Fetching https://www.freeview.co.uk/api/program?sid=43&nid=64403&pid=crid://csi.digitaluk.co.uk/014b4edc-cba3-409b-9970-d063844b7bdb&start=2026-10-11T21:30:00+0000&duration=PT30M from server.
Fetching https://www.freeview.co.uk/api/program?sid=43&nid=64403&pid=crid://csi.digitaluk.co.uk/fee79178-1b32-47a5-90d6-8833b222d510&start=2026-10-11T22:00:00+0000&duration=PT1H from server.
Fetching https://www.freeview.co.uk/api/program?sid=43&nid=64403&pid=crid://csi.digitaluk.co.uk/51d01132-2aae-4cc6-9694-9f8c055b7f6a&start=2026-10-11T23:00:00+0000&duration=PT1H from server.
### Wanted 23712 
Fetching https://www.freeview.co.uk/api/program?sid=44&nid=64403&pid=crid://csi.digitaluk.co.uk/28ceb737-8e13-45a2-ab16-9c6ccd608b5b&start=2026-10-11T00:00:00+0000&duration=PT1H from server.
Fetching https://www.freeview.co.uk/api/program?sid=44&nid=64403&pid=crid://csi.digitaluk.co.uk/f5d140fc-45bd-44a1-9d3f-a69f09146020&start=2026-10-11T01:00:00+0000&duration=PT2H from server.
Fetching https://www.freeview.co.uk/api/program?sid=44&nid=64403&pid=crid://csi.digitaluk.co.uk/f5135e1c-b5f5-4574-aa29-a9dc0ef22b87&start=2026-10-11T03:00:00+0000&duration=PT1H from server.
Fetching https://www.freeview.co.uk/api/program?sid=44&nid=64403&pid=crid://csi.digitaluk.co.uk/52d247a8-7d3f-457d-81f3-5b6d849b10b5&start=2026-10-11T04:00:00+0000&duration=PT1H from server.
Fetching https://www.freeview.co.uk/api/program?sid=44&nid=64403&pid=crid://csi.digitaluk.co.uk/f0c16597-6351-4b98-a1c1-f512596ddf3e&start=2026-10-11T05:00:00+0000&duration=PT1H from server.
Fetching https://www.freeview.co.uk/api/program?sid=44&nid=64403&pid=crid://csi.digitaluk.co.uk/1553edf7-0ad0-469d-a2bf-9fc203b32647&start=2026-10-11T06:00:00+0000&duration=PT1H from server.
Fetching https://www.freeview.co.uk/api/program?sid=44&nid=64403&pid=crid://csi.digitaluk.co.uk/23c10530-c930-4a98-aef5-39516a7bc964&start=2026-10-11T07:00:00+0000&duration=PT1H from server.
Fetching https://www.freeview.co.uk/api/program?sid=44&nid=64403&pid=crid://csi.digitaluk.co.uk/0b51bb8c-f55a-4b0a-955e-ee0d2a64038e&start=2026-10-11T08:00:00+0000&duration=PT1H from server.
Fetching https://www.freeview.co.uk/api/program?sid=44&nid=64403&pid=crid://csi.digitaluk.co.uk/f197bd68-b8cb-4443-a6a0-ea3e0828d6d3&start=2026-10-11T09:00:00+0000&duration=PT1H from server.
Fetching https://www.freeview.co.uk/api/program?sid=44&nid=64403&pid=crid://csi.digitaluk.co.uk/c26874ac-fa04-49a1-b675-51a90d9a4fb7&start=2026-10-11T10:00:00+0000&duration=PT30M from server.
Fetching https://www.freeview.co.uk/api/program?sid=44&nid=64403&pid=crid://csi.digitaluk.co.uk/22c67618-db44-498e-9c88-a5fc3de01938&start=2026-10-11T10:30:00+0000&duration=PT30M from server.
Fetching https://www.freeview.co.uk/api/program?sid=44&nid=64403&pid=crid://csi.digitaluk.co.uk/568bf537-78b0-4828-85ec-454266355360&start=2026-10-11T11:00:00+0000&duration=PT30M from server.
Fetching https://www.freeview.co.uk/api/program?sid=44&nid=64403&pid=crid://csi.digitaluk.co.uk/fe9f0251-18a3-4596-8336-5b151877bc88&start=2026-10-11T11:30:00+0000&duration=PT30M from server.
Fetching https://www.freeview.co.uk/api/program?sid=44&nid=64403&pid=crid://csi.digitaluk.co.uk/a88412dd-2df5-459a-a946-146532f85aaf&start=2026-10-11T12:00:00+0000&duration=PT30M from server.
Fetching https://www.freeview.co.uk/api/program?sid=44&nid=64403&pid=crid://csi.digitaluk.co.uk/dd01472b-d2d5-43fc-b836-ae207e76c078&start=2026-10-11T12:30:00+0000&duration=PT30M from server.
Fetching https://www.freeview.co.uk/api/program?sid=44&nid=64403&pid=crid://csi.digitaluk.co.uk/e6e5977e-8b2d-40d2-8304-63dc515ca0ab&start=2026-10-11T13:00:00+0000&duration=PT30M from server.
Fetching https://www.freeview.co.uk/api/program?sid=44&nid=64403&pid=crid://csi.digitaluk.co.uk/e752f4a6-7fb9-4dc0-80ed-27d504f82711&start=2026-10-11T13:30:00+0000&duration=PT30M from server.
Fetching https://www.freeview.co.uk/api/program?sid=44&nid=64403&pid=crid://csi.digitaluk.co.uk/553f774f-b50e-4a99-afa0-e483dc909df6&start=2026-10-11T14:00:00+0000&duration=PT1H from server.
Fetching https://www.freeview.co.uk/api/program?sid=44&nid=64403&pid=crid://csi.digitaluk.co.uk/1e46f10b-6166-4b54-ac80-ae7de4c38bcc&start=2026-10-11T15:00:00+0000&duration=PT1H from server.
Fetching https://www.freeview.co.uk/api/program?sid=44&nid=64403&pid=crid://csi.digitaluk.co.uk/af89f10c-a224-48dd-95b6-b21643c3c540&start=2026-10-11T16:00:00+0000&duration=PT1H from server.
Fetching https://www.freeview.co.uk/api/program?sid=44&nid=64403&pid=crid://csi.digitaluk.co.uk/8f98ea22-c4cd-4562-8f5c-46738fbee3f5&start=2026-10-11T17:00:00+0000&duration=PT1H from server.
Fetching https://www.freeview.co.uk/api/program?sid=44&nid=64403&pid=crid://csi.digitaluk.co.uk/99b18aa3-c357-4cf7-84dd-0a129b4341f3&start=2026-10-11T18:00:00+0000&duration=PT1H from server.
Fetching https://www.freeview.co.uk/api/program?sid=44&nid=64403&pid=crid://csi.digitaluk.co.uk/3c7e0ec1-132d-4875-9117-ef5215a59f50&start=2026-10-11T19:00:00+0000&duration=PT1H from server.
Fetching https://www.freeview.co.uk/api/program?sid=44&nid=64403&pid=crid://csi.digitaluk.co.uk/f80fe5df-1b5b-4ff8-88a1-943db0375e03&start=2026-10-11T20:00:00+0000&duration=PT1H from server.
Fetching https://www.freeview.co.uk/api/program?sid=44&nid=64403&pid=crid://csi.digitaluk.co.uk/1a01f0f0-702d-440a-bb91-252dfc626096&start=2026-10-11T21:00:00+0000&duration=PT1H from server.
Fetching https://www.freeview.co.uk/api/program?sid=44&nid=64403&pid=crid://csi.digitaluk.co.uk/fae02933-5774-4920-950b-679d63c79279&start=2026-10-11T22:00:00+0000&duration=PT1H from server.
Fetching https://www.freeview.co.uk/api/program?sid=44&nid=64403&pid=crid://csi.digitaluk.co.uk/8b4e879a-fea8-485a-b2bb-d6f8c71c0c8e&start=2026-10-11T23:00:00+0000&duration=PT1H from server.
## Wanted 20256 
Fetching https://www.freeview.co.uk/api/program?sid=46&nid=64403&pid=crid://panorama.five.tv/versions/C5478640056A&start=2026-10-11T00:00:00+0000&duration=PT1H from server.
Fetching https://www.freeview.co.uk/api/program?sid=46&nid=64403&pid=crid://panorama.five.tv/versions/C5478640057A&start=2026-10-11T01:00:00+0000&duration=PT1H5M from server.
Fetching https://www.freeview.co.uk/api/program?sid=46&nid=64403&pid=crid://panorama.five.tv/versions/C5478640058A&start=2026-10-11T02:05:00+0000&duration=PT50M from server.
Fetching https://www.freeview.co.uk/api/program?sid=46&nid=64403&pid=crid://panorama.five.tv/versions/C5522900200A&start=2026-10-11T02:55:00+0000&duration=PT5M from server.
Fetching https://www.freeview.co.uk/api/program?sid=46&nid=64403&pid=crid://panorama.five.tv/versions/C5266540001A&start=2026-10-11T03:00:00+0000&duration=PT2H from server.
Fetching https://www.freeview.co.uk/api/program?sid=46&nid=64403&pid=crid://panorama.five.tv/versions/C5480340001A&start=2026-10-11T05:00:00+0000&duration=PT30M from server.
Fetching https://www.freeview.co.uk/api/program?sid=46&nid=64403&pid=crid://panorama.five.tv/versions/C5326820001A&start=2026-10-11T05:30:00+0000&duration=PT30M from server.
Fetching https://www.freeview.co.uk/api/program?sid=46&nid=64403&pid=crid://panorama.five.tv/versions/C5349600001A&start=2026-10-11T06:00:00+0000&duration=PT1H from server.
Fetching https://www.freeview.co.uk/api/program?sid=46&nid=64403&pid=crid://panorama.five.tv/versions/C5349600001A&start=2026-10-11T07:00:00+0000&duration=PT1H from server.
Fetching https://www.freeview.co.uk/api/program?sid=46&nid=64403&pid=crid://panorama.five.tv/versions/C5407810005B&start=2026-10-11T08:00:00+0000&duration=PT55M from server.
Fetching https://www.freeview.co.uk/api/program?sid=46&nid=64403&pid=crid://panorama.five.tv/versions/C5407810006C&start=2026-10-11T08:55:00+0000&duration=PT1H from server.
Fetching https://www.freeview.co.uk/api/program?sid=46&nid=64403&pid=crid://panorama.five.tv/versions/C5407810007A&start=2026-10-11T09:55:00+0000&duration=PT55M from server.
Fetching https://www.freeview.co.uk/api/program?sid=46&nid=64403&pid=crid://panorama.five.tv/versions/C5452400001A&start=2026-10-11T10:50:00+0000&duration=PT1H from server.
Fetching https://www.freeview.co.uk/api/program?sid=46&nid=64403&pid=crid://panorama.five.tv/versions/C5452400002A&start=2026-10-11T11:50:00+0000&duration=PT55M from server.
Fetching https://www.freeview.co.uk/api/program?sid=46&nid=64403&pid=crid://panorama.five.tv/versions/C5161780001D&start=2026-10-11T12:45:00+0000&duration=PT1H5M from server.
Fetching https://www.freeview.co.uk/api/program?sid=46&nid=64403&pid=crid://panorama.five.tv/versions/C5522900200A&start=2026-10-11T13:50:00+0000&duration=PT5M from server.
Fetching https://www.freeview.co.uk/api/program?sid=46&nid=64403&pid=crid://panorama.five.tv/versions/C5161780001D&start=2026-10-11T13:55:00+0000&duration=PT35M from server.
Fetching https://www.freeview.co.uk/api/program?sid=46&nid=64403&pid=crid://panorama.five.tv/versions/C5161790001C&start=2026-10-11T14:30:00+0000&duration=PT1H from server.
Fetching https://www.freeview.co.uk/api/program?sid=46&nid=64403&pid=crid://panorama.five.tv/versions/C5522900200A&start=2026-10-11T15:30:00+0000&duration=PT5M from server.
Fetching https://www.freeview.co.uk/api/program?sid=46&nid=64403&pid=crid://panorama.five.tv/versions/C5161790001C&start=2026-10-11T15:35:00+0000&duration=PT45M from server.
Fetching https://www.freeview.co.uk/api/program?sid=46&nid=64403&pid=crid://panorama.five.tv/versions/C5454240001B&start=2026-10-11T16:20:00+0000&duration=PT1H from server.
Fetching https://www.freeview.co.uk/api/program?sid=46&nid=64403&pid=crid://panorama.five.tv/versions/C5522900200A&start=2026-10-11T17:20:00+0000&duration=PT5M from server.
Fetching https://www.freeview.co.uk/api/program?sid=46&nid=64403&pid=crid://panorama.five.tv/versions/C5454240001B&start=2026-10-11T17:25:00+0000&duration=PT45M from server.
Fetching https://www.freeview.co.uk/api/program?sid=46&nid=64403&pid=crid://panorama.five.tv/versions/C5521520001A&start=2026-10-11T18:10:00+0000&duration=PT1H25M from server.
Fetching https://www.freeview.co.uk/api/program?sid=46&nid=64403&pid=crid://panorama.five.tv/versions/C5521460001B&start=2026-10-11T19:35:00+0000&duration=PT1H25M from server.
Fetching https://www.freeview.co.uk/api/program?sid=46&nid=64403&pid=crid://panorama.five.tv/versions/C5462280008B&start=2026-10-11T21:00:00+0000&duration=PT2H5M from server.
Fetching https://www.freeview.co.uk/api/program?sid=46&nid=64403&pid=crid://panorama.five.tv/versions/C5517880005A&start=2026-10-11T23:05:00+0000&duration=PT2H5M from server.
### Wanted 8460 
Fetching https://www.freeview.co.uk/api/program?sid=49&nid=64403&pid=crid://csi.digitaluk.co.uk/2607fdf9-7915-4b4f-9e0a-3893909049cc&start=2026-10-11T00:00:00+0000&duration=PT1H from server.
Fetching https://www.freeview.co.uk/api/program?sid=49&nid=64403&pid=crid://csi.digitaluk.co.uk/ab969da2-9c16-4228-92b0-09cb9f48a58e&start=2026-10-11T01:00:00+0000&duration=PT1H from server.
Fetching https://www.freeview.co.uk/api/program?sid=49&nid=64403&pid=crid://csi.digitaluk.co.uk/237c356e-f44d-4651-bbba-095ee8e8cf53&start=2026-10-11T02:00:00+0000&duration=PT1H from server.
Fetching https://www.freeview.co.uk/api/program?sid=49&nid=64403&pid=crid://csi.digitaluk.co.uk/6b866d5f-1ebc-47c3-a9da-a2da1fc34d30&start=2026-10-11T03:00:00+0000&duration=PT1H from server.
Fetching https://www.freeview.co.uk/api/program?sid=49&nid=64403&pid=crid://csi.digitaluk.co.uk/bea5042a-1922-4ba0-a76f-92039e084653&start=2026-10-11T04:00:00+0000&duration=PT2H from server.
Fetching https://www.freeview.co.uk/api/program?sid=49&nid=64403&pid=crid://csi.digitaluk.co.uk/2f1b8660-c41b-45db-8042-b9ca9fa24460&start=2026-10-11T06:00:00+0000&duration=PT2H from server.
Fetching https://www.freeview.co.uk/api/program?sid=49&nid=64403&pid=crid://csi.digitaluk.co.uk/16f75893-e789-4fb1-98cc-575837fa7770&start=2026-10-11T08:00:00+0000&duration=PT30M from server.
Fetching https://www.freeview.co.uk/api/program?sid=49&nid=64403&pid=crid://csi.digitaluk.co.uk/699bc6e3-0816-4d8a-946b-017ff100f35b&start=2026-10-11T08:30:00+0000&duration=PT30M from server.
Fetching https://www.freeview.co.uk/api/program?sid=49&nid=64403&pid=crid://csi.digitaluk.co.uk/5ce67a63-920f-45a1-8f61-482985995de6&start=2026-10-11T09:00:00+0000&duration=PT30M from server.
Fetching https://www.freeview.co.uk/api/program?sid=49&nid=64403&pid=crid://csi.digitaluk.co.uk/2b09c9cb-3b74-4419-ba55-027cdce3799a&start=2026-10-11T09:30:00+0000&duration=PT30M from server.
Fetching https://www.freeview.co.uk/api/program?sid=49&nid=64403&pid=crid://csi.digitaluk.co.uk/4ffaad35-69b4-4163-9491-fa3df3c8b089&start=2026-10-11T10:00:00+0000&duration=PT30M from server.
Fetching https://www.freeview.co.uk/api/program?sid=49&nid=64403&pid=crid://movida.bebanjo.net/mas/version/77206/056/ASDELIVERED/C&start=2026-10-11T10:30:00+0000&duration=PT30M from server.
Fetching https://www.freeview.co.uk/api/program?sid=49&nid=64403&pid=crid://movida.bebanjo.net/mas/version/77206/057/ASDELIVERED/C&start=2026-10-11T11:00:00+0000&duration=PT30M from server.
Fetching https://www.freeview.co.uk/api/program?sid=49&nid=64403&pid=crid://movida.bebanjo.net/mas/version/77206/058/ASDELIVERED/C&start=2026-10-11T11:30:00+0000&duration=PT30M from server.
Fetching https://www.freeview.co.uk/api/program?sid=49&nid=64403&pid=crid://movida.bebanjo.net/mas/version/77206/059/ASDELIVERED/C&start=2026-10-11T12:00:00+0000&duration=PT30M from server.
Fetching https://www.freeview.co.uk/api/program?sid=49&nid=64403&pid=crid://movida.bebanjo.net/mas/version/77206/060/ASDELIVERED/C&start=2026-10-11T12:30:00+0000&duration=PT30M from server.
Fetching https://www.freeview.co.uk/api/program?sid=49&nid=64403&pid=crid://movida.bebanjo.net/mas/version/77588/010/ALLTIMES/C&start=2026-10-11T13:00:00+0000&duration=PT1H from server.
Fetching https://www.freeview.co.uk/api/program?sid=49&nid=64403&pid=crid://csi.digitaluk.co.uk/8153f8f5-3823-4c8f-a6fa-192505697596&start=2026-10-11T14:00:00+0000&duration=PT1H from server.
Fetching https://www.freeview.co.uk/api/program?sid=49&nid=64403&pid=crid://csi.digitaluk.co.uk/e1fa192a-11bf-4fcc-8718-9b9fbf618cb5&start=2026-10-11T15:00:00+0000&duration=PT1H from server.
Fetching https://www.freeview.co.uk/api/program?sid=49&nid=64403&pid=crid://csi.digitaluk.co.uk/6be20c93-545a-429a-b848-afa6c1293f79&start=2026-10-11T16:00:00+0000&duration=PT1H from server.
Fetching https://www.freeview.co.uk/api/program?sid=49&nid=64403&pid=crid://csi.digitaluk.co.uk/5fcdf2ce-421c-452a-b0a9-3b4b0ba15430&start=2026-10-11T17:00:00+0000&duration=PT1H from server.
Fetching https://www.freeview.co.uk/api/program?sid=49&nid=64403&pid=crid://csi.digitaluk.co.uk/f02c977f-325c-4439-9812-f5c9921e857c&start=2026-10-11T18:00:00+0000&duration=PT1H from server.
Fetching https://www.freeview.co.uk/api/program?sid=49&nid=64403&pid=crid://csi.digitaluk.co.uk/87296906-b83b-4007-b0e3-9a3ceb2a598f&start=2026-10-11T19:00:00+0000&duration=PT1H from server.
Fetching https://www.freeview.co.uk/api/program?sid=49&nid=64403&pid=crid://csi.digitaluk.co.uk/518c0cbe-93ae-4803-adee-6fb7d5821c01&start=2026-10-11T20:00:00+0000&duration=PT2H45M from server.
Fetching https://www.freeview.co.uk/api/program?sid=49&nid=64403&pid=crid://csi.digitaluk.co.uk/1ccfa125-2185-4eb5-b960-3d7f7346c2db&start=2026-10-11T22:45:00+0000&duration=PT1H5M from server.
Fetching https://www.freeview.co.uk/api/program?sid=49&nid=64403&pid=crid://csi.digitaluk.co.uk/ed865bb5-5621-46e7-aa2c-c199dde3cb46&start=2026-10-11T23:50:00+0000&duration=PT1H from server.
## Wanted 14384 
Fetching https://www.freeview.co.uk/api/program?sid=64&nid=64403&pid=crid://csi.digitaluk.co.uk/9f96c229-425d-48fb-a19c-3c51fae580b3&start=2026-10-11T00:00:00+0000&duration=PT1H from server.
Fetching https://www.freeview.co.uk/api/program?sid=64&nid=64403&pid=crid://csi.digitaluk.co.uk/b93b92a7-f78f-4864-9161-4bc894633f5c&start=2026-10-11T01:00:00+0000&duration=PT1H from server.
Fetching https://www.freeview.co.uk/api/program?sid=64&nid=64403&pid=crid://csi.digitaluk.co.uk/e2bc3503-a13b-47ba-a398-fb68cae51b7c&start=2026-10-11T02:00:00+0000&duration=PT1H from server.
Fetching https://www.freeview.co.uk/api/program?sid=64&nid=64403&pid=crid://csi.digitaluk.co.uk/52164183-4265-4dea-83ad-3d0a9b1458c2&start=2026-10-11T03:00:00+0000&duration=PT1H from server.
Fetching https://www.freeview.co.uk/api/program?sid=64&nid=64403&pid=crid://csi.digitaluk.co.uk/65033c5f-7eb8-4023-8f29-c6e517fbb1a7&start=2026-10-11T04:00:00+0000&duration=PT1H from server.
Fetching https://www.freeview.co.uk/api/program?sid=64&nid=64403&pid=crid://csi.digitaluk.co.uk/1c58c5f4-2baa-4e9f-a361-0eaee2a5e2c8&start=2026-10-11T05:00:00+0000&duration=PT25M from server.
Fetching https://www.freeview.co.uk/api/program?sid=64&nid=64403&pid=crid://csi.digitaluk.co.uk/6f0ded21-8f31-4b88-bb71-5e97f1933441&start=2026-10-11T05:25:00+0000&duration=PT20M from server.
Fetching https://www.freeview.co.uk/api/program?sid=64&nid=64403&pid=crid://csi.digitaluk.co.uk/f9130e98-4b15-4d15-9d40-e94a7e46d45a&start=2026-10-11T05:45:00+0000&duration=PT25M from server.
Fetching https://www.freeview.co.uk/api/program?sid=64&nid=64403&pid=crid://csi.digitaluk.co.uk/a886a21b-803d-449e-a9a7-8edc2733ed2e&start=2026-10-11T06:10:00+0000&duration=PT20M from server.
Fetching https://www.freeview.co.uk/api/program?sid=64&nid=64403&pid=crid://csi.digitaluk.co.uk/6163359a-84b8-42cb-ad3a-8921f6ef07a0&start=2026-10-11T06:30:00+0000&duration=PT25M from server.
Fetching https://www.freeview.co.uk/api/program?sid=64&nid=64403&pid=crid://csi.digitaluk.co.uk/04ebb641-d873-4ed8-b7f8-1bd3ac364f46&start=2026-10-11T06:55:00+0000&duration=PT25M from server.
Fetching https://www.freeview.co.uk/api/program?sid=64&nid=64403&pid=crid://csi.digitaluk.co.uk/851361ec-41f7-4891-b7b9-cfa7bd8353f3&start=2026-10-11T07:20:00+0000&duration=PT55M from server.
Fetching https://www.freeview.co.uk/api/program?sid=64&nid=64403&pid=crid://csi.digitaluk.co.uk/3c8ec46a-1f7d-42c7-b2b2-39348f9bdbb4&start=2026-10-11T08:15:00+0000&duration=PT55M from server.
Fetching https://www.freeview.co.uk/api/program?sid=64&nid=64403&pid=crid://csi.digitaluk.co.uk/b0b4ad6e-e4c1-402d-9891-8977d3bf8ce6&start=2026-10-11T09:10:00+0000&duration=PT1H from server.
Fetching https://www.freeview.co.uk/api/program?sid=64&nid=64403&pid=crid://csi.digitaluk.co.uk/38863c8b-28a5-4b9f-b0b1-9f56f2fe9078&start=2026-10-11T10:10:00+0000&duration=PT55M from server.
Fetching https://www.freeview.co.uk/api/program?sid=64&nid=64403&pid=crid://csi.digitaluk.co.uk/bba62873-72e5-454b-8fac-5dbe7f6ee7d3&start=2026-10-11T11:05:00+0000&duration=PT30M from server.
Fetching https://www.freeview.co.uk/api/program?sid=64&nid=64403&pid=crid://csi.digitaluk.co.uk/b67398ca-d2a2-4737-802a-ccc2f2dc0925&start=2026-10-11T11:35:00+0000&duration=PT30M from server.
Fetching https://www.freeview.co.uk/api/program?sid=64&nid=64403&pid=crid://csi.digitaluk.co.uk/2e8788f3-b146-4414-bdc8-00746560d6d4&start=2026-10-11T12:05:00+0000&duration=PT30M from server.
Fetching https://www.freeview.co.uk/api/program?sid=64&nid=64403&pid=crid://csi.digitaluk.co.uk/7cc76a8f-60c7-447d-aab7-38f612a1ea54&start=2026-10-11T12:35:00+0000&duration=PT30M from server.
Fetching https://www.freeview.co.uk/api/program?sid=64&nid=64403&pid=crid://csi.digitaluk.co.uk/19f3b280-f48e-47dc-bc08-de84fe3a6d5e&start=2026-10-11T13:05:00+0000&duration=PT30M from server.
Fetching https://www.freeview.co.uk/api/program?sid=64&nid=64403&pid=crid://csi.digitaluk.co.uk/25e1373d-b1b4-4bea-ae81-54e49ac5c329&start=2026-10-11T13:35:00+0000&duration=PT25M from server.
Fetching https://www.freeview.co.uk/api/program?sid=64&nid=64403&pid=crid://csi.digitaluk.co.uk/7663f92a-7124-4caf-91c2-2e332a45b062&start=2026-10-11T14:00:00+0000&duration=PT30M from server.
Fetching https://www.freeview.co.uk/api/program?sid=64&nid=64403&pid=crid://csi.digitaluk.co.uk/e9a1be05-b2ad-4091-b01d-36de6c79237f&start=2026-10-11T14:30:00+0000&duration=PT2H35M from server.
Fetching https://www.freeview.co.uk/api/program?sid=64&nid=64403&pid=crid://csi.digitaluk.co.uk/9e180dad-b2cf-4180-b804-0ee9ac3ee5d6&start=2026-10-11T17:05:00+0000&duration=PT55M from server.
Fetching https://www.freeview.co.uk/api/program?sid=64&nid=64403&pid=crid://csi.digitaluk.co.uk/04a9026d-cdca-41a0-a16f-0213e335894a&start=2026-10-11T18:00:00+0000&duration=PT1H from server.
Fetching https://www.freeview.co.uk/api/program?sid=64&nid=64403&pid=crid://csi.digitaluk.co.uk/fc678369-00bb-4ac7-bf24-a8c6ed410ca2&start=2026-10-11T19:00:00+0000&duration=PT1H from server.
Fetching https://www.freeview.co.uk/api/program?sid=64&nid=64403&pid=crid://csi.digitaluk.co.uk/d0a3c22f-19a7-4324-9f98-31f96b60601c&start=2026-10-11T20:00:00+0000&duration=PT1H from server.
Fetching https://www.freeview.co.uk/api/program?sid=64&nid=64403&pid=crid://csi.digitaluk.co.uk/f4efe0ed-094e-45ca-a677-09dc20174d78&start=2026-10-11T21:00:00+0000&duration=PT1H from server.
Fetching https://www.freeview.co.uk/api/program?sid=64&nid=64403&pid=crid://csi.digitaluk.co.uk/58cb504f-28b5-4357-883f-a80e1bbf0487&start=2026-10-11T22:00:00+0000&duration=PT1H from server.
Fetching https://www.freeview.co.uk/api/program?sid=64&nid=64403&pid=crid://csi.digitaluk.co.uk/e28ee23d-32bb-4eb3-9767-e9ad71c9ce1b&start=2026-10-11T23:00:00+0000&duration=PT1H from server.
### Wanted 17856 
Fetching https://www.freeview.co.uk/api/program?sid=103&nid=64403&pid=crid://csi.digitaluk.co.uk/e74170f3-d0e6-4f0c-ba5c-2347be534546&start=2026-10-11T02:00:00+0000&duration=PT25M from server.
Fetching https://www.freeview.co.uk/api/program?sid=103&nid=64403&pid=crid://csi.digitaluk.co.uk/2c987334-3f51-4361-b701-3814bfc168a5&start=2026-10-11T02:25:00+0000&duration=PT25M from server.
Fetching https://www.freeview.co.uk/api/program?sid=103&nid=64403&pid=crid://csi.digitaluk.co.uk/6841e9f6-db16-4364-87b3-84a0b81ce5af&start=2026-10-11T02:50:00+0000&duration=PT1H15M from server.
Fetching https://www.freeview.co.uk/api/program?sid=103&nid=64403&pid=crid://csi.digitaluk.co.uk/2b6b9fb4-5605-43a3-8554-3f9450612a89&start=2026-10-11T04:05:00+0000&duration=PT55M from server.
Fetching https://www.freeview.co.uk/api/program?sid=103&nid=64403&pid=crid://csi.digitaluk.co.uk/8306079f-4d9c-4ff9-91d6-2e590ae191e7&start=2026-10-11T05:00:00+0000&duration=PT1H from server.
Fetching https://www.freeview.co.uk/api/program?sid=103&nid=64403&pid=crid://csi.digitaluk.co.uk/152fbe12-a040-4c43-8408-d2922cea1d4c&start=2026-10-11T06:00:00+0000&duration=PT2H25M from server.
Fetching https://www.freeview.co.uk/api/program?sid=103&nid=64403&pid=crid://csi.digitaluk.co.uk/44dba7fc-8897-4d4b-8816-2015e2536046&start=2026-10-11T08:25:00+0000&duration=PT5M from server.
Fetching https://www.freeview.co.uk/api/program?sid=103&nid=64403&pid=crid://www.stv.tv/programInformation/234777&start=2026-10-11T08:30:00+0000&duration=PT2H from server.
Fetching https://www.freeview.co.uk/api/program?sid=103&nid=64403&pid=crid://csi.digitaluk.co.uk/5e30c061-05cf-404c-91fd-cddd4cc709f0&start=2026-10-11T10:30:00+0000&duration=PT2H55M from server.
Fetching https://www.freeview.co.uk/api/program?sid=103&nid=64403&pid=crid://csi.digitaluk.co.uk/be34b625-c498-4bb8-b695-334ac70c2e7a&start=2026-10-11T13:25:00+0000&duration=PT25M from server.
Fetching https://www.freeview.co.uk/api/program?sid=103&nid=64403&pid=crid://csi.digitaluk.co.uk/1f96dbf1-d96f-4691-8c7c-4f6ceccda56c&start=2026-10-11T13:50:00+0000&duration=PT30M from server.
Fetching https://www.freeview.co.uk/api/program?sid=103&nid=64403&pid=crid://csi.digitaluk.co.uk/ebefade1-069a-4f2e-af41-20c9152838cd&start=2026-10-11T14:20:00+0000&duration=PT2H20M from server.
Fetching https://www.freeview.co.uk/api/program?sid=103&nid=64403&pid=crid://csi.digitaluk.co.uk/5afac1c0-a50f-4bd0-b16f-b759cf4961f4&start=2026-10-11T16:40:00+0000&duration=PT50M from server.
Fetching https://www.freeview.co.uk/api/program?sid=103&nid=64403&pid=crid://csi.digitaluk.co.uk/ca656ab6-73ba-4139-b7c5-4d9a1b186b5c&start=2026-10-11T17:30:00+0000&duration=PT15M from server.
Fetching https://www.freeview.co.uk/api/program?sid=103&nid=64403&pid=crid://csi.digitaluk.co.uk/53143f16-da1d-4fc0-af27-f432655ea2ae&start=2026-10-11T17:45:00+0000&duration=PT15M from server.
Fetching https://www.freeview.co.uk/api/program?sid=103&nid=64403&pid=crid://www.stv.tv/programInformation/234778&start=2026-10-11T18:00:00+0000&duration=PT1H from server.
Fetching https://www.freeview.co.uk/api/program?sid=103&nid=64403&pid=crid://www.stv.tv/programInformation/234759&start=2026-10-11T19:00:00+0000&duration=PT30M from server.
Fetching https://www.freeview.co.uk/api/program?sid=103&nid=64403&pid=crid://www.stv.tv/programInformation/234752&start=2026-10-11T19:30:00+0000&duration=PT30M from server.
Fetching https://www.freeview.co.uk/api/program?sid=103&nid=64403&pid=crid://csi.digitaluk.co.uk/de03e8a0-85eb-4267-af25-b08aaca5f41d&start=2026-10-11T20:00:00+0000&duration=PT1H from server.
Fetching https://www.freeview.co.uk/api/program?sid=103&nid=64403&pid=crid://csi.digitaluk.co.uk/f1b8c1e9-dac0-4c3a-b457-5e8bcf4ca6ce&start=2026-10-11T21:00:00+0000&duration=PT20M from server.
Fetching https://www.freeview.co.uk/api/program?sid=103&nid=64403&pid=crid://csi.digitaluk.co.uk/c5461370-891d-43dd-ae95-7a0d57d01208&start=2026-10-11T21:20:00+0000&duration=PT1H20M from server.
Fetching https://www.freeview.co.uk/api/program?sid=103&nid=64403&pid=crid://csi.digitaluk.co.uk/e526f372-d409-4ecc-8244-e55582bea7bb&start=2026-10-11T22:40:00+0000&duration=PT1H5M from server.
Fetching https://www.freeview.co.uk/api/program?sid=103&nid=64403&pid=crid://csi.digitaluk.co.uk/9fa6b934-c2bd-4336-a769-ac008448b0c9&start=2026-10-11T23:45:00+0000&duration=PT2H15M from server.
## Wanted 22080 
Fetching https://www.freeview.co.uk/api/program?sid=233&nid=64403&pid=crid://csi.digitaluk.co.uk/3df36086-8f5d-443f-921d-72f01633ef67&start=2026-10-11T00:00:00+0000&duration=PT1H from server.
Fetching https://www.freeview.co.uk/api/program?sid=233&nid=64403&pid=crid://csi.digitaluk.co.uk/f4d6525b-8fea-475a-9f23-53da84d70d98&start=2026-10-11T01:00:00+0000&duration=PT1H from server.
Fetching https://www.freeview.co.uk/api/program?sid=233&nid=64403&pid=crid://csi.digitaluk.co.uk/1c3ff5cd-9ba1-481b-8789-8d741e8552d5&start=2026-10-11T02:00:00+0000&duration=PT1H from server.
Fetching https://www.freeview.co.uk/api/program?sid=233&nid=64403&pid=crid://csi.digitaluk.co.uk/45a6ea45-5a41-42e1-85c6-40d7f2d87586&start=2026-10-11T03:00:00+0000&duration=PT1H from server.
Fetching https://www.freeview.co.uk/api/program?sid=233&nid=64403&pid=crid://csi.digitaluk.co.uk/df498393-6038-4d67-9979-0abfff69a23a&start=2026-10-11T04:00:00+0000&duration=PT1H from server.
Fetching https://www.freeview.co.uk/api/program?sid=233&nid=64403&pid=crid://csi.digitaluk.co.uk/1d1ac237-e9ae-47e5-92dc-b7622577049f&start=2026-10-11T05:00:00+0000&duration=PT30M from server.
Fetching https://www.freeview.co.uk/api/program?sid=233&nid=64403&pid=crid://csi.digitaluk.co.uk/a4666b9b-8aaf-426c-9eaf-0f2ad4f83134&start=2026-10-11T05:30:00+0000&duration=PT30M from server.
Fetching https://www.freeview.co.uk/api/program?sid=233&nid=64403&pid=crid://csi.digitaluk.co.uk/74a26995-bdd0-40cd-a282-9e369a188e9f&start=2026-10-11T06:00:00+0000&duration=PT30M from server.
Fetching https://www.freeview.co.uk/api/program?sid=233&nid=64403&pid=crid://csi.digitaluk.co.uk/254fe644-d8d7-4aed-8946-1caff70d5d33&start=2026-10-11T06:30:00+0000&duration=PT30M from server.
Fetching https://www.freeview.co.uk/api/program?sid=233&nid=64403&pid=crid://csi.digitaluk.co.uk/e7c6f1d7-06a1-48d7-8179-ebd436f24227&start=2026-10-11T07:00:00+0000&duration=PT30M from server.
Fetching https://www.freeview.co.uk/api/program?sid=233&nid=64403&pid=crid://csi.digitaluk.co.uk/b0e48312-244f-4f5e-800b-73e2a900c6bc&start=2026-10-11T07:30:00+0000&duration=PT1H30M from server.
Fetching https://www.freeview.co.uk/api/program?sid=233&nid=64403&pid=crid://csi.digitaluk.co.uk/39826155-aa01-4235-8c59-534e0d20cb84&start=2026-10-11T09:00:00+0000&duration=PT30M from server.
Fetching https://www.freeview.co.uk/api/program?sid=233&nid=64403&pid=crid://csi.digitaluk.co.uk/2e6db64c-2d0c-43f0-9d27-385f9db68e36&start=2026-10-11T09:30:00+0000&duration=PT30M from server.
Fetching https://www.freeview.co.uk/api/program?sid=233&nid=64403&pid=crid://csi.digitaluk.co.uk/46188a13-51a8-40f9-bbc7-a3d633ed547c&start=2026-10-11T10:00:00+0000&duration=PT30M from server.
Fetching https://www.freeview.co.uk/api/program?sid=233&nid=64403&pid=crid://csi.digitaluk.co.uk/bc747b31-c4c5-493a-912f-97792809c0e7&start=2026-10-11T10:30:00+0000&duration=PT30M from server.
Fetching https://www.freeview.co.uk/api/program?sid=233&nid=64403&pid=crid://csi.digitaluk.co.uk/e4aa26cf-fa01-498a-bae8-4b4c520b6240&start=2026-10-11T11:00:00+0000&duration=PT30M from server.
Fetching https://www.freeview.co.uk/api/program?sid=233&nid=64403&pid=crid://csi.digitaluk.co.uk/4839fbc2-4871-480b-8b6c-b69cfbc03871&start=2026-10-11T11:30:00+0000&duration=PT30M from server.
Fetching https://www.freeview.co.uk/api/program?sid=233&nid=64403&pid=crid://csi.digitaluk.co.uk/2787812c-72e9-4964-8265-f2dcc575fd59&start=2026-10-11T12:00:00+0000&duration=PT30M from server.
Fetching https://www.freeview.co.uk/api/program?sid=233&nid=64403&pid=crid://csi.digitaluk.co.uk/60378ca7-e605-4dee-ab00-a626eec55e92&start=2026-10-11T12:30:00+0000&duration=PT30M from server.
Fetching https://www.freeview.co.uk/api/program?sid=233&nid=64403&pid=crid://csi.digitaluk.co.uk/969fdc5e-6173-4540-8f11-5c5ec10c6317&start=2026-10-11T13:00:00+0000&duration=PT30M from server.
Fetching https://www.freeview.co.uk/api/program?sid=233&nid=64403&pid=crid://csi.digitaluk.co.uk/3c7a7fb4-8297-43aa-98b1-1e35cde79fe2&start=2026-10-11T13:30:00+0000&duration=PT30M from server.
Fetching https://www.freeview.co.uk/api/program?sid=233&nid=64403&pid=crid://csi.digitaluk.co.uk/ce8e9416-03cc-41b1-adc3-6400af3ea39b&start=2026-10-11T14:00:00+0000&duration=PT30M from server.
Fetching https://www.freeview.co.uk/api/program?sid=233&nid=64403&pid=crid://csi.digitaluk.co.uk/47ef258a-4102-433c-92b1-341798f339ab&start=2026-10-11T14:30:00+0000&duration=PT30M from server.
Fetching https://www.freeview.co.uk/api/program?sid=233&nid=64403&pid=crid://csi.digitaluk.co.uk/d46faf32-620e-42e1-8232-ae0c7c5dc41a&start=2026-10-11T15:00:00+0000&duration=PT30M from server.
Fetching https://www.freeview.co.uk/api/program?sid=233&nid=64403&pid=crid://csi.digitaluk.co.uk/aab7c6b3-874f-4a15-bbd0-00865ed4da9e&start=2026-10-11T15:30:00+0000&duration=PT30M from server.
Fetching https://www.freeview.co.uk/api/program?sid=233&nid=64403&pid=crid://csi.digitaluk.co.uk/2b38c80f-5d62-45c2-b3d2-33beeb748287&start=2026-10-11T16:00:00+0000&duration=PT30M from server.
Fetching https://www.freeview.co.uk/api/program?sid=233&nid=64403&pid=crid://csi.digitaluk.co.uk/c345ecaa-1ae0-4fac-a517-e75e860a2b2c&start=2026-10-11T16:30:00+0000&duration=PT30M from server.
Fetching https://www.freeview.co.uk/api/program?sid=233&nid=64403&pid=crid://csi.digitaluk.co.uk/bdf7f2a1-fcfe-43c4-9d83-0c56cebf75f7&start=2026-10-11T17:00:00+0000&duration=PT30M from server.
Fetching https://www.freeview.co.uk/api/program?sid=233&nid=64403&pid=crid://csi.digitaluk.co.uk/994f7a4b-960f-4d10-91ae-495ec599bb79&start=2026-10-11T17:30:00+0000&duration=PT30M from server.
Fetching https://www.freeview.co.uk/api/program?sid=233&nid=64403&pid=crid://csi.digitaluk.co.uk/06d9c47b-ba62-453c-baf2-b74ddd1df5f4&start=2026-10-11T18:00:00+0000&duration=PT30M from server.
Fetching https://www.freeview.co.uk/api/program?sid=233&nid=64403&pid=crid://csi.digitaluk.co.uk/79628b1f-8659-481c-90a7-bb7f82107c6e&start=2026-10-11T18:30:00+0000&duration=PT30M from server.
Fetching https://www.freeview.co.uk/api/program?sid=233&nid=64403&pid=crid://csi.digitaluk.co.uk/651e4043-cb08-441c-8197-e453c784984f&start=2026-10-11T19:00:00+0000&duration=PT30M from server.
Fetching https://www.freeview.co.uk/api/program?sid=233&nid=64403&pid=crid://csi.digitaluk.co.uk/3da21f4a-cd26-489b-9830-21dbc3955d30&start=2026-10-11T19:30:00+0000&duration=PT30M from server.
Fetching https://www.freeview.co.uk/api/program?sid=233&nid=64403&pid=crid://csi.digitaluk.co.uk/917fc2b0-c238-4bb8-88a8-82c72c4edfd1&start=2026-10-11T20:00:00+0000&duration=PT30M from server.
Fetching https://www.freeview.co.uk/api/program?sid=233&nid=64403&pid=crid://csi.digitaluk.co.uk/d037aca8-711a-47f9-9eb7-fcac2e146d80&start=2026-10-11T20:30:00+0000&duration=PT30M from server.
Fetching https://www.freeview.co.uk/api/program?sid=233&nid=64403&pid=crid://csi.digitaluk.co.uk/273aef8f-7668-425c-a532-e94dca3acd0f&start=2026-10-11T21:00:00+0000&duration=PT30M from server.
Fetching https://www.freeview.co.uk/api/program?sid=233&nid=64403&pid=crid://csi.digitaluk.co.uk/442a1be7-55c2-4e5d-b96f-846663bffe84&start=2026-10-11T21:30:00+0000&duration=PT30M from server.
Fetching https://www.freeview.co.uk/api/program?sid=233&nid=64403&pid=crid://csi.digitaluk.co.uk/6d41af2d-009f-4002-97a7-6b1bbfb4ec29&start=2026-10-11T22:00:00+0000&duration=PT30M from server.
Fetching https://www.freeview.co.uk/api/program?sid=233&nid=64403&pid=crid://csi.digitaluk.co.uk/1f33b780-ad08-4922-8041-079d1ccef3c2&start=2026-10-11T22:30:00+0000&duration=PT30M from server.
Fetching https://www.freeview.co.uk/api/program?sid=233&nid=64403&pid=crid://csi.digitaluk.co.uk/2eb70782-2bc2-4d28-85d4-c13c6cb8bce9&start=2026-10-11T23:00:00+0000&duration=PT1H from server.
###
