tv_grab_uk_freeview, 2026-09-02 23:41:31
----------------------------------------
getting list of channels:  URL= https://www.freeview.co.uk/api/channel-list?nid=64403 
Fetching https://www.freeview.co.uk/api/channel-list?nid=64403 from server.
##################################################
using cache '/home/runner/work/xmltv/xmltv/scripts//.xmltv/cache' 
using channel format 'number' 
using region id '64403' 
using icon ch string '?w=160' 
using icon pg string '?w=800' 
fetch 20 channels 
start/end grab: 1788912000 1788998400 
getting listings:  URL= https://www.freeview.co.uk/api/tv-guide?nid=64403&start=1788912000 
Fetching https://www.freeview.co.uk/api/tv-guide?nid=64403&start=1788912000 from server.
 Wanted 8384 
Fetching https://www.freeview.co.uk/api/program?sid=4&nid=64403&pid=crid://csi.digitaluk.co.uk/04a96594-bc51-4f64-8c2e-ad794f643d73&start=2026-09-09T00:05:00+0000&duration=PT50M from server.
Fetching https://www.freeview.co.uk/api/program?sid=4&nid=64403&pid=crid://csi.digitaluk.co.uk/592d2828-7e65-4861-bf61-0b2f392fb098&start=2026-09-09T00:55:00+0000&duration=PT55M from server.
Fetching https://www.freeview.co.uk/api/program?sid=4&nid=64403&pid=crid://movida.bebanjo.net/mas/version/79049/001/ASDELIVERED/C&start=2026-09-09T01:50:00+0000&duration=PT55M from server.
Fetching https://www.freeview.co.uk/api/program?sid=4&nid=64403&pid=crid://csi.digitaluk.co.uk/bf76005b-53f1-48bd-838c-c0d03351630f&start=2026-09-09T02:45:00+0000&duration=PT15M from server.
Fetching https://www.freeview.co.uk/api/program?sid=4&nid=64403&pid=crid://csi.digitaluk.co.uk/45c88703-d433-4fe4-bc2f-da83cad0be35&start=2026-09-09T03:00:00+0000&duration=PT55M from server.
Fetching https://www.freeview.co.uk/api/program?sid=4&nid=64403&pid=crid://csi.digitaluk.co.uk/14684fa0-0c82-482f-a0a1-1cd609db2840&start=2026-09-09T03:55:00+0000&duration=PT55M from server.
Fetching https://www.freeview.co.uk/api/program?sid=4&nid=64403&pid=crid://csi.digitaluk.co.uk/4cb1aa78-20d1-440d-a8ad-8406ba59296d&start=2026-09-09T04:50:00+0000&duration=PT40M from server.
Fetching https://www.freeview.co.uk/api/program?sid=4&nid=64403&pid=crid://csi.digitaluk.co.uk/ef31cb1f-cc75-4731-ba7a-a0300b99c4d8&start=2026-09-09T05:30:00+0000&duration=PT25M from server.
Fetching https://www.freeview.co.uk/api/program?sid=4&nid=64403&pid=crid://csi.digitaluk.co.uk/54558653-4324-40f7-8f00-07a601cda684&start=2026-09-09T05:55:00+0000&duration=PT25M from server.
Fetching https://www.freeview.co.uk/api/program?sid=4&nid=64403&pid=crid://csi.digitaluk.co.uk/c6df1cca-bb1f-42ce-82e4-5418a3a824bd&start=2026-09-09T06:20:00+0000&duration=PT25M from server.
Fetching https://www.freeview.co.uk/api/program?sid=4&nid=64403&pid=crid://csi.digitaluk.co.uk/8b98557a-3677-44b0-be6f-1f662c63a9e2&start=2026-09-09T06:45:00+0000&duration=PT25M from server.
Fetching https://www.freeview.co.uk/api/program?sid=4&nid=64403&pid=crid://csi.digitaluk.co.uk/efef422f-c6db-4287-aeca-34f8819d9b96&start=2026-09-09T07:10:00+0000&duration=PT30M from server.
Fetching https://www.freeview.co.uk/api/program?sid=4&nid=64403&pid=crid://csi.digitaluk.co.uk/2c87b45f-842a-47f6-9510-56dd7ae6634e&start=2026-09-09T07:40:00+0000&duration=PT30M from server.
Fetching https://www.freeview.co.uk/api/program?sid=4&nid=64403&pid=crid://csi.digitaluk.co.uk/b711d8bf-6a7c-41f6-916d-2f4a8c8f6669&start=2026-09-09T08:10:00+0000&duration=PT30M from server.
Fetching https://www.freeview.co.uk/api/program?sid=4&nid=64403&pid=crid://csi.digitaluk.co.uk/b5417809-d499-4151-80a1-6c5eb80df181&start=2026-09-09T08:40:00+0000&duration=PT30M from server.
Fetching https://www.freeview.co.uk/api/program?sid=4&nid=64403&pid=crid://csi.digitaluk.co.uk/e85a6f8e-4590-4460-8abb-05f1e93940cd&start=2026-09-09T09:10:00+0000&duration=PT30M from server.
Fetching https://www.freeview.co.uk/api/program?sid=4&nid=64403&pid=crid://csi.digitaluk.co.uk/38b067f1-991e-4448-bcdd-f9902ffc23fe&start=2026-09-09T09:40:00+0000&duration=PT30M from server.
Fetching https://www.freeview.co.uk/api/program?sid=4&nid=64403&pid=crid://csi.digitaluk.co.uk/7b4d7d15-d0a6-4862-8e13-90d0a2aa8846&start=2026-09-09T10:10:00+0000&duration=PT55M from server.
Fetching https://www.freeview.co.uk/api/program?sid=4&nid=64403&pid=crid://csi.digitaluk.co.uk/46803ae2-860e-474c-91a2-1f0fe088ac06&start=2026-09-09T11:05:00+0000&duration=PT5M from server.
Fetching https://www.freeview.co.uk/api/program?sid=4&nid=64403&pid=crid://csi.digitaluk.co.uk/454df06d-125c-4bc5-82bd-58f6d1a66cf1&start=2026-09-09T11:10:00+0000&duration=PT1H from server.
Fetching https://www.freeview.co.uk/api/program?sid=4&nid=64403&pid=crid://csi.digitaluk.co.uk/1f3e605e-bbf6-4fb1-854e-3dc7c6965085&start=2026-09-09T12:10:00+0000&duration=PT1H from server.
Fetching https://www.freeview.co.uk/api/program?sid=4&nid=64403&pid=crid://csi.digitaluk.co.uk/511b614d-06ab-4159-bde9-dca52c2f36e7&start=2026-09-09T13:10:00+0000&duration=PT50M from server.
Fetching https://www.freeview.co.uk/api/program?sid=4&nid=64403&pid=crid://csi.digitaluk.co.uk/8148c963-db27-401b-a3c3-ab395e058857&start=2026-09-09T14:00:00+0000&duration=PT1H from server.
Fetching https://www.freeview.co.uk/api/program?sid=4&nid=64403&pid=crid://csi.digitaluk.co.uk/f7903d01-a233-4502-9f5f-ad3294f04ce4&start=2026-09-09T15:00:00+0000&duration=PT1H from server.
Fetching https://www.freeview.co.uk/api/program?sid=4&nid=64403&pid=crid://csi.digitaluk.co.uk/40e7b6a4-5dd0-4ad4-8dcb-02b64a74f74b&start=2026-09-09T16:00:00+0000&duration=PT30M from server.
Fetching https://www.freeview.co.uk/api/program?sid=4&nid=64403&pid=crid://csi.digitaluk.co.uk/b2b435e0-abba-4052-8bc3-96a0a30bd09c&start=2026-09-09T16:30:00+0000&duration=PT30M from server.
Fetching https://www.freeview.co.uk/api/program?sid=4&nid=64403&pid=crid://csi.digitaluk.co.uk/4719f2c4-0d9c-4fb6-9afc-b925c2931c9b&start=2026-09-09T17:00:00+0000&duration=PT1H from server.
Fetching https://www.freeview.co.uk/api/program?sid=4&nid=64403&pid=crid://csi.digitaluk.co.uk/17716670-6ff0-478d-8548-48b965dc2965&start=2026-09-09T18:00:00+0000&duration=PT1H from server.
Fetching https://www.freeview.co.uk/api/program?sid=4&nid=64403&pid=crid://csi.digitaluk.co.uk/99f294a9-f50c-40ee-900f-7494805210da&start=2026-09-09T19:00:00+0000&duration=PT1H from server.
Fetching https://www.freeview.co.uk/api/program?sid=4&nid=64403&pid=crid://csi.digitaluk.co.uk/5cac5256-baa3-4a98-8ac7-bc719064d2c6&start=2026-09-09T20:00:00+0000&duration=PT1H from server.
Fetching https://www.freeview.co.uk/api/program?sid=4&nid=64403&pid=crid://csi.digitaluk.co.uk/5d7b7d13-f83f-4d9c-bc7e-4ea46ca60a84&start=2026-09-09T21:00:00+0000&duration=PT1H5M from server.
Fetching https://www.freeview.co.uk/api/program?sid=4&nid=64403&pid=crid://movida.bebanjo.net/mas/version/75214/023/ASDELIVERED/C&start=2026-09-09T22:05:00+0000&duration=PT1H5M from server.
Fetching https://www.freeview.co.uk/api/program?sid=4&nid=64403&pid=crid://csi.digitaluk.co.uk/ab9ef50a-9382-43b1-b8a8-fbbd8240c67f&start=2026-09-09T23:10:00+0000&duration=PT55M from server.
## Wanted 8500 
Fetching https://www.freeview.co.uk/api/program?sid=5&nid=64403&pid=crid://panorama.five.tv/versions/C5349600001A&start=2026-09-09T00:00:00+0000&duration=PT1H from server.
Fetching https://www.freeview.co.uk/api/program?sid=5&nid=64403&pid=crid://panorama.five.tv/versions/C5415800036A&start=2026-09-09T01:00:00+0000&duration=PT55M from server.
Fetching https://www.freeview.co.uk/api/program?sid=5&nid=64403&pid=crid://panorama.five.tv/versions/C5226330009B&start=2026-09-09T01:55:00+0000&duration=PT50M from server.
Fetching https://www.freeview.co.uk/api/program?sid=5&nid=64403&pid=crid://panorama.five.tv/versions/C5508560009A&start=2026-09-09T02:45:00+0000&duration=PT50M from server.
Fetching https://www.freeview.co.uk/api/program?sid=5&nid=64403&pid=crid://panorama.five.tv/versions/C5527740008A&start=2026-09-09T03:35:00+0000&duration=PT25M from server.
Fetching https://www.freeview.co.uk/api/program?sid=5&nid=64403&pid=crid://panorama.five.tv/versions/C5527740009A&start=2026-09-09T04:00:00+0000&duration=PT25M from server.
Fetching https://www.freeview.co.uk/api/program?sid=5&nid=64403&pid=crid://panorama.five.tv/versions/C5522700037A&start=2026-09-09T04:25:00+0000&duration=PT10M from server.
Fetching https://www.freeview.co.uk/api/program?sid=5&nid=64403&pid=crid://panorama.five.tv/versions/C5456980031A&start=2026-09-09T04:35:00+0000&duration=PT15M from server.
Fetching https://www.freeview.co.uk/api/program?sid=5&nid=64403&pid=crid://panorama.five.tv/versions/C5475400014A&start=2026-09-09T04:50:00+0000&duration=PT10M from server.
Fetching https://www.freeview.co.uk/api/program?sid=5&nid=64403&pid=crid://csi.digitaluk.co.uk/0de26a92-2f8c-4013-adbe-35152f390171&start=2026-09-09T05:00:00+0000&duration=PT5M from server.
Fetching https://www.freeview.co.uk/api/program?sid=5&nid=64403&pid=crid://csi.digitaluk.co.uk/99715ae4-17fa-495d-b184-ccbd686e8c95&start=2026-09-09T05:05:00+0000&duration=PT5M from server.
Fetching https://www.freeview.co.uk/api/program?sid=5&nid=64403&pid=crid://csi.digitaluk.co.uk/a02c3ad5-aa59-4b69-a697-1fdfc87ef391&start=2026-09-09T05:10:00+0000&duration=PT5M from server.
Fetching https://www.freeview.co.uk/api/program?sid=5&nid=64403&pid=crid://csi.digitaluk.co.uk/1a84cd4b-b6f3-404b-9cc4-43ccdc07cac6&start=2026-09-09T05:15:00+0000&duration=PT5M from server.
Fetching https://www.freeview.co.uk/api/program?sid=5&nid=64403&pid=crid://csi.digitaluk.co.uk/d442b7fb-880a-4d3c-b937-13b2b415485b&start=2026-09-09T05:20:00+0000&duration=PT15M from server.
Fetching https://www.freeview.co.uk/api/program?sid=5&nid=64403&pid=crid://csi.digitaluk.co.uk/e5555f4b-a936-4414-abd1-e4679f14864d&start=2026-09-09T05:35:00+0000&duration=PT10M from server.
Fetching https://www.freeview.co.uk/api/program?sid=5&nid=64403&pid=crid://csi.digitaluk.co.uk/3fd92908-65c2-426b-8ebf-d7a01d9234a5&start=2026-09-09T05:45:00+0000&duration=PT5M from server.
Fetching https://www.freeview.co.uk/api/program?sid=5&nid=64403&pid=crid://csi.digitaluk.co.uk/fbbf23fd-7186-417d-ab77-28d9124977f5&start=2026-09-09T05:50:00+0000&duration=PT5M from server.
Fetching https://www.freeview.co.uk/api/program?sid=5&nid=64403&pid=crid://csi.digitaluk.co.uk/024b7e9b-5be1-430e-a568-b2eddbb79260&start=2026-09-09T05:55:00+0000&duration=PT15M from server.
Fetching https://www.freeview.co.uk/api/program?sid=5&nid=64403&pid=crid://csi.digitaluk.co.uk/9b87b6af-295f-4b9c-925a-8c67f06e88e0&start=2026-09-09T06:10:00+0000&duration=PT10M from server.
Fetching https://www.freeview.co.uk/api/program?sid=5&nid=64403&pid=crid://csi.digitaluk.co.uk/9dc3bd5f-6401-4872-8a8a-eaa465a311cb&start=2026-09-09T06:20:00+0000&duration=PT10M from server.
Fetching https://www.freeview.co.uk/api/program?sid=5&nid=64403&pid=crid://csi.digitaluk.co.uk/dcc232a7-05bf-46e5-96ce-42b54c71c73a&start=2026-09-09T06:30:00+0000&duration=PT5M from server.
Fetching https://www.freeview.co.uk/api/program?sid=5&nid=64403&pid=crid://csi.digitaluk.co.uk/0333e1a6-8af1-45ad-85a2-6b4f31741850&start=2026-09-09T06:35:00+0000&duration=PT5M from server.
Fetching https://www.freeview.co.uk/api/program?sid=5&nid=64403&pid=crid://csi.digitaluk.co.uk/14820248-ca15-46ec-bc49-f847a9668a7a&start=2026-09-09T06:40:00+0000&duration=PT10M from server.
Fetching https://www.freeview.co.uk/api/program?sid=5&nid=64403&pid=crid://csi.digitaluk.co.uk/7291ff1a-d5bb-476e-aa3d-e2f9cdd2b182&start=2026-09-09T06:50:00+0000&duration=PT15M from server.
Fetching https://www.freeview.co.uk/api/program?sid=5&nid=64403&pid=crid://csi.digitaluk.co.uk/3c3fb6ae-07aa-47d1-9bfa-0ce58d7e46b6&start=2026-09-09T07:05:00+0000&duration=PT10M from server.
Fetching https://www.freeview.co.uk/api/program?sid=5&nid=64403&pid=crid://csi.digitaluk.co.uk/30f6363b-1aa1-4771-86bd-8bb3a799ab89&start=2026-09-09T07:15:00+0000&duration=PT15M from server.
Fetching https://www.freeview.co.uk/api/program?sid=5&nid=64403&pid=crid://csi.digitaluk.co.uk/75c77a12-e436-4f4e-a056-9a7c257af66b&start=2026-09-09T07:30:00+0000&duration=PT10M from server.
Fetching https://www.freeview.co.uk/api/program?sid=5&nid=64403&pid=crid://csi.digitaluk.co.uk/9a02f5f1-1ddf-4aee-b26e-b29392a0af89&start=2026-09-09T07:40:00+0000&duration=PT5M from server.
Fetching https://www.freeview.co.uk/api/program?sid=5&nid=64403&pid=crid://csi.digitaluk.co.uk/e7d181ea-1c9d-4f65-867d-4e25566458f9&start=2026-09-09T07:45:00+0000&duration=PT5M from server.
Fetching https://www.freeview.co.uk/api/program?sid=5&nid=64403&pid=crid://csi.digitaluk.co.uk/6b775a3c-e179-4c88-b69a-33f92cb7904e&start=2026-09-09T07:50:00+0000&duration=PT5M from server.
Fetching https://www.freeview.co.uk/api/program?sid=5&nid=64403&pid=crid://csi.digitaluk.co.uk/893343d4-ae55-413c-9bca-ebf428a4d4c9&start=2026-09-09T07:55:00+0000&duration=PT10M from server.
Fetching https://www.freeview.co.uk/api/program?sid=5&nid=64403&pid=crid://csi.digitaluk.co.uk/799842d1-5087-49a9-bcae-5091395cf3ff&start=2026-09-09T08:05:00+0000&duration=PT10M from server.
Fetching https://www.freeview.co.uk/api/program?sid=5&nid=64403&pid=crid://csi.digitaluk.co.uk/33638bcc-0a35-4fa5-9d2f-06335c560a82&start=2026-09-09T08:15:00+0000&duration=PT2H15M from server.
Fetching https://www.freeview.co.uk/api/program?sid=5&nid=64403&pid=crid://csi.digitaluk.co.uk/00f24ea7-05c9-43a6-8eb2-091932e5d7d9&start=2026-09-09T10:30:00+0000&duration=PT1H15M from server.
Fetching https://www.freeview.co.uk/api/program?sid=5&nid=64403&pid=crid://csi.digitaluk.co.uk/8193c3c8-e7f1-40c4-b037-212cd840b7e2&start=2026-09-09T11:45:00+0000&duration=PT5M from server.
Fetching https://www.freeview.co.uk/api/program?sid=5&nid=64403&pid=crid://csi.digitaluk.co.uk/ed0d173e-8b76-425f-88ec-eeaffca74b7a&start=2026-09-09T11:50:00+0000&duration=PT1H30M from server.
Fetching https://www.freeview.co.uk/api/program?sid=5&nid=64403&pid=crid://csi.digitaluk.co.uk/449a7a55-100f-48e9-a5af-1478144ceac6&start=2026-09-09T13:20:00+0000&duration=PT1H40M from server.
Fetching https://www.freeview.co.uk/api/program?sid=5&nid=64403&pid=crid://csi.digitaluk.co.uk/c53091c2-efb3-4a5e-b426-1106eb04d1d0&start=2026-09-09T15:00:00+0000&duration=PT55M from server.
Fetching https://www.freeview.co.uk/api/program?sid=5&nid=64403&pid=crid://csi.digitaluk.co.uk/ec62966a-a13d-400f-9e7b-db7a82cc17c3&start=2026-09-09T15:55:00+0000&duration=PT5M from server.
Fetching https://www.freeview.co.uk/api/program?sid=5&nid=64403&pid=crid://csi.digitaluk.co.uk/fae4b7eb-10c3-4d30-9743-8761ff8d883b&start=2026-09-09T16:00:00+0000&duration=PT1H from server.
Fetching https://www.freeview.co.uk/api/program?sid=5&nid=64403&pid=crid://csi.digitaluk.co.uk/d0cdcdaa-1071-45a9-a2a3-0dbe93653255&start=2026-09-09T17:00:00+0000&duration=PT1H from server.
Fetching https://www.freeview.co.uk/api/program?sid=5&nid=64403&pid=crid://csi.digitaluk.co.uk/e745cbf6-5d6b-476a-a73a-9cb89bef9d94&start=2026-09-09T18:00:00+0000&duration=PT1H from server.
Fetching https://www.freeview.co.uk/api/program?sid=5&nid=64403&pid=crid://csi.digitaluk.co.uk/16a0b2ab-615d-4173-b2eb-6e5d18485528&start=2026-09-09T19:00:00+0000&duration=PT1H from server.
Fetching https://www.freeview.co.uk/api/program?sid=5&nid=64403&pid=crid://csi.digitaluk.co.uk/f3ba5bce-804a-47fe-b721-b9d25a7095d4&start=2026-09-09T20:00:00+0000&duration=PT1H from server.
Fetching https://www.freeview.co.uk/api/program?sid=5&nid=64403&pid=crid://csi.digitaluk.co.uk/cd56d112-6159-4b1d-934b-c1f605c59945&start=2026-09-09T21:00:00+0000&duration=PT1H5M from server.
Fetching https://www.freeview.co.uk/api/program?sid=5&nid=64403&pid=crid://csi.digitaluk.co.uk/366dd8f1-a8ce-4f96-ba72-b8f5c550fc0c&start=2026-09-09T22:05:00+0000&duration=PT1H from server.
Fetching https://www.freeview.co.uk/api/program?sid=5&nid=64403&pid=crid://csi.digitaluk.co.uk/139d9fdf-5449-484f-9c6c-23cd1873f3c7&start=2026-09-09T23:05:00+0000&duration=PT55M from server.
### Wanted 28000 
Fetching https://www.freeview.co.uk/api/program?sid=12&nid=64403&pid=crid://csi.digitaluk.co.uk/cd38cd47-518a-4db1-bb19-176d36d9edec&start=2026-09-09T00:00:00+0000&duration=PT30M from server.
Fetching https://www.freeview.co.uk/api/program?sid=12&nid=64403&pid=crid://csi.digitaluk.co.uk/d4b53649-13a0-4d99-9059-8fcc5dcee2de&start=2026-09-09T00:30:00+0000&duration=PT1H from server.
Fetching https://www.freeview.co.uk/api/program?sid=12&nid=64403&pid=crid://csi.digitaluk.co.uk/3d635bcb-a26a-4020-8300-6a11cec6fca4&start=2026-09-09T01:30:00+0000&duration=PT2H from server.
Fetching https://www.freeview.co.uk/api/program?sid=12&nid=64403&pid=crid://csi.digitaluk.co.uk/bd500158-9fc7-401e-9182-6a576750828f&start=2026-09-09T03:30:00+0000&duration=PT30M from server.
Fetching https://www.freeview.co.uk/api/program?sid=12&nid=64403&pid=crid://csi.digitaluk.co.uk/9b1a9de7-cd51-41e8-8b0d-296cf95a9294&start=2026-09-09T04:00:00+0000&duration=PT1H from server.
Fetching https://www.freeview.co.uk/api/program?sid=12&nid=64403&pid=crid://csi.digitaluk.co.uk/eaeddcc0-bbb9-4f5f-8202-5a296eeb359b&start=2026-09-09T05:00:00+0000&duration=PT30M from server.
Fetching https://www.freeview.co.uk/api/program?sid=12&nid=64403&pid=crid://csi.digitaluk.co.uk/ec779fb8-93ad-42c1-8317-5cae36a58a44&start=2026-09-09T05:30:00+0000&duration=PT30M from server.
Fetching https://www.freeview.co.uk/api/program?sid=12&nid=64403&pid=crid://csi.digitaluk.co.uk/4aeb928c-05cd-4da9-bdb3-e66bb1dcc4d4&start=2026-09-09T06:00:00+0000&duration=PT30M from server.
Fetching https://www.freeview.co.uk/api/program?sid=12&nid=64403&pid=crid://csi.digitaluk.co.uk/144aa206-36dd-4f7a-a759-ba6c955ec3f1&start=2026-09-09T06:30:00+0000&duration=PT30M from server.
Fetching https://www.freeview.co.uk/api/program?sid=12&nid=64403&pid=crid://csi.digitaluk.co.uk/5ab6a4fe-ad08-4b04-89ca-8a9c73d42e6a&start=2026-09-09T07:00:00+0000&duration=PT30M from server.
Fetching https://www.freeview.co.uk/api/program?sid=12&nid=64403&pid=crid://csi.digitaluk.co.uk/f03b7b0e-d1cd-4821-ae65-a7d8f102b2b1&start=2026-09-09T07:30:00+0000&duration=PT30M from server.
Fetching https://www.freeview.co.uk/api/program?sid=12&nid=64403&pid=crid://csi.digitaluk.co.uk/11958dce-fe37-48cd-bf4a-c6e76a5a4f51&start=2026-09-09T08:00:00+0000&duration=PT30M from server.
Fetching https://www.freeview.co.uk/api/program?sid=12&nid=64403&pid=crid://csi.digitaluk.co.uk/0fc7234a-ea0a-41af-b33e-7455d9a983de&start=2026-09-09T08:30:00+0000&duration=PT30M from server.
Fetching https://www.freeview.co.uk/api/program?sid=12&nid=64403&pid=crid://csi.digitaluk.co.uk/ac262e89-1844-4a51-bc9d-bb7119075a3d&start=2026-09-09T09:00:00+0000&duration=PT30M from server.
Fetching https://www.freeview.co.uk/api/program?sid=12&nid=64403&pid=crid://csi.digitaluk.co.uk/341fa3c4-58b9-445e-b4ee-aacad486690a&start=2026-09-09T09:30:00+0000&duration=PT30M from server.
Fetching https://www.freeview.co.uk/api/program?sid=12&nid=64403&pid=crid://csi.digitaluk.co.uk/3c0e3d5d-8f6e-4a0c-90d6-c7d039ec8cca&start=2026-09-09T10:00:00+0000&duration=PT30M from server.
Fetching https://www.freeview.co.uk/api/program?sid=12&nid=64403&pid=crid://csi.digitaluk.co.uk/770dd966-cdd2-438b-a1a3-3a28f7ce460d&start=2026-09-09T10:30:00+0000&duration=PT30M from server.
Fetching https://www.freeview.co.uk/api/program?sid=12&nid=64403&pid=crid://csi.digitaluk.co.uk/e87554c3-34cf-46e8-9f8b-2514cced9e7d&start=2026-09-09T11:00:00+0000&duration=PT30M from server.
Fetching https://www.freeview.co.uk/api/program?sid=12&nid=64403&pid=crid://csi.digitaluk.co.uk/e2c7073b-17fd-4ed6-b53b-ee851bb94df9&start=2026-09-09T11:30:00+0000&duration=PT30M from server.
Fetching https://www.freeview.co.uk/api/program?sid=12&nid=64403&pid=crid://csi.digitaluk.co.uk/9262f187-0778-4e9f-a91f-af04c46f6a3a&start=2026-09-09T12:00:00+0000&duration=PT30M from server.
Fetching https://www.freeview.co.uk/api/program?sid=12&nid=64403&pid=crid://csi.digitaluk.co.uk/ee830a65-f369-45f6-bd49-77e061aa2b3d&start=2026-09-09T12:30:00+0000&duration=PT30M from server.
Fetching https://www.freeview.co.uk/api/program?sid=12&nid=64403&pid=crid://csi.digitaluk.co.uk/cf5cf37c-8e6d-46b4-a230-826bf94e3854&start=2026-09-09T13:00:00+0000&duration=PT30M from server.
Fetching https://www.freeview.co.uk/api/program?sid=12&nid=64403&pid=crid://csi.digitaluk.co.uk/f72b3088-18b1-4b67-98be-c242fed9f7c3&start=2026-09-09T13:30:00+0000&duration=PT30M from server.
Fetching https://www.freeview.co.uk/api/program?sid=12&nid=64403&pid=crid://csi.digitaluk.co.uk/469f3928-0f3f-416f-8c4d-a1e4f6dd84e1&start=2026-09-09T14:00:00+0000&duration=PT30M from server.
Fetching https://www.freeview.co.uk/api/program?sid=12&nid=64403&pid=crid://csi.digitaluk.co.uk/7dc59e23-9640-4c4d-8abb-53baedd9445a&start=2026-09-09T14:30:00+0000&duration=PT30M from server.
Fetching https://www.freeview.co.uk/api/program?sid=12&nid=64403&pid=crid://csi.digitaluk.co.uk/a95b6184-21c8-4157-9c6d-0457e3179d83&start=2026-09-09T15:00:00+0000&duration=PT30M from server.
Fetching https://www.freeview.co.uk/api/program?sid=12&nid=64403&pid=crid://csi.digitaluk.co.uk/f8eecca5-33f4-47a1-92c4-e707a6a16dbf&start=2026-09-09T15:30:00+0000&duration=PT30M from server.
Fetching https://www.freeview.co.uk/api/program?sid=12&nid=64403&pid=crid://csi.digitaluk.co.uk/7c43b1b1-2f2b-4e73-bc6b-03fc7bd5974d&start=2026-09-09T16:00:00+0000&duration=PT30M from server.
Fetching https://www.freeview.co.uk/api/program?sid=12&nid=64403&pid=crid://csi.digitaluk.co.uk/ed1bc0c6-469b-4200-96af-bc6860fb90ce&start=2026-09-09T16:30:00+0000&duration=PT30M from server.
Fetching https://www.freeview.co.uk/api/program?sid=12&nid=64403&pid=crid://csi.digitaluk.co.uk/2c388c22-7c40-47a1-ab95-2d92bd503cae&start=2026-09-09T17:00:00+0000&duration=PT30M from server.
Fetching https://www.freeview.co.uk/api/program?sid=12&nid=64403&pid=crid://csi.digitaluk.co.uk/d6a6b5af-3271-499d-9660-fd3992743fbf&start=2026-09-09T17:30:00+0000&duration=PT30M from server.
Fetching https://www.freeview.co.uk/api/program?sid=12&nid=64403&pid=crid://csi.digitaluk.co.uk/3fd0d560-9ab4-495a-a534-44cbec16ddb8&start=2026-09-09T18:00:00+0000&duration=PT30M from server.
Fetching https://www.freeview.co.uk/api/program?sid=12&nid=64403&pid=crid://csi.digitaluk.co.uk/a225e82d-b8cf-4b62-8442-850ae8814899&start=2026-09-09T18:30:00+0000&duration=PT30M from server.
Fetching https://www.freeview.co.uk/api/program?sid=12&nid=64403&pid=crid://csi.digitaluk.co.uk/1bec0195-ef8a-4e87-80a8-a4e178b8db05&start=2026-09-09T19:00:00+0000&duration=PT30M from server.
Fetching https://www.freeview.co.uk/api/program?sid=12&nid=64403&pid=crid://csi.digitaluk.co.uk/8f3fee57-f2c1-459f-b6f2-37c6b29d5131&start=2026-09-09T19:30:00+0000&duration=PT30M from server.
Fetching https://www.freeview.co.uk/api/program?sid=12&nid=64403&pid=crid://csi.digitaluk.co.uk/44526084-9f5d-4924-a981-c28571877135&start=2026-09-09T20:00:00+0000&duration=PT1H from server.
Fetching https://www.freeview.co.uk/api/program?sid=12&nid=64403&pid=crid://csi.digitaluk.co.uk/6337c1ae-3603-4ce1-acd9-0a8d9fcde2c4&start=2026-09-09T21:00:00+0000&duration=PT1H from server.
Fetching https://www.freeview.co.uk/api/program?sid=12&nid=64403&pid=crid://csi.digitaluk.co.uk/b8d3eaec-9ba0-4a6a-a733-4a10cea79364&start=2026-09-09T22:00:00+0000&duration=PT1H from server.
Fetching https://www.freeview.co.uk/api/program?sid=12&nid=64403&pid=crid://csi.digitaluk.co.uk/1e2ad329-8220-46b5-9568-70390e11a6e7&start=2026-09-09T23:00:00+0000&duration=PT30M from server.
Fetching https://www.freeview.co.uk/api/program?sid=12&nid=64403&pid=crid://csi.digitaluk.co.uk/ce099a4a-5dcc-4ca4-bb51-7d84c7c3fee0&start=2026-09-09T23:30:00+0000&duration=PT30M from server.
## Wanted 8448 
Fetching https://www.freeview.co.uk/api/program?sid=13&nid=64403&pid=crid://csi.digitaluk.co.uk/d4b164b0-64d2-4d31-b31e-172aac953150&start=2026-09-09T00:10:00+0000&duration=PT1H from server.
Fetching https://www.freeview.co.uk/api/program?sid=13&nid=64403&pid=crid://csi.digitaluk.co.uk/8ec52cd2-15ee-4e90-a1b0-ff04c640d075&start=2026-09-09T01:10:00+0000&duration=PT50M from server.
Fetching https://www.freeview.co.uk/api/program?sid=13&nid=64403&pid=crid://csi.digitaluk.co.uk/228f5f1a-8083-450d-a694-97b3bcb35ef7&start=2026-09-09T02:00:00+0000&duration=PT50M from server.
Fetching https://www.freeview.co.uk/api/program?sid=13&nid=64403&pid=crid://csi.digitaluk.co.uk/7555f544-fb09-4bdb-88bc-9cf06bac4cd4&start=2026-09-09T02:50:00+0000&duration=PT25M from server.
Fetching https://www.freeview.co.uk/api/program?sid=13&nid=64403&pid=crid://csi.digitaluk.co.uk/b8e04ebb-3279-4787-ab1e-e81b07c87760&start=2026-09-09T03:15:00+0000&duration=PT25M from server.
Fetching https://www.freeview.co.uk/api/program?sid=13&nid=64403&pid=crid://csi.digitaluk.co.uk/293d4e5a-62a4-4a43-930e-2ea55d1791e6&start=2026-09-09T03:40:00+0000&duration=PT25M from server.
Fetching https://www.freeview.co.uk/api/program?sid=13&nid=64403&pid=crid://csi.digitaluk.co.uk/e63dd531-3ae1-4352-b0b2-0dfd52d567b8&start=2026-09-09T04:05:00+0000&duration=PT25M from server.
Fetching https://www.freeview.co.uk/api/program?sid=13&nid=64403&pid=crid://csi.digitaluk.co.uk/59ba290b-fa11-46bc-86a1-e71a66103996&start=2026-09-09T04:30:00+0000&duration=PT30M from server.
Fetching https://www.freeview.co.uk/api/program?sid=13&nid=64403&pid=crid://csi.digitaluk.co.uk/ef5e4dcd-7c50-4021-b8a7-3007bee6c3cb&start=2026-09-09T05:00:00+0000&duration=PT30M from server.
Fetching https://www.freeview.co.uk/api/program?sid=13&nid=64403&pid=crid://csi.digitaluk.co.uk/78a7498a-8dfe-4fca-abe1-a22d27eb0a2f&start=2026-09-09T05:30:00+0000&duration=PT25M from server.
Fetching https://www.freeview.co.uk/api/program?sid=13&nid=64403&pid=crid://csi.digitaluk.co.uk/77098de2-7147-4042-84f7-1b9927aa9886&start=2026-09-09T05:55:00+0000&duration=PT5M from server.
Fetching https://www.freeview.co.uk/api/program?sid=13&nid=64403&pid=crid://csi.digitaluk.co.uk/03c618ff-5d98-4502-a0c1-de5455382558&start=2026-09-09T06:00:00+0000&duration=PT1H from server.
Fetching https://www.freeview.co.uk/api/program?sid=13&nid=64403&pid=crid://csi.digitaluk.co.uk/8ac7402f-8288-454d-8634-fd18554b9ae5&start=2026-09-09T07:00:00+0000&duration=PT1H from server.
Fetching https://www.freeview.co.uk/api/program?sid=13&nid=64403&pid=crid://csi.digitaluk.co.uk/f9860b07-8a67-42be-b9d8-c78abf8bb21a&start=2026-09-09T08:00:00+0000&duration=PT1H from server.
Fetching https://www.freeview.co.uk/api/program?sid=13&nid=64403&pid=crid://csi.digitaluk.co.uk/3fa14bd8-d0bc-46c9-adbb-02bebae9fc67&start=2026-09-09T09:00:00+0000&duration=PT1H from server.
Fetching https://www.freeview.co.uk/api/program?sid=13&nid=64403&pid=crid://csi.digitaluk.co.uk/69cb5c94-5f3d-447f-a518-d1673be3845c&start=2026-09-09T10:00:00+0000&duration=PT1H from server.
Fetching https://www.freeview.co.uk/api/program?sid=13&nid=64403&pid=crid://csi.digitaluk.co.uk/a60fab2e-2a42-4f80-b13d-d3a76044d0fb&start=2026-09-09T11:00:00+0000&duration=PT30M from server.
Fetching https://www.freeview.co.uk/api/program?sid=13&nid=64403&pid=crid://csi.digitaluk.co.uk/dce6e41d-7f37-4b99-a93b-a9b3e2f2f55c&start=2026-09-09T11:30:00+0000&duration=PT30M from server.
Fetching https://www.freeview.co.uk/api/program?sid=13&nid=64403&pid=crid://csi.digitaluk.co.uk/8357e454-be3e-487d-8b31-3ed0ee7c9a33&start=2026-09-09T12:00:00+0000&duration=PT30M from server.
Fetching https://www.freeview.co.uk/api/program?sid=13&nid=64403&pid=crid://csi.digitaluk.co.uk/55117154-2fc8-4ce5-9196-4f04ff492867&start=2026-09-09T12:30:00+0000&duration=PT30M from server.
Fetching https://www.freeview.co.uk/api/program?sid=13&nid=64403&pid=crid://csi.digitaluk.co.uk/f0d2c2e4-2050-49b0-85e1-c0ca8b1dcb3f&start=2026-09-09T13:00:00+0000&duration=PT30M from server.
Fetching https://www.freeview.co.uk/api/program?sid=13&nid=64403&pid=crid://csi.digitaluk.co.uk/0ede8d4d-1512-4946-b232-6ab29a5ac870&start=2026-09-09T13:30:00+0000&duration=PT30M from server.
Fetching https://www.freeview.co.uk/api/program?sid=13&nid=64403&pid=crid://csi.digitaluk.co.uk/71c7aafc-69e4-4d8a-9e0c-c12d827a3f60&start=2026-09-09T14:00:00+0000&duration=PT30M from server.
Fetching https://www.freeview.co.uk/api/program?sid=13&nid=64403&pid=crid://csi.digitaluk.co.uk/ed104964-d2a7-4a62-acfb-720c45773c48&start=2026-09-09T14:30:00+0000&duration=PT30M from server.
Fetching https://www.freeview.co.uk/api/program?sid=13&nid=64403&pid=crid://csi.digitaluk.co.uk/80f77a9d-3fd7-4db8-bf38-e2bf5bf7eae1&start=2026-09-09T15:00:00+0000&duration=PT30M from server.
Fetching https://www.freeview.co.uk/api/program?sid=13&nid=64403&pid=crid://csi.digitaluk.co.uk/3fb56884-6329-4e23-a8a3-207001174c41&start=2026-09-09T15:30:00+0000&duration=PT30M from server.
Fetching https://www.freeview.co.uk/api/program?sid=13&nid=64403&pid=crid://csi.digitaluk.co.uk/30d5744a-8be5-4e4c-ae16-41f1c0ea85f1&start=2026-09-09T16:00:00+0000&duration=PT30M from server.
Fetching https://www.freeview.co.uk/api/program?sid=13&nid=64403&pid=crid://csi.digitaluk.co.uk/25087b49-ba79-495b-b1c9-dc3659f7682e&start=2026-09-09T16:30:00+0000&duration=PT30M from server.
Fetching https://www.freeview.co.uk/api/program?sid=13&nid=64403&pid=crid://csi.digitaluk.co.uk/96710eee-7bb0-4254-8b46-11eb25cad50e&start=2026-09-09T17:00:00+0000&duration=PT30M from server.
Fetching https://www.freeview.co.uk/api/program?sid=13&nid=64403&pid=crid://csi.digitaluk.co.uk/0913bab6-1f99-4d02-9b87-6dadf35343d3&start=2026-09-09T17:30:00+0000&duration=PT30M from server.
Fetching https://www.freeview.co.uk/api/program?sid=13&nid=64403&pid=crid://csi.digitaluk.co.uk/5b753ef6-dd9d-48d6-ad69-d5b25d556196&start=2026-09-09T18:00:00+0000&duration=PT30M from server.
Fetching https://www.freeview.co.uk/api/program?sid=13&nid=64403&pid=crid://csi.digitaluk.co.uk/1bee1e81-43b9-4ad3-b0fb-0a8ae7ecb8c3&start=2026-09-09T18:30:00+0000&duration=PT30M from server.
Fetching https://www.freeview.co.uk/api/program?sid=13&nid=64403&pid=crid://csi.digitaluk.co.uk/deb24e2e-23f8-4c70-980d-649a0767325a&start=2026-09-09T19:00:00+0000&duration=PT1H from server.
Fetching https://www.freeview.co.uk/api/program?sid=13&nid=64403&pid=crid://csi.digitaluk.co.uk/a6404753-3bf2-4250-a615-85c4ee7e741b&start=2026-09-09T20:00:00+0000&duration=PT1H from server.
Fetching https://www.freeview.co.uk/api/program?sid=13&nid=64403&pid=crid://csi.digitaluk.co.uk/63619c09-7b59-4052-8e06-55b4358e910c&start=2026-09-09T21:00:00+0000&duration=PT1H from server.
Fetching https://www.freeview.co.uk/api/program?sid=13&nid=64403&pid=crid://csi.digitaluk.co.uk/062beacc-fcf3-4a8c-8515-a75ca94c1cb4&start=2026-09-09T22:00:00+0000&duration=PT1H5M from server.
Fetching https://www.freeview.co.uk/api/program?sid=13&nid=64403&pid=crid://csi.digitaluk.co.uk/6c8523f0-e4a0-43d9-847a-1497ad0a5c34&start=2026-09-09T23:05:00+0000&duration=PT1H5M from server.
### Wanted 8385 
Fetching https://www.freeview.co.uk/api/program?sid=14&nid=64403&pid=crid://csi.digitaluk.co.uk/65ba3ba4-1f8b-46fe-94a6-d59813d2504f&start=2026-09-09T00:20:00+0000&duration=PT2H35M from server.
Fetching https://www.freeview.co.uk/api/program?sid=14&nid=64403&pid=crid://csi.digitaluk.co.uk/f1f6d677-c33c-44cc-8f89-b524ec902c4d&start=2026-09-09T02:55:00+0000&duration=PT3H5M from server.
Fetching https://www.freeview.co.uk/api/program?sid=14&nid=64403&pid=crid://csi.digitaluk.co.uk/7428b97e-149c-4d76-94a2-c3c7b5d55daf&start=2026-09-09T06:00:00+0000&duration=PT4H from server.
Fetching https://www.freeview.co.uk/api/program?sid=14&nid=64403&pid=crid://movida.bebanjo.net/mas/version/40835/001/ALLTIMES/C&start=2026-09-09T10:00:00+0000&duration=PT2H35M from server.
Fetching https://www.freeview.co.uk/api/program?sid=14&nid=64403&pid=crid://csi.digitaluk.co.uk/4010af40-702a-46c6-bd8f-692c1b78dc78&start=2026-09-09T12:35:00+0000&duration=PT5M from server.
Fetching https://www.freeview.co.uk/api/program?sid=14&nid=64403&pid=crid://csi.digitaluk.co.uk/05c09c2b-e317-48da-98d9-67f28a5d016f&start=2026-09-09T12:40:00+0000&duration=PT2H25M from server.
Fetching https://www.freeview.co.uk/api/program?sid=14&nid=64403&pid=crid://csi.digitaluk.co.uk/7db18157-335d-4292-b535-ed0bc763ef90&start=2026-09-09T15:05:00+0000&duration=PT2H10M from server.
Fetching https://www.freeview.co.uk/api/program?sid=14&nid=64403&pid=crid://csi.digitaluk.co.uk/7cc9e968-5f0a-44bf-b95e-f18626573345&start=2026-09-09T17:15:00+0000&duration=PT10M from server.
Fetching https://www.freeview.co.uk/api/program?sid=14&nid=64403&pid=crid://csi.digitaluk.co.uk/a15437a5-e0ad-45ee-bb96-8df040670ac6&start=2026-09-09T17:25:00+0000&duration=PT2H35M from server.
Fetching https://www.freeview.co.uk/api/program?sid=14&nid=64403&pid=crid://csi.digitaluk.co.uk/25d1f108-9d31-4906-b09e-278d936452b7&start=2026-09-09T20:00:00+0000&duration=PT2H20M from server.
Fetching https://www.freeview.co.uk/api/program?sid=14&nid=64403&pid=crid://csi.digitaluk.co.uk/bb049906-9ede-4781-a600-a6e4154d50c2&start=2026-09-09T22:20:00+0000&duration=PT1H50M from server.
## Wanted 27328 
Fetching https://www.freeview.co.uk/api/program?sid=17&nid=64403&pid=crid://csi.digitaluk.co.uk/bbca36f5-8986-4c73-951b-14c8b31a9e03&start=2026-09-09T00:00:00+0000&duration=PT1H from server.
Fetching https://www.freeview.co.uk/api/program?sid=17&nid=64403&pid=crid://csi.digitaluk.co.uk/3f552a43-68ac-4b93-b22b-d363997cfa9b&start=2026-09-09T01:00:00+0000&duration=PT1H from server.
Fetching https://www.freeview.co.uk/api/program?sid=17&nid=64403&pid=crid://csi.digitaluk.co.uk/525b2be2-d73c-422c-8436-d9473c0eccfd&start=2026-09-09T02:00:00+0000&duration=PT1H from server.
Fetching https://www.freeview.co.uk/api/program?sid=17&nid=64403&pid=crid://csi.digitaluk.co.uk/d478b601-74cf-4e15-9ccb-bafe11715442&start=2026-09-09T03:00:00+0000&duration=PT30M from server.
Fetching https://www.freeview.co.uk/api/program?sid=17&nid=64403&pid=crid://csi.digitaluk.co.uk/ddf9f7e4-675a-4fdb-bde1-7020619dbd47&start=2026-09-09T03:30:00+0000&duration=PT30M from server.
Fetching https://www.freeview.co.uk/api/program?sid=17&nid=64403&pid=crid://csi.digitaluk.co.uk/0307b0f5-50ab-4d38-9807-5cd75c3e290e&start=2026-09-09T04:00:00+0000&duration=PT30M from server.
Fetching https://www.freeview.co.uk/api/program?sid=17&nid=64403&pid=crid://csi.digitaluk.co.uk/08aff0b0-82d2-4ce2-8a91-3d8d29f73840&start=2026-09-09T04:30:00+0000&duration=PT30M from server.
Fetching https://www.freeview.co.uk/api/program?sid=17&nid=64403&pid=crid://csi.digitaluk.co.uk/498e7d1c-cbde-4494-aa1f-6dbc18a646cc&start=2026-09-09T05:00:00+0000&duration=PT1H from server.
Fetching https://www.freeview.co.uk/api/program?sid=17&nid=64403&pid=crid://csi.digitaluk.co.uk/081d919f-9405-4594-858b-7f1fdf4aed31&start=2026-09-09T06:00:00+0000&duration=PT1H from server.
Fetching https://www.freeview.co.uk/api/program?sid=17&nid=64403&pid=crid://csi.digitaluk.co.uk/0f333d65-8f28-44e3-a1e1-691e96ad6305&start=2026-09-09T07:00:00+0000&duration=PT1H from server.
Fetching https://www.freeview.co.uk/api/program?sid=17&nid=64403&pid=crid://csi.digitaluk.co.uk/1631d0bb-80d3-4ae9-b327-3dc88e8e800c&start=2026-09-09T08:00:00+0000&duration=PT1H from server.
Fetching https://www.freeview.co.uk/api/program?sid=17&nid=64403&pid=crid://csi.digitaluk.co.uk/41aa44f7-717c-4e07-a590-57ed98a1978e&start=2026-09-09T09:00:00+0000&duration=PT1H from server.
Fetching https://www.freeview.co.uk/api/program?sid=17&nid=64403&pid=crid://csi.digitaluk.co.uk/d5130656-3eb6-4b86-a7cc-920db3e58c7e&start=2026-09-09T10:00:00+0000&duration=PT1H from server.
Fetching https://www.freeview.co.uk/api/program?sid=17&nid=64403&pid=crid://csi.digitaluk.co.uk/7643af39-1f0c-4081-9835-0b63bea1c4a1&start=2026-09-09T11:00:00+0000&duration=PT1H from server.
Fetching https://www.freeview.co.uk/api/program?sid=17&nid=64403&pid=crid://csi.digitaluk.co.uk/1dc53f32-751a-408a-9247-a194247e3a6f&start=2026-09-09T12:00:00+0000&duration=PT1H from server.
Fetching https://www.freeview.co.uk/api/program?sid=17&nid=64403&pid=crid://csi.digitaluk.co.uk/bc8f8aa9-5dfe-46e1-9ab0-b60ab1dab1dd&start=2026-09-09T13:00:00+0000&duration=PT30M from server.
Fetching https://www.freeview.co.uk/api/program?sid=17&nid=64403&pid=crid://csi.digitaluk.co.uk/e158c8a8-0f08-4880-8124-cecaed5906aa&start=2026-09-09T13:30:00+0000&duration=PT30M from server.
Fetching https://www.freeview.co.uk/api/program?sid=17&nid=64403&pid=crid://csi.digitaluk.co.uk/3ca411db-607e-4a77-93b7-df1a117f2358&start=2026-09-09T14:00:00+0000&duration=PT1H from server.
Fetching https://www.freeview.co.uk/api/program?sid=17&nid=64403&pid=crid://csi.digitaluk.co.uk/73aad11d-1920-4086-b7ee-642b836837e4&start=2026-09-09T15:00:00+0000&duration=PT1H from server.
Fetching https://www.freeview.co.uk/api/program?sid=17&nid=64403&pid=crid://csi.digitaluk.co.uk/c3f9a3e0-b0cf-4b35-83a2-1ca73874dec7&start=2026-09-09T16:00:00+0000&duration=PT1H from server.
Fetching https://www.freeview.co.uk/api/program?sid=17&nid=64403&pid=crid://csi.digitaluk.co.uk/4e241152-a8c6-4e2c-a803-511fcb221c4c&start=2026-09-09T17:00:00+0000&duration=PT1H from server.
Fetching https://www.freeview.co.uk/api/program?sid=17&nid=64403&pid=crid://csi.digitaluk.co.uk/275cc69d-816b-4f46-b4be-faa2045c6f52&start=2026-09-09T18:00:00+0000&duration=PT1H from server.
Fetching https://www.freeview.co.uk/api/program?sid=17&nid=64403&pid=crid://csi.digitaluk.co.uk/445b8c0d-d76b-4388-8a7f-7fbb771d5fdb&start=2026-09-09T19:00:00+0000&duration=PT1H from server.
Fetching https://www.freeview.co.uk/api/program?sid=17&nid=64403&pid=crid://csi.digitaluk.co.uk/225c0eac-e5c9-450f-b91a-80bbd18a19ce&start=2026-09-09T20:00:00+0000&duration=PT1H from server.
Fetching https://www.freeview.co.uk/api/program?sid=17&nid=64403&pid=crid://csi.digitaluk.co.uk/11f4eba8-0f86-4913-b87f-7c71db4d7c92&start=2026-09-09T21:00:00+0000&duration=PT1H from server.
Fetching https://www.freeview.co.uk/api/program?sid=17&nid=64403&pid=crid://csi.digitaluk.co.uk/0d45a65b-f901-4288-b140-7f8190516f8c&start=2026-09-09T22:00:00+0000&duration=PT30M from server.
Fetching https://www.freeview.co.uk/api/program?sid=17&nid=64403&pid=crid://csi.digitaluk.co.uk/e30a0c91-ff91-415a-b7a1-7b3b497a0066&start=2026-09-09T22:30:00+0000&duration=PT30M from server.
Fetching https://www.freeview.co.uk/api/program?sid=17&nid=64403&pid=crid://csi.digitaluk.co.uk/6b5c8984-3418-4182-8db1-b02c58c4ef81&start=2026-09-09T23:00:00+0000&duration=PT30M from server.
Fetching https://www.freeview.co.uk/api/program?sid=17&nid=64403&pid=crid://csi.digitaluk.co.uk/56a32a60-ebd3-48dd-9c0f-97ae47ab3d18&start=2026-09-09T23:30:00+0000&duration=PT30M from server.
### Wanted 8442 
Fetching https://www.freeview.co.uk/api/program?sid=18&nid=64403&pid=crid://csi.digitaluk.co.uk/0657490f-5105-42b5-b9d0-d4342e888c10&start=2026-09-09T00:10:00+0000&duration=PT1H5M from server.
Fetching https://www.freeview.co.uk/api/program?sid=18&nid=64403&pid=crid://csi.digitaluk.co.uk/341d6599-ce19-4a48-8276-12181543d243&start=2026-09-09T01:15:00+0000&duration=PT1H5M from server.
Fetching https://www.freeview.co.uk/api/program?sid=18&nid=64403&pid=crid://csi.digitaluk.co.uk/2448b9da-a76c-4d26-ae98-ea3fd325747c&start=2026-09-09T02:20:00+0000&duration=PT30M from server.
Fetching https://www.freeview.co.uk/api/program?sid=18&nid=64403&pid=crid://csi.digitaluk.co.uk/33f6c61a-6915-4911-ad1c-ac7b1ed27327&start=2026-09-09T02:50:00+0000&duration=PT3H10M from server.
Fetching https://www.freeview.co.uk/api/program?sid=18&nid=64403&pid=crid://csi.digitaluk.co.uk/f8aef67e-c9ec-4a23-8fbb-6081f96bb36d&start=2026-09-09T06:00:00+0000&duration=PT1H55M from server.
Fetching https://www.freeview.co.uk/api/program?sid=18&nid=64403&pid=crid://csi.digitaluk.co.uk/c8dd860e-cccb-4c5a-8aef-bc62618c0ab7&start=2026-09-09T07:55:00+0000&duration=PT35M from server.
Fetching https://www.freeview.co.uk/api/program?sid=18&nid=64403&pid=crid://csi.digitaluk.co.uk/ce0bf9b5-c90d-4bfe-9be8-c125ee1343f4&start=2026-09-09T08:30:00+0000&duration=PT30M from server.
Fetching https://www.freeview.co.uk/api/program?sid=18&nid=64403&pid=crid://csi.digitaluk.co.uk/60af67fa-0b79-4d62-b2b3-3184979ff30e&start=2026-09-09T09:00:00+0000&duration=PT30M from server.
Fetching https://www.freeview.co.uk/api/program?sid=18&nid=64403&pid=crid://csi.digitaluk.co.uk/c056bed3-b638-439c-9caf-ef6819294917&start=2026-09-09T09:30:00+0000&duration=PT35M from server.
Fetching https://www.freeview.co.uk/api/program?sid=18&nid=64403&pid=crid://csi.digitaluk.co.uk/d4d0d2ab-30ba-4d01-b561-686efb2ee6cb&start=2026-09-09T10:05:00+0000&duration=PT30M from server.
Fetching https://www.freeview.co.uk/api/program?sid=18&nid=64403&pid=crid://csi.digitaluk.co.uk/45bc8e8f-5c31-4c00-8eaf-c75f1ec93b8a&start=2026-09-09T10:35:00+0000&duration=PT30M from server.
Fetching https://www.freeview.co.uk/api/program?sid=18&nid=64403&pid=crid://csi.digitaluk.co.uk/bd084cd9-a124-428d-b423-a3d36a35cc88&start=2026-09-09T11:05:00+0000&duration=PT30M from server.
Fetching https://www.freeview.co.uk/api/program?sid=18&nid=64403&pid=crid://csi.digitaluk.co.uk/9d663070-53dd-4575-9ee8-1913a50fc7d1&start=2026-09-09T11:35:00+0000&duration=PT30M from server.
Fetching https://www.freeview.co.uk/api/program?sid=18&nid=64403&pid=crid://csi.digitaluk.co.uk/ccf8f0c2-34ab-4438-b5ae-1e0b3dadc42b&start=2026-09-09T12:05:00+0000&duration=PT35M from server.
Fetching https://www.freeview.co.uk/api/program?sid=18&nid=64403&pid=crid://csi.digitaluk.co.uk/6b89ced7-7f37-41e8-b8d8-da1762ae7daf&start=2026-09-09T12:40:00+0000&duration=PT35M from server.
Fetching https://www.freeview.co.uk/api/program?sid=18&nid=64403&pid=crid://csi.digitaluk.co.uk/252ac4c1-0b70-4050-a827-9fe8c581bb86&start=2026-09-09T13:15:00+0000&duration=PT35M from server.
Fetching https://www.freeview.co.uk/api/program?sid=18&nid=64403&pid=crid://csi.digitaluk.co.uk/6609801d-ab28-4104-aa30-af75958653c2&start=2026-09-09T13:50:00+0000&duration=PT30M from server.
Fetching https://www.freeview.co.uk/api/program?sid=18&nid=64403&pid=crid://csi.digitaluk.co.uk/ce526f6a-2f93-470c-be07-a74fb6bc401d&start=2026-09-09T14:20:00+0000&duration=PT30M from server.
Fetching https://www.freeview.co.uk/api/program?sid=18&nid=64403&pid=crid://csi.digitaluk.co.uk/d69ac6ec-07e0-40d4-9cb4-bf3ae95423a3&start=2026-09-09T14:50:00+0000&duration=PT30M from server.
Fetching https://www.freeview.co.uk/api/program?sid=18&nid=64403&pid=crid://csi.digitaluk.co.uk/25659cc1-5a26-462c-a8a2-7bf4a5d9079f&start=2026-09-09T15:20:00+0000&duration=PT30M from server.
Fetching https://www.freeview.co.uk/api/program?sid=18&nid=64403&pid=crid://csi.digitaluk.co.uk/a18977e3-4145-42d4-ac41-b8bec59d6473&start=2026-09-09T15:50:00+0000&duration=PT1H from server.
Fetching https://www.freeview.co.uk/api/program?sid=18&nid=64403&pid=crid://csi.digitaluk.co.uk/066a2a36-c26f-41c2-a6fd-e250a366724f&start=2026-09-09T16:50:00+0000&duration=PT1H from server.
Fetching https://www.freeview.co.uk/api/program?sid=18&nid=64403&pid=crid://csi.digitaluk.co.uk/902993d5-92f3-471c-8766-1379a57ef494&start=2026-09-09T17:50:00+0000&duration=PT1H5M from server.
Fetching https://www.freeview.co.uk/api/program?sid=18&nid=64403&pid=crid://csi.digitaluk.co.uk/b319c14f-b04c-466b-827c-73aabe53aa3b&start=2026-09-09T18:55:00+0000&duration=PT1H5M from server.
Fetching https://www.freeview.co.uk/api/program?sid=18&nid=64403&pid=crid://csi.digitaluk.co.uk/e1b94cff-42f5-48e7-8e59-9a0ac110ab0f&start=2026-09-09T20:00:00+0000&duration=PT1H from server.
Fetching https://www.freeview.co.uk/api/program?sid=18&nid=64403&pid=crid://csi.digitaluk.co.uk/d38731f3-c42a-4c1c-9d18-19d7cb4d8ba8&start=2026-09-09T21:00:00+0000&duration=PT1H5M from server.
Fetching https://www.freeview.co.uk/api/program?sid=18&nid=64403&pid=crid://csi.digitaluk.co.uk/b238b122-a450-469d-90e8-a84a4f5527e0&start=2026-09-09T22:05:00+0000&duration=PT1H5M from server.
Fetching https://www.freeview.co.uk/api/program?sid=18&nid=64403&pid=crid://csi.digitaluk.co.uk/7054bfb8-ea8a-4a48-aa9f-7742b87c0b80&start=2026-09-09T23:10:00+0000&duration=PT1H5M from server.
## Wanted 12992 
Fetching https://www.freeview.co.uk/api/program?sid=21&nid=64403&pid=crid://panorama.five.tv/versions/C5533540007A&start=2026-09-09T00:55:00+0000&duration=PT55M from server.
Fetching https://www.freeview.co.uk/api/program?sid=21&nid=64403&pid=crid://panorama.five.tv/versions/C5533540008A&start=2026-09-09T01:50:00+0000&duration=PT55M from server.
Fetching https://www.freeview.co.uk/api/program?sid=21&nid=64403&pid=crid://panorama.five.tv/versions/C5522700037A&start=2026-09-09T02:45:00+0000&duration=PT15M from server.
Fetching https://www.freeview.co.uk/api/program?sid=21&nid=64403&pid=crid://panorama.five.tv/versions/C5266540001A&start=2026-09-09T03:00:00+0000&duration=PT2H from server.
Fetching https://www.freeview.co.uk/api/program?sid=21&nid=64403&pid=crid://panorama.five.tv/versions/C5474060001A&start=2026-09-09T05:00:00+0000&duration=PT3H from server.
Fetching https://www.freeview.co.uk/api/program?sid=21&nid=64403&pid=crid://panorama.five.tv/versions/C5522700037A&start=2026-09-09T08:00:00+0000&duration=PT10M from server.
Fetching https://www.freeview.co.uk/api/program?sid=21&nid=64403&pid=crid://csi.digitaluk.co.uk/cb2dced9-7ddd-49b8-bdc5-829719db773a&start=2026-09-09T08:10:00+0000&duration=PT50M from server.
Fetching https://www.freeview.co.uk/api/program?sid=21&nid=64403&pid=crid://csi.digitaluk.co.uk/3174f0ae-56c9-4db0-b3d5-c27fb5aa0e64&start=2026-09-09T09:00:00+0000&duration=PT1H from server.
Fetching https://www.freeview.co.uk/api/program?sid=21&nid=64403&pid=crid://csi.digitaluk.co.uk/73e38ef1-f7d5-4852-b857-6f1dbb0b3448&start=2026-09-09T10:00:00+0000&duration=PT1H from server.
Fetching https://www.freeview.co.uk/api/program?sid=21&nid=64403&pid=crid://csi.digitaluk.co.uk/046e2af4-c721-47f5-9752-2bf4ee89794b&start=2026-09-09T11:00:00+0000&duration=PT1H from server.
Fetching https://www.freeview.co.uk/api/program?sid=21&nid=64403&pid=crid://csi.digitaluk.co.uk/47763a27-0024-42ef-aaf5-bee4c32a323d&start=2026-09-09T12:00:00+0000&duration=PT1H from server.
Fetching https://www.freeview.co.uk/api/program?sid=21&nid=64403&pid=crid://csi.digitaluk.co.uk/be66e023-1d37-49b0-8c7c-322f6a716eee&start=2026-09-09T13:00:00+0000&duration=PT1H from server.
Fetching https://www.freeview.co.uk/api/program?sid=21&nid=64403&pid=crid://csi.digitaluk.co.uk/9fff8a12-38c4-409e-9816-691499ea0430&start=2026-09-09T14:00:00+0000&duration=PT1H from server.
Fetching https://www.freeview.co.uk/api/program?sid=21&nid=64403&pid=crid://csi.digitaluk.co.uk/94d054b2-abe8-4b54-a099-a402ba3695b6&start=2026-09-09T15:00:00+0000&duration=PT1H from server.
Fetching https://www.freeview.co.uk/api/program?sid=21&nid=64403&pid=crid://csi.digitaluk.co.uk/dc19ad65-9ce7-450a-9273-b10659c1c911&start=2026-09-09T16:00:00+0000&duration=PT1H from server.
Fetching https://www.freeview.co.uk/api/program?sid=21&nid=64403&pid=crid://csi.digitaluk.co.uk/9b8302ed-319e-4097-83fc-08106fb5e7e6&start=2026-09-09T17:00:00+0000&duration=PT1H from server.
Fetching https://www.freeview.co.uk/api/program?sid=21&nid=64403&pid=crid://csi.digitaluk.co.uk/363d6462-f90f-4bef-b010-482fed6948a9&start=2026-09-09T18:00:00+0000&duration=PT1H from server.
Fetching https://www.freeview.co.uk/api/program?sid=21&nid=64403&pid=crid://csi.digitaluk.co.uk/91a63e00-596a-4ad8-b346-a136c826a4fe&start=2026-09-09T19:00:00+0000&duration=PT1H from server.
Fetching https://www.freeview.co.uk/api/program?sid=21&nid=64403&pid=crid://csi.digitaluk.co.uk/d54fc91d-d74b-4ceb-bb61-9c1561968c34&start=2026-09-09T20:00:00+0000&duration=PT1H from server.
Fetching https://www.freeview.co.uk/api/program?sid=21&nid=64403&pid=crid://csi.digitaluk.co.uk/9a63f0c4-1962-4ab3-89da-ac242fe9d415&start=2026-09-09T21:00:00+0000&duration=PT1H from server.
Fetching https://www.freeview.co.uk/api/program?sid=21&nid=64403&pid=crid://csi.digitaluk.co.uk/0013b740-f31e-4889-810f-3c4e2cbc042d&start=2026-09-09T22:00:00+0000&duration=PT1H from server.
Fetching https://www.freeview.co.uk/api/program?sid=21&nid=64403&pid=crid://csi.digitaluk.co.uk/07271ff5-1a98-4d43-947e-871ea8baa346&start=2026-09-09T23:00:00+0000&duration=PT55M from server.
Fetching https://www.freeview.co.uk/api/program?sid=21&nid=64403&pid=crid://csi.digitaluk.co.uk/ea5868ba-f684-462c-88e7-447e509783ba&start=2026-09-09T23:55:00+0000&duration=PT1H from server.
### Wanted 12928 
Fetching https://www.freeview.co.uk/api/program?sid=32&nid=64403&pid=crid://panorama.five.tv/versions/C5399060002H&start=2026-09-09T00:00:00+0000&duration=PT1H from server.
Fetching https://www.freeview.co.uk/api/program?sid=32&nid=64403&pid=crid://panorama.five.tv/versions/C5449160001B&start=2026-09-09T01:00:00+0000&duration=PT50M from server.
Fetching https://www.freeview.co.uk/api/program?sid=32&nid=64403&pid=crid://panorama.five.tv/versions/C5507180011A&start=2026-09-09T01:50:00+0000&duration=PT45M from server.
Fetching https://www.freeview.co.uk/api/program?sid=32&nid=64403&pid=crid://panorama.five.tv/versions/C5416320004B&start=2026-09-09T02:35:00+0000&duration=PT25M from server.
Fetching https://www.freeview.co.uk/api/program?sid=32&nid=64403&pid=crid://panorama.five.tv/versions/C5266540001A&start=2026-09-09T03:00:00+0000&duration=PT2H from server.
Fetching https://www.freeview.co.uk/api/program?sid=32&nid=64403&pid=crid://panorama.five.tv/versions/C5266540001A&start=2026-09-09T05:00:00+0000&duration=PT1H from server.
Fetching https://www.freeview.co.uk/api/program?sid=32&nid=64403&pid=crid://panorama.five.tv/versions/C5326820001A&start=2026-09-09T06:00:00+0000&duration=PT30M from server.
Fetching https://www.freeview.co.uk/api/program?sid=32&nid=64403&pid=crid://panorama.five.tv/versions/C5266540001A&start=2026-09-09T06:30:00+0000&duration=PT30M from server.
Fetching https://www.freeview.co.uk/api/program?sid=32&nid=64403&pid=crid://panorama.five.tv/versions/C5495570015A&start=2026-09-09T07:00:00+0000&duration=PT1H from server.
Fetching https://www.freeview.co.uk/api/program?sid=32&nid=64403&pid=crid://panorama.five.tv/versions/C5495570016A&start=2026-09-09T08:00:00+0000&duration=PT1H from server.
Fetching https://www.freeview.co.uk/api/program?sid=32&nid=64403&pid=crid://panorama.five.tv/versions/C5350870003F&start=2026-09-09T09:00:00+0000&duration=PT1H from server.
Fetching https://www.freeview.co.uk/api/program?sid=32&nid=64403&pid=crid://panorama.five.tv/versions/C5449000017A&start=2026-09-09T10:00:00+0000&duration=PT1H from server.
Fetching https://www.freeview.co.uk/api/program?sid=32&nid=64403&pid=crid://panorama.five.tv/versions/C5449000001D&start=2026-09-09T11:00:00+0000&duration=PT1H from server.
Fetching https://www.freeview.co.uk/api/program?sid=32&nid=64403&pid=crid://panorama.five.tv/versions/C5449000019A&start=2026-09-09T12:00:00+0000&duration=PT1H from server.
Fetching https://www.freeview.co.uk/api/program?sid=32&nid=64403&pid=crid://panorama.five.tv/versions/C5215620012E&start=2026-09-09T13:00:00+0000&duration=PT1H from server.
Fetching https://www.freeview.co.uk/api/program?sid=32&nid=64403&pid=crid://panorama.five.tv/versions/C5215620013C&start=2026-09-09T14:00:00+0000&duration=PT1H from server.
Fetching https://www.freeview.co.uk/api/program?sid=32&nid=64403&pid=crid://panorama.five.tv/versions/C5215620014E&start=2026-09-09T15:00:00+0000&duration=PT1H from server.
Fetching https://www.freeview.co.uk/api/program?sid=32&nid=64403&pid=crid://panorama.five.tv/versions/C5500360008A&start=2026-09-09T16:00:00+0000&duration=PT1H from server.
Fetching https://www.freeview.co.uk/api/program?sid=32&nid=64403&pid=crid://panorama.five.tv/versions/C5164553178A&start=2026-09-09T17:00:00+0000&duration=PT30M from server.
Fetching https://www.freeview.co.uk/api/program?sid=32&nid=64403&pid=crid://panorama.five.tv/versions/C5164553179A&start=2026-09-09T17:30:00+0000&duration=PT30M from server.
Fetching https://www.freeview.co.uk/api/program?sid=32&nid=64403&pid=crid://panorama.five.tv/versions/C5507480008A&start=2026-09-09T18:00:00+0000&duration=PT1H from server.
Fetching https://www.freeview.co.uk/api/program?sid=32&nid=64403&pid=crid://panorama.five.tv/versions/C5449160007A&start=2026-09-09T19:00:00+0000&duration=PT1H from server.
Fetching https://www.freeview.co.uk/api/program?sid=32&nid=64403&pid=crid://panorama.five.tv/versions/C5167600001A&start=2026-09-09T20:00:00+0000&duration=PT1H5M from server.
Fetching https://www.freeview.co.uk/api/program?sid=32&nid=64403&pid=crid://csi.digitaluk.co.uk/0111a23c-2416-4b7e-8484-01fc9beb17d5&start=2026-09-09T21:05:00+0000&duration=PT5M from server.
Fetching https://www.freeview.co.uk/api/program?sid=32&nid=64403&pid=crid://panorama.five.tv/versions/C5167600001A&start=2026-09-09T21:10:00+0000&duration=PT1H35M from server.
Fetching https://www.freeview.co.uk/api/program?sid=32&nid=64403&pid=crid://panorama.five.tv/versions/C5500940001C&start=2026-09-09T22:45:00+0000&duration=PT1H25M from server.
## Wanted 16112 
Fetching https://www.freeview.co.uk/api/program?sid=33&nid=64403&pid=crid://panorama.five.tv/versions/C5435880011A&start=2026-09-09T00:05:00+0000&duration=PT1H from server.
Fetching https://www.freeview.co.uk/api/program?sid=33&nid=64403&pid=crid://panorama.five.tv/versions/C5254350014A&start=2026-09-09T01:05:00+0000&duration=PT1H from server.
Fetching https://www.freeview.co.uk/api/program?sid=33&nid=64403&pid=crid://panorama.five.tv/versions/C5254350015A&start=2026-09-09T02:05:00+0000&duration=PT50M from server.
Fetching https://www.freeview.co.uk/api/program?sid=33&nid=64403&pid=crid://panorama.five.tv/versions/C5522880036A&start=2026-09-09T02:55:00+0000&duration=PT5M from server.
Fetching https://www.freeview.co.uk/api/program?sid=33&nid=64403&pid=crid://panorama.five.tv/versions/C5340000001A&start=2026-09-09T03:00:00+0000&duration=PT2H from server.
Fetching https://www.freeview.co.uk/api/program?sid=33&nid=64403&pid=crid://panorama.five.tv/versions/C5266540001A&start=2026-09-09T05:00:00+0000&duration=PT1H from server.
Fetching https://www.freeview.co.uk/api/program?sid=33&nid=64403&pid=crid://panorama.five.tv/versions/C5349600001A&start=2026-09-09T06:00:00+0000&duration=PT1H from server.
Fetching https://www.freeview.co.uk/api/program?sid=33&nid=64403&pid=crid://panorama.five.tv/versions/C5349600001A&start=2026-09-09T07:00:00+0000&duration=PT1H from server.
Fetching https://www.freeview.co.uk/api/program?sid=33&nid=64403&pid=crid://csi.digitaluk.co.uk/3ea1ab52-234f-46f5-b7de-907617bf22af&start=2026-09-09T08:00:00+0000&duration=PT15M from server.
Fetching https://www.freeview.co.uk/api/program?sid=33&nid=64403&pid=crid://csi.digitaluk.co.uk/573a8a72-318f-42c5-b85e-4595b32af6c4&start=2026-09-09T08:15:00+0000&duration=PT1H from server.
Fetching https://www.freeview.co.uk/api/program?sid=33&nid=64403&pid=crid://csi.digitaluk.co.uk/19707d54-88da-442c-8d65-549cc429890f&start=2026-09-09T09:15:00+0000&duration=PT1H from server.
Fetching https://www.freeview.co.uk/api/program?sid=33&nid=64403&pid=crid://csi.digitaluk.co.uk/315de2f3-870c-4f8f-be22-a28dcb1a3337&start=2026-09-09T10:15:00+0000&duration=PT1H10M from server.
Fetching https://www.freeview.co.uk/api/program?sid=33&nid=64403&pid=crid://panorama.five.tv/versions/C5218740001A&start=2026-09-09T11:25:00+0000&duration=PT1H from server.
Fetching https://www.freeview.co.uk/api/program?sid=33&nid=64403&pid=crid://csi.digitaluk.co.uk/5279bce2-4b62-4750-b03d-05e48b774d30&start=2026-09-09T12:25:00+0000&duration=PT5M from server.
Fetching https://www.freeview.co.uk/api/program?sid=33&nid=64403&pid=crid://panorama.five.tv/versions/C5218740001A&start=2026-09-09T12:30:00+0000&duration=PT40M from server.
Fetching https://www.freeview.co.uk/api/program?sid=33&nid=64403&pid=crid://panorama.five.tv/versions/C5522360001A&start=2026-09-09T13:10:00+0000&duration=PT1H5M from server.
Fetching https://www.freeview.co.uk/api/program?sid=33&nid=64403&pid=crid://csi.digitaluk.co.uk/cbe4f410-0cf1-435c-8300-d2f2d98b0e78&start=2026-09-09T14:15:00+0000&duration=PT5M from server.
Fetching https://www.freeview.co.uk/api/program?sid=33&nid=64403&pid=crid://panorama.five.tv/versions/C5522360001A&start=2026-09-09T14:20:00+0000&duration=PT40M from server.
Fetching https://www.freeview.co.uk/api/program?sid=33&nid=64403&pid=crid://csi.digitaluk.co.uk/e4dd7b1b-eff6-4895-8de3-ef6b48603f5a&start=2026-09-09T15:00:00+0000&duration=PT1H from server.
Fetching https://www.freeview.co.uk/api/program?sid=33&nid=64403&pid=crid://panorama.five.tv/versions/C5473660009A&start=2026-09-09T16:00:00+0000&duration=PT1H from server.
Fetching https://www.freeview.co.uk/api/program?sid=33&nid=64403&pid=crid://csi.digitaluk.co.uk/778d85e7-5d67-41f5-8d43-d4e335f75cb9&start=2026-09-09T17:00:00+0000&duration=PT1H from server.
Fetching https://www.freeview.co.uk/api/program?sid=33&nid=64403&pid=crid://csi.digitaluk.co.uk/3658d207-a7cc-438f-9ae6-7dd42c582624&start=2026-09-09T18:00:00+0000&duration=PT1H from server.
Fetching https://www.freeview.co.uk/api/program?sid=33&nid=64403&pid=crid://csi.digitaluk.co.uk/7ff7e2f2-0fcd-4675-b6de-cfcaf4695e53&start=2026-09-09T19:00:00+0000&duration=PT1H from server.
Fetching https://www.freeview.co.uk/api/program?sid=33&nid=64403&pid=crid://csi.digitaluk.co.uk/271e4b83-0608-4db4-bff4-e6ca772d0ac2&start=2026-09-09T20:00:00+0000&duration=PT1H from server.
Fetching https://www.freeview.co.uk/api/program?sid=33&nid=64403&pid=crid://csi.digitaluk.co.uk/74b74f34-ec30-4dbd-ac04-bcd13516b749&start=2026-09-09T21:00:00+0000&duration=PT1H from server.
Fetching https://www.freeview.co.uk/api/program?sid=33&nid=64403&pid=crid://csi.digitaluk.co.uk/7897f733-ba66-4edf-9d85-2cd08e97bc2c&start=2026-09-09T22:00:00+0000&duration=PT1H from server.
Fetching https://www.freeview.co.uk/api/program?sid=33&nid=64403&pid=crid://csi.digitaluk.co.uk/b433319e-c004-49fc-a312-387ab73d5d4b&start=2026-09-09T23:00:00+0000&duration=PT1H5M from server.
### Wanted 8373 
Fetching https://www.freeview.co.uk/api/program?sid=35&nid=64403&pid=crid://csi.digitaluk.co.uk/44e2e729-ec7a-4ede-bf08-0a50d49824bf&start=2026-09-09T00:10:00+0000&duration=PT2H50M from server.
Fetching https://www.freeview.co.uk/api/program?sid=35&nid=64403&pid=crid://csi.digitaluk.co.uk/34c60914-f549-4e6f-af62-dcfb69781b3d&start=2026-09-09T03:00:00+0000&duration=PT50M from server.
Fetching https://www.freeview.co.uk/api/program?sid=35&nid=64403&pid=crid://csi.digitaluk.co.uk/06f28e10-c779-4cd4-8498-e2e56c3509af&start=2026-09-09T03:50:00+0000&duration=PT2H10M from server.
Fetching https://www.freeview.co.uk/api/program?sid=35&nid=64403&pid=crid://csi.digitaluk.co.uk/89832526-3c86-4626-9ab3-cc53f944097d&start=2026-09-09T06:00:00+0000&duration=PT3H30M from server.
Fetching https://www.freeview.co.uk/api/program?sid=35&nid=64403&pid=crid://csi.digitaluk.co.uk/b7a39c9a-0e43-4133-9de3-d980592b147d&start=2026-09-09T09:30:00+0000&duration=PT30M from server.
Fetching https://www.freeview.co.uk/api/program?sid=35&nid=64403&pid=crid://csi.digitaluk.co.uk/20568dfc-9433-43b9-91a4-29585e33e29b&start=2026-09-09T10:00:00+0000&duration=PT2H30M from server.
Fetching https://www.freeview.co.uk/api/program?sid=35&nid=64403&pid=crid://csi.digitaluk.co.uk/a83e4afa-50f3-426a-aa44-9d4bfd123789&start=2026-09-09T12:30:00+0000&duration=PT1H from server.
Fetching https://www.freeview.co.uk/api/program?sid=35&nid=64403&pid=crid://csi.digitaluk.co.uk/0f2ed502-2c86-4f4a-8277-32b00ca3ab58&start=2026-09-09T13:30:00+0000&duration=PT25M from server.
Fetching https://www.freeview.co.uk/api/program?sid=35&nid=64403&pid=crid://csi.digitaluk.co.uk/55e4e6a3-67b7-4288-a8d6-2a52f9a8470a&start=2026-09-09T13:55:00+0000&duration=PT5M from server.
Fetching https://www.freeview.co.uk/api/program?sid=35&nid=64403&pid=crid://csi.digitaluk.co.uk/15509462-d596-45d2-87d3-ed1f52276a07&start=2026-09-09T14:00:00+0000&duration=PT1H from server.
Fetching https://www.freeview.co.uk/api/program?sid=35&nid=64403&pid=crid://csi.digitaluk.co.uk/d261990f-e52f-4c35-80c2-80e11c4447cb&start=2026-09-09T15:00:00+0000&duration=PT1H from server.
Fetching https://www.freeview.co.uk/api/program?sid=35&nid=64403&pid=crid://csi.digitaluk.co.uk/447e40f1-6e9a-4f5c-9fa3-5b08d07f0aa6&start=2026-09-09T16:00:00+0000&duration=PT1H from server.
Fetching https://www.freeview.co.uk/api/program?sid=35&nid=64403&pid=crid://csi.digitaluk.co.uk/0a81644b-ea65-443c-b49f-0121985f70fd&start=2026-09-09T17:00:00+0000&duration=PT1H from server.
Fetching https://www.freeview.co.uk/api/program?sid=35&nid=64403&pid=crid://csi.digitaluk.co.uk/1594a596-ae6f-4aa0-a504-8ea0f5e9e552&start=2026-09-09T18:00:00+0000&duration=PT30M from server.
Fetching https://www.freeview.co.uk/api/program?sid=35&nid=64403&pid=crid://csi.digitaluk.co.uk/23e15563-141f-4f01-97f2-716b669f8864&start=2026-09-09T18:30:00+0000&duration=PT1H from server.
Fetching https://www.freeview.co.uk/api/program?sid=35&nid=64403&pid=crid://csi.digitaluk.co.uk/b2f489cf-6dd4-4959-ba13-9aa314da57ab&start=2026-09-09T19:30:00+0000&duration=PT30M from server.
Fetching https://www.freeview.co.uk/api/program?sid=35&nid=64403&pid=crid://csi.digitaluk.co.uk/8ee18936-c1c0-4559-8a2c-cdc3c145d72f&start=2026-09-09T20:00:00+0000&duration=PT30M from server.
Fetching https://www.freeview.co.uk/api/program?sid=35&nid=64403&pid=crid://csi.digitaluk.co.uk/237a1165-dc8d-41c6-84c1-ca8df494be41&start=2026-09-09T20:30:00+0000&duration=PT30M from server.
Fetching https://www.freeview.co.uk/api/program?sid=35&nid=64403&pid=crid://csi.digitaluk.co.uk/4cd30f07-5779-4162-b578-d9c17bbc44b1&start=2026-09-09T21:00:00+0000&duration=PT1H from server.
Fetching https://www.freeview.co.uk/api/program?sid=35&nid=64403&pid=crid://csi.digitaluk.co.uk/47831dd4-98b1-4354-a279-d62dfc345add&start=2026-09-09T22:00:00+0000&duration=PT30M from server.
Fetching https://www.freeview.co.uk/api/program?sid=35&nid=64403&pid=crid://csi.digitaluk.co.uk/5f3b0b68-dec6-4013-ab15-7480fa2eeb51&start=2026-09-09T22:30:00+0000&duration=PT10M from server.
Fetching https://www.freeview.co.uk/api/program?sid=35&nid=64403&pid=crid://csi.digitaluk.co.uk/70dda91d-e3de-4ecc-b174-0f42ad13fab9&start=2026-09-09T22:40:00+0000&duration=PT25M from server.
Fetching https://www.freeview.co.uk/api/program?sid=35&nid=64403&pid=crid://csi.digitaluk.co.uk/ac3a6ac1-af56-41a0-8400-f554e7f85976&start=2026-09-09T23:05:00+0000&duration=PT55M from server.
## Wanted 27680 
Fetching https://www.freeview.co.uk/api/program?sid=39&nid=64403&pid=crid://csi.digitaluk.co.uk/44a343f4-9a95-4c5f-b04a-758c6de358df&start=2026-09-09T01:00:00+0000&duration=PT30M from server.
Fetching https://www.freeview.co.uk/api/program?sid=39&nid=64403&pid=crid://csi.digitaluk.co.uk/d84202b3-207d-486d-886c-213e3ad463f7&start=2026-09-09T01:30:00+0000&duration=PT30M from server.
Fetching https://www.freeview.co.uk/api/program?sid=39&nid=64403&pid=crid://csi.digitaluk.co.uk/401bc2ae-e8c8-4752-9f17-d9caa7dfaf17&start=2026-09-09T02:00:00+0000&duration=PT30M from server.
Fetching https://www.freeview.co.uk/api/program?sid=39&nid=64403&pid=crid://csi.digitaluk.co.uk/87cde836-c52d-44bf-90fa-3496a0a0d56e&start=2026-09-09T02:30:00+0000&duration=PT30M from server.
Fetching https://www.freeview.co.uk/api/program?sid=39&nid=64403&pid=crid://csi.digitaluk.co.uk/f8edb81d-cbf2-45b4-9bf0-85ba85597b88&start=2026-09-09T03:00:00+0000&duration=PT30M from server.
Fetching https://www.freeview.co.uk/api/program?sid=39&nid=64403&pid=crid://csi.digitaluk.co.uk/6d9de1e8-3344-4f01-ba05-83f8d3c537b6&start=2026-09-09T03:30:00+0000&duration=PT30M from server.
Fetching https://www.freeview.co.uk/api/program?sid=39&nid=64403&pid=crid://csi.digitaluk.co.uk/6bf092a8-7920-413f-bbd6-777f08134266&start=2026-09-09T04:00:00+0000&duration=PT30M from server.
Fetching https://www.freeview.co.uk/api/program?sid=39&nid=64403&pid=crid://csi.digitaluk.co.uk/41e00cc6-5953-4392-acd2-de08314b215d&start=2026-09-09T04:30:00+0000&duration=PT30M from server.
Fetching https://www.freeview.co.uk/api/program?sid=39&nid=64403&pid=crid://csi.digitaluk.co.uk/06aa52b1-5194-4c17-9f19-606ef1b710c4&start=2026-09-09T05:00:00+0000&duration=PT1H from server.
Fetching https://www.freeview.co.uk/api/program?sid=39&nid=64403&pid=crid://csi.digitaluk.co.uk/aa08370e-9b7a-4e9b-a6c4-79c7824cc364&start=2026-09-09T06:00:00+0000&duration=PT2H from server.
Fetching https://www.freeview.co.uk/api/program?sid=39&nid=64403&pid=crid://csi.digitaluk.co.uk/ad8804a5-7ae7-447d-a432-b1db4e519936&start=2026-09-09T08:00:00+0000&duration=PT1H from server.
Fetching https://www.freeview.co.uk/api/program?sid=39&nid=64403&pid=crid://csi.digitaluk.co.uk/006e6426-1102-400b-84ee-4a9b2ea376a0&start=2026-09-09T09:00:00+0000&duration=PT1H from server.
Fetching https://www.freeview.co.uk/api/program?sid=39&nid=64403&pid=crid://csi.digitaluk.co.uk/3b4ecb86-c593-4772-844f-97753db5823d&start=2026-09-09T10:00:00+0000&duration=PT1H from server.
Fetching https://www.freeview.co.uk/api/program?sid=39&nid=64403&pid=crid://csi.digitaluk.co.uk/574def44-80b9-4447-890a-41709f0bda49&start=2026-09-09T11:00:00+0000&duration=PT1H from server.
Fetching https://www.freeview.co.uk/api/program?sid=39&nid=64403&pid=crid://csi.digitaluk.co.uk/c676d7db-e01b-4592-b6ad-c9079fbb5f52&start=2026-09-09T12:00:00+0000&duration=PT1H from server.
Fetching https://www.freeview.co.uk/api/program?sid=39&nid=64403&pid=crid://csi.digitaluk.co.uk/3968f4bc-a1dc-4e3a-9c0c-55ae61fcaa6b&start=2026-09-09T13:00:00+0000&duration=PT1H from server.
Fetching https://www.freeview.co.uk/api/program?sid=39&nid=64403&pid=crid://csi.digitaluk.co.uk/95284e56-a34e-412f-9d05-cfb8d6e951cd&start=2026-09-09T14:00:00+0000&duration=PT1H from server.
Fetching https://www.freeview.co.uk/api/program?sid=39&nid=64403&pid=crid://csi.digitaluk.co.uk/b06e237f-8d1d-4a4e-a78f-1d66f70c292c&start=2026-09-09T15:00:00+0000&duration=PT1H from server.
Fetching https://www.freeview.co.uk/api/program?sid=39&nid=64403&pid=crid://csi.digitaluk.co.uk/69cb0ef7-29ba-42ee-9f19-71686d573269&start=2026-09-09T16:00:00+0000&duration=PT1H from server.
Fetching https://www.freeview.co.uk/api/program?sid=39&nid=64403&pid=crid://csi.digitaluk.co.uk/cfc48888-3dff-4a78-aa44-e4d66e3e9baa&start=2026-09-09T17:00:00+0000&duration=PT1H from server.
Fetching https://www.freeview.co.uk/api/program?sid=39&nid=64403&pid=crid://csi.digitaluk.co.uk/666b30fa-0693-4756-8e36-48b155bf9d27&start=2026-09-09T18:00:00+0000&duration=PT1H from server.
Fetching https://www.freeview.co.uk/api/program?sid=39&nid=64403&pid=crid://csi.digitaluk.co.uk/5b3c6c62-01f5-4ab2-ada0-98c3713badfd&start=2026-09-09T19:00:00+0000&duration=PT1H from server.
Fetching https://www.freeview.co.uk/api/program?sid=39&nid=64403&pid=crid://csi.digitaluk.co.uk/180fcbb8-5719-46a7-b456-40e719301c6b&start=2026-09-09T20:00:00+0000&duration=PT1H from server.
Fetching https://www.freeview.co.uk/api/program?sid=39&nid=64403&pid=crid://csi.digitaluk.co.uk/380b18f5-46f4-41ea-be49-ffbfb6340b4e&start=2026-09-09T21:00:00+0000&duration=PT1H from server.
Fetching https://www.freeview.co.uk/api/program?sid=39&nid=64403&pid=crid://csi.digitaluk.co.uk/633a4107-4725-48bb-b124-853f778cb3fc&start=2026-09-09T22:00:00+0000&duration=PT1H from server.
Fetching https://www.freeview.co.uk/api/program?sid=39&nid=64403&pid=crid://csi.digitaluk.co.uk/62ee3352-cbc1-4466-a913-2bccd8de4af0&start=2026-09-09T23:00:00+0000&duration=PT1H from server.
### Wanted 23744 
Fetching https://www.freeview.co.uk/api/program?sid=40&nid=64403&pid=crid://csi.digitaluk.co.uk/2f1a3117-3552-43e3-8db5-2583c3371e81&start=2026-09-09T00:00:00+0000&duration=PT1H from server.
Fetching https://www.freeview.co.uk/api/program?sid=40&nid=64403&pid=crid://csi.digitaluk.co.uk/46b9267b-24ff-4642-bc46-9382757afc72&start=2026-09-09T01:00:00+0000&duration=PT1H from server.
Fetching https://www.freeview.co.uk/api/program?sid=40&nid=64403&pid=crid://csi.digitaluk.co.uk/587f2615-1426-4eb5-ac16-0e1e16b8f167&start=2026-09-09T02:00:00+0000&duration=PT1H from server.
Fetching https://www.freeview.co.uk/api/program?sid=40&nid=64403&pid=crid://csi.digitaluk.co.uk/440cfeac-9679-4fbf-b148-426dc01dea1c&start=2026-09-09T03:00:00+0000&duration=PT30M from server.
Fetching https://www.freeview.co.uk/api/program?sid=40&nid=64403&pid=crid://csi.digitaluk.co.uk/ff5c6f3f-c904-45a0-ae07-8573f5e78e4e&start=2026-09-09T03:30:00+0000&duration=PT30M from server.
Fetching https://www.freeview.co.uk/api/program?sid=40&nid=64403&pid=crid://csi.digitaluk.co.uk/863a6f81-b676-435e-8c1d-57202db2c459&start=2026-09-09T04:00:00+0000&duration=PT30M from server.
Fetching https://www.freeview.co.uk/api/program?sid=40&nid=64403&pid=crid://csi.digitaluk.co.uk/53048fb4-12f4-4cc0-b752-312f5022720d&start=2026-09-09T04:30:00+0000&duration=PT30M from server.
Fetching https://www.freeview.co.uk/api/program?sid=40&nid=64403&pid=crid://csi.digitaluk.co.uk/a5372bb2-74bb-402b-afc8-bbbf8769e464&start=2026-09-09T05:00:00+0000&duration=PT30M from server.
Fetching https://www.freeview.co.uk/api/program?sid=40&nid=64403&pid=crid://csi.digitaluk.co.uk/fa98fdad-ad53-4db6-80f5-7098706e0901&start=2026-09-09T05:30:00+0000&duration=PT30M from server.
Fetching https://www.freeview.co.uk/api/program?sid=40&nid=64403&pid=crid://csi.digitaluk.co.uk/3449a4e0-2aa2-45ab-83ad-96a20911fb0a&start=2026-09-09T06:00:00+0000&duration=PT30M from server.
Fetching https://www.freeview.co.uk/api/program?sid=40&nid=64403&pid=crid://csi.digitaluk.co.uk/7de192b0-9a2a-4a20-96a6-d54543dd1955&start=2026-09-09T06:30:00+0000&duration=PT30M from server.
Fetching https://www.freeview.co.uk/api/program?sid=40&nid=64403&pid=crid://csi.digitaluk.co.uk/e85a26bc-4e04-48e5-8ddc-afc5d9821133&start=2026-09-09T07:00:00+0000&duration=PT1H from server.
Fetching https://www.freeview.co.uk/api/program?sid=40&nid=64403&pid=crid://csi.digitaluk.co.uk/8e2b6978-a422-4f6e-97b8-ad944522e331&start=2026-09-09T08:00:00+0000&duration=PT1H from server.
Fetching https://www.freeview.co.uk/api/program?sid=40&nid=64403&pid=crid://csi.digitaluk.co.uk/e2888389-5613-4d38-919a-d76109aee8ef&start=2026-09-09T09:00:00+0000&duration=PT1H from server.
Fetching https://www.freeview.co.uk/api/program?sid=40&nid=64403&pid=crid://csi.digitaluk.co.uk/dec13b6c-8a8a-4b99-baf4-b48dad2e5190&start=2026-09-09T10:00:00+0000&duration=PT1H from server.
Fetching https://www.freeview.co.uk/api/program?sid=40&nid=64403&pid=crid://csi.digitaluk.co.uk/698c9702-52fa-44b0-91a1-0c9752d2828f&start=2026-09-09T11:00:00+0000&duration=PT1H from server.
Fetching https://www.freeview.co.uk/api/program?sid=40&nid=64403&pid=crid://csi.digitaluk.co.uk/214eec6e-eead-4e2e-8ce5-3721ff489531&start=2026-09-09T12:00:00+0000&duration=PT1H from server.
Fetching https://www.freeview.co.uk/api/program?sid=40&nid=64403&pid=crid://csi.digitaluk.co.uk/2da7bbd1-369a-4506-80f1-5972f51c59b5&start=2026-09-09T13:00:00+0000&duration=PT1H from server.
Fetching https://www.freeview.co.uk/api/program?sid=40&nid=64403&pid=crid://csi.digitaluk.co.uk/0ba31cf8-89a1-48e1-b29d-67b76b13df04&start=2026-09-09T14:00:00+0000&duration=PT1H from server.
Fetching https://www.freeview.co.uk/api/program?sid=40&nid=64403&pid=crid://csi.digitaluk.co.uk/06bdd88e-9a00-413f-aa5b-905bb8eaa674&start=2026-09-09T15:00:00+0000&duration=PT1H from server.
Fetching https://www.freeview.co.uk/api/program?sid=40&nid=64403&pid=crid://csi.digitaluk.co.uk/9de44cb0-945b-405c-b85d-cc792c43adf6&start=2026-09-09T16:00:00+0000&duration=PT1H from server.
Fetching https://www.freeview.co.uk/api/program?sid=40&nid=64403&pid=crid://csi.digitaluk.co.uk/e75c1731-f153-40b4-a7d9-1fb54f43e297&start=2026-09-09T17:00:00+0000&duration=PT1H from server.
Fetching https://www.freeview.co.uk/api/program?sid=40&nid=64403&pid=crid://csi.digitaluk.co.uk/1f5fd532-aa8f-43fc-8c26-51cfc4217cc4&start=2026-09-09T18:00:00+0000&duration=PT1H from server.
Fetching https://www.freeview.co.uk/api/program?sid=40&nid=64403&pid=crid://csi.digitaluk.co.uk/f548d0c4-42ad-418c-ac8d-c9607e74a719&start=2026-09-09T19:00:00+0000&duration=PT1H from server.
Fetching https://www.freeview.co.uk/api/program?sid=40&nid=64403&pid=crid://csi.digitaluk.co.uk/cc563de9-4369-4570-b630-4598282f01f2&start=2026-09-09T20:00:00+0000&duration=PT2H from server.
Fetching https://www.freeview.co.uk/api/program?sid=40&nid=64403&pid=crid://csi.digitaluk.co.uk/5fac37be-af8c-447a-8e25-512623bdea16&start=2026-09-09T22:00:00+0000&duration=PT1H from server.
Fetching https://www.freeview.co.uk/api/program?sid=40&nid=64403&pid=crid://csi.digitaluk.co.uk/f7c43b8e-ae2b-4e62-aa4f-54636221ef3b&start=2026-09-09T23:00:00+0000&duration=PT1H from server.
## Wanted 23040 
Fetching https://www.freeview.co.uk/api/program?sid=43&nid=64403&pid=crid://csi.digitaluk.co.uk/8b56f779-9e23-4e5b-a895-8dfccce3e0db&start=2026-09-09T00:00:00+0000&duration=PT30M from server.
Fetching https://www.freeview.co.uk/api/program?sid=43&nid=64403&pid=crid://csi.digitaluk.co.uk/a0a016fb-1775-4e00-b59f-a89c77f2997c&start=2026-09-09T00:30:00+0000&duration=PT30M from server.
Fetching https://www.freeview.co.uk/api/program?sid=43&nid=64403&pid=crid://csi.digitaluk.co.uk/984a7745-053a-467e-9bb5-e533fd18d818&start=2026-09-09T01:00:00+0000&duration=PT30M from server.
Fetching https://www.freeview.co.uk/api/program?sid=43&nid=64403&pid=crid://csi.digitaluk.co.uk/57f4cc4a-a233-406d-9ce3-168eb0bb0931&start=2026-09-09T01:30:00+0000&duration=PT30M from server.
Fetching https://www.freeview.co.uk/api/program?sid=43&nid=64403&pid=crid://csi.digitaluk.co.uk/742423ef-de0a-4d09-88c3-56a1f86e0db6&start=2026-09-09T02:00:00+0000&duration=PT30M from server.
Fetching https://www.freeview.co.uk/api/program?sid=43&nid=64403&pid=crid://csi.digitaluk.co.uk/d4be21d8-e848-4740-aaf5-9935db6fca50&start=2026-09-09T02:30:00+0000&duration=PT30M from server.
Fetching https://www.freeview.co.uk/api/program?sid=43&nid=64403&pid=crid://csi.digitaluk.co.uk/76bce385-1b0c-484f-9e04-0cec06dd43e7&start=2026-09-09T03:00:00+0000&duration=PT30M from server.
Fetching https://www.freeview.co.uk/api/program?sid=43&nid=64403&pid=crid://csi.digitaluk.co.uk/877cf652-e798-47d4-85d5-53f51f588cfc&start=2026-09-09T03:30:00+0000&duration=PT30M from server.
Fetching https://www.freeview.co.uk/api/program?sid=43&nid=64403&pid=crid://csi.digitaluk.co.uk/a2eb1b6c-ed88-439e-8dee-1e5c0f910b8e&start=2026-09-09T04:00:00+0000&duration=PT30M from server.
Fetching https://www.freeview.co.uk/api/program?sid=43&nid=64403&pid=crid://csi.digitaluk.co.uk/35705c9a-4fba-4148-9b90-2b46f081ba65&start=2026-09-09T04:30:00+0000&duration=PT30M from server.
Fetching https://www.freeview.co.uk/api/program?sid=43&nid=64403&pid=crid://csi.digitaluk.co.uk/35d3bf3e-867f-4b8f-b556-78b2a6b34398&start=2026-09-09T05:00:00+0000&duration=PT1H from server.
Fetching https://www.freeview.co.uk/api/program?sid=43&nid=64403&pid=crid://csi.digitaluk.co.uk/649c00fd-a1fa-420f-96cc-cbf0d593bd9b&start=2026-09-09T06:00:00+0000&duration=PT1H from server.
Fetching https://www.freeview.co.uk/api/program?sid=43&nid=64403&pid=crid://csi.digitaluk.co.uk/b09f6304-7281-464f-8ddb-e211d509b3f0&start=2026-09-09T07:00:00+0000&duration=PT30M from server.
Fetching https://www.freeview.co.uk/api/program?sid=43&nid=64403&pid=crid://csi.digitaluk.co.uk/75d351c7-c063-47e2-b46d-4cb635f67307&start=2026-09-09T07:30:00+0000&duration=PT30M from server.
Fetching https://www.freeview.co.uk/api/program?sid=43&nid=64403&pid=crid://csi.digitaluk.co.uk/a4efb9dc-f5d9-4ec0-a2ec-a0745ddacae1&start=2026-09-09T08:00:00+0000&duration=PT30M from server.
Fetching https://www.freeview.co.uk/api/program?sid=43&nid=64403&pid=crid://csi.digitaluk.co.uk/e3c77b83-0a9c-4857-8733-cec3478d956c&start=2026-09-09T08:30:00+0000&duration=PT30M from server.
Fetching https://www.freeview.co.uk/api/program?sid=43&nid=64403&pid=crid://csi.digitaluk.co.uk/3f07a3cf-beca-475f-8910-d984cd0f78ba&start=2026-09-09T09:00:00+0000&duration=PT30M from server.
Fetching https://www.freeview.co.uk/api/program?sid=43&nid=64403&pid=crid://csi.digitaluk.co.uk/5dce68bd-ffc0-4cea-ab7b-0b7f79b48225&start=2026-09-09T09:30:00+0000&duration=PT30M from server.
Fetching https://www.freeview.co.uk/api/program?sid=43&nid=64403&pid=crid://csi.digitaluk.co.uk/bbd77023-8238-4d46-b99a-30deea481b19&start=2026-09-09T10:00:00+0000&duration=PT1H30M from server.
Fetching https://www.freeview.co.uk/api/program?sid=43&nid=64403&pid=crid://csi.digitaluk.co.uk/40a2ec01-f29b-4547-8295-fbf108d515d0&start=2026-09-09T11:30:00+0000&duration=PT30M from server.
Fetching https://www.freeview.co.uk/api/program?sid=43&nid=64403&pid=crid://csi.digitaluk.co.uk/2bd5133f-e933-457a-aed9-5cb7231567b7&start=2026-09-09T12:00:00+0000&duration=PT1H from server.
Fetching https://www.freeview.co.uk/api/program?sid=43&nid=64403&pid=crid://csi.digitaluk.co.uk/ae134ad1-9e3f-401e-9bd0-01f8bc57dd06&start=2026-09-09T13:00:00+0000&duration=PT1H from server.
Fetching https://www.freeview.co.uk/api/program?sid=43&nid=64403&pid=crid://csi.digitaluk.co.uk/0c85d2a6-d5e9-401c-b0a6-ea5ebf6d809f&start=2026-09-09T14:00:00+0000&duration=PT1H from server.
Fetching https://www.freeview.co.uk/api/program?sid=43&nid=64403&pid=crid://csi.digitaluk.co.uk/17144001-d716-4ed7-a8e1-5cd206caaaa3&start=2026-09-09T15:00:00+0000&duration=PT30M from server.
Fetching https://www.freeview.co.uk/api/program?sid=43&nid=64403&pid=crid://csi.digitaluk.co.uk/7a0aa53d-7fe3-4a6b-90bd-c099a20f8d4a&start=2026-09-09T15:30:00+0000&duration=PT30M from server.
Fetching https://www.freeview.co.uk/api/program?sid=43&nid=64403&pid=crid://csi.digitaluk.co.uk/af2d1045-b51f-4b70-90a0-03fff9fe5f7c&start=2026-09-09T16:00:00+0000&duration=PT30M from server.
Fetching https://www.freeview.co.uk/api/program?sid=43&nid=64403&pid=crid://csi.digitaluk.co.uk/ab78e077-675a-4845-a9ae-948015488ce6&start=2026-09-09T16:30:00+0000&duration=PT30M from server.
Fetching https://www.freeview.co.uk/api/program?sid=43&nid=64403&pid=crid://csi.digitaluk.co.uk/f1ef7f94-38e3-40d0-869c-253a9a4e9e21&start=2026-09-09T17:00:00+0000&duration=PT1H from server.
Fetching https://www.freeview.co.uk/api/program?sid=43&nid=64403&pid=crid://csi.digitaluk.co.uk/5dbcd934-37ef-4f0c-9f45-d6046872305a&start=2026-09-09T18:00:00+0000&duration=PT1H30M from server.
Fetching https://www.freeview.co.uk/api/program?sid=43&nid=64403&pid=crid://csi.digitaluk.co.uk/c13237bc-b0eb-426d-ae01-4abc9a3c4cdb&start=2026-09-09T19:30:00+0000&duration=PT30M from server.
Fetching https://www.freeview.co.uk/api/program?sid=43&nid=64403&pid=crid://csi.digitaluk.co.uk/98005bf3-8967-40b8-9ecc-c4f9f634d430&start=2026-09-09T20:00:00+0000&duration=PT1H from server.
Fetching https://www.freeview.co.uk/api/program?sid=43&nid=64403&pid=crid://csi.digitaluk.co.uk/470f9f3e-970e-45eb-a151-9331d7e81aa0&start=2026-09-09T21:00:00+0000&duration=PT1H from server.
Fetching https://www.freeview.co.uk/api/program?sid=43&nid=64403&pid=crid://csi.digitaluk.co.uk/d8824b3f-46f9-460a-9acc-a0308f870600&start=2026-09-09T22:00:00+0000&duration=PT30M from server.
Fetching https://www.freeview.co.uk/api/program?sid=43&nid=64403&pid=crid://csi.digitaluk.co.uk/98d9566a-d8c4-41ec-af55-3df4278de991&start=2026-09-09T22:30:00+0000&duration=PT30M from server.
Fetching https://www.freeview.co.uk/api/program?sid=43&nid=64403&pid=crid://csi.digitaluk.co.uk/acc1dd29-ccc0-4efc-ace0-19d9e3aa1e10&start=2026-09-09T23:00:00+0000&duration=PT30M from server.
Fetching https://www.freeview.co.uk/api/program?sid=43&nid=64403&pid=crid://csi.digitaluk.co.uk/519f9755-1ae7-4adb-9094-df55e6c95a39&start=2026-09-09T23:30:00+0000&duration=PT30M from server.
### Wanted 23712 
Fetching https://www.freeview.co.uk/api/program?sid=44&nid=64403&pid=crid://csi.digitaluk.co.uk/b2b26bed-1f25-4834-ad1e-6c4410c1b59d&start=2026-09-09T00:00:00+0000&duration=PT1H from server.
Fetching https://www.freeview.co.uk/api/program?sid=44&nid=64403&pid=crid://csi.digitaluk.co.uk/12a13228-e7d9-45cc-abcf-c7d43efac381&start=2026-09-09T01:00:00+0000&duration=PT2H from server.
Fetching https://www.freeview.co.uk/api/program?sid=44&nid=64403&pid=crid://csi.digitaluk.co.uk/4623b762-e69b-48ea-87d4-bf46c16ee803&start=2026-09-09T03:00:00+0000&duration=PT1H from server.
Fetching https://www.freeview.co.uk/api/program?sid=44&nid=64403&pid=crid://csi.digitaluk.co.uk/e48e03ae-3a5a-4da1-bd16-3556ba6b2c88&start=2026-09-09T04:00:00+0000&duration=PT1H from server.
Fetching https://www.freeview.co.uk/api/program?sid=44&nid=64403&pid=crid://csi.digitaluk.co.uk/09f0f03e-e33b-4bfd-b418-830edf66c2f1&start=2026-09-09T05:00:00+0000&duration=PT1H from server.
Fetching https://www.freeview.co.uk/api/program?sid=44&nid=64403&pid=crid://csi.digitaluk.co.uk/dbadd0bf-288a-4f66-a0e1-5be2fbc6dc63&start=2026-09-09T06:00:00+0000&duration=PT1H from server.
Fetching https://www.freeview.co.uk/api/program?sid=44&nid=64403&pid=crid://csi.digitaluk.co.uk/2466d631-2e30-40cf-a15a-a7f0b43f7676&start=2026-09-09T07:00:00+0000&duration=PT1H from server.
Fetching https://www.freeview.co.uk/api/program?sid=44&nid=64403&pid=crid://csi.digitaluk.co.uk/4f3e8051-60f6-4587-b5f7-dd31d93cf04e&start=2026-09-09T08:00:00+0000&duration=PT1H from server.
Fetching https://www.freeview.co.uk/api/program?sid=44&nid=64403&pid=crid://csi.digitaluk.co.uk/ab55e6bb-8173-4106-9ba4-3fba68a5d1b5&start=2026-09-09T09:00:00+0000&duration=PT1H from server.
Fetching https://www.freeview.co.uk/api/program?sid=44&nid=64403&pid=crid://csi.digitaluk.co.uk/74cc8adb-8219-4b33-b97d-54a33e56b4e3&start=2026-09-09T10:00:00+0000&duration=PT1H from server.
Fetching https://www.freeview.co.uk/api/program?sid=44&nid=64403&pid=crid://csi.digitaluk.co.uk/9b6f8948-341a-48d1-924c-a6539016c47c&start=2026-09-09T11:00:00+0000&duration=PT1H from server.
Fetching https://www.freeview.co.uk/api/program?sid=44&nid=64403&pid=crid://csi.digitaluk.co.uk/88933aa8-b309-44b0-b488-5c829c36c52e&start=2026-09-09T12:00:00+0000&duration=PT1H from server.
Fetching https://www.freeview.co.uk/api/program?sid=44&nid=64403&pid=crid://csi.digitaluk.co.uk/cff8953f-3fe0-46b8-8db3-a9d4ac6ed38a&start=2026-09-09T13:00:00+0000&duration=PT1H from server.
Fetching https://www.freeview.co.uk/api/program?sid=44&nid=64403&pid=crid://csi.digitaluk.co.uk/067cf4de-84bc-4006-b6fa-e8e0bd48df5c&start=2026-09-09T14:00:00+0000&duration=PT1H from server.
Fetching https://www.freeview.co.uk/api/program?sid=44&nid=64403&pid=crid://csi.digitaluk.co.uk/19c2851e-4139-4b65-b518-e270bff345ad&start=2026-09-09T15:00:00+0000&duration=PT1H from server.
Fetching https://www.freeview.co.uk/api/program?sid=44&nid=64403&pid=crid://csi.digitaluk.co.uk/c8061341-1fc2-4c43-bdbc-af8a17ee7003&start=2026-09-09T16:00:00+0000&duration=PT1H from server.
Fetching https://www.freeview.co.uk/api/program?sid=44&nid=64403&pid=crid://csi.digitaluk.co.uk/6ba87149-fac0-4472-9097-14f499eefddb&start=2026-09-09T17:00:00+0000&duration=PT1H from server.
Fetching https://www.freeview.co.uk/api/program?sid=44&nid=64403&pid=crid://csi.digitaluk.co.uk/e2e60b0a-a306-4ecc-aa91-19bf54752c24&start=2026-09-09T18:00:00+0000&duration=PT1H from server.
Fetching https://www.freeview.co.uk/api/program?sid=44&nid=64403&pid=crid://csi.digitaluk.co.uk/1e3eb574-11fa-4adb-aca1-36d2f6baeccc&start=2026-09-09T19:00:00+0000&duration=PT1H from server.
Fetching https://www.freeview.co.uk/api/program?sid=44&nid=64403&pid=crid://csi.digitaluk.co.uk/f1bd810a-92cd-4670-aed3-09fc9a117817&start=2026-09-09T20:00:00+0000&duration=PT1H from server.
Fetching https://www.freeview.co.uk/api/program?sid=44&nid=64403&pid=crid://csi.digitaluk.co.uk/f553e44f-c8db-4b2e-8c97-8b7ffd6ccce8&start=2026-09-09T21:00:00+0000&duration=PT1H from server.
Fetching https://www.freeview.co.uk/api/program?sid=44&nid=64403&pid=crid://csi.digitaluk.co.uk/75215b0c-8ad3-4e60-9a59-d6771a5e1f28&start=2026-09-09T22:00:00+0000&duration=PT1H from server.
Fetching https://www.freeview.co.uk/api/program?sid=44&nid=64403&pid=crid://csi.digitaluk.co.uk/e726cf5e-d53e-4671-88b8-37c8db4dd6f1&start=2026-09-09T23:00:00+0000&duration=PT1H from server.
## Wanted 20256 
Fetching https://www.freeview.co.uk/api/program?sid=46&nid=64403&pid=crid://panorama.five.tv/versions/C5495960010A&start=2026-09-09T00:00:00+0000&duration=PT1H from server.
Fetching https://www.freeview.co.uk/api/program?sid=46&nid=64403&pid=crid://panorama.five.tv/versions/C5495980002A&start=2026-09-09T01:00:00+0000&duration=PT1H from server.
Fetching https://www.freeview.co.uk/api/program?sid=46&nid=64403&pid=crid://panorama.five.tv/versions/C5266920001B&start=2026-09-09T02:00:00+0000&duration=PT50M from server.
Fetching https://www.freeview.co.uk/api/program?sid=46&nid=64403&pid=crid://panorama.five.tv/versions/C5522700037A&start=2026-09-09T02:50:00+0000&duration=PT10M from server.
Fetching https://www.freeview.co.uk/api/program?sid=46&nid=64403&pid=crid://panorama.five.tv/versions/C5266540001A&start=2026-09-09T03:00:00+0000&duration=PT2H from server.
Fetching https://www.freeview.co.uk/api/program?sid=46&nid=64403&pid=crid://panorama.five.tv/versions/C5480340001A&start=2026-09-09T05:00:00+0000&duration=PT30M from server.
Fetching https://www.freeview.co.uk/api/program?sid=46&nid=64403&pid=crid://panorama.five.tv/versions/C5326820001A&start=2026-09-09T05:30:00+0000&duration=PT30M from server.
Fetching https://www.freeview.co.uk/api/program?sid=46&nid=64403&pid=crid://panorama.five.tv/versions/C5349600001A&start=2026-09-09T06:00:00+0000&duration=PT1H from server.
Fetching https://www.freeview.co.uk/api/program?sid=46&nid=64403&pid=crid://panorama.five.tv/versions/C5349600001A&start=2026-09-09T07:00:00+0000&duration=PT1H from server.
Fetching https://www.freeview.co.uk/api/program?sid=46&nid=64403&pid=crid://csi.digitaluk.co.uk/145d82d0-161c-48a7-a4c6-11f9e0d1d105&start=2026-09-09T08:00:00+0000&duration=PT1H from server.
Fetching https://www.freeview.co.uk/api/program?sid=46&nid=64403&pid=crid://csi.digitaluk.co.uk/41399197-f97e-406f-9173-7f3063a7fa38&start=2026-09-09T09:00:00+0000&duration=PT1H from server.
Fetching https://www.freeview.co.uk/api/program?sid=46&nid=64403&pid=crid://panorama.five.tv/versions/C5491410005A&start=2026-09-09T10:00:00+0000&duration=PT1H from server.
Fetching https://www.freeview.co.uk/api/program?sid=46&nid=64403&pid=crid://panorama.five.tv/versions/C5255470007E&start=2026-09-09T11:00:00+0000&duration=PT1H from server.
Fetching https://www.freeview.co.uk/api/program?sid=46&nid=64403&pid=crid://csi.digitaluk.co.uk/05e67463-c8a2-4166-8885-643529b00b13&start=2026-09-09T12:00:00+0000&duration=PT1H from server.
Fetching https://www.freeview.co.uk/api/program?sid=46&nid=64403&pid=crid://csi.digitaluk.co.uk/f5a69a8a-442d-4c36-926b-1533cf2d0520&start=2026-09-09T13:00:00+0000&duration=PT1H from server.
Fetching https://www.freeview.co.uk/api/program?sid=46&nid=64403&pid=crid://csi.digitaluk.co.uk/16ad7713-de3c-4ca5-84ad-7c9310e61769&start=2026-09-09T14:00:00+0000&duration=PT2H from server.
Fetching https://www.freeview.co.uk/api/program?sid=46&nid=64403&pid=crid://csi.digitaluk.co.uk/c3bb39fb-396d-4741-a609-4e67779a49f5&start=2026-09-09T16:00:00+0000&duration=PT1H from server.
Fetching https://www.freeview.co.uk/api/program?sid=46&nid=64403&pid=crid://csi.digitaluk.co.uk/19fd6cde-5647-43ea-b353-745e1d8a9a66&start=2026-09-09T17:00:00+0000&duration=PT1H from server.
Fetching https://www.freeview.co.uk/api/program?sid=46&nid=64403&pid=crid://csi.digitaluk.co.uk/f842d34c-9e40-4e19-9d7a-44db11ede45e&start=2026-09-09T18:00:00+0000&duration=PT1H from server.
Fetching https://www.freeview.co.uk/api/program?sid=46&nid=64403&pid=crid://csi.digitaluk.co.uk/ed692aa8-3cdd-4ad6-b252-20c7d6286d8e&start=2026-09-09T19:00:00+0000&duration=PT1H from server.
Fetching https://www.freeview.co.uk/api/program?sid=46&nid=64403&pid=crid://csi.digitaluk.co.uk/f62e0e83-2668-4777-9535-113598c1bc99&start=2026-09-09T20:00:00+0000&duration=PT1H from server.
Fetching https://www.freeview.co.uk/api/program?sid=46&nid=64403&pid=crid://csi.digitaluk.co.uk/220a0bed-027e-4194-bd2e-0ed902931929&start=2026-09-09T21:00:00+0000&duration=PT1H5M from server.
Fetching https://www.freeview.co.uk/api/program?sid=46&nid=64403&pid=crid://csi.digitaluk.co.uk/08f5661e-529f-4421-af92-ba953e6957c9&start=2026-09-09T22:05:00+0000&duration=PT1H5M from server.
Fetching https://www.freeview.co.uk/api/program?sid=46&nid=64403&pid=crid://csi.digitaluk.co.uk/f8c99b3c-ca02-43b3-9693-ed246e6761ba&start=2026-09-09T23:10:00+0000&duration=PT1H from server.
### Wanted 8460 
Fetching https://www.freeview.co.uk/api/program?sid=49&nid=64403&pid=crid://csi.digitaluk.co.uk/b0f0540f-2581-4fe1-8c0a-542a81ab75d0&start=2026-09-09T00:55:00+0000&duration=PT1H5M from server.
Fetching https://www.freeview.co.uk/api/program?sid=49&nid=64403&pid=crid://csi.digitaluk.co.uk/884ae4c0-0b12-473f-a21e-86dc7ef4ff7b&start=2026-09-09T02:00:00+0000&duration=PT1H from server.
Fetching https://www.freeview.co.uk/api/program?sid=49&nid=64403&pid=crid://csi.digitaluk.co.uk/60015d46-9fa8-4692-b06d-bf150dce0fab&start=2026-09-09T03:00:00+0000&duration=PT1H from server.
Fetching https://www.freeview.co.uk/api/program?sid=49&nid=64403&pid=crid://csi.digitaluk.co.uk/84e913aa-dd7c-4c1c-bc1b-f1d4fab6f66a&start=2026-09-09T04:00:00+0000&duration=PT2H from server.
Fetching https://www.freeview.co.uk/api/program?sid=49&nid=64403&pid=crid://csi.digitaluk.co.uk/8aa81bd2-2d62-4ee1-8b27-c3e4f977ba97&start=2026-09-09T06:00:00+0000&duration=PT2H from server.
Fetching https://www.freeview.co.uk/api/program?sid=49&nid=64403&pid=crid://csi.digitaluk.co.uk/3e2470e8-1bee-4bd1-a2a1-7240754dea85&start=2026-09-09T08:00:00+0000&duration=PT1H from server.
Fetching https://www.freeview.co.uk/api/program?sid=49&nid=64403&pid=crid://csi.digitaluk.co.uk/036f2cd1-a99b-4283-86fb-4a642ee51139&start=2026-09-09T09:00:00+0000&duration=PT1H from server.
Fetching https://www.freeview.co.uk/api/program?sid=49&nid=64403&pid=crid://csi.digitaluk.co.uk/ff0389b3-8dd2-449e-9bee-0a91002f029b&start=2026-09-09T10:00:00+0000&duration=PT1H from server.
Fetching https://www.freeview.co.uk/api/program?sid=49&nid=64403&pid=crid://csi.digitaluk.co.uk/464b6651-1e6e-4da3-8e8b-70d1219d3bd0&start=2026-09-09T11:00:00+0000&duration=PT1H from server.
Fetching https://www.freeview.co.uk/api/program?sid=49&nid=64403&pid=crid://csi.digitaluk.co.uk/f90bd885-2e14-4090-91c8-3984a3a52479&start=2026-09-09T12:00:00+0000&duration=PT1H from server.
Fetching https://www.freeview.co.uk/api/program?sid=49&nid=64403&pid=crid://csi.digitaluk.co.uk/9109801d-d12b-40c2-8fd2-44c3cf1d4863&start=2026-09-09T13:00:00+0000&duration=PT1H from server.
Fetching https://www.freeview.co.uk/api/program?sid=49&nid=64403&pid=crid://csi.digitaluk.co.uk/a42caad3-fe7d-4862-aa6f-ad3b15723f5d&start=2026-09-09T14:00:00+0000&duration=PT30M from server.
Fetching https://www.freeview.co.uk/api/program?sid=49&nid=64403&pid=crid://csi.digitaluk.co.uk/f068203b-ce9f-4c61-bf1c-1f125f78e836&start=2026-09-09T14:30:00+0000&duration=PT30M from server.
Fetching https://www.freeview.co.uk/api/program?sid=49&nid=64403&pid=crid://csi.digitaluk.co.uk/86675932-2008-43ac-bfeb-ef3d580b38a5&start=2026-09-09T15:00:00+0000&duration=PT30M from server.
Fetching https://www.freeview.co.uk/api/program?sid=49&nid=64403&pid=crid://csi.digitaluk.co.uk/2de8bbec-39a3-4d69-8246-e72b7147c2dc&start=2026-09-09T15:30:00+0000&duration=PT30M from server.
Fetching https://www.freeview.co.uk/api/program?sid=49&nid=64403&pid=crid://csi.digitaluk.co.uk/91dfddb9-7785-4e2e-816e-233bdd8d9551&start=2026-09-09T16:00:00+0000&duration=PT30M from server.
Fetching https://www.freeview.co.uk/api/program?sid=49&nid=64403&pid=crid://csi.digitaluk.co.uk/beaa40e7-21ee-4ab7-b01c-821e8090e4a8&start=2026-09-09T16:30:00+0000&duration=PT30M from server.
Fetching https://www.freeview.co.uk/api/program?sid=49&nid=64403&pid=crid://csi.digitaluk.co.uk/665f44f8-7512-4114-a47c-c5d5cc8a2b1f&start=2026-09-09T17:00:00+0000&duration=PT1H from server.
Fetching https://www.freeview.co.uk/api/program?sid=49&nid=64403&pid=crid://movida.bebanjo.net/mas/version/77321/004/ASDELIVERED/C&start=2026-09-09T18:00:00+0000&duration=PT1H from server.
Fetching https://www.freeview.co.uk/api/program?sid=49&nid=64403&pid=crid://csi.digitaluk.co.uk/75086698-0b8d-42ba-9519-dc44135e80ae&start=2026-09-09T19:00:00+0000&duration=PT1H from server.
Fetching https://www.freeview.co.uk/api/program?sid=49&nid=64403&pid=crid://csi.digitaluk.co.uk/cfb4aec9-15f5-48d5-89e1-71903233b8cb&start=2026-09-09T20:00:00+0000&duration=PT1H from server.
Fetching https://www.freeview.co.uk/api/program?sid=49&nid=64403&pid=crid://movida.bebanjo.net/mas/version/73855/021/ASDELIVERED/C&start=2026-09-09T21:00:00+0000&duration=PT1H15M from server.
Fetching https://www.freeview.co.uk/api/program?sid=49&nid=64403&pid=crid://movida.bebanjo.net/mas/version/73855/022/ASDELIVERED/C&start=2026-09-09T22:15:00+0000&duration=PT1H from server.
Fetching https://www.freeview.co.uk/api/program?sid=49&nid=64403&pid=crid://csi.digitaluk.co.uk/b4a208fe-b5dc-4824-bf97-c25fc57343eb&start=2026-09-09T23:15:00+0000&duration=PT1H5M from server.
## Wanted 14384 
Fetching https://www.freeview.co.uk/api/program?sid=64&nid=64403&pid=crid://csi.digitaluk.co.uk/2f3ab92c-630d-4bd6-a3c2-4d182e14fe6f&start=2026-09-09T00:00:00+0000&duration=PT30M from server.
Fetching https://www.freeview.co.uk/api/program?sid=64&nid=64403&pid=crid://csi.digitaluk.co.uk/eeafcdf2-f1cd-447e-a212-d00ab398946e&start=2026-09-09T00:30:00+0000&duration=PT30M from server.
Fetching https://www.freeview.co.uk/api/program?sid=64&nid=64403&pid=crid://csi.digitaluk.co.uk/05eb93c0-a442-41e5-9f89-f0f2e407507e&start=2026-09-09T01:00:00+0000&duration=PT1H from server.
Fetching https://www.freeview.co.uk/api/program?sid=64&nid=64403&pid=crid://csi.digitaluk.co.uk/1798a53c-2e67-4242-85d9-3c41aa97204e&start=2026-09-09T02:00:00+0000&duration=PT45M from server.
Fetching https://www.freeview.co.uk/api/program?sid=64&nid=64403&pid=crid://csi.digitaluk.co.uk/e0e0d520-d8e8-4cca-a989-f79035d1a93f&start=2026-09-09T02:45:00+0000&duration=PT25M from server.
Fetching https://www.freeview.co.uk/api/program?sid=64&nid=64403&pid=crid://csi.digitaluk.co.uk/0656974b-d5b0-43ed-99e8-1f38d73f45bc&start=2026-09-09T03:10:00+0000&duration=PT25M from server.
Fetching https://www.freeview.co.uk/api/program?sid=64&nid=64403&pid=crid://csi.digitaluk.co.uk/bf7c0fa1-5f06-4d0d-b869-e0b7ff210b96&start=2026-09-09T03:35:00+0000&duration=PT25M from server.
Fetching https://www.freeview.co.uk/api/program?sid=64&nid=64403&pid=crid://csi.digitaluk.co.uk/6ec4052b-8a9f-48aa-978c-d85aaed54a70&start=2026-09-09T04:00:00+0000&duration=PT1H from server.
Fetching https://www.freeview.co.uk/api/program?sid=64&nid=64403&pid=crid://csi.digitaluk.co.uk/aa577f1c-3b44-4ab8-9ff9-ff295e695f7b&start=2026-09-09T05:00:00+0000&duration=PT45M from server.
Fetching https://www.freeview.co.uk/api/program?sid=64&nid=64403&pid=crid://csi.digitaluk.co.uk/23a9dcb3-d89b-404d-a058-05836ef3550b&start=2026-09-09T05:45:00+0000&duration=PT25M from server.
Fetching https://www.freeview.co.uk/api/program?sid=64&nid=64403&pid=crid://csi.digitaluk.co.uk/175899a6-561d-490d-a8ec-b03348c70fe0&start=2026-09-09T06:10:00+0000&duration=PT20M from server.
Fetching https://www.freeview.co.uk/api/program?sid=64&nid=64403&pid=crid://csi.digitaluk.co.uk/3009c090-bc13-4c5b-a66e-bf82461c5569&start=2026-09-09T06:30:00+0000&duration=PT30M from server.
Fetching https://www.freeview.co.uk/api/program?sid=64&nid=64403&pid=crid://csi.digitaluk.co.uk/30d7d603-ea83-47a9-8dc8-39481e6a987b&start=2026-09-09T07:00:00+0000&duration=PT25M from server.
Fetching https://www.freeview.co.uk/api/program?sid=64&nid=64403&pid=crid://csi.digitaluk.co.uk/0541cf03-5a11-420d-88da-74e2348e1a1f&start=2026-09-09T07:25:00+0000&duration=PT30M from server.
Fetching https://www.freeview.co.uk/api/program?sid=64&nid=64403&pid=crid://csi.digitaluk.co.uk/a8fa124a-76d9-431e-8b2c-d57d000392b6&start=2026-09-09T07:55:00+0000&duration=PT25M from server.
Fetching https://www.freeview.co.uk/api/program?sid=64&nid=64403&pid=crid://csi.digitaluk.co.uk/f675f085-6151-43db-9cdd-c42c1301f670&start=2026-09-09T08:20:00+0000&duration=PT55M from server.
Fetching https://www.freeview.co.uk/api/program?sid=64&nid=64403&pid=crid://csi.digitaluk.co.uk/95bb27b2-9a11-4c81-9416-8f481571c01f&start=2026-09-09T09:15:00+0000&duration=PT55M from server.
Fetching https://www.freeview.co.uk/api/program?sid=64&nid=64403&pid=crid://csi.digitaluk.co.uk/6509a062-cd76-45e1-b006-a7640edd96a6&start=2026-09-09T10:10:00+0000&duration=PT1H from server.
Fetching https://www.freeview.co.uk/api/program?sid=64&nid=64403&pid=crid://csi.digitaluk.co.uk/c198a469-7b95-44b9-8d38-18689457d0a7&start=2026-09-09T11:10:00+0000&duration=PT55M from server.
Fetching https://www.freeview.co.uk/api/program?sid=64&nid=64403&pid=crid://csi.digitaluk.co.uk/68dbf795-3800-4a99-a4a3-a5ce3630bbb0&start=2026-09-09T12:05:00+0000&duration=PT30M from server.
Fetching https://www.freeview.co.uk/api/program?sid=64&nid=64403&pid=crid://csi.digitaluk.co.uk/95154101-bb76-463b-b155-cacbb61d2e0a&start=2026-09-09T12:35:00+0000&duration=PT30M from server.
Fetching https://www.freeview.co.uk/api/program?sid=64&nid=64403&pid=crid://csi.digitaluk.co.uk/a016d37f-6880-459a-a913-b4ebd5ac83f7&start=2026-09-09T13:05:00+0000&duration=PT30M from server.
Fetching https://www.freeview.co.uk/api/program?sid=64&nid=64403&pid=crid://csi.digitaluk.co.uk/150f970b-8826-4a0c-882d-d9e693f27a6e&start=2026-09-09T13:35:00+0000&duration=PT30M from server.
Fetching https://www.freeview.co.uk/api/program?sid=64&nid=64403&pid=crid://csi.digitaluk.co.uk/2c226296-3fe5-42b4-9f36-aff5d53bde80&start=2026-09-09T14:05:00+0000&duration=PT1H from server.
Fetching https://www.freeview.co.uk/api/program?sid=64&nid=64403&pid=crid://csi.digitaluk.co.uk/347f42f5-446f-44b3-a288-0e0168617113&start=2026-09-09T15:05:00+0000&duration=PT55M from server.
Fetching https://www.freeview.co.uk/api/program?sid=64&nid=64403&pid=crid://csi.digitaluk.co.uk/e2e95d2f-bcbd-40ce-8576-bb8d402d405c&start=2026-09-09T16:00:00+0000&duration=PT30M from server.
Fetching https://www.freeview.co.uk/api/program?sid=64&nid=64403&pid=crid://csi.digitaluk.co.uk/cf6e682f-e022-443c-8a62-0e67dadecbd5&start=2026-09-09T16:30:00+0000&duration=PT30M from server.
Fetching https://www.freeview.co.uk/api/program?sid=64&nid=64403&pid=crid://csi.digitaluk.co.uk/3f4bc25c-0824-4c8c-94b1-959cebc0843d&start=2026-09-09T17:00:00+0000&duration=PT1H from server.
Fetching https://www.freeview.co.uk/api/program?sid=64&nid=64403&pid=crid://csi.digitaluk.co.uk/eed84ac0-d4c4-4d1f-b2c8-509fcadf0abb&start=2026-09-09T18:00:00+0000&duration=PT1H from server.
Fetching https://www.freeview.co.uk/api/program?sid=64&nid=64403&pid=crid://csi.digitaluk.co.uk/c5e61277-d59a-468a-9548-8cfacab6f9f4&start=2026-09-09T19:00:00+0000&duration=PT1H from server.
Fetching https://www.freeview.co.uk/api/program?sid=64&nid=64403&pid=crid://csi.digitaluk.co.uk/7da8253f-6aaf-41b9-8574-e5209e220d7f&start=2026-09-09T20:00:00+0000&duration=PT1H from server.
Fetching https://www.freeview.co.uk/api/program?sid=64&nid=64403&pid=crid://csi.digitaluk.co.uk/127e79d7-1584-4c59-ac93-70128a1e7ba7&start=2026-09-09T21:00:00+0000&duration=PT1H from server.
Fetching https://www.freeview.co.uk/api/program?sid=64&nid=64403&pid=crid://csi.digitaluk.co.uk/6e8d93a9-893a-4455-b3c9-6a63818edc66&start=2026-09-09T22:00:00+0000&duration=PT1H from server.
Fetching https://www.freeview.co.uk/api/program?sid=64&nid=64403&pid=crid://csi.digitaluk.co.uk/fbd195d9-f48f-494f-8ddc-afc29bff9f58&start=2026-09-09T23:00:00+0000&duration=PT1H from server.
### Wanted 17856 
Fetching https://www.freeview.co.uk/api/program?sid=103&nid=64403&pid=crid://csi.digitaluk.co.uk/f8155fec-dfe6-4362-b9ca-319d67126524&start=2026-09-09T02:00:00+0000&duration=PT50M from server.
Fetching https://www.freeview.co.uk/api/program?sid=103&nid=64403&pid=crid://csi.digitaluk.co.uk/1c373da8-dba3-4b8a-b04e-40b04f300185&start=2026-09-09T02:50:00+0000&duration=PT2H10M from server.
Fetching https://www.freeview.co.uk/api/program?sid=103&nid=64403&pid=crid://csi.digitaluk.co.uk/d2f97105-2a37-47e9-8a69-c3a7ca25e29e&start=2026-09-09T05:00:00+0000&duration=PT3H30M from server.
Fetching https://www.freeview.co.uk/api/program?sid=103&nid=64403&pid=crid://csi.digitaluk.co.uk/32175259-4888-43b5-a2d6-b4fa87f8c656&start=2026-09-09T08:30:00+0000&duration=PT30M from server.
Fetching https://www.freeview.co.uk/api/program?sid=103&nid=64403&pid=crid://csi.digitaluk.co.uk/829ca22a-d5ff-4d19-96ae-5a532a796f91&start=2026-09-09T09:00:00+0000&duration=PT2H30M from server.
Fetching https://www.freeview.co.uk/api/program?sid=103&nid=64403&pid=crid://csi.digitaluk.co.uk/9159e1e3-223d-49a2-bed8-5c8d5e381bf9&start=2026-09-09T11:30:00+0000&duration=PT1H from server.
Fetching https://www.freeview.co.uk/api/program?sid=103&nid=64403&pid=crid://csi.digitaluk.co.uk/ca5a6568-becf-477b-8256-7d607e603b11&start=2026-09-09T12:30:00+0000&duration=PT25M from server.
Fetching https://www.freeview.co.uk/api/program?sid=103&nid=64403&pid=crid://csi.digitaluk.co.uk/46e5c22e-d2d3-4045-9b5c-0b961f6c2b8a&start=2026-09-09T12:55:00+0000&duration=PT5M from server.
Fetching https://www.freeview.co.uk/api/program?sid=103&nid=64403&pid=crid://csi.digitaluk.co.uk/583c59db-857d-4420-b308-206dd89c826a&start=2026-09-09T13:00:00+0000&duration=PT1H from server.
Fetching https://www.freeview.co.uk/api/program?sid=103&nid=64403&pid=crid://csi.digitaluk.co.uk/f293e27d-bf4b-414d-b8fc-b221bba41c5a&start=2026-09-09T14:00:00+0000&duration=PT1H from server.
Fetching https://www.freeview.co.uk/api/program?sid=103&nid=64403&pid=crid://csi.digitaluk.co.uk/9e531c14-59bb-4c8b-a7f0-50a65a08b285&start=2026-09-09T15:00:00+0000&duration=PT1H from server.
Fetching https://www.freeview.co.uk/api/program?sid=103&nid=64403&pid=crid://csi.digitaluk.co.uk/748eee3f-565d-404e-bfa4-d97c3bfee594&start=2026-09-09T16:00:00+0000&duration=PT1H from server.
Fetching https://www.freeview.co.uk/api/program?sid=103&nid=64403&pid=crid://csi.digitaluk.co.uk/11e648ea-5baf-40b5-8fbf-41bea80ddfd9&start=2026-09-09T17:00:00+0000&duration=PT30M from server.
Fetching https://www.freeview.co.uk/api/program?sid=103&nid=64403&pid=crid://csi.digitaluk.co.uk/846babcb-7a5c-4b29-8fdf-5a02cc1c1d38&start=2026-09-09T17:30:00+0000&duration=PT1H from server.
Fetching https://www.freeview.co.uk/api/program?sid=103&nid=64403&pid=crid://csi.digitaluk.co.uk/e5455bf9-27ad-412b-967e-d5590e3038a2&start=2026-09-09T18:30:00+0000&duration=PT30M from server.
Fetching https://www.freeview.co.uk/api/program?sid=103&nid=64403&pid=crid://csi.digitaluk.co.uk/e9619292-7bb4-4461-8d76-86ae7f60e3c9&start=2026-09-09T19:00:00+0000&duration=PT30M from server.
Fetching https://www.freeview.co.uk/api/program?sid=103&nid=64403&pid=crid://csi.digitaluk.co.uk/c317979a-4b6d-4a11-9e62-45b985166cba&start=2026-09-09T19:30:00+0000&duration=PT30M from server.
Fetching https://www.freeview.co.uk/api/program?sid=103&nid=64403&pid=crid://csi.digitaluk.co.uk/138898ee-56e9-4a80-91c1-84320b269763&start=2026-09-09T20:00:00+0000&duration=PT1H from server.
Fetching https://www.freeview.co.uk/api/program?sid=103&nid=64403&pid=crid://csi.digitaluk.co.uk/dc6e90b5-b544-439e-aa53-e3076a4458d3&start=2026-09-09T21:00:00+0000&duration=PT30M from server.
Fetching https://www.freeview.co.uk/api/program?sid=103&nid=64403&pid=crid://csi.digitaluk.co.uk/93aa06ce-2202-4e96-a7a7-28960b1f4a85&start=2026-09-09T21:30:00+0000&duration=PT10M from server.
Fetching https://www.freeview.co.uk/api/program?sid=103&nid=64403&pid=crid://csi.digitaluk.co.uk/dcae8eeb-61da-4b43-9c53-902f271bae47&start=2026-09-09T21:40:00+0000&duration=PT25M from server.
Fetching https://www.freeview.co.uk/api/program?sid=103&nid=64403&pid=crid://csi.digitaluk.co.uk/95f82f1d-e47f-4644-b5b8-da49171dd513&start=2026-09-09T22:05:00+0000&duration=PT55M from server.
Fetching https://www.freeview.co.uk/api/program?sid=103&nid=64403&pid=crid://csi.digitaluk.co.uk/50decec1-628e-4187-8668-6402d9bfdfca&start=2026-09-09T23:00:00+0000&duration=PT3H from server.
## Wanted 22080 
Fetching https://www.freeview.co.uk/api/program?sid=233&nid=64403&pid=crid://csi.digitaluk.co.uk/88ac85ff-e3e4-4319-9110-cc203e5b414c&start=2026-09-09T00:00:00+0000&duration=PT1H from server.
Fetching https://www.freeview.co.uk/api/program?sid=233&nid=64403&pid=crid://csi.digitaluk.co.uk/46573429-dc13-4c7b-8b6e-0340d496ee85&start=2026-09-09T01:00:00+0000&duration=PT1H from server.
Fetching https://www.freeview.co.uk/api/program?sid=233&nid=64403&pid=crid://csi.digitaluk.co.uk/01a5d1bd-f1f9-4161-b3d9-2ad6f6326074&start=2026-09-09T02:00:00+0000&duration=PT1H from server.
Fetching https://www.freeview.co.uk/api/program?sid=233&nid=64403&pid=crid://csi.digitaluk.co.uk/93a4794d-a2a8-40bb-a1e4-f62d3bd89369&start=2026-09-09T03:00:00+0000&duration=PT1H from server.
Fetching https://www.freeview.co.uk/api/program?sid=233&nid=64403&pid=crid://csi.digitaluk.co.uk/a5fbba63-826f-4fdd-883c-3d673d1dc399&start=2026-09-09T04:00:00+0000&duration=PT1H from server.
Fetching https://www.freeview.co.uk/api/program?sid=233&nid=64403&pid=crid://csi.digitaluk.co.uk/ff168121-0ada-4105-b379-0a23a6ff3a34&start=2026-09-09T05:00:00+0000&duration=PT30M from server.
Fetching https://www.freeview.co.uk/api/program?sid=233&nid=64403&pid=crid://csi.digitaluk.co.uk/fdadbe8d-4c9b-49b3-b44f-4f9308e1322e&start=2026-09-09T05:30:00+0000&duration=PT30M from server.
Fetching https://www.freeview.co.uk/api/program?sid=233&nid=64403&pid=crid://csi.digitaluk.co.uk/51f22c01-9188-475d-9760-7f657c66a4df&start=2026-09-09T06:00:00+0000&duration=PT30M from server.
Fetching https://www.freeview.co.uk/api/program?sid=233&nid=64403&pid=crid://csi.digitaluk.co.uk/1a2c2b9d-610e-4866-a0b4-7b65558bb958&start=2026-09-09T06:30:00+0000&duration=PT30M from server.
Fetching https://www.freeview.co.uk/api/program?sid=233&nid=64403&pid=crid://csi.digitaluk.co.uk/a64a28c1-16c5-4521-bd5e-38213d82b850&start=2026-09-09T07:00:00+0000&duration=PT30M from server.
Fetching https://www.freeview.co.uk/api/program?sid=233&nid=64403&pid=crid://csi.digitaluk.co.uk/30de81bc-9f68-4afd-91de-54a34071fd0e&start=2026-09-09T07:30:00+0000&duration=PT30M from server.
Fetching https://www.freeview.co.uk/api/program?sid=233&nid=64403&pid=crid://csi.digitaluk.co.uk/1144c38c-6670-4683-a3b9-1fd7cb036f42&start=2026-09-09T08:00:00+0000&duration=PT30M from server.
Fetching https://www.freeview.co.uk/api/program?sid=233&nid=64403&pid=crid://csi.digitaluk.co.uk/83db4bbe-9c2f-4a20-add0-d1684310959e&start=2026-09-09T08:30:00+0000&duration=PT30M from server.
Fetching https://www.freeview.co.uk/api/program?sid=233&nid=64403&pid=crid://csi.digitaluk.co.uk/179bcacb-f44c-4639-9914-b32007c54b8d&start=2026-09-09T09:00:00+0000&duration=PT30M from server.
Fetching https://www.freeview.co.uk/api/program?sid=233&nid=64403&pid=crid://csi.digitaluk.co.uk/c9bf3054-cca6-4c0f-a51a-e10b4124dbef&start=2026-09-09T09:30:00+0000&duration=PT30M from server.
Fetching https://www.freeview.co.uk/api/program?sid=233&nid=64403&pid=crid://csi.digitaluk.co.uk/1f61f92b-dd12-4473-9570-02bb47d636fa&start=2026-09-09T10:00:00+0000&duration=PT30M from server.
Fetching https://www.freeview.co.uk/api/program?sid=233&nid=64403&pid=crid://csi.digitaluk.co.uk/5e9d6e19-9a0b-4738-8e12-4eb57d281c92&start=2026-09-09T10:30:00+0000&duration=PT30M from server.
Fetching https://www.freeview.co.uk/api/program?sid=233&nid=64403&pid=crid://csi.digitaluk.co.uk/c4bb564a-a9cf-4fc9-ad93-5da5889151b3&start=2026-09-09T11:00:00+0000&duration=PT30M from server.
Fetching https://www.freeview.co.uk/api/program?sid=233&nid=64403&pid=crid://csi.digitaluk.co.uk/317959e3-2ebc-4d00-bb69-ed705c310d7d&start=2026-09-09T11:30:00+0000&duration=PT30M from server.
Fetching https://www.freeview.co.uk/api/program?sid=233&nid=64403&pid=crid://csi.digitaluk.co.uk/adb47f6f-8d25-4acd-b048-40601b0c1111&start=2026-09-09T12:00:00+0000&duration=PT30M from server.
Fetching https://www.freeview.co.uk/api/program?sid=233&nid=64403&pid=crid://csi.digitaluk.co.uk/761a7435-d82f-411a-9205-5bbe63f48fa7&start=2026-09-09T12:30:00+0000&duration=PT30M from server.
Fetching https://www.freeview.co.uk/api/program?sid=233&nid=64403&pid=crid://csi.digitaluk.co.uk/940b03a0-dd49-43c7-90bf-b4479d867680&start=2026-09-09T13:00:00+0000&duration=PT30M from server.
Fetching https://www.freeview.co.uk/api/program?sid=233&nid=64403&pid=crid://csi.digitaluk.co.uk/282fc583-325f-4eca-84cc-65988b59c569&start=2026-09-09T13:30:00+0000&duration=PT30M from server.
Fetching https://www.freeview.co.uk/api/program?sid=233&nid=64403&pid=crid://csi.digitaluk.co.uk/91806d5a-80e9-4116-86ce-ca0f71086d1e&start=2026-09-09T14:00:00+0000&duration=PT30M from server.
Fetching https://www.freeview.co.uk/api/program?sid=233&nid=64403&pid=crid://csi.digitaluk.co.uk/fd052f4f-e162-400c-bdfe-6c8cccef792a&start=2026-09-09T14:30:00+0000&duration=PT30M from server.
Fetching https://www.freeview.co.uk/api/program?sid=233&nid=64403&pid=crid://csi.digitaluk.co.uk/4f44592e-f5f0-472a-a653-4ca81f9bb767&start=2026-09-09T15:00:00+0000&duration=PT30M from server.
Fetching https://www.freeview.co.uk/api/program?sid=233&nid=64403&pid=crid://csi.digitaluk.co.uk/8ebe6f92-f809-4b5c-babe-fee98a8d41fd&start=2026-09-09T15:30:00+0000&duration=PT30M from server.
Fetching https://www.freeview.co.uk/api/program?sid=233&nid=64403&pid=crid://csi.digitaluk.co.uk/4ee467e4-81df-4cc8-80db-5c347d559946&start=2026-09-09T16:00:00+0000&duration=PT30M from server.
Fetching https://www.freeview.co.uk/api/program?sid=233&nid=64403&pid=crid://csi.digitaluk.co.uk/85289086-58a5-4238-8c8f-4eaf6b715d09&start=2026-09-09T16:30:00+0000&duration=PT30M from server.
Fetching https://www.freeview.co.uk/api/program?sid=233&nid=64403&pid=crid://csi.digitaluk.co.uk/3b621afe-215f-4b48-8146-ab345b9ed2ab&start=2026-09-09T17:00:00+0000&duration=PT30M from server.
Fetching https://www.freeview.co.uk/api/program?sid=233&nid=64403&pid=crid://csi.digitaluk.co.uk/bedf9aeb-6676-42a7-a543-b3de1e9c017f&start=2026-09-09T17:30:00+0000&duration=PT30M from server.
Fetching https://www.freeview.co.uk/api/program?sid=233&nid=64403&pid=crid://csi.digitaluk.co.uk/693b24bb-0269-43d9-b618-8af870f35d9d&start=2026-09-09T18:00:00+0000&duration=PT1H from server.
Fetching https://www.freeview.co.uk/api/program?sid=233&nid=64403&pid=crid://csi.digitaluk.co.uk/eadd5140-b9e6-44f0-81bf-3c06ca90e448&start=2026-09-09T19:00:00+0000&duration=PT1H from server.
Fetching https://www.freeview.co.uk/api/program?sid=233&nid=64403&pid=crid://csi.digitaluk.co.uk/352142d9-320d-4e09-b191-de280b660753&start=2026-09-09T20:00:00+0000&duration=PT1H from server.
Fetching https://www.freeview.co.uk/api/program?sid=233&nid=64403&pid=crid://csi.digitaluk.co.uk/d68ff083-419a-4357-bbc8-651b19592746&start=2026-09-09T21:00:00+0000&duration=PT30M from server.
Fetching https://www.freeview.co.uk/api/program?sid=233&nid=64403&pid=crid://csi.digitaluk.co.uk/3566f7c1-9f49-4df4-80a6-3437de2d7330&start=2026-09-09T21:30:00+0000&duration=PT30M from server.
Fetching https://www.freeview.co.uk/api/program?sid=233&nid=64403&pid=crid://csi.digitaluk.co.uk/1f31d99a-6d82-47df-9790-ff2ed2a46cc0&start=2026-09-09T22:00:00+0000&duration=PT30M from server.
Fetching https://www.freeview.co.uk/api/program?sid=233&nid=64403&pid=crid://csi.digitaluk.co.uk/3045923b-cd83-41a9-9533-d6f6b7b7d4cb&start=2026-09-09T22:30:00+0000&duration=PT30M from server.
Fetching https://www.freeview.co.uk/api/program?sid=233&nid=64403&pid=crid://csi.digitaluk.co.uk/08f8c330-c6dd-4d22-8824-183599dee56a&start=2026-09-09T23:00:00+0000&duration=PT1H from server.
###
