tv_grab_uk_freeview, 2026-09-15 00:05:06
----------------------------------------
getting list of channels:  URL= https://www.freeview.co.uk/api/channel-list?nid=64403 
Fetching https://www.freeview.co.uk/api/channel-list?nid=64403 from server.
##################################################
using cache '/home/runner/work/xmltv/xmltv/scripts//.xmltv/cache' 
using channel format 'number' 
using region id '64403' 
using icon ch string '?w=160' 
using icon pg string '?w=800' 
fetch 20 channels 
start/end grab: 1789862400 1789948800 
getting listings:  URL= https://www.freeview.co.uk/api/tv-guide?nid=64403&start=1789862400 
Fetching https://www.freeview.co.uk/api/tv-guide?nid=64403&start=1789862400 from server.
 Wanted 8384 
Fetching https://www.freeview.co.uk/api/program?sid=4&nid=64403&pid=crid://csi.digitaluk.co.uk/1cc3831f-2755-4276-9886-7703456e9da0&start=2026-09-20T00:35:00+0000&duration=PT50M from server.
Fetching https://www.freeview.co.uk/api/program?sid=4&nid=64403&pid=crid://movida.bebanjo.net/mas/version/77383/001/POSTWATERSHED2100/C&start=2026-09-20T01:25:00+0000&duration=PT1H5M from server.
Fetching https://www.freeview.co.uk/api/program?sid=4&nid=64403&pid=crid://csi.digitaluk.co.uk/707f1bf5-9ff7-4e61-812e-cc66f96cc666&start=2026-09-20T02:30:00+0000&duration=PT50M from server.
Fetching https://www.freeview.co.uk/api/program?sid=4&nid=64403&pid=crid://csi.digitaluk.co.uk/d5e13d30-e9db-4d4f-b8b3-06cce5477916&start=2026-09-20T03:20:00+0000&duration=PT40M from server.
Fetching https://www.freeview.co.uk/api/program?sid=4&nid=64403&pid=crid://csi.digitaluk.co.uk/ec90cee8-41b4-4b07-8322-7cd872133b83&start=2026-09-20T04:00:00+0000&duration=PT25M from server.
Fetching https://www.freeview.co.uk/api/program?sid=4&nid=64403&pid=crid://csi.digitaluk.co.uk/7154dfa7-61d9-4de4-9fe0-0d9e9c791534&start=2026-09-20T04:25:00+0000&duration=PT25M from server.
Fetching https://www.freeview.co.uk/api/program?sid=4&nid=64403&pid=crid://csi.digitaluk.co.uk/8281de0b-f5a0-4fca-92e4-3643c6e6b8b4&start=2026-09-20T04:50:00+0000&duration=PT25M from server.
Fetching https://www.freeview.co.uk/api/program?sid=4&nid=64403&pid=crid://csi.digitaluk.co.uk/4cdb53ce-bedd-4f09-a934-7b4f3d5afc23&start=2026-09-20T05:15:00+0000&duration=PT30M from server.
Fetching https://www.freeview.co.uk/api/program?sid=4&nid=64403&pid=crid://csi.digitaluk.co.uk/3d596122-02a7-4110-bfec-b45cefaeb47e&start=2026-09-20T05:45:00+0000&duration=PT25M from server.
Fetching https://www.freeview.co.uk/api/program?sid=4&nid=64403&pid=crid://csi.digitaluk.co.uk/8c03f5b5-0a24-49ad-b018-384ae24c3890&start=2026-09-20T06:10:00+0000&duration=PT25M from server.
Fetching https://www.freeview.co.uk/api/program?sid=4&nid=64403&pid=crid://csi.digitaluk.co.uk/eb8afa83-1a3d-45d9-b821-7d71ab08b10b&start=2026-09-20T06:35:00+0000&duration=PT25M from server.
Fetching https://www.freeview.co.uk/api/program?sid=4&nid=64403&pid=crid://csi.digitaluk.co.uk/10fa6318-2164-4baf-a2f1-96cf5f6d0fc1&start=2026-09-20T07:00:00+0000&duration=PT25M from server.
Fetching https://www.freeview.co.uk/api/program?sid=4&nid=64403&pid=crid://csi.digitaluk.co.uk/ba5b85ae-24a0-4739-8732-44a01eea2b69&start=2026-09-20T07:25:00+0000&duration=PT30M from server.
Fetching https://www.freeview.co.uk/api/program?sid=4&nid=64403&pid=crid://csi.digitaluk.co.uk/5cfe6246-7a66-43e7-ae7f-d67a26dc00b6&start=2026-09-20T07:55:00+0000&duration=PT30M from server.
Fetching https://www.freeview.co.uk/api/program?sid=4&nid=64403&pid=crid://csi.digitaluk.co.uk/5a52a243-348f-4328-8f47-10e1dc6baf12&start=2026-09-20T08:25:00+0000&duration=PT35M from server.
Fetching https://www.freeview.co.uk/api/program?sid=4&nid=64403&pid=crid://csi.digitaluk.co.uk/568c6335-46fc-4b3a-993a-4dcf37c5c029&start=2026-09-20T09:00:00+0000&duration=PT3H from server.
Fetching https://www.freeview.co.uk/api/program?sid=4&nid=64403&pid=crid://csi.digitaluk.co.uk/ce9ee757-af26-4c14-88b0-4db124309f2c&start=2026-09-20T12:00:00+0000&duration=PT1H5M from server.
Fetching https://www.freeview.co.uk/api/program?sid=4&nid=64403&pid=crid://csi.digitaluk.co.uk/4e6e0ab1-2a10-48f4-a854-21111e656a41&start=2026-09-20T13:05:00+0000&duration=PT1H from server.
Fetching https://www.freeview.co.uk/api/program?sid=4&nid=64403&pid=crid://csi.digitaluk.co.uk/1c7a580a-e1e2-4f35-a8a3-14442261a44f&start=2026-09-20T14:05:00+0000&duration=PT1H5M from server.
Fetching https://www.freeview.co.uk/api/program?sid=4&nid=64403&pid=crid://csi.digitaluk.co.uk/bbdddb36-385a-420d-9649-c5885d8223c7&start=2026-09-20T15:10:00+0000&duration=PT1H from server.
Fetching https://www.freeview.co.uk/api/program?sid=4&nid=64403&pid=crid://csi.digitaluk.co.uk/e8bc9ab3-5676-4a5b-98e2-8acae67a16ba&start=2026-09-20T16:10:00+0000&duration=PT1H5M from server.
Fetching https://www.freeview.co.uk/api/program?sid=4&nid=64403&pid=crid://csi.digitaluk.co.uk/433c8e13-b3c4-4b93-ade6-e67702c142a7&start=2026-09-20T17:15:00+0000&duration=PT30M from server.
Fetching https://www.freeview.co.uk/api/program?sid=4&nid=64403&pid=crid://csi.digitaluk.co.uk/ce929bf2-2732-407f-91da-f80e18a28347&start=2026-09-20T17:45:00+0000&duration=PT1H from server.
Fetching https://www.freeview.co.uk/api/program?sid=4&nid=64403&pid=crid://movida.bebanjo.net/mas/version/78515/002/ASDELIVERED/C&start=2026-09-20T18:45:00+0000&duration=PT1H15M from server.
Fetching https://www.freeview.co.uk/api/program?sid=4&nid=64403&pid=crid://movida.bebanjo.net/mas/version/77383/002/ASDELIVERED/C&start=2026-09-20T20:00:00+0000&duration=PT1H from server.
Fetching https://www.freeview.co.uk/api/program?sid=4&nid=64403&pid=crid://csi.digitaluk.co.uk/78c5b581-c1d3-4ac5-808d-a90b279d07ce&start=2026-09-20T21:00:00+0000&duration=PT1H from server.
Fetching https://www.freeview.co.uk/api/program?sid=4&nid=64403&pid=crid://csi.digitaluk.co.uk/af4c9a2f-c98f-4753-904f-038de2843d9a&start=2026-09-20T22:00:00+0000&duration=PT1H5M from server.
Fetching https://www.freeview.co.uk/api/program?sid=4&nid=64403&pid=crid://csi.digitaluk.co.uk/f52ce23a-45c9-436e-a43d-4aa97b664faa&start=2026-09-20T23:05:00+0000&duration=PT1H40M from server.
## Wanted 8500 
Fetching https://www.freeview.co.uk/api/program?sid=5&nid=64403&pid=crid://panorama.five.tv/versions/C5349600001A&start=2026-09-20T01:00:00+0000&duration=PT1H from server.
Fetching https://www.freeview.co.uk/api/program?sid=5&nid=64403&pid=crid://panorama.five.tv/versions/C5428820006A&start=2026-09-20T02:00:00+0000&duration=PT45M from server.
Fetching https://www.freeview.co.uk/api/program?sid=5&nid=64403&pid=crid://panorama.five.tv/versions/C5527760005A&start=2026-09-20T02:45:00+0000&duration=PT50M from server.
Fetching https://www.freeview.co.uk/api/program?sid=5&nid=64403&pid=crid://panorama.five.tv/versions/C5527760006A&start=2026-09-20T03:35:00+0000&duration=PT45M from server.
Fetching https://www.freeview.co.uk/api/program?sid=5&nid=64403&pid=crid://panorama.five.tv/versions/C5522880039A&start=2026-09-20T04:20:00+0000&duration=PT5M from server.
Fetching https://www.freeview.co.uk/api/program?sid=5&nid=64403&pid=crid://panorama.five.tv/versions/C5475400027B&start=2026-09-20T04:25:00+0000&duration=PT10M from server.
Fetching https://www.freeview.co.uk/api/program?sid=5&nid=64403&pid=crid://panorama.five.tv/versions/C5475400028A&start=2026-09-20T04:35:00+0000&duration=PT15M from server.
Fetching https://www.freeview.co.uk/api/program?sid=5&nid=64403&pid=crid://panorama.five.tv/versions/C5475400029A&start=2026-09-20T04:50:00+0000&duration=PT10M from server.
Fetching https://www.freeview.co.uk/api/program?sid=5&nid=64403&pid=crid://panorama.five.tv/versions/C5115230004C&start=2026-09-20T05:00:00+0000&duration=PT5M from server.
Fetching https://www.freeview.co.uk/api/program?sid=5&nid=64403&pid=crid://panorama.five.tv/versions/C5115230005C&start=2026-09-20T05:05:00+0000&duration=PT5M from server.
Fetching https://www.freeview.co.uk/api/program?sid=5&nid=64403&pid=crid://panorama.five.tv/versions/C5115230006C&start=2026-09-20T05:10:00+0000&duration=PT5M from server.
Fetching https://www.freeview.co.uk/api/program?sid=5&nid=64403&pid=crid://panorama.five.tv/versions/C5416540009A&start=2026-09-20T05:15:00+0000&duration=PT10M from server.
Fetching https://www.freeview.co.uk/api/program?sid=5&nid=64403&pid=crid://panorama.five.tv/versions/C5357220043A&start=2026-09-20T05:25:00+0000&duration=PT10M from server.
Fetching https://www.freeview.co.uk/api/program?sid=5&nid=64403&pid=crid://panorama.five.tv/versions/C5510940003A&start=2026-09-20T05:35:00+0000&duration=PT10M from server.
Fetching https://www.freeview.co.uk/api/program?sid=5&nid=64403&pid=crid://panorama.five.tv/versions/C5463820005A&start=2026-09-20T05:45:00+0000&duration=PT15M from server.
Fetching https://www.freeview.co.uk/api/program?sid=5&nid=64403&pid=crid://panorama.five.tv/versions/C5463540006C&start=2026-09-20T06:00:00+0000&duration=PT5M from server.
Fetching https://www.freeview.co.uk/api/program?sid=5&nid=64403&pid=crid://panorama.five.tv/versions/C5408820018A&start=2026-09-20T06:05:00+0000&duration=PT10M from server.
Fetching https://www.freeview.co.uk/api/program?sid=5&nid=64403&pid=crid://panorama.five.tv/versions/C5408820019A&start=2026-09-20T06:15:00+0000&duration=PT5M from server.
Fetching https://www.freeview.co.uk/api/program?sid=5&nid=64403&pid=crid://panorama.five.tv/versions/C5270620011A&start=2026-09-20T06:20:00+0000&duration=PT5M from server.
Fetching https://www.freeview.co.uk/api/program?sid=5&nid=64403&pid=crid://panorama.five.tv/versions/C5270620012A&start=2026-09-20T06:25:00+0000&duration=PT10M from server.
Fetching https://www.freeview.co.uk/api/program?sid=5&nid=64403&pid=crid://panorama.five.tv/versions/C5446160006A&start=2026-09-20T06:35:00+0000&duration=PT10M from server.
Fetching https://www.freeview.co.uk/api/program?sid=5&nid=64403&pid=crid://panorama.five.tv/versions/C5446160007A&start=2026-09-20T06:45:00+0000&duration=PT15M from server.
Fetching https://www.freeview.co.uk/api/program?sid=5&nid=64403&pid=crid://panorama.five.tv/versions/C5514960004B&start=2026-09-20T07:00:00+0000&duration=PT10M from server.
Fetching https://www.freeview.co.uk/api/program?sid=5&nid=64403&pid=crid://panorama.five.tv/versions/C5528860022A&start=2026-09-20T07:10:00+0000&duration=PT15M from server.
Fetching https://www.freeview.co.uk/api/program?sid=5&nid=64403&pid=crid://panorama.five.tv/versions/C5531680005A&start=2026-09-20T07:25:00+0000&duration=PT10M from server.
Fetching https://www.freeview.co.uk/api/program?sid=5&nid=64403&pid=crid://panorama.five.tv/versions/C5151860006B&start=2026-09-20T07:35:00+0000&duration=PT15M from server.
Fetching https://www.freeview.co.uk/api/program?sid=5&nid=64403&pid=crid://panorama.five.tv/versions/C5521620002A&start=2026-09-20T07:50:00+0000&duration=PT10M from server.
Fetching https://www.freeview.co.uk/api/program?sid=5&nid=64403&pid=crid://panorama.five.tv/versions/C5522900190A&start=2026-09-20T08:00:00+0000&duration=PT5M from server.
Fetching https://www.freeview.co.uk/api/program?sid=5&nid=64403&pid=crid://panorama.five.tv/versions/C5316600001A&start=2026-09-20T08:05:00+0000&duration=PT30M from server.
Fetching https://www.freeview.co.uk/api/program?sid=5&nid=64403&pid=crid://panorama.five.tv/versions/C5434620005B&start=2026-09-20T08:35:00+0000&duration=PT1H from server.
Fetching https://www.freeview.co.uk/api/program?sid=5&nid=64403&pid=crid://panorama.five.tv/versions/C5434620006B&start=2026-09-20T09:35:00+0000&duration=PT55M from server.
Fetching https://www.freeview.co.uk/api/program?sid=5&nid=64403&pid=crid://panorama.five.tv/versions/C5510760003A&start=2026-09-20T10:30:00+0000&duration=PT1H from server.
Fetching https://www.freeview.co.uk/api/program?sid=5&nid=64403&pid=crid://panorama.five.tv/versions/C5407320003A&start=2026-09-20T11:30:00+0000&duration=PT1H from server.
Fetching https://www.freeview.co.uk/api/program?sid=5&nid=64403&pid=crid://panorama.five.tv/versions/C5509520001A&start=2026-09-20T12:30:00+0000&duration=PT1H from server.
Fetching https://www.freeview.co.uk/api/program?sid=5&nid=64403&pid=crid://panorama.five.tv/versions/C5455270001A&start=2026-09-20T13:30:00+0000&duration=PT1H from server.
Fetching https://www.freeview.co.uk/api/program?sid=5&nid=64403&pid=crid://panorama.five.tv/versions/C5455250001B&start=2026-09-20T14:30:00+0000&duration=PT55M from server.
Fetching https://www.freeview.co.uk/api/program?sid=5&nid=64403&pid=crid://panorama.five.tv/versions/C5497720001B&start=2026-09-20T15:25:00+0000&duration=PT2H from server.
Fetching https://www.freeview.co.uk/api/program?sid=5&nid=64403&pid=crid://panorama.five.tv/versions/C5524420076A&start=2026-09-20T17:25:00+0000&duration=PT5M from server.
Fetching https://www.freeview.co.uk/api/program?sid=5&nid=64403&pid=crid://panorama.five.tv/versions/C5452980001A&start=2026-09-20T17:30:00+0000&duration=PT1H30M from server.
Fetching https://www.freeview.co.uk/api/program?sid=5&nid=64403&pid=crid://panorama.five.tv/versions/C5516700002A&start=2026-09-20T19:00:00+0000&duration=PT1H from server.
Fetching https://www.freeview.co.uk/api/program?sid=5&nid=64403&pid=crid://panorama.five.tv/versions/C5540620002A&start=2026-09-20T20:00:00+0000&duration=PT3H30M from server.
Fetching https://www.freeview.co.uk/api/program?sid=5&nid=64403&pid=crid://panorama.five.tv/versions/C5526200002A&start=2026-09-20T23:30:00+0000&duration=PT25M from server.
Fetching https://www.freeview.co.uk/api/program?sid=5&nid=64403&pid=crid://panorama.five.tv/versions/C5522900190A&start=2026-09-20T23:55:00+0000&duration=PT5M from server.
### Wanted 28000 
Fetching https://www.freeview.co.uk/api/program?sid=12&nid=64403&pid=crid://csi.digitaluk.co.uk/bc14bb18-cc2d-40b7-bb69-40a9f1418596&start=2026-09-20T00:00:00+0000&duration=PT1H from server.
Fetching https://www.freeview.co.uk/api/program?sid=12&nid=64403&pid=crid://csi.digitaluk.co.uk/13bcc9fa-9444-4783-9454-0856115ff8b6&start=2026-09-20T01:00:00+0000&duration=PT1H from server.
Fetching https://www.freeview.co.uk/api/program?sid=12&nid=64403&pid=crid://csi.digitaluk.co.uk/39484bc9-20f2-48d9-ade5-1dac2ba5fc3b&start=2026-09-20T02:00:00+0000&duration=PT2H from server.
Fetching https://www.freeview.co.uk/api/program?sid=12&nid=64403&pid=crid://csi.digitaluk.co.uk/ce3b5c2f-2423-42ae-b561-f68a661240ac&start=2026-09-20T04:00:00+0000&duration=PT1H from server.
Fetching https://www.freeview.co.uk/api/program?sid=12&nid=64403&pid=crid://csi.digitaluk.co.uk/6b63433b-a572-4faf-b195-78eebb238995&start=2026-09-20T05:00:00+0000&duration=PT30M from server.
Fetching https://www.freeview.co.uk/api/program?sid=12&nid=64403&pid=crid://csi.digitaluk.co.uk/d1cb1e6f-fb04-4138-bb92-4e1ca2ee657a&start=2026-09-20T05:30:00+0000&duration=PT30M from server.
Fetching https://www.freeview.co.uk/api/program?sid=12&nid=64403&pid=crid://csi.digitaluk.co.uk/cfac9a3d-c14e-467f-8548-5be398c531b3&start=2026-09-20T06:00:00+0000&duration=PT30M from server.
Fetching https://www.freeview.co.uk/api/program?sid=12&nid=64403&pid=crid://csi.digitaluk.co.uk/472de0f7-aa06-4321-adc8-c701b8038a3c&start=2026-09-20T06:30:00+0000&duration=PT30M from server.
Fetching https://www.freeview.co.uk/api/program?sid=12&nid=64403&pid=crid://csi.digitaluk.co.uk/394fd643-528d-42e8-b78d-5e7ccf466e39&start=2026-09-20T07:00:00+0000&duration=PT30M from server.
Fetching https://www.freeview.co.uk/api/program?sid=12&nid=64403&pid=crid://csi.digitaluk.co.uk/dab8163f-3c6d-496b-b684-2416940fe1c8&start=2026-09-20T07:30:00+0000&duration=PT30M from server.
Fetching https://www.freeview.co.uk/api/program?sid=12&nid=64403&pid=crid://csi.digitaluk.co.uk/e4861ff7-bb1a-4a5b-b9e7-8bdad766a57f&start=2026-09-20T08:00:00+0000&duration=PT30M from server.
Fetching https://www.freeview.co.uk/api/program?sid=12&nid=64403&pid=crid://csi.digitaluk.co.uk/109eb454-e9cb-4cd0-b1bb-58a651412585&start=2026-09-20T08:30:00+0000&duration=PT30M from server.
Fetching https://www.freeview.co.uk/api/program?sid=12&nid=64403&pid=crid://csi.digitaluk.co.uk/421b2ec2-298a-45e2-9d88-a309a3e8f853&start=2026-09-20T09:00:00+0000&duration=PT30M from server.
Fetching https://www.freeview.co.uk/api/program?sid=12&nid=64403&pid=crid://csi.digitaluk.co.uk/78abfbe0-9bc3-4faa-814a-d9be59b4dc28&start=2026-09-20T09:30:00+0000&duration=PT30M from server.
Fetching https://www.freeview.co.uk/api/program?sid=12&nid=64403&pid=crid://csi.digitaluk.co.uk/7fcdea16-6cd0-43ab-83e6-897021675a31&start=2026-09-20T10:00:00+0000&duration=PT30M from server.
Fetching https://www.freeview.co.uk/api/program?sid=12&nid=64403&pid=crid://csi.digitaluk.co.uk/90dbb43a-b9a8-4c6b-be26-3cd36d405185&start=2026-09-20T10:30:00+0000&duration=PT30M from server.
Fetching https://www.freeview.co.uk/api/program?sid=12&nid=64403&pid=crid://csi.digitaluk.co.uk/5a2e2a5c-26e8-4fe0-b0b6-8db54f78be5e&start=2026-09-20T11:00:00+0000&duration=PT30M from server.
Fetching https://www.freeview.co.uk/api/program?sid=12&nid=64403&pid=crid://csi.digitaluk.co.uk/783e148d-ed75-4791-bf8c-46340c22c515&start=2026-09-20T11:30:00+0000&duration=PT30M from server.
Fetching https://www.freeview.co.uk/api/program?sid=12&nid=64403&pid=crid://csi.digitaluk.co.uk/59bd1253-4422-4710-85fb-b28fe9f4a4e7&start=2026-09-20T12:00:00+0000&duration=PT30M from server.
Fetching https://www.freeview.co.uk/api/program?sid=12&nid=64403&pid=crid://csi.digitaluk.co.uk/7d59ce9d-19d7-40ee-94e7-2a80b2f7eb29&start=2026-09-20T12:30:00+0000&duration=PT30M from server.
Fetching https://www.freeview.co.uk/api/program?sid=12&nid=64403&pid=crid://csi.digitaluk.co.uk/192fc77f-51b4-476d-8e91-0852aa7d4f9f&start=2026-09-20T13:00:00+0000&duration=PT30M from server.
Fetching https://www.freeview.co.uk/api/program?sid=12&nid=64403&pid=crid://csi.digitaluk.co.uk/bb890e9a-115e-43e4-beb5-5c3e1deef855&start=2026-09-20T13:30:00+0000&duration=PT30M from server.
Fetching https://www.freeview.co.uk/api/program?sid=12&nid=64403&pid=crid://csi.digitaluk.co.uk/88fc0158-2a87-4c9a-8bda-bc72f85a6173&start=2026-09-20T14:00:00+0000&duration=PT30M from server.
Fetching https://www.freeview.co.uk/api/program?sid=12&nid=64403&pid=crid://csi.digitaluk.co.uk/1cf3779d-bf7a-43c6-9f1e-34741ab1cd27&start=2026-09-20T14:30:00+0000&duration=PT30M from server.
Fetching https://www.freeview.co.uk/api/program?sid=12&nid=64403&pid=crid://csi.digitaluk.co.uk/20999ee3-59cc-42bd-ba7d-3baafe1e6ec7&start=2026-09-20T15:00:00+0000&duration=PT30M from server.
Fetching https://www.freeview.co.uk/api/program?sid=12&nid=64403&pid=crid://csi.digitaluk.co.uk/c161f8ff-9de9-4bee-8303-fbc547e0d3a5&start=2026-09-20T15:30:00+0000&duration=PT30M from server.
Fetching https://www.freeview.co.uk/api/program?sid=12&nid=64403&pid=crid://csi.digitaluk.co.uk/366cdcd4-c03f-48dd-92f7-7ea2109c998b&start=2026-09-20T16:00:00+0000&duration=PT30M from server.
Fetching https://www.freeview.co.uk/api/program?sid=12&nid=64403&pid=crid://csi.digitaluk.co.uk/e02a3dc7-2f12-4ef9-bba3-eebb3bedf2ce&start=2026-09-20T16:30:00+0000&duration=PT30M from server.
Fetching https://www.freeview.co.uk/api/program?sid=12&nid=64403&pid=crid://csi.digitaluk.co.uk/25a61fff-cc03-4133-9c18-66bf16e883dc&start=2026-09-20T17:00:00+0000&duration=PT30M from server.
Fetching https://www.freeview.co.uk/api/program?sid=12&nid=64403&pid=crid://csi.digitaluk.co.uk/0480f5c9-2dec-498e-a9a5-78e896a4c029&start=2026-09-20T17:30:00+0000&duration=PT30M from server.
Fetching https://www.freeview.co.uk/api/program?sid=12&nid=64403&pid=crid://csi.digitaluk.co.uk/0dca49f1-02d1-437f-b34b-92aef5b46b3e&start=2026-09-20T18:00:00+0000&duration=PT30M from server.
Fetching https://www.freeview.co.uk/api/program?sid=12&nid=64403&pid=crid://csi.digitaluk.co.uk/603d25f6-864a-42c7-a955-f692f2a26855&start=2026-09-20T18:30:00+0000&duration=PT30M from server.
Fetching https://www.freeview.co.uk/api/program?sid=12&nid=64403&pid=crid://csi.digitaluk.co.uk/1d20fb81-a40a-4c5f-864d-ed47d8681aaf&start=2026-09-20T19:00:00+0000&duration=PT30M from server.
Fetching https://www.freeview.co.uk/api/program?sid=12&nid=64403&pid=crid://csi.digitaluk.co.uk/75f1116b-47a3-48df-ad3e-6ae5bb7b1aa5&start=2026-09-20T19:30:00+0000&duration=PT30M from server.
Fetching https://www.freeview.co.uk/api/program?sid=12&nid=64403&pid=crid://csi.digitaluk.co.uk/4bc8a5e5-1ddc-4447-8163-a40d75c428d7&start=2026-09-20T20:00:00+0000&duration=PT1H from server.
Fetching https://www.freeview.co.uk/api/program?sid=12&nid=64403&pid=crid://csi.digitaluk.co.uk/c5aaca18-a4fd-406f-892b-0c9a6bc9c16c&start=2026-09-20T21:00:00+0000&duration=PT1H from server.
Fetching https://www.freeview.co.uk/api/program?sid=12&nid=64403&pid=crid://csi.digitaluk.co.uk/32488755-50d9-422e-9d49-45d51f2d483d&start=2026-09-20T22:00:00+0000&duration=PT1H from server.
Fetching https://www.freeview.co.uk/api/program?sid=12&nid=64403&pid=crid://csi.digitaluk.co.uk/6bd70dc2-d3db-4762-b98e-0d4e932073dd&start=2026-09-20T23:00:00+0000&duration=PT30M from server.
Fetching https://www.freeview.co.uk/api/program?sid=12&nid=64403&pid=crid://csi.digitaluk.co.uk/b1bbd89c-e1f7-43a6-9f53-3f16c3bb823d&start=2026-09-20T23:30:00+0000&duration=PT1H from server.
## Wanted 8448 
Fetching https://www.freeview.co.uk/api/program?sid=13&nid=64403&pid=crid://csi.digitaluk.co.uk/ef5f88d3-374e-48bb-bcef-5ce6b108150a&start=2026-09-20T00:10:00+0000&duration=PT1H5M from server.
Fetching https://www.freeview.co.uk/api/program?sid=13&nid=64403&pid=crid://csi.digitaluk.co.uk/0347eb9f-79dd-4dc8-841b-4326999c2a60&start=2026-09-20T01:15:00+0000&duration=PT55M from server.
Fetching https://www.freeview.co.uk/api/program?sid=13&nid=64403&pid=crid://csi.digitaluk.co.uk/b0d146fb-8a25-496d-9d7c-4c4612992aaa&start=2026-09-20T02:10:00+0000&duration=PT55M from server.
Fetching https://www.freeview.co.uk/api/program?sid=13&nid=64403&pid=crid://csi.digitaluk.co.uk/8448eaab-b08a-4795-94f6-77369479bb46&start=2026-09-20T03:05:00+0000&duration=PT25M from server.
Fetching https://www.freeview.co.uk/api/program?sid=13&nid=64403&pid=crid://csi.digitaluk.co.uk/4b4af0cb-ebc6-402c-8649-235529292965&start=2026-09-20T03:30:00+0000&duration=PT25M from server.
Fetching https://www.freeview.co.uk/api/program?sid=13&nid=64403&pid=crid://csi.digitaluk.co.uk/1b2e1014-d649-42c9-abf3-67b4f1770f21&start=2026-09-20T03:55:00+0000&duration=PT1H5M from server.
Fetching https://www.freeview.co.uk/api/program?sid=13&nid=64403&pid=crid://csi.digitaluk.co.uk/9a6bc37a-cda4-4517-8ff4-01a3ce7be031&start=2026-09-20T05:00:00+0000&duration=PT1H15M from server.
Fetching https://www.freeview.co.uk/api/program?sid=13&nid=64403&pid=crid://csi.digitaluk.co.uk/1119862b-9c42-41ab-9e24-83b8749f9b47&start=2026-09-20T06:15:00+0000&duration=PT30M from server.
Fetching https://www.freeview.co.uk/api/program?sid=13&nid=64403&pid=crid://csi.digitaluk.co.uk/70c0b5ee-0c5b-4662-a4d7-21128901b04a&start=2026-09-20T06:45:00+0000&duration=PT1H35M from server.
Fetching https://www.freeview.co.uk/api/program?sid=13&nid=64403&pid=crid://csi.digitaluk.co.uk/c1c7dfd3-813e-488b-b3cc-2e5574121b78&start=2026-09-20T08:20:00+0000&duration=PT1H45M from server.
Fetching https://www.freeview.co.uk/api/program?sid=13&nid=64403&pid=crid://csi.digitaluk.co.uk/ee920214-9664-4bc6-85f7-10fef444ffaf&start=2026-09-20T10:05:00+0000&duration=PT1H from server.
Fetching https://www.freeview.co.uk/api/program?sid=13&nid=64403&pid=crid://csi.digitaluk.co.uk/cbaecebe-0868-4299-bfa7-dd7069c78e91&start=2026-09-20T11:05:00+0000&duration=PT1H from server.
Fetching https://www.freeview.co.uk/api/program?sid=13&nid=64403&pid=crid://csi.digitaluk.co.uk/4b3305bc-dbf7-404a-8c65-291f5fe569ab&start=2026-09-20T12:05:00+0000&duration=PT30M from server.
Fetching https://www.freeview.co.uk/api/program?sid=13&nid=64403&pid=crid://csi.digitaluk.co.uk/4264cbeb-7d12-40c9-8f6b-3c26815d0c4e&start=2026-09-20T12:35:00+0000&duration=PT30M from server.
Fetching https://www.freeview.co.uk/api/program?sid=13&nid=64403&pid=crid://csi.digitaluk.co.uk/d4aad8e4-5204-4ecf-846c-9de9a94d1d0c&start=2026-09-20T13:05:00+0000&duration=PT30M from server.
Fetching https://www.freeview.co.uk/api/program?sid=13&nid=64403&pid=crid://csi.digitaluk.co.uk/60857aa6-23b8-4176-8b5a-503b19d15a3e&start=2026-09-20T13:35:00+0000&duration=PT30M from server.
Fetching https://www.freeview.co.uk/api/program?sid=13&nid=64403&pid=crid://csi.digitaluk.co.uk/d6c4a934-1d8a-4afb-a62b-4f7ee99030db&start=2026-09-20T14:05:00+0000&duration=PT30M from server.
Fetching https://www.freeview.co.uk/api/program?sid=13&nid=64403&pid=crid://csi.digitaluk.co.uk/af5aff1d-1ecd-4b58-8a0c-457b8845fddc&start=2026-09-20T14:35:00+0000&duration=PT30M from server.
Fetching https://www.freeview.co.uk/api/program?sid=13&nid=64403&pid=crid://csi.digitaluk.co.uk/851d805d-422d-4f67-b071-114598f42989&start=2026-09-20T15:05:00+0000&duration=PT30M from server.
Fetching https://www.freeview.co.uk/api/program?sid=13&nid=64403&pid=crid://csi.digitaluk.co.uk/3c0416c4-4182-48f5-9ca4-b50daed1158b&start=2026-09-20T15:35:00+0000&duration=PT25M from server.
Fetching https://www.freeview.co.uk/api/program?sid=13&nid=64403&pid=crid://csi.digitaluk.co.uk/51b21399-9113-4dc8-8c7c-9a00655ee235&start=2026-09-20T16:00:00+0000&duration=PT1H20M from server.
Fetching https://www.freeview.co.uk/api/program?sid=13&nid=64403&pid=crid://csi.digitaluk.co.uk/817109dc-4169-4191-8a47-c5abd1d7519d&start=2026-09-20T17:20:00+0000&duration=PT1H40M from server.
Fetching https://www.freeview.co.uk/api/program?sid=13&nid=64403&pid=crid://movida.bebanjo.net/mas/version/80668/004/POSTWATERSHED2100/C&start=2026-09-20T19:00:00+0000&duration=PT1H from server.
Fetching https://www.freeview.co.uk/api/program?sid=13&nid=64403&pid=crid://csi.digitaluk.co.uk/83b22899-50ba-41d6-92a6-22ac4ae1a744&start=2026-09-20T20:00:00+0000&duration=PT2H50M from server.
Fetching https://www.freeview.co.uk/api/program?sid=13&nid=64403&pid=crid://csi.digitaluk.co.uk/fd3487fe-e2a2-4acf-9c1b-6aa7529983dd&start=2026-09-20T22:50:00+0000&duration=PT1H from server.
Fetching https://www.freeview.co.uk/api/program?sid=13&nid=64403&pid=crid://csi.digitaluk.co.uk/cb763c46-c1e4-4e2b-840b-016db18805c8&start=2026-09-20T23:50:00+0000&duration=PT1H5M from server.
### Wanted 8385 
Fetching https://www.freeview.co.uk/api/program?sid=14&nid=64403&pid=crid://csi.digitaluk.co.uk/759452e3-d388-47d5-a691-8cd5b6871a3c&start=2026-09-20T01:05:00+0000&duration=PT1H35M from server.
Fetching https://www.freeview.co.uk/api/program?sid=14&nid=64403&pid=crid://csi.digitaluk.co.uk/2bcf5575-bf58-4fb1-88a2-9ed40abf6c20&start=2026-09-20T02:40:00+0000&duration=PT3H20M from server.
Fetching https://www.freeview.co.uk/api/program?sid=14&nid=64403&pid=crid://csi.digitaluk.co.uk/26830f4c-ac01-4835-8132-5add79ca90fe&start=2026-09-20T06:00:00+0000&duration=PT4H from server.
Fetching https://www.freeview.co.uk/api/program?sid=14&nid=64403&pid=crid://csi.digitaluk.co.uk/b6947056-c78d-4277-9e82-0108e5ff4088&start=2026-09-20T10:00:00+0000&duration=PT1H35M from server.
Fetching https://www.freeview.co.uk/api/program?sid=14&nid=64403&pid=crid://csi.digitaluk.co.uk/b64692db-9c78-4851-9ef1-fb37fabb2ad0&start=2026-09-20T11:35:00+0000&duration=PT10M from server.
Fetching https://www.freeview.co.uk/api/program?sid=14&nid=64403&pid=crid://csi.digitaluk.co.uk/cc3f4865-d8c1-4c41-bb9b-6df3e0a23486&start=2026-09-20T11:45:00+0000&duration=PT2H15M from server.
Fetching https://www.freeview.co.uk/api/program?sid=14&nid=64403&pid=crid://csi.digitaluk.co.uk/159d33ea-0943-4e51-b94e-07e86891a5f4&start=2026-09-20T14:00:00+0000&duration=PT2H55M from server.
Fetching https://www.freeview.co.uk/api/program?sid=14&nid=64403&pid=crid://csi.digitaluk.co.uk/f6777020-6925-4bfa-959e-b01fb8ef7f67&start=2026-09-20T16:55:00+0000&duration=PT5M from server.
Fetching https://www.freeview.co.uk/api/program?sid=14&nid=64403&pid=crid://csi.digitaluk.co.uk/9c2ecc5c-7af4-486a-9ad8-3ce13501095f&start=2026-09-20T17:00:00+0000&duration=PT3H from server.
Fetching https://www.freeview.co.uk/api/program?sid=14&nid=64403&pid=crid://csi.digitaluk.co.uk/f903d51e-bc4b-4d5f-b57c-65207bc294dc&start=2026-09-20T20:00:00+0000&duration=PT2H25M from server.
Fetching https://www.freeview.co.uk/api/program?sid=14&nid=64403&pid=crid://csi.digitaluk.co.uk/b498118d-511c-496a-b5bb-3b241b0afd39&start=2026-09-20T22:25:00+0000&duration=PT2H5M from server.
## Wanted 27328 
Fetching https://www.freeview.co.uk/api/program?sid=17&nid=64403&pid=crid://csi.digitaluk.co.uk/938aaa58-f82c-4516-bc0d-444a67a840d7&start=2026-09-20T00:00:00+0000&duration=PT1H from server.
Fetching https://www.freeview.co.uk/api/program?sid=17&nid=64403&pid=crid://csi.digitaluk.co.uk/66433b53-e96c-419e-b522-a8be7861c5e1&start=2026-09-20T01:00:00+0000&duration=PT1H from server.
Fetching https://www.freeview.co.uk/api/program?sid=17&nid=64403&pid=crid://csi.digitaluk.co.uk/f12539ad-524d-465d-8e7a-b7f8db6e3821&start=2026-09-20T02:00:00+0000&duration=PT1H from server.
Fetching https://www.freeview.co.uk/api/program?sid=17&nid=64403&pid=crid://csi.digitaluk.co.uk/a0e41172-6338-4136-9509-5db4f901e291&start=2026-09-20T03:00:00+0000&duration=PT30M from server.
Fetching https://www.freeview.co.uk/api/program?sid=17&nid=64403&pid=crid://csi.digitaluk.co.uk/c6951599-d420-4c21-bc8e-1d63e4a9fc7c&start=2026-09-20T03:30:00+0000&duration=PT30M from server.
Fetching https://www.freeview.co.uk/api/program?sid=17&nid=64403&pid=crid://csi.digitaluk.co.uk/63d30435-0239-42ae-b2d5-4178fe4c9480&start=2026-09-20T04:00:00+0000&duration=PT30M from server.
Fetching https://www.freeview.co.uk/api/program?sid=17&nid=64403&pid=crid://csi.digitaluk.co.uk/536fff53-bda4-4acc-b94e-ae8a7afff416&start=2026-09-20T04:30:00+0000&duration=PT30M from server.
Fetching https://www.freeview.co.uk/api/program?sid=17&nid=64403&pid=crid://csi.digitaluk.co.uk/fafeac84-b30b-40d4-b212-da88d2a9d4b0&start=2026-09-20T05:00:00+0000&duration=PT30M from server.
Fetching https://www.freeview.co.uk/api/program?sid=17&nid=64403&pid=crid://csi.digitaluk.co.uk/c938d3b2-f1c9-48e8-a30e-7659ada91851&start=2026-09-20T05:30:00+0000&duration=PT1H from server.
Fetching https://www.freeview.co.uk/api/program?sid=17&nid=64403&pid=crid://csi.digitaluk.co.uk/f52597a0-bc0f-4068-8f2c-d0ea85781a68&start=2026-09-20T06:30:00+0000&duration=PT1H from server.
Fetching https://www.freeview.co.uk/api/program?sid=17&nid=64403&pid=crid://csi.digitaluk.co.uk/ec635829-ed6a-4a14-89f9-255946f44388&start=2026-09-20T07:30:00+0000&duration=PT1H from server.
Fetching https://www.freeview.co.uk/api/program?sid=17&nid=64403&pid=crid://csi.digitaluk.co.uk/a733f03f-59d9-423d-99cd-e317619f9240&start=2026-09-20T08:30:00+0000&duration=PT1H from server.
Fetching https://www.freeview.co.uk/api/program?sid=17&nid=64403&pid=crid://csi.digitaluk.co.uk/1170e58c-a0ee-4b14-8a4b-3902943b0fa6&start=2026-09-20T09:30:00+0000&duration=PT1H from server.
Fetching https://www.freeview.co.uk/api/program?sid=17&nid=64403&pid=crid://csi.digitaluk.co.uk/29e2d79f-6b13-4546-a105-5d925db49734&start=2026-09-20T10:30:00+0000&duration=PT5H from server.
Fetching https://www.freeview.co.uk/api/program?sid=17&nid=64403&pid=crid://csi.digitaluk.co.uk/62445381-1edb-4353-9615-e84f03dc32e4&start=2026-09-20T15:30:00+0000&duration=PT30M from server.
Fetching https://www.freeview.co.uk/api/program?sid=17&nid=64403&pid=crid://csi.digitaluk.co.uk/ab48e6a9-aca0-4ff3-b6db-6ea7b34973ce&start=2026-09-20T16:00:00+0000&duration=PT1H from server.
Fetching https://www.freeview.co.uk/api/program?sid=17&nid=64403&pid=crid://csi.digitaluk.co.uk/1d5f36db-55bf-467b-bc1a-b4ad4036c4bc&start=2026-09-20T17:00:00+0000&duration=PT1H from server.
Fetching https://www.freeview.co.uk/api/program?sid=17&nid=64403&pid=crid://csi.digitaluk.co.uk/3b6f5cbd-fa73-4320-a0e5-d1b20d32a137&start=2026-09-20T18:00:00+0000&duration=PT1H from server.
Fetching https://www.freeview.co.uk/api/program?sid=17&nid=64403&pid=crid://csi.digitaluk.co.uk/b6c03d2c-f2e9-4ce0-9f09-706a323ec47d&start=2026-09-20T19:00:00+0000&duration=PT1H from server.
Fetching https://www.freeview.co.uk/api/program?sid=17&nid=64403&pid=crid://csi.digitaluk.co.uk/fa2f9d23-c432-4e94-a75d-975f1e4576d1&start=2026-09-20T20:00:00+0000&duration=PT1H from server.
Fetching https://www.freeview.co.uk/api/program?sid=17&nid=64403&pid=crid://csi.digitaluk.co.uk/95e5799f-c104-4e84-9e83-e9372f4933c1&start=2026-09-20T21:00:00+0000&duration=PT1H from server.
Fetching https://www.freeview.co.uk/api/program?sid=17&nid=64403&pid=crid://csi.digitaluk.co.uk/f1e89ae4-2cc4-4848-8f69-42b045dc4303&start=2026-09-20T22:00:00+0000&duration=PT1H from server.
Fetching https://www.freeview.co.uk/api/program?sid=17&nid=64403&pid=crid://csi.digitaluk.co.uk/d9ae3474-e311-49c4-ad58-35d81dfc9198&start=2026-09-20T23:00:00+0000&duration=PT1H from server.
### Wanted 8442 
Fetching https://www.freeview.co.uk/api/program?sid=18&nid=64403&pid=crid://csi.digitaluk.co.uk/01d9c8e6-3f9d-4a5f-9a54-efe3cbc0dbe3&start=2026-09-20T00:15:00+0000&duration=PT1H from server.
Fetching https://www.freeview.co.uk/api/program?sid=18&nid=64403&pid=crid://csi.digitaluk.co.uk/5ae0e376-422a-48b5-b57d-f81d4fbbd229&start=2026-09-20T01:15:00+0000&duration=PT1H5M from server.
Fetching https://www.freeview.co.uk/api/program?sid=18&nid=64403&pid=crid://csi.digitaluk.co.uk/9cfa6129-7621-4239-a545-c47d12b7af57&start=2026-09-20T02:20:00+0000&duration=PT30M from server.
Fetching https://www.freeview.co.uk/api/program?sid=18&nid=64403&pid=crid://csi.digitaluk.co.uk/d223d906-3fb3-42ce-9025-04b24e5575ae&start=2026-09-20T02:50:00+0000&duration=PT3H10M from server.
Fetching https://www.freeview.co.uk/api/program?sid=18&nid=64403&pid=crid://csi.digitaluk.co.uk/95168c1f-3e09-473f-aee6-bd660bd91508&start=2026-09-20T06:00:00+0000&duration=PT1H55M from server.
Fetching https://www.freeview.co.uk/api/program?sid=18&nid=64403&pid=crid://csi.digitaluk.co.uk/20825470-3e36-4be2-a497-fca59ba5538a&start=2026-09-20T07:55:00+0000&duration=PT1H5M from server.
Fetching https://www.freeview.co.uk/api/program?sid=18&nid=64403&pid=crid://csi.digitaluk.co.uk/500003dc-b38f-41cb-9558-935501af396e&start=2026-09-20T09:00:00+0000&duration=PT1H from server.
Fetching https://www.freeview.co.uk/api/program?sid=18&nid=64403&pid=crid://csi.digitaluk.co.uk/34e3b23a-d231-47b5-b42b-670c2def1061&start=2026-09-20T10:00:00+0000&duration=PT1H from server.
Fetching https://www.freeview.co.uk/api/program?sid=18&nid=64403&pid=crid://csi.digitaluk.co.uk/c1df677d-c705-4bc5-9b0f-443f3ce059f0&start=2026-09-20T11:00:00+0000&duration=PT1H from server.
Fetching https://www.freeview.co.uk/api/program?sid=18&nid=64403&pid=crid://csi.digitaluk.co.uk/c30e96b6-29c1-4cd3-8afb-78caa7b11c31&start=2026-09-20T12:00:00+0000&duration=PT1H from server.
Fetching https://www.freeview.co.uk/api/program?sid=18&nid=64403&pid=crid://csi.digitaluk.co.uk/f7e8ee1d-ce8b-4edf-89fc-f6e5ff086d0c&start=2026-09-20T13:00:00+0000&duration=PT1H from server.
Fetching https://www.freeview.co.uk/api/program?sid=18&nid=64403&pid=crid://csi.digitaluk.co.uk/27229b87-1360-4aa7-b5c8-a42e4714ef6f&start=2026-09-20T14:00:00+0000&duration=PT50M from server.
Fetching https://www.freeview.co.uk/api/program?sid=18&nid=64403&pid=crid://csi.digitaluk.co.uk/325f2f7d-4a57-4adf-a2bd-a92d51cdd907&start=2026-09-20T14:50:00+0000&duration=PT30M from server.
Fetching https://www.freeview.co.uk/api/program?sid=18&nid=64403&pid=crid://csi.digitaluk.co.uk/8be6dc31-82e7-4a26-b8cd-976b6dfe4209&start=2026-09-20T15:20:00+0000&duration=PT30M from server.
Fetching https://www.freeview.co.uk/api/program?sid=18&nid=64403&pid=crid://csi.digitaluk.co.uk/3d1fb3f7-b0cf-47dc-bcb5-ff47f486dad5&start=2026-09-20T15:50:00+0000&duration=PT30M from server.
Fetching https://www.freeview.co.uk/api/program?sid=18&nid=64403&pid=crid://csi.digitaluk.co.uk/1136812f-e5ea-436f-b3c8-5ff6ed8bb805&start=2026-09-20T16:20:00+0000&duration=PT30M from server.
Fetching https://www.freeview.co.uk/api/program?sid=18&nid=64403&pid=crid://csi.digitaluk.co.uk/215521f9-e168-4be3-9b48-a8c4a24ef92d&start=2026-09-20T16:50:00+0000&duration=PT30M from server.
Fetching https://www.freeview.co.uk/api/program?sid=18&nid=64403&pid=crid://csi.digitaluk.co.uk/76626f04-930c-414e-9b67-b511b701ea92&start=2026-09-20T17:20:00+0000&duration=PT35M from server.
Fetching https://www.freeview.co.uk/api/program?sid=18&nid=64403&pid=crid://csi.digitaluk.co.uk/d5fca9e0-aca8-4642-a910-95f58a45e91a&start=2026-09-20T17:55:00+0000&duration=PT30M from server.
Fetching https://www.freeview.co.uk/api/program?sid=18&nid=64403&pid=crid://csi.digitaluk.co.uk/4e111d5a-b9f4-4116-b95c-5882fb9e8db5&start=2026-09-20T18:25:00+0000&duration=PT30M from server.
Fetching https://www.freeview.co.uk/api/program?sid=18&nid=64403&pid=crid://csi.digitaluk.co.uk/208bc1a2-518f-4b2b-b9b1-39c9599143ae&start=2026-09-20T18:55:00+0000&duration=PT35M from server.
Fetching https://www.freeview.co.uk/api/program?sid=18&nid=64403&pid=crid://csi.digitaluk.co.uk/a9c038df-3fd1-4d8a-a249-79f057678559&start=2026-09-20T19:30:00+0000&duration=PT30M from server.
Fetching https://www.freeview.co.uk/api/program?sid=18&nid=64403&pid=crid://csi.digitaluk.co.uk/4b95ae70-416a-4654-b559-96c17f99b86d&start=2026-09-20T20:00:00+0000&duration=PT1H from server.
Fetching https://www.freeview.co.uk/api/program?sid=18&nid=64403&pid=crid://csi.digitaluk.co.uk/d3c305c2-7c7c-4561-87eb-1200c4296479&start=2026-09-20T21:00:00+0000&duration=PT1H from server.
Fetching https://www.freeview.co.uk/api/program?sid=18&nid=64403&pid=crid://csi.digitaluk.co.uk/dfb12cd9-c0c2-49f2-a754-38a4d84dc9f2&start=2026-09-20T22:00:00+0000&duration=PT1H from server.
Fetching https://www.freeview.co.uk/api/program?sid=18&nid=64403&pid=crid://csi.digitaluk.co.uk/900f8512-6b9f-483b-9818-bf3206de5ca5&start=2026-09-20T23:00:00+0000&duration=PT1H5M from server.
## Wanted 12992 
Fetching https://www.freeview.co.uk/api/program?sid=21&nid=64403&pid=crid://panorama.five.tv/versions/C5396820002A&start=2026-09-20T00:00:00+0000&duration=PT55M from server.
Fetching https://www.freeview.co.uk/api/program?sid=21&nid=64403&pid=crid://panorama.five.tv/versions/C5539240021A&start=2026-09-20T00:55:00+0000&duration=PT1H from server.
Fetching https://www.freeview.co.uk/api/program?sid=21&nid=64403&pid=crid://panorama.five.tv/versions/C5539240022A&start=2026-09-20T01:55:00+0000&duration=PT55M from server.
Fetching https://www.freeview.co.uk/api/program?sid=21&nid=64403&pid=crid://panorama.five.tv/versions/C5522700039A&start=2026-09-20T02:50:00+0000&duration=PT10M from server.
Fetching https://www.freeview.co.uk/api/program?sid=21&nid=64403&pid=crid://panorama.five.tv/versions/C5266540001A&start=2026-09-20T03:00:00+0000&duration=PT2H from server.
Fetching https://www.freeview.co.uk/api/program?sid=21&nid=64403&pid=crid://panorama.five.tv/versions/C5474060001A&start=2026-09-20T05:00:00+0000&duration=PT3H from server.
Fetching https://www.freeview.co.uk/api/program?sid=21&nid=64403&pid=crid://panorama.five.tv/versions/C5522700039A&start=2026-09-20T08:00:00+0000&duration=PT10M from server.
Fetching https://www.freeview.co.uk/api/program?sid=21&nid=64403&pid=crid://panorama.five.tv/versions/C5526200027A&start=2026-09-20T08:10:00+0000&duration=PT25M from server.
Fetching https://www.freeview.co.uk/api/program?sid=21&nid=64403&pid=crid://panorama.five.tv/versions/C5479940022A&start=2026-09-20T08:35:00+0000&duration=PT50M from server.
Fetching https://www.freeview.co.uk/api/program?sid=21&nid=64403&pid=crid://panorama.five.tv/versions/C5479960001A&start=2026-09-20T09:25:00+0000&duration=PT55M from server.
Fetching https://www.freeview.co.uk/api/program?sid=21&nid=64403&pid=crid://panorama.five.tv/versions/C5479960002A&start=2026-09-20T10:20:00+0000&duration=PT55M from server.
Fetching https://www.freeview.co.uk/api/program?sid=21&nid=64403&pid=crid://panorama.five.tv/versions/C5479960003A&start=2026-09-20T11:15:00+0000&duration=PT1H from server.
Fetching https://www.freeview.co.uk/api/program?sid=21&nid=64403&pid=crid://panorama.five.tv/versions/C5479960004A&start=2026-09-20T12:15:00+0000&duration=PT55M from server.
Fetching https://www.freeview.co.uk/api/program?sid=21&nid=64403&pid=crid://panorama.five.tv/versions/C5084330001B&start=2026-09-20T13:10:00+0000&duration=PT1H35M from server.
Fetching https://www.freeview.co.uk/api/program?sid=21&nid=64403&pid=crid://panorama.five.tv/versions/C5084270001B&start=2026-09-20T14:45:00+0000&duration=PT1H30M from server.
Fetching https://www.freeview.co.uk/api/program?sid=21&nid=64403&pid=crid://panorama.five.tv/versions/C5084430001D&start=2026-09-20T16:15:00+0000&duration=PT1H30M from server.
Fetching https://www.freeview.co.uk/api/program?sid=21&nid=64403&pid=crid://panorama.five.tv/versions/C5084350001B&start=2026-09-20T17:45:00+0000&duration=PT1H35M from server.
Fetching https://www.freeview.co.uk/api/program?sid=21&nid=64403&pid=crid://panorama.five.tv/versions/C5084390001C&start=2026-09-20T19:20:00+0000&duration=PT1H40M from server.
Fetching https://www.freeview.co.uk/api/program?sid=21&nid=64403&pid=crid://panorama.five.tv/versions/C5396820015A&start=2026-09-20T21:00:00+0000&duration=PT1H from server.
Fetching https://www.freeview.co.uk/api/program?sid=21&nid=64403&pid=crid://panorama.five.tv/versions/C5396820016A&start=2026-09-20T22:00:00+0000&duration=PT1H from server.
Fetching https://www.freeview.co.uk/api/program?sid=21&nid=64403&pid=crid://panorama.five.tv/versions/C5396820003A&start=2026-09-20T23:00:00+0000&duration=PT1H from server.
### Wanted 12928 
Fetching https://www.freeview.co.uk/api/program?sid=32&nid=64403&pid=crid://panorama.five.tv/versions/C5248620001B&start=2026-09-20T00:25:00+0000&duration=PT1H from server.
Fetching https://www.freeview.co.uk/api/program?sid=32&nid=64403&pid=crid://panorama.five.tv/versions/C5248620002B&start=2026-09-20T01:25:00+0000&duration=PT45M from server.
Fetching https://www.freeview.co.uk/api/program?sid=32&nid=64403&pid=crid://panorama.five.tv/versions/C5491950002A&start=2026-09-20T02:10:00+0000&duration=PT50M from server.
Fetching https://www.freeview.co.uk/api/program?sid=32&nid=64403&pid=crid://panorama.five.tv/versions/C5266540001A&start=2026-09-20T03:00:00+0000&duration=PT2H from server.
Fetching https://www.freeview.co.uk/api/program?sid=32&nid=64403&pid=crid://panorama.five.tv/versions/C5266540001A&start=2026-09-20T05:00:00+0000&duration=PT1H from server.
Fetching https://www.freeview.co.uk/api/program?sid=32&nid=64403&pid=crid://panorama.five.tv/versions/C5326820001A&start=2026-09-20T06:00:00+0000&duration=PT30M from server.
Fetching https://www.freeview.co.uk/api/program?sid=32&nid=64403&pid=crid://panorama.five.tv/versions/C5266540001A&start=2026-09-20T06:30:00+0000&duration=PT30M from server.
Fetching https://www.freeview.co.uk/api/program?sid=32&nid=64403&pid=crid://panorama.five.tv/versions/C5508810011B&start=2026-09-20T07:00:00+0000&duration=PT1H from server.
Fetching https://www.freeview.co.uk/api/program?sid=32&nid=64403&pid=crid://panorama.five.tv/versions/C5508810012A&start=2026-09-20T08:00:00+0000&duration=PT1H from server.
Fetching https://www.freeview.co.uk/api/program?sid=32&nid=64403&pid=crid://panorama.five.tv/versions/C5500360011A&start=2026-09-20T09:00:00+0000&duration=PT1H from server.
Fetching https://www.freeview.co.uk/api/program?sid=32&nid=64403&pid=crid://panorama.five.tv/versions/C5500360012B&start=2026-09-20T10:00:00+0000&duration=PT1H from server.
Fetching https://www.freeview.co.uk/api/program?sid=32&nid=64403&pid=crid://panorama.five.tv/versions/C5500360013A&start=2026-09-20T11:00:00+0000&duration=PT1H from server.
Fetching https://www.freeview.co.uk/api/program?sid=32&nid=64403&pid=crid://panorama.five.tv/versions/C5449000028C&start=2026-09-20T12:00:00+0000&duration=PT1H from server.
Fetching https://www.freeview.co.uk/api/program?sid=32&nid=64403&pid=crid://panorama.five.tv/versions/C5449000027C&start=2026-09-20T13:00:00+0000&duration=PT1H from server.
Fetching https://www.freeview.co.uk/api/program?sid=32&nid=64403&pid=crid://panorama.five.tv/versions/C5449000034C&start=2026-09-20T14:00:00+0000&duration=PT1H from server.
Fetching https://www.freeview.co.uk/api/program?sid=32&nid=64403&pid=crid://panorama.five.tv/versions/C5449000039D&start=2026-09-20T15:00:00+0000&duration=PT1H from server.
Fetching https://www.freeview.co.uk/api/program?sid=32&nid=64403&pid=crid://panorama.five.tv/versions/C5234830007D&start=2026-09-20T16:00:00+0000&duration=PT1H from server.
Fetching https://www.freeview.co.uk/api/program?sid=32&nid=64403&pid=crid://panorama.five.tv/versions/C5234830008E&start=2026-09-20T17:00:00+0000&duration=PT1H from server.
Fetching https://www.freeview.co.uk/api/program?sid=32&nid=64403&pid=crid://panorama.five.tv/versions/C5234830009F&start=2026-09-20T18:00:00+0000&duration=PT1H from server.
Fetching https://www.freeview.co.uk/api/program?sid=32&nid=64403&pid=crid://panorama.five.tv/versions/C5234830010F&start=2026-09-20T19:00:00+0000&duration=PT1H from server.
Fetching https://www.freeview.co.uk/api/program?sid=32&nid=64403&pid=crid://panorama.five.tv/versions/C5509500008A&start=2026-09-20T20:00:00+0000&duration=PT1H from server.
Fetching https://www.freeview.co.uk/api/program?sid=32&nid=64403&pid=crid://panorama.five.tv/versions/C5455390005B&start=2026-09-20T21:00:00+0000&duration=PT1H from server.
Fetching https://www.freeview.co.uk/api/program?sid=32&nid=64403&pid=crid://panorama.five.tv/versions/C5414000004A&start=2026-09-20T22:00:00+0000&duration=PT1H from server.
Fetching https://www.freeview.co.uk/api/program?sid=32&nid=64403&pid=crid://panorama.five.tv/versions/C5525380008A&start=2026-09-20T23:00:00+0000&duration=PT1H from server.
## Wanted 16112 
Fetching https://www.freeview.co.uk/api/program?sid=33&nid=64403&pid=crid://panorama.five.tv/versions/C5213580022A&start=2026-09-20T00:55:00+0000&duration=PT1H from server.
Fetching https://www.freeview.co.uk/api/program?sid=33&nid=64403&pid=crid://panorama.five.tv/versions/C5213950001A&start=2026-09-20T01:55:00+0000&duration=PT50M from server.
Fetching https://www.freeview.co.uk/api/program?sid=33&nid=64403&pid=crid://panorama.five.tv/versions/C5487460001A&start=2026-09-20T02:45:00+0000&duration=PT15M from server.
Fetching https://www.freeview.co.uk/api/program?sid=33&nid=64403&pid=crid://panorama.five.tv/versions/C5340000001A&start=2026-09-20T03:00:00+0000&duration=PT2H from server.
Fetching https://www.freeview.co.uk/api/program?sid=33&nid=64403&pid=crid://panorama.five.tv/versions/C5266540001A&start=2026-09-20T05:00:00+0000&duration=PT1H from server.
Fetching https://www.freeview.co.uk/api/program?sid=33&nid=64403&pid=crid://panorama.five.tv/versions/C5502160001A&start=2026-09-20T06:00:00+0000&duration=PT30M from server.
Fetching https://www.freeview.co.uk/api/program?sid=33&nid=64403&pid=crid://panorama.five.tv/versions/C5480340001A&start=2026-09-20T06:30:00+0000&duration=PT30M from server.
Fetching https://www.freeview.co.uk/api/program?sid=33&nid=64403&pid=crid://panorama.five.tv/versions/C5349600001A&start=2026-09-20T07:00:00+0000&duration=PT1H from server.
Fetching https://www.freeview.co.uk/api/program?sid=33&nid=64403&pid=crid://panorama.five.tv/versions/C5533940022B&start=2026-09-20T08:00:00+0000&duration=PT1H from server.
Fetching https://www.freeview.co.uk/api/program?sid=33&nid=64403&pid=crid://panorama.five.tv/versions/C5533940023B&start=2026-09-20T09:00:00+0000&duration=PT1H5M from server.
Fetching https://www.freeview.co.uk/api/program?sid=33&nid=64403&pid=crid://panorama.five.tv/versions/C5533940024A&start=2026-09-20T10:05:00+0000&duration=PT1H from server.
Fetching https://www.freeview.co.uk/api/program?sid=33&nid=64403&pid=crid://panorama.five.tv/versions/C5533940025A&start=2026-09-20T11:05:00+0000&duration=PT1H5M from server.
Fetching https://www.freeview.co.uk/api/program?sid=33&nid=64403&pid=crid://panorama.five.tv/versions/C5435300001A&start=2026-09-20T12:10:00+0000&duration=PT1H from server.
Fetching https://www.freeview.co.uk/api/program?sid=33&nid=64403&pid=crid://panorama.five.tv/versions/C5522900190A&start=2026-09-20T13:10:00+0000&duration=PT5M from server.
Fetching https://www.freeview.co.uk/api/program?sid=33&nid=64403&pid=crid://panorama.five.tv/versions/C5435300001A&start=2026-09-20T13:15:00+0000&duration=PT45M from server.
Fetching https://www.freeview.co.uk/api/program?sid=33&nid=64403&pid=crid://panorama.five.tv/versions/C5033350001E&start=2026-09-20T14:00:00+0000&duration=PT1H from server.
Fetching https://www.freeview.co.uk/api/program?sid=33&nid=64403&pid=crid://panorama.five.tv/versions/C5522900190A&start=2026-09-20T15:00:00+0000&duration=PT5M from server.
Fetching https://www.freeview.co.uk/api/program?sid=33&nid=64403&pid=crid://panorama.five.tv/versions/C5033350001E&start=2026-09-20T15:05:00+0000&duration=PT1H5M from server.
Fetching https://www.freeview.co.uk/api/program?sid=33&nid=64403&pid=crid://panorama.five.tv/versions/C5487460002A&start=2026-09-20T16:10:00+0000&duration=PT20M from server.
Fetching https://www.freeview.co.uk/api/program?sid=33&nid=64403&pid=crid://panorama.five.tv/versions/C5540880002A&start=2026-09-20T16:30:00+0000&duration=PT3H30M from server.
Fetching https://www.freeview.co.uk/api/program?sid=33&nid=64403&pid=crid://panorama.five.tv/versions/C5526200004A&start=2026-09-20T20:00:00+0000&duration=PT30M from server.
Fetching https://www.freeview.co.uk/api/program?sid=33&nid=64403&pid=crid://panorama.five.tv/versions/C5526200005A&start=2026-09-20T20:30:00+0000&duration=PT30M from server.
Fetching https://www.freeview.co.uk/api/program?sid=33&nid=64403&pid=crid://panorama.five.tv/versions/C5526220036A&start=2026-09-20T21:00:00+0000&duration=PT30M from server.
Fetching https://www.freeview.co.uk/api/program?sid=33&nid=64403&pid=crid://panorama.five.tv/versions/C5499550002B&start=2026-09-20T21:30:00+0000&duration=PT1H30M from server.
Fetching https://www.freeview.co.uk/api/program?sid=33&nid=64403&pid=crid://panorama.five.tv/versions/C5455330001B&start=2026-09-20T23:00:00+0000&duration=PT1H from server.
### Wanted 8373 
Fetching https://www.freeview.co.uk/api/program?sid=35&nid=64403&pid=crid://csi.digitaluk.co.uk/5f4d8ba5-dadd-4d1e-91b2-502e0b93c772&start=2026-09-20T00:15:00+0000&duration=PT1H15M from server.
Fetching https://www.freeview.co.uk/api/program?sid=35&nid=64403&pid=crid://csi.digitaluk.co.uk/31c3cfa6-e27a-483d-a08b-7fcff0f0e71b&start=2026-09-20T01:30:00+0000&duration=PT1H30M from server.
Fetching https://www.freeview.co.uk/api/program?sid=35&nid=64403&pid=crid://csi.digitaluk.co.uk/20d64bdb-149b-4646-9da6-87a5e4e35a36&start=2026-09-20T03:00:00+0000&duration=PT50M from server.
Fetching https://www.freeview.co.uk/api/program?sid=35&nid=64403&pid=crid://csi.digitaluk.co.uk/ba956665-4728-488e-9069-849e841e3510&start=2026-09-20T03:50:00+0000&duration=PT1H15M from server.
Fetching https://www.freeview.co.uk/api/program?sid=35&nid=64403&pid=crid://csi.digitaluk.co.uk/0609524d-aca4-4181-9ae0-9456c763d543&start=2026-09-20T05:05:00+0000&duration=PT55M from server.
Fetching https://www.freeview.co.uk/api/program?sid=35&nid=64403&pid=crid://csi.digitaluk.co.uk/c70b21e6-c11c-4ae6-95d9-32aa06e268ec&start=2026-09-20T06:00:00+0000&duration=PT1H from server.
Fetching https://www.freeview.co.uk/api/program?sid=35&nid=64403&pid=crid://csi.digitaluk.co.uk/e6ae534a-f3be-4172-bad7-1dba2ab4dea0&start=2026-09-20T07:00:00+0000&duration=PT2H25M from server.
Fetching https://www.freeview.co.uk/api/program?sid=35&nid=64403&pid=crid://csi.digitaluk.co.uk/1371b4e6-7d0d-4dd2-ae62-5a1291b6d940&start=2026-09-20T09:25:00+0000&duration=PT5M from server.
Fetching https://www.freeview.co.uk/api/program?sid=35&nid=64403&pid=crid://csi.digitaluk.co.uk/e3b2b0d1-661f-49f2-abff-3a5485d1faaf&start=2026-09-20T09:30:00+0000&duration=PT1H55M from server.
Fetching https://www.freeview.co.uk/api/program?sid=35&nid=64403&pid=crid://csi.digitaluk.co.uk/b1627707-1d09-4c5e-99b9-f00c6ea7266e&start=2026-09-20T11:25:00+0000&duration=PT1H5M from server.
Fetching https://www.freeview.co.uk/api/program?sid=35&nid=64403&pid=crid://csi.digitaluk.co.uk/727407dd-6547-4403-b272-db6d07c255f9&start=2026-09-20T12:30:00+0000&duration=PT30M from server.
Fetching https://www.freeview.co.uk/api/program?sid=35&nid=64403&pid=crid://csi.digitaluk.co.uk/ef935110-82e7-4be1-8cb1-a796a16de3ac&start=2026-09-20T13:00:00+0000&duration=PT30M from server.
Fetching https://www.freeview.co.uk/api/program?sid=35&nid=64403&pid=crid://csi.digitaluk.co.uk/920b3007-18da-49f1-a308-7a83e1fa908b&start=2026-09-20T13:30:00+0000&duration=PT10M from server.
Fetching https://www.freeview.co.uk/api/program?sid=35&nid=64403&pid=crid://csi.digitaluk.co.uk/dd83afe8-5e3e-4504-9294-13c7a6f8b767&start=2026-09-20T13:40:00+0000&duration=PT2H20M from server.
Fetching https://www.freeview.co.uk/api/program?sid=35&nid=64403&pid=crid://csi.digitaluk.co.uk/d9c67651-e88a-4ed5-95ff-53656fdb59bd&start=2026-09-20T16:00:00+0000&duration=PT2H30M from server.
Fetching https://www.freeview.co.uk/api/program?sid=35&nid=64403&pid=crid://csi.digitaluk.co.uk/df64ac47-e40a-4d64-9021-8fe3348f3efb&start=2026-09-20T18:30:00+0000&duration=PT15M from server.
Fetching https://www.freeview.co.uk/api/program?sid=35&nid=64403&pid=crid://csi.digitaluk.co.uk/22d5c996-0091-4bc0-bb67-cce4904c7876&start=2026-09-20T18:45:00+0000&duration=PT15M from server.
Fetching https://www.freeview.co.uk/api/program?sid=35&nid=64403&pid=crid://csi.digitaluk.co.uk/fee26033-9408-44ed-bd15-7b1e985fc1af&start=2026-09-20T19:00:00+0000&duration=PT1H from server.
Fetching https://www.freeview.co.uk/api/program?sid=35&nid=64403&pid=crid://csi.digitaluk.co.uk/b9391112-10ff-46d1-92ae-562ed3dc3007&start=2026-09-20T20:00:00+0000&duration=PT1H from server.
Fetching https://www.freeview.co.uk/api/program?sid=35&nid=64403&pid=crid://csi.digitaluk.co.uk/81291775-9b8b-4824-939b-ae5fda069c95&start=2026-09-20T21:00:00+0000&duration=PT1H from server.
Fetching https://www.freeview.co.uk/api/program?sid=35&nid=64403&pid=crid://csi.digitaluk.co.uk/ab2403b1-907e-4b33-b8a7-e04cef6bd002&start=2026-09-20T22:00:00+0000&duration=PT15M from server.
Fetching https://www.freeview.co.uk/api/program?sid=35&nid=64403&pid=crid://csi.digitaluk.co.uk/8e74b84f-49c0-4d03-aa06-ce88570b76d4&start=2026-09-20T22:15:00+0000&duration=PT1H30M from server.
Fetching https://www.freeview.co.uk/api/program?sid=35&nid=64403&pid=crid://csi.digitaluk.co.uk/53e8bd25-206c-40d7-a295-9a6d55397af1&start=2026-09-20T23:45:00+0000&duration=PT55M from server.
## Wanted 27680 
Fetching https://www.freeview.co.uk/api/program?sid=39&nid=64403&pid=crid://csi.digitaluk.co.uk/a34070e0-c25d-4118-a536-9b45fd9362b2&start=2026-09-20T00:00:00+0000&duration=PT1H from server.
Fetching https://www.freeview.co.uk/api/program?sid=39&nid=64403&pid=crid://csi.digitaluk.co.uk/a4145bb0-fa73-46ba-a5d6-702d00b3bddc&start=2026-09-20T01:00:00+0000&duration=PT30M from server.
Fetching https://www.freeview.co.uk/api/program?sid=39&nid=64403&pid=crid://csi.digitaluk.co.uk/2ce15777-6ae8-48de-9039-4b36f6c29c20&start=2026-09-20T01:30:00+0000&duration=PT30M from server.
Fetching https://www.freeview.co.uk/api/program?sid=39&nid=64403&pid=crid://csi.digitaluk.co.uk/eb0fc676-9970-49e0-8e17-3a50024d5c17&start=2026-09-20T02:00:00+0000&duration=PT30M from server.
Fetching https://www.freeview.co.uk/api/program?sid=39&nid=64403&pid=crid://csi.digitaluk.co.uk/7288b978-727b-4b5b-b7a6-67e0be25b437&start=2026-09-20T02:30:00+0000&duration=PT30M from server.
Fetching https://www.freeview.co.uk/api/program?sid=39&nid=64403&pid=crid://csi.digitaluk.co.uk/082f7030-372d-4f31-9c3d-da7ce97c055a&start=2026-09-20T03:00:00+0000&duration=PT30M from server.
Fetching https://www.freeview.co.uk/api/program?sid=39&nid=64403&pid=crid://csi.digitaluk.co.uk/3338211f-d096-4da9-a2d4-f9ada89392f8&start=2026-09-20T03:30:00+0000&duration=PT30M from server.
Fetching https://www.freeview.co.uk/api/program?sid=39&nid=64403&pid=crid://csi.digitaluk.co.uk/054ed533-5013-46d9-ba0a-0fbce996dbe3&start=2026-09-20T04:00:00+0000&duration=PT30M from server.
Fetching https://www.freeview.co.uk/api/program?sid=39&nid=64403&pid=crid://csi.digitaluk.co.uk/28719f07-2ffb-47a5-a61f-205b5a64e26d&start=2026-09-20T04:30:00+0000&duration=PT30M from server.
Fetching https://www.freeview.co.uk/api/program?sid=39&nid=64403&pid=crid://csi.digitaluk.co.uk/18fa2013-81d3-44b3-8cfd-bbaddb71c51f&start=2026-09-20T05:00:00+0000&duration=PT30M from server.
Fetching https://www.freeview.co.uk/api/program?sid=39&nid=64403&pid=crid://csi.digitaluk.co.uk/6d74f273-09d5-4fc9-bbad-ebd8839862c5&start=2026-09-20T05:30:00+0000&duration=PT30M from server.
Fetching https://www.freeview.co.uk/api/program?sid=39&nid=64403&pid=crid://csi.digitaluk.co.uk/8a5b8db0-b685-488c-8601-9265ab8bf184&start=2026-09-20T06:00:00+0000&duration=PT30M from server.
Fetching https://www.freeview.co.uk/api/program?sid=39&nid=64403&pid=crid://csi.digitaluk.co.uk/3871950d-3bf3-4e13-a5fa-74974d3450e4&start=2026-09-20T06:30:00+0000&duration=PT30M from server.
Fetching https://www.freeview.co.uk/api/program?sid=39&nid=64403&pid=crid://csi.digitaluk.co.uk/f323fb48-72e1-498b-b5df-a80dbd81483c&start=2026-09-20T07:00:00+0000&duration=PT30M from server.
Fetching https://www.freeview.co.uk/api/program?sid=39&nid=64403&pid=crid://csi.digitaluk.co.uk/1b355a44-b27a-4467-9517-fbab07d6e1d6&start=2026-09-20T07:30:00+0000&duration=PT30M from server.
Fetching https://www.freeview.co.uk/api/program?sid=39&nid=64403&pid=crid://csi.digitaluk.co.uk/6cb17842-485e-4836-8177-18f43a16a238&start=2026-09-20T08:00:00+0000&duration=PT1H from server.
Fetching https://www.freeview.co.uk/api/program?sid=39&nid=64403&pid=crid://csi.digitaluk.co.uk/1302ea6f-eae3-496a-9009-9235f4cb2ab5&start=2026-09-20T09:00:00+0000&duration=PT1H from server.
Fetching https://www.freeview.co.uk/api/program?sid=39&nid=64403&pid=crid://csi.digitaluk.co.uk/989bbf47-f35d-4b31-ac17-4b0a8aeed972&start=2026-09-20T10:00:00+0000&duration=PT1H from server.
Fetching https://www.freeview.co.uk/api/program?sid=39&nid=64403&pid=crid://csi.digitaluk.co.uk/ad856923-9b2f-4012-8123-a4ab35fcf828&start=2026-09-20T11:00:00+0000&duration=PT1H from server.
Fetching https://www.freeview.co.uk/api/program?sid=39&nid=64403&pid=crid://csi.digitaluk.co.uk/488982e2-4a27-4fc6-a366-e69269fc0073&start=2026-09-20T12:00:00+0000&duration=PT1H from server.
Fetching https://www.freeview.co.uk/api/program?sid=39&nid=64403&pid=crid://csi.digitaluk.co.uk/fb6bc607-7c06-4224-932b-0e71ddf7fc59&start=2026-09-20T13:00:00+0000&duration=PT1H from server.
Fetching https://www.freeview.co.uk/api/program?sid=39&nid=64403&pid=crid://csi.digitaluk.co.uk/1758c6db-5083-4387-a24b-fff5fbb4238f&start=2026-09-20T14:00:00+0000&duration=PT1H from server.
Fetching https://www.freeview.co.uk/api/program?sid=39&nid=64403&pid=crid://csi.digitaluk.co.uk/d2f9cef4-3de7-4c62-b288-64f896274912&start=2026-09-20T15:00:00+0000&duration=PT1H from server.
Fetching https://www.freeview.co.uk/api/program?sid=39&nid=64403&pid=crid://csi.digitaluk.co.uk/88949a2b-697a-4213-a246-f42ec24d4d93&start=2026-09-20T16:00:00+0000&duration=PT1H from server.
Fetching https://www.freeview.co.uk/api/program?sid=39&nid=64403&pid=crid://csi.digitaluk.co.uk/aff9fd1c-bd69-4fab-9df5-47463659e47e&start=2026-09-20T17:00:00+0000&duration=PT1H from server.
Fetching https://www.freeview.co.uk/api/program?sid=39&nid=64403&pid=crid://csi.digitaluk.co.uk/4a918d14-226d-4087-b2fc-6ad51c78b85d&start=2026-09-20T18:00:00+0000&duration=PT2H from server.
Fetching https://www.freeview.co.uk/api/program?sid=39&nid=64403&pid=crid://csi.digitaluk.co.uk/e4eef9de-9ed1-41ef-9caf-0341e6786c9a&start=2026-09-20T20:00:00+0000&duration=PT1H from server.
Fetching https://www.freeview.co.uk/api/program?sid=39&nid=64403&pid=crid://csi.digitaluk.co.uk/4455e925-23c3-41d0-80e6-d6511b7eb3de&start=2026-09-20T21:00:00+0000&duration=PT1H from server.
Fetching https://www.freeview.co.uk/api/program?sid=39&nid=64403&pid=crid://csi.digitaluk.co.uk/b08403b9-50da-4573-b5d6-2d21a031b104&start=2026-09-20T22:00:00+0000&duration=PT1H from server.
Fetching https://www.freeview.co.uk/api/program?sid=39&nid=64403&pid=crid://csi.digitaluk.co.uk/8775729e-0f17-427f-9778-dffc5c44cfae&start=2026-09-20T23:00:00+0000&duration=PT1H from server.
### Wanted 23744 
Fetching https://www.freeview.co.uk/api/program?sid=40&nid=64403&pid=crid://csi.digitaluk.co.uk/dd90e856-cb6c-40e6-b0d0-831f821257a7&start=2026-09-20T00:00:00+0000&duration=PT1H from server.
Fetching https://www.freeview.co.uk/api/program?sid=40&nid=64403&pid=crid://csi.digitaluk.co.uk/185285df-b7a1-4276-b16c-4e3ade6503cf&start=2026-09-20T01:00:00+0000&duration=PT1H from server.
Fetching https://www.freeview.co.uk/api/program?sid=40&nid=64403&pid=crid://csi.digitaluk.co.uk/10018cb0-4318-4d1c-bd1b-41125212f332&start=2026-09-20T02:00:00+0000&duration=PT1H from server.
Fetching https://www.freeview.co.uk/api/program?sid=40&nid=64403&pid=crid://csi.digitaluk.co.uk/b1f4af6f-5cd3-45d3-b995-3e3002a16798&start=2026-09-20T03:00:00+0000&duration=PT30M from server.
Fetching https://www.freeview.co.uk/api/program?sid=40&nid=64403&pid=crid://csi.digitaluk.co.uk/a827529c-b1c7-468b-8896-1f66e581c273&start=2026-09-20T03:30:00+0000&duration=PT30M from server.
Fetching https://www.freeview.co.uk/api/program?sid=40&nid=64403&pid=crid://csi.digitaluk.co.uk/e1908413-63fa-47e1-8cdd-889f4f80b799&start=2026-09-20T04:00:00+0000&duration=PT30M from server.
Fetching https://www.freeview.co.uk/api/program?sid=40&nid=64403&pid=crid://csi.digitaluk.co.uk/ef6c7fdc-2fd1-4925-87ce-6371ef60afa4&start=2026-09-20T04:30:00+0000&duration=PT30M from server.
Fetching https://www.freeview.co.uk/api/program?sid=40&nid=64403&pid=crid://csi.digitaluk.co.uk/610fd621-db53-4ad8-9b74-abab90c51cdd&start=2026-09-20T05:00:00+0000&duration=PT30M from server.
Fetching https://www.freeview.co.uk/api/program?sid=40&nid=64403&pid=crid://csi.digitaluk.co.uk/ea86e1e0-fed1-4eb5-8792-afaaf5f6f06a&start=2026-09-20T05:30:00+0000&duration=PT30M from server.
Fetching https://www.freeview.co.uk/api/program?sid=40&nid=64403&pid=crid://csi.digitaluk.co.uk/58c923a2-41cb-4cb5-92c6-1973c50f2f2f&start=2026-09-20T06:00:00+0000&duration=PT30M from server.
Fetching https://www.freeview.co.uk/api/program?sid=40&nid=64403&pid=crid://csi.digitaluk.co.uk/bf83073c-1dac-4ec6-8886-7f3d7278e626&start=2026-09-20T06:30:00+0000&duration=PT30M from server.
Fetching https://www.freeview.co.uk/api/program?sid=40&nid=64403&pid=crid://csi.digitaluk.co.uk/58813d81-1ded-4031-9c10-fa778677da40&start=2026-09-20T07:00:00+0000&duration=PT30M from server.
Fetching https://www.freeview.co.uk/api/program?sid=40&nid=64403&pid=crid://csi.digitaluk.co.uk/580c3144-0f17-4a17-a7df-7bea120fe519&start=2026-09-20T07:30:00+0000&duration=PT30M from server.
Fetching https://www.freeview.co.uk/api/program?sid=40&nid=64403&pid=crid://csi.digitaluk.co.uk/533e9e97-0599-482b-a5ba-9a02bd098fd6&start=2026-09-20T08:00:00+0000&duration=PT30M from server.
Fetching https://www.freeview.co.uk/api/program?sid=40&nid=64403&pid=crid://csi.digitaluk.co.uk/3a708d5e-1059-4c18-a886-87fced2084ac&start=2026-09-20T08:30:00+0000&duration=PT30M from server.
Fetching https://www.freeview.co.uk/api/program?sid=40&nid=64403&pid=crid://csi.digitaluk.co.uk/bfb8a7dd-f420-4ae2-a305-ac91fc2a3e7b&start=2026-09-20T09:00:00+0000&duration=PT1H from server.
Fetching https://www.freeview.co.uk/api/program?sid=40&nid=64403&pid=crid://csi.digitaluk.co.uk/9b76d377-0df9-40cf-9dae-92239765e6e9&start=2026-09-20T10:00:00+0000&duration=PT1H from server.
Fetching https://www.freeview.co.uk/api/program?sid=40&nid=64403&pid=crid://csi.digitaluk.co.uk/3ade1b19-2564-4448-8f8d-cfa48b7abed7&start=2026-09-20T11:00:00+0000&duration=PT1H from server.
Fetching https://www.freeview.co.uk/api/program?sid=40&nid=64403&pid=crid://csi.digitaluk.co.uk/049a3c73-b130-4b37-a834-0f97af7d6300&start=2026-09-20T12:00:00+0000&duration=PT1H from server.
Fetching https://www.freeview.co.uk/api/program?sid=40&nid=64403&pid=crid://csi.digitaluk.co.uk/fc9e7824-7f3f-4a2d-bc70-b1a7b6c87d16&start=2026-09-20T13:00:00+0000&duration=PT1H from server.
Fetching https://www.freeview.co.uk/api/program?sid=40&nid=64403&pid=crid://csi.digitaluk.co.uk/2c511775-fba6-48c7-8d1c-32ec8ae7691e&start=2026-09-20T14:00:00+0000&duration=PT1H from server.
Fetching https://www.freeview.co.uk/api/program?sid=40&nid=64403&pid=crid://csi.digitaluk.co.uk/2a1267a9-dffa-4131-81f7-8a80906e76ad&start=2026-09-20T15:00:00+0000&duration=PT1H from server.
Fetching https://www.freeview.co.uk/api/program?sid=40&nid=64403&pid=crid://csi.digitaluk.co.uk/4e804609-1870-412c-b598-9812d6c9d8c1&start=2026-09-20T16:00:00+0000&duration=PT1H from server.
Fetching https://www.freeview.co.uk/api/program?sid=40&nid=64403&pid=crid://csi.digitaluk.co.uk/0b0b5a6a-8530-4851-931a-976e61b37ac0&start=2026-09-20T17:00:00+0000&duration=PT1H from server.
Fetching https://www.freeview.co.uk/api/program?sid=40&nid=64403&pid=crid://csi.digitaluk.co.uk/3cc88c27-de6e-4803-b1ec-78a962719a10&start=2026-09-20T18:00:00+0000&duration=PT1H from server.
Fetching https://www.freeview.co.uk/api/program?sid=40&nid=64403&pid=crid://csi.digitaluk.co.uk/d26ac30f-247e-46e0-9923-c8a4344ebe36&start=2026-09-20T19:00:00+0000&duration=PT1H from server.
Fetching https://www.freeview.co.uk/api/program?sid=40&nid=64403&pid=crid://csi.digitaluk.co.uk/72bc2f15-62e8-4aa8-9368-fdbc4e2040f3&start=2026-09-20T20:00:00+0000&duration=PT1H from server.
Fetching https://www.freeview.co.uk/api/program?sid=40&nid=64403&pid=crid://csi.digitaluk.co.uk/73a86bc4-2fa4-4512-8e6f-873d695ef1fa&start=2026-09-20T21:00:00+0000&duration=PT1H from server.
Fetching https://www.freeview.co.uk/api/program?sid=40&nid=64403&pid=crid://csi.digitaluk.co.uk/41b221c2-32de-4201-93fc-1118fea0a5dc&start=2026-09-20T22:00:00+0000&duration=PT1H from server.
Fetching https://www.freeview.co.uk/api/program?sid=40&nid=64403&pid=crid://csi.digitaluk.co.uk/7b1dc278-65ae-4ac9-985c-c84dcbdccc34&start=2026-09-20T23:00:00+0000&duration=PT1H from server.
## Wanted 23040 
Fetching https://www.freeview.co.uk/api/program?sid=43&nid=64403&pid=crid://csi.digitaluk.co.uk/661457b3-cf71-4ea2-88e0-9cfe3a560e3d&start=2026-09-20T00:00:00+0000&duration=PT30M from server.
Fetching https://www.freeview.co.uk/api/program?sid=43&nid=64403&pid=crid://csi.digitaluk.co.uk/7300aeac-f030-46c3-a3a1-06cbbb27bfff&start=2026-09-20T00:30:00+0000&duration=PT30M from server.
Fetching https://www.freeview.co.uk/api/program?sid=43&nid=64403&pid=crid://csi.digitaluk.co.uk/bd6110bc-fbf5-49f5-8a4f-29d66b0d11bb&start=2026-09-20T01:00:00+0000&duration=PT30M from server.
Fetching https://www.freeview.co.uk/api/program?sid=43&nid=64403&pid=crid://csi.digitaluk.co.uk/22a92b11-4896-439e-a716-d0d78f453c56&start=2026-09-20T01:30:00+0000&duration=PT30M from server.
Fetching https://www.freeview.co.uk/api/program?sid=43&nid=64403&pid=crid://csi.digitaluk.co.uk/7ab68cfe-cb85-4290-a76e-7a07c217d1b3&start=2026-09-20T02:00:00+0000&duration=PT30M from server.
Fetching https://www.freeview.co.uk/api/program?sid=43&nid=64403&pid=crid://csi.digitaluk.co.uk/c63cd532-0398-486e-a267-3a54f5b47a8a&start=2026-09-20T02:30:00+0000&duration=PT30M from server.
Fetching https://www.freeview.co.uk/api/program?sid=43&nid=64403&pid=crid://csi.digitaluk.co.uk/f9cbf1dd-e7a6-49a5-93f5-e302f6473496&start=2026-09-20T03:00:00+0000&duration=PT30M from server.
Fetching https://www.freeview.co.uk/api/program?sid=43&nid=64403&pid=crid://csi.digitaluk.co.uk/df145803-99cf-43e5-b16a-6e1307fe4d24&start=2026-09-20T03:30:00+0000&duration=PT30M from server.
Fetching https://www.freeview.co.uk/api/program?sid=43&nid=64403&pid=crid://csi.digitaluk.co.uk/3f5c8ab0-be41-4767-b873-5acf02ac1a83&start=2026-09-20T04:00:00+0000&duration=PT30M from server.
Fetching https://www.freeview.co.uk/api/program?sid=43&nid=64403&pid=crid://csi.digitaluk.co.uk/6681682f-567f-48a2-b253-370b6c36bfdd&start=2026-09-20T04:30:00+0000&duration=PT30M from server.
Fetching https://www.freeview.co.uk/api/program?sid=43&nid=64403&pid=crid://csi.digitaluk.co.uk/410aefe3-78bd-4ed7-8d04-16de11d84138&start=2026-09-20T05:00:00+0000&duration=PT30M from server.
Fetching https://www.freeview.co.uk/api/program?sid=43&nid=64403&pid=crid://csi.digitaluk.co.uk/e526a4cf-5934-4cf8-90de-5cbea8b5abf5&start=2026-09-20T05:30:00+0000&duration=PT30M from server.
Fetching https://www.freeview.co.uk/api/program?sid=43&nid=64403&pid=crid://csi.digitaluk.co.uk/25ce2d04-ea21-4e6a-8313-69c0c95b42a0&start=2026-09-20T06:00:00+0000&duration=PT30M from server.
Fetching https://www.freeview.co.uk/api/program?sid=43&nid=64403&pid=crid://csi.digitaluk.co.uk/cf53b9c4-a864-4117-99c7-55f6ee5e4989&start=2026-09-20T06:30:00+0000&duration=PT30M from server.
Fetching https://www.freeview.co.uk/api/program?sid=43&nid=64403&pid=crid://csi.digitaluk.co.uk/235f7f67-e414-445d-a156-45b92a855b47&start=2026-09-20T07:00:00+0000&duration=PT30M from server.
Fetching https://www.freeview.co.uk/api/program?sid=43&nid=64403&pid=crid://csi.digitaluk.co.uk/d2bec589-b671-4c85-af9b-0f9914399ebd&start=2026-09-20T07:30:00+0000&duration=PT30M from server.
Fetching https://www.freeview.co.uk/api/program?sid=43&nid=64403&pid=crid://csi.digitaluk.co.uk/00963735-6efa-486a-8bbe-c5687878b815&start=2026-09-20T08:00:00+0000&duration=PT30M from server.
Fetching https://www.freeview.co.uk/api/program?sid=43&nid=64403&pid=crid://csi.digitaluk.co.uk/4708f05a-660a-4786-9285-bab503a95c65&start=2026-09-20T08:30:00+0000&duration=PT30M from server.
Fetching https://www.freeview.co.uk/api/program?sid=43&nid=64403&pid=crid://csi.digitaluk.co.uk/dc025c23-4585-4c4b-9637-f0a310091912&start=2026-09-20T09:00:00+0000&duration=PT30M from server.
Fetching https://www.freeview.co.uk/api/program?sid=43&nid=64403&pid=crid://csi.digitaluk.co.uk/784f18f2-5f4e-48ad-9543-08efbe156186&start=2026-09-20T09:30:00+0000&duration=PT30M from server.
Fetching https://www.freeview.co.uk/api/program?sid=43&nid=64403&pid=crid://csi.digitaluk.co.uk/4a2cfa3b-7804-4ec9-b4ec-dbec3d0b67dc&start=2026-09-20T10:00:00+0000&duration=PT30M from server.
Fetching https://www.freeview.co.uk/api/program?sid=43&nid=64403&pid=crid://csi.digitaluk.co.uk/3e90cee1-9a1a-43ab-bb2b-cb725482fad8&start=2026-09-20T10:30:00+0000&duration=PT30M from server.
Fetching https://www.freeview.co.uk/api/program?sid=43&nid=64403&pid=crid://csi.digitaluk.co.uk/2a2f0a4b-1310-4bcd-beb9-440d5a6ce844&start=2026-09-20T11:00:00+0000&duration=PT30M from server.
Fetching https://www.freeview.co.uk/api/program?sid=43&nid=64403&pid=crid://csi.digitaluk.co.uk/41d94697-de6e-48cc-a41a-89d6976d70b9&start=2026-09-20T11:30:00+0000&duration=PT30M from server.
Fetching https://www.freeview.co.uk/api/program?sid=43&nid=64403&pid=crid://csi.digitaluk.co.uk/768f3ede-4d56-48e9-ba1c-e4d069368b73&start=2026-09-20T12:00:00+0000&duration=PT30M from server.
Fetching https://www.freeview.co.uk/api/program?sid=43&nid=64403&pid=crid://csi.digitaluk.co.uk/a903e372-ea31-47c1-9e3d-b73ebfd445e9&start=2026-09-20T12:30:00+0000&duration=PT30M from server.
Fetching https://www.freeview.co.uk/api/program?sid=43&nid=64403&pid=crid://csi.digitaluk.co.uk/193b4c60-5645-4ec3-be45-8cde1b415365&start=2026-09-20T13:00:00+0000&duration=PT30M from server.
Fetching https://www.freeview.co.uk/api/program?sid=43&nid=64403&pid=crid://csi.digitaluk.co.uk/58511620-f6f1-4fd1-a8a2-74cf8e8c95e0&start=2026-09-20T13:30:00+0000&duration=PT30M from server.
Fetching https://www.freeview.co.uk/api/program?sid=43&nid=64403&pid=crid://csi.digitaluk.co.uk/9efbed24-e34f-44b4-ae2b-e8a01d57d761&start=2026-09-20T14:00:00+0000&duration=PT1H from server.
Fetching https://www.freeview.co.uk/api/program?sid=43&nid=64403&pid=crid://csi.digitaluk.co.uk/cef558ee-fdd8-4d5b-83e4-7fddbbd0c661&start=2026-09-20T15:00:00+0000&duration=PT1H from server.
Fetching https://www.freeview.co.uk/api/program?sid=43&nid=64403&pid=crid://csi.digitaluk.co.uk/add8f70f-6583-4c9d-9340-97736f2ccc55&start=2026-09-20T16:00:00+0000&duration=PT1H from server.
Fetching https://www.freeview.co.uk/api/program?sid=43&nid=64403&pid=crid://csi.digitaluk.co.uk/6a6fb878-f18c-457e-8a08-a4eadeddbdf3&start=2026-09-20T17:00:00+0000&duration=PT1H from server.
Fetching https://www.freeview.co.uk/api/program?sid=43&nid=64403&pid=crid://csi.digitaluk.co.uk/b37002b1-5ca9-4367-9af8-19bd9d926e76&start=2026-09-20T18:00:00+0000&duration=PT1H from server.
Fetching https://www.freeview.co.uk/api/program?sid=43&nid=64403&pid=crid://csi.digitaluk.co.uk/a54f7d18-f999-42a5-b480-5e2cf4243943&start=2026-09-20T19:00:00+0000&duration=PT1H from server.
Fetching https://www.freeview.co.uk/api/program?sid=43&nid=64403&pid=crid://csi.digitaluk.co.uk/997bf37c-cde8-402d-9d04-a81cb04be273&start=2026-09-20T20:00:00+0000&duration=PT30M from server.
Fetching https://www.freeview.co.uk/api/program?sid=43&nid=64403&pid=crid://csi.digitaluk.co.uk/6502fd99-7981-45dd-a30e-e36072c87cfe&start=2026-09-20T20:30:00+0000&duration=PT30M from server.
Fetching https://www.freeview.co.uk/api/program?sid=43&nid=64403&pid=crid://csi.digitaluk.co.uk/3b9412c9-aac4-418c-8f93-37d87531533d&start=2026-09-20T21:00:00+0000&duration=PT30M from server.
Fetching https://www.freeview.co.uk/api/program?sid=43&nid=64403&pid=crid://csi.digitaluk.co.uk/6d03a056-472d-4b03-9008-9fb5289474c1&start=2026-09-20T21:30:00+0000&duration=PT30M from server.
Fetching https://www.freeview.co.uk/api/program?sid=43&nid=64403&pid=crid://csi.digitaluk.co.uk/fe815ea9-383f-400d-9b42-3dc09d0f0c5f&start=2026-09-20T22:00:00+0000&duration=PT1H from server.
Fetching https://www.freeview.co.uk/api/program?sid=43&nid=64403&pid=crid://csi.digitaluk.co.uk/ef3d40fe-b0a4-49b1-8b58-b0a13c34735a&start=2026-09-20T23:00:00+0000&duration=PT1H from server.
### Wanted 23712 
Fetching https://www.freeview.co.uk/api/program?sid=44&nid=64403&pid=crid://csi.digitaluk.co.uk/37197936-b1cb-4389-b97b-6af81015ec82&start=2026-09-20T00:00:00+0000&duration=PT1H from server.
Fetching https://www.freeview.co.uk/api/program?sid=44&nid=64403&pid=crid://csi.digitaluk.co.uk/7635712a-15f8-4340-a80b-6e1bea09b56f&start=2026-09-20T01:00:00+0000&duration=PT2H from server.
Fetching https://www.freeview.co.uk/api/program?sid=44&nid=64403&pid=crid://csi.digitaluk.co.uk/1688130f-52bf-4933-bf0f-deffc79c5803&start=2026-09-20T03:00:00+0000&duration=PT1H from server.
Fetching https://www.freeview.co.uk/api/program?sid=44&nid=64403&pid=crid://csi.digitaluk.co.uk/8fd680d7-357b-4397-8ccb-381a8d851be1&start=2026-09-20T04:00:00+0000&duration=PT1H from server.
Fetching https://www.freeview.co.uk/api/program?sid=44&nid=64403&pid=crid://csi.digitaluk.co.uk/38b119f1-9ae5-48fc-a37e-58cb8de92f38&start=2026-09-20T05:00:00+0000&duration=PT1H from server.
Fetching https://www.freeview.co.uk/api/program?sid=44&nid=64403&pid=crid://csi.digitaluk.co.uk/73590e33-04cf-43cd-9e90-c066618735f5&start=2026-09-20T06:00:00+0000&duration=PT1H from server.
Fetching https://www.freeview.co.uk/api/program?sid=44&nid=64403&pid=crid://csi.digitaluk.co.uk/d261ac39-f75e-4ead-9c93-4f0930c236ed&start=2026-09-20T07:00:00+0000&duration=PT1H from server.
Fetching https://www.freeview.co.uk/api/program?sid=44&nid=64403&pid=crid://csi.digitaluk.co.uk/9017da4c-ed9a-45d6-ba63-056f1bb2b082&start=2026-09-20T08:00:00+0000&duration=PT1H from server.
Fetching https://www.freeview.co.uk/api/program?sid=44&nid=64403&pid=crid://csi.digitaluk.co.uk/b1e085b8-b450-495d-a620-4197ea2cd42c&start=2026-09-20T09:00:00+0000&duration=PT1H from server.
Fetching https://www.freeview.co.uk/api/program?sid=44&nid=64403&pid=crid://csi.digitaluk.co.uk/989503cb-1cb1-44c8-a3de-ed5c7a9f5b67&start=2026-09-20T10:00:00+0000&duration=PT30M from server.
Fetching https://www.freeview.co.uk/api/program?sid=44&nid=64403&pid=crid://csi.digitaluk.co.uk/e9489e65-e0dc-49b7-923a-8381e9bf86d3&start=2026-09-20T10:30:00+0000&duration=PT30M from server.
Fetching https://www.freeview.co.uk/api/program?sid=44&nid=64403&pid=crid://csi.digitaluk.co.uk/b8114f44-fdcd-409f-b7e2-b75c8584bd4f&start=2026-09-20T11:00:00+0000&duration=PT30M from server.
Fetching https://www.freeview.co.uk/api/program?sid=44&nid=64403&pid=crid://csi.digitaluk.co.uk/ba9dc1f4-7155-463d-979c-a0f3b0ceb5a0&start=2026-09-20T11:30:00+0000&duration=PT30M from server.
Fetching https://www.freeview.co.uk/api/program?sid=44&nid=64403&pid=crid://csi.digitaluk.co.uk/3f008bd0-3abe-4ae2-b61b-451e8405f62c&start=2026-09-20T12:00:00+0000&duration=PT30M from server.
Fetching https://www.freeview.co.uk/api/program?sid=44&nid=64403&pid=crid://csi.digitaluk.co.uk/66759fb0-383c-42da-9bdf-1d6c3d08c24e&start=2026-09-20T12:30:00+0000&duration=PT30M from server.
Fetching https://www.freeview.co.uk/api/program?sid=44&nid=64403&pid=crid://csi.digitaluk.co.uk/3a04f43f-ebf5-4ce1-a367-60b5b4b91b17&start=2026-09-20T13:00:00+0000&duration=PT30M from server.
Fetching https://www.freeview.co.uk/api/program?sid=44&nid=64403&pid=crid://csi.digitaluk.co.uk/ccf326d2-982e-4a69-b165-f6ec79d1a67e&start=2026-09-20T13:30:00+0000&duration=PT30M from server.
Fetching https://www.freeview.co.uk/api/program?sid=44&nid=64403&pid=crid://csi.digitaluk.co.uk/c013f0ff-468f-4846-8c7b-09ca64aaba45&start=2026-09-20T14:00:00+0000&duration=PT1H from server.
Fetching https://www.freeview.co.uk/api/program?sid=44&nid=64403&pid=crid://csi.digitaluk.co.uk/f5c478ff-7940-423c-b12b-b6420004e148&start=2026-09-20T15:00:00+0000&duration=PT1H from server.
Fetching https://www.freeview.co.uk/api/program?sid=44&nid=64403&pid=crid://csi.digitaluk.co.uk/b69c004d-16a4-4a8d-b7a5-f0b6b0d027de&start=2026-09-20T16:00:00+0000&duration=PT1H from server.
Fetching https://www.freeview.co.uk/api/program?sid=44&nid=64403&pid=crid://csi.digitaluk.co.uk/459a1578-f5e5-45c6-8111-35405ab09f5d&start=2026-09-20T17:00:00+0000&duration=PT1H from server.
Fetching https://www.freeview.co.uk/api/program?sid=44&nid=64403&pid=crid://csi.digitaluk.co.uk/0d15a3e9-f7f7-47b9-8967-1e3ed6bee824&start=2026-09-20T18:00:00+0000&duration=PT1H from server.
Fetching https://www.freeview.co.uk/api/program?sid=44&nid=64403&pid=crid://csi.digitaluk.co.uk/9ea2a161-bc65-4b88-b5ce-8694e6ad49f7&start=2026-09-20T19:00:00+0000&duration=PT1H from server.
Fetching https://www.freeview.co.uk/api/program?sid=44&nid=64403&pid=crid://csi.digitaluk.co.uk/001ba7f7-9084-4f9f-b010-438068a083aa&start=2026-09-20T20:00:00+0000&duration=PT1H from server.
Fetching https://www.freeview.co.uk/api/program?sid=44&nid=64403&pid=crid://csi.digitaluk.co.uk/0957659b-264d-468a-9a5d-7f15c338e407&start=2026-09-20T21:00:00+0000&duration=PT1H from server.
Fetching https://www.freeview.co.uk/api/program?sid=44&nid=64403&pid=crid://csi.digitaluk.co.uk/0633e10e-da9d-4639-9012-c0274cfd2ab4&start=2026-09-20T22:00:00+0000&duration=PT1H from server.
Fetching https://www.freeview.co.uk/api/program?sid=44&nid=64403&pid=crid://csi.digitaluk.co.uk/9d5bf5cf-1530-4ae1-a3d2-40bcdd31aacc&start=2026-09-20T23:00:00+0000&duration=PT1H from server.
## Wanted 20256 
Fetching https://www.freeview.co.uk/api/program?sid=46&nid=64403&pid=crid://panorama.five.tv/versions/C5478640020A&start=2026-09-20T00:00:00+0000&duration=PT1H5M from server.
Fetching https://www.freeview.co.uk/api/program?sid=46&nid=64403&pid=crid://panorama.five.tv/versions/C5478640022A&start=2026-09-20T01:05:00+0000&duration=PT1H5M from server.
Fetching https://www.freeview.co.uk/api/program?sid=46&nid=64403&pid=crid://panorama.five.tv/versions/C5478640023A&start=2026-09-20T02:10:00+0000&duration=PT50M from server.
Fetching https://www.freeview.co.uk/api/program?sid=46&nid=64403&pid=crid://panorama.five.tv/versions/C5266540001A&start=2026-09-20T03:00:00+0000&duration=PT2H from server.
Fetching https://www.freeview.co.uk/api/program?sid=46&nid=64403&pid=crid://panorama.five.tv/versions/C5480340001A&start=2026-09-20T05:00:00+0000&duration=PT30M from server.
Fetching https://www.freeview.co.uk/api/program?sid=46&nid=64403&pid=crid://panorama.five.tv/versions/C5326820001A&start=2026-09-20T05:30:00+0000&duration=PT30M from server.
Fetching https://www.freeview.co.uk/api/program?sid=46&nid=64403&pid=crid://panorama.five.tv/versions/C5349600001A&start=2026-09-20T06:00:00+0000&duration=PT1H from server.
Fetching https://www.freeview.co.uk/api/program?sid=46&nid=64403&pid=crid://panorama.five.tv/versions/C5349600001A&start=2026-09-20T07:00:00+0000&duration=PT1H from server.
Fetching https://www.freeview.co.uk/api/program?sid=46&nid=64403&pid=crid://panorama.five.tv/versions/C5490080001A&start=2026-09-20T08:00:00+0000&duration=PT1H from server.
Fetching https://www.freeview.co.uk/api/program?sid=46&nid=64403&pid=crid://panorama.five.tv/versions/C5490080002A&start=2026-09-20T09:00:00+0000&duration=PT1H from server.
Fetching https://www.freeview.co.uk/api/program?sid=46&nid=64403&pid=crid://panorama.five.tv/versions/C5490080003A&start=2026-09-20T10:00:00+0000&duration=PT1H from server.
Fetching https://www.freeview.co.uk/api/program?sid=46&nid=64403&pid=crid://panorama.five.tv/versions/C5519780004A&start=2026-09-20T11:00:00+0000&duration=PT1H from server.
Fetching https://www.freeview.co.uk/api/program?sid=46&nid=64403&pid=crid://panorama.five.tv/versions/C5519780005A&start=2026-09-20T12:00:00+0000&duration=PT1H from server.
Fetching https://www.freeview.co.uk/api/program?sid=46&nid=64403&pid=crid://panorama.five.tv/versions/C5519780006A&start=2026-09-20T13:00:00+0000&duration=PT1H from server.
Fetching https://www.freeview.co.uk/api/program?sid=46&nid=64403&pid=crid://panorama.five.tv/versions/C5519780007A&start=2026-09-20T14:00:00+0000&duration=PT1H from server.
Fetching https://www.freeview.co.uk/api/program?sid=46&nid=64403&pid=crid://panorama.five.tv/versions/C5519780008A&start=2026-09-20T15:00:00+0000&duration=PT1H from server.
Fetching https://www.freeview.co.uk/api/program?sid=46&nid=64403&pid=crid://panorama.five.tv/versions/C5467920001C&start=2026-09-20T16:00:00+0000&duration=PT1H5M from server.
Fetching https://www.freeview.co.uk/api/program?sid=46&nid=64403&pid=crid://csi.digitaluk.co.uk/533e73fd-5b3e-4bc1-bc0f-cfbec719ffaa&start=2026-09-20T17:05:00+0000&duration=PT5M from server.
Fetching https://www.freeview.co.uk/api/program?sid=46&nid=64403&pid=crid://panorama.five.tv/versions/C5467920001C&start=2026-09-20T17:10:00+0000&duration=PT35M from server.
Fetching https://www.freeview.co.uk/api/program?sid=46&nid=64403&pid=crid://panorama.five.tv/versions/C5422400001A&start=2026-09-20T17:45:00+0000&duration=PT1H25M from server.
Fetching https://www.freeview.co.uk/api/program?sid=46&nid=64403&pid=crid://panorama.five.tv/versions/C5477760001A&start=2026-09-20T19:10:00+0000&duration=PT1H25M from server.
Fetching https://www.freeview.co.uk/api/program?sid=46&nid=64403&pid=crid://panorama.five.tv/versions/C5462280002B&start=2026-09-20T20:35:00+0000&duration=PT2H from server.
Fetching https://www.freeview.co.uk/api/program?sid=46&nid=64403&pid=crid://panorama.five.tv/versions/C5517880002A&start=2026-09-20T22:35:00+0000&duration=PT2H5M from server.
### Wanted 8460 
Fetching https://www.freeview.co.uk/api/program?sid=49&nid=64403&pid=crid://movida.bebanjo.net/mas/version/78331/002/ASDELIVERED/C&start=2026-09-20T00:05:00+0000&duration=PT1H from server.
Fetching https://www.freeview.co.uk/api/program?sid=49&nid=64403&pid=crid://movida.bebanjo.net/mas/version/77937/006/POSTWATERSHED2100/C&start=2026-09-20T01:05:00+0000&duration=PT1H5M from server.
Fetching https://www.freeview.co.uk/api/program?sid=49&nid=64403&pid=crid://csi.digitaluk.co.uk/1ed784ce-a5c2-46e6-9565-11a9dd640338&start=2026-09-20T02:10:00+0000&duration=PT55M from server.
Fetching https://www.freeview.co.uk/api/program?sid=49&nid=64403&pid=crid://csi.digitaluk.co.uk/2ab54275-7ee0-4c32-aff2-5219b7454b17&start=2026-09-20T03:05:00+0000&duration=PT55M from server.
Fetching https://www.freeview.co.uk/api/program?sid=49&nid=64403&pid=crid://csi.digitaluk.co.uk/f9afba69-3938-4dd2-a05f-f48a03e75017&start=2026-09-20T04:00:00+0000&duration=PT2H from server.
Fetching https://www.freeview.co.uk/api/program?sid=49&nid=64403&pid=crid://csi.digitaluk.co.uk/fcd9cf5a-9b94-437c-a52e-4e23d6dd49a8&start=2026-09-20T06:00:00+0000&duration=PT2H from server.
Fetching https://www.freeview.co.uk/api/program?sid=49&nid=64403&pid=crid://csi.digitaluk.co.uk/2c28f9f5-cf74-4fd6-b196-d288605af4ba&start=2026-09-20T08:00:00+0000&duration=PT30M from server.
Fetching https://www.freeview.co.uk/api/program?sid=49&nid=64403&pid=crid://csi.digitaluk.co.uk/55918a31-89ec-4afb-9816-f172634069c2&start=2026-09-20T08:30:00+0000&duration=PT30M from server.
Fetching https://www.freeview.co.uk/api/program?sid=49&nid=64403&pid=crid://csi.digitaluk.co.uk/39a94c8d-70bb-45ef-aa1b-474de3ac4efd&start=2026-09-20T09:00:00+0000&duration=PT30M from server.
Fetching https://www.freeview.co.uk/api/program?sid=49&nid=64403&pid=crid://csi.digitaluk.co.uk/060c872d-213f-452c-8e02-a1d7a568da6f&start=2026-09-20T09:30:00+0000&duration=PT30M from server.
Fetching https://www.freeview.co.uk/api/program?sid=49&nid=64403&pid=crid://csi.digitaluk.co.uk/d2c8ee75-62a3-4315-a525-0b96c3bba475&start=2026-09-20T10:00:00+0000&duration=PT30M from server.
Fetching https://www.freeview.co.uk/api/program?sid=49&nid=64403&pid=crid://csi.digitaluk.co.uk/a620a88f-42e6-473c-81ad-cc07d0f2e1b1&start=2026-09-20T10:30:00+0000&duration=PT30M from server.
Fetching https://www.freeview.co.uk/api/program?sid=49&nid=64403&pid=crid://movida.bebanjo.net/mas/version/77206/032/ASDELIVERED/C&start=2026-09-20T11:00:00+0000&duration=PT30M from server.
Fetching https://www.freeview.co.uk/api/program?sid=49&nid=64403&pid=crid://movida.bebanjo.net/mas/version/77206/033/ASDELIVERED/C&start=2026-09-20T11:30:00+0000&duration=PT30M from server.
Fetching https://www.freeview.co.uk/api/program?sid=49&nid=64403&pid=crid://movida.bebanjo.net/mas/version/77206/034/ASDELIVERED/C&start=2026-09-20T12:00:00+0000&duration=PT30M from server.
Fetching https://www.freeview.co.uk/api/program?sid=49&nid=64403&pid=crid://movida.bebanjo.net/mas/version/77206/035/ASDELIVERED/C&start=2026-09-20T12:30:00+0000&duration=PT30M from server.
Fetching https://www.freeview.co.uk/api/program?sid=49&nid=64403&pid=crid://csi.digitaluk.co.uk/b43ff4b8-c9d3-443f-96c2-4910d0a8bfeb&start=2026-09-20T13:00:00+0000&duration=PT1H from server.
Fetching https://www.freeview.co.uk/api/program?sid=49&nid=64403&pid=crid://movida.bebanjo.net/mas/version/77321/001/ASDELIVERED/C&start=2026-09-20T14:00:00+0000&duration=PT1H from server.
Fetching https://www.freeview.co.uk/api/program?sid=49&nid=64403&pid=crid://csi.digitaluk.co.uk/94bc1f00-6bbe-4e57-aa13-186f5f4615b1&start=2026-09-20T15:00:00+0000&duration=PT1H from server.
Fetching https://www.freeview.co.uk/api/program?sid=49&nid=64403&pid=crid://csi.digitaluk.co.uk/0cf437ac-be4d-4f93-92b5-162853ace24c&start=2026-09-20T16:00:00+0000&duration=PT1H from server.
Fetching https://www.freeview.co.uk/api/program?sid=49&nid=64403&pid=crid://csi.digitaluk.co.uk/c3817fe2-4be4-4bc6-a0d7-187f8fed0872&start=2026-09-20T17:00:00+0000&duration=PT1H from server.
Fetching https://www.freeview.co.uk/api/program?sid=49&nid=64403&pid=crid://csi.digitaluk.co.uk/1c979804-9be7-43e1-a694-0d651b772625&start=2026-09-20T18:00:00+0000&duration=PT1H from server.
Fetching https://www.freeview.co.uk/api/program?sid=49&nid=64403&pid=crid://csi.digitaluk.co.uk/4049ea41-f05a-4392-a209-efca2bcdc6ff&start=2026-09-20T19:00:00+0000&duration=PT1H from server.
Fetching https://www.freeview.co.uk/api/program?sid=49&nid=64403&pid=crid://csi.digitaluk.co.uk/9369e7fb-4b19-4736-a103-0a396b76ba6a&start=2026-09-20T20:00:00+0000&duration=PT1H from server.
Fetching https://www.freeview.co.uk/api/program?sid=49&nid=64403&pid=crid://csi.digitaluk.co.uk/673045a5-19c4-4855-88d7-9f961e1086e6&start=2026-09-20T21:00:00+0000&duration=PT2H25M from server.
Fetching https://www.freeview.co.uk/api/program?sid=49&nid=64403&pid=crid://csi.digitaluk.co.uk/3bec1192-ce6e-4dfe-8cfa-2916f61f0db5&start=2026-09-20T23:25:00+0000&duration=PT1H from server.
## Wanted 14384 
Fetching https://www.freeview.co.uk/api/program?sid=64&nid=64403&pid=crid://csi.digitaluk.co.uk/f020b142-9c78-4a21-800f-36eae1661b31&start=2026-09-20T00:00:00+0000&duration=PT1H from server.
Fetching https://www.freeview.co.uk/api/program?sid=64&nid=64403&pid=crid://csi.digitaluk.co.uk/f0a9dda5-502a-4cc9-b8d6-4e2c23c9392c&start=2026-09-20T01:00:00+0000&duration=PT1H from server.
Fetching https://www.freeview.co.uk/api/program?sid=64&nid=64403&pid=crid://csi.digitaluk.co.uk/9ccdbb43-dfa9-4445-88f5-266944265d68&start=2026-09-20T02:00:00+0000&duration=PT1H from server.
Fetching https://www.freeview.co.uk/api/program?sid=64&nid=64403&pid=crid://csi.digitaluk.co.uk/0d3573f0-f9b9-4717-b6eb-72d4a1d2f11b&start=2026-09-20T03:00:00+0000&duration=PT1H from server.
Fetching https://www.freeview.co.uk/api/program?sid=64&nid=64403&pid=crid://csi.digitaluk.co.uk/226e9f9a-b830-4f8f-934a-52401851409e&start=2026-09-20T04:00:00+0000&duration=PT1H from server.
Fetching https://www.freeview.co.uk/api/program?sid=64&nid=64403&pid=crid://csi.digitaluk.co.uk/a28f8bf4-da26-4cd7-ad44-28383aeb0794&start=2026-09-20T05:00:00+0000&duration=PT25M from server.
Fetching https://www.freeview.co.uk/api/program?sid=64&nid=64403&pid=crid://csi.digitaluk.co.uk/603adc6a-238b-44ed-a104-228bf2584331&start=2026-09-20T05:25:00+0000&duration=PT20M from server.
Fetching https://www.freeview.co.uk/api/program?sid=64&nid=64403&pid=crid://csi.digitaluk.co.uk/ea14f15b-b121-43ff-a805-5f0d3a9734d2&start=2026-09-20T05:45:00+0000&duration=PT25M from server.
Fetching https://www.freeview.co.uk/api/program?sid=64&nid=64403&pid=crid://csi.digitaluk.co.uk/e9754740-c1c6-49ab-8472-37685903368c&start=2026-09-20T06:10:00+0000&duration=PT20M from server.
Fetching https://www.freeview.co.uk/api/program?sid=64&nid=64403&pid=crid://csi.digitaluk.co.uk/0f2c173e-6dca-40bc-8c25-c9ff3d36bbc6&start=2026-09-20T06:30:00+0000&duration=PT25M from server.
Fetching https://www.freeview.co.uk/api/program?sid=64&nid=64403&pid=crid://csi.digitaluk.co.uk/92bedbcd-4275-4b1d-9357-f6136aeba906&start=2026-09-20T06:55:00+0000&duration=PT25M from server.
Fetching https://www.freeview.co.uk/api/program?sid=64&nid=64403&pid=crid://csi.digitaluk.co.uk/20c2f7a8-58d2-4267-930a-cb9a8b74af87&start=2026-09-20T07:20:00+0000&duration=PT30M from server.
Fetching https://www.freeview.co.uk/api/program?sid=64&nid=64403&pid=crid://csi.digitaluk.co.uk/33845295-2cdc-4d37-87cc-d27462a8d6bd&start=2026-09-20T07:50:00+0000&duration=PT25M from server.
Fetching https://www.freeview.co.uk/api/program?sid=64&nid=64403&pid=crid://csi.digitaluk.co.uk/820e1585-03db-4816-b53a-8a90a28b4c14&start=2026-09-20T08:15:00+0000&duration=PT30M from server.
Fetching https://www.freeview.co.uk/api/program?sid=64&nid=64403&pid=crid://csi.digitaluk.co.uk/a9e46eb2-9e51-4c99-97ef-4f83a99aac38&start=2026-09-20T08:45:00+0000&duration=PT25M from server.
Fetching https://www.freeview.co.uk/api/program?sid=64&nid=64403&pid=crid://csi.digitaluk.co.uk/7632e2fe-7496-4afb-b57e-82aa8779fc19&start=2026-09-20T09:10:00+0000&duration=PT1H from server.
Fetching https://www.freeview.co.uk/api/program?sid=64&nid=64403&pid=crid://csi.digitaluk.co.uk/8b57a3a3-b6bf-4960-a178-ea50a5a46c9c&start=2026-09-20T10:10:00+0000&duration=PT55M from server.
Fetching https://www.freeview.co.uk/api/program?sid=64&nid=64403&pid=crid://csi.digitaluk.co.uk/19e28341-adb8-489b-af61-efa8852b24ed&start=2026-09-20T11:05:00+0000&duration=PT30M from server.
Fetching https://www.freeview.co.uk/api/program?sid=64&nid=64403&pid=crid://csi.digitaluk.co.uk/1f67e319-691e-4985-a74c-61257b984d9f&start=2026-09-20T11:35:00+0000&duration=PT30M from server.
Fetching https://www.freeview.co.uk/api/program?sid=64&nid=64403&pid=crid://csi.digitaluk.co.uk/bfb43922-fbdf-43e1-b904-de3ff78f4e93&start=2026-09-20T12:05:00+0000&duration=PT30M from server.
Fetching https://www.freeview.co.uk/api/program?sid=64&nid=64403&pid=crid://csi.digitaluk.co.uk/2229e87e-4093-4500-bc6e-a6be2d9a8444&start=2026-09-20T12:35:00+0000&duration=PT30M from server.
Fetching https://www.freeview.co.uk/api/program?sid=64&nid=64403&pid=crid://csi.digitaluk.co.uk/fc19cf1e-95a3-45b6-8244-7a4d2f3349fc&start=2026-09-20T13:05:00+0000&duration=PT30M from server.
Fetching https://www.freeview.co.uk/api/program?sid=64&nid=64403&pid=crid://csi.digitaluk.co.uk/8cef4461-93db-44db-addf-dbca044cd0b5&start=2026-09-20T13:35:00+0000&duration=PT25M from server.
Fetching https://www.freeview.co.uk/api/program?sid=64&nid=64403&pid=crid://csi.digitaluk.co.uk/1c846f50-149f-4db4-a008-3bca21987b3a&start=2026-09-20T14:00:00+0000&duration=PT30M from server.
Fetching https://www.freeview.co.uk/api/program?sid=64&nid=64403&pid=crid://csi.digitaluk.co.uk/d05dba94-afa6-4d5b-b18b-f04771d226a1&start=2026-09-20T14:30:00+0000&duration=PT2H35M from server.
Fetching https://www.freeview.co.uk/api/program?sid=64&nid=64403&pid=crid://csi.digitaluk.co.uk/d530da85-6d46-4d98-87bd-73064bb051d2&start=2026-09-20T17:05:00+0000&duration=PT1H55M from server.
Fetching https://www.freeview.co.uk/api/program?sid=64&nid=64403&pid=crid://csi.digitaluk.co.uk/bed594c5-e895-4293-9981-ede693f80774&start=2026-09-20T19:00:00+0000&duration=PT1H from server.
Fetching https://www.freeview.co.uk/api/program?sid=64&nid=64403&pid=crid://csi.digitaluk.co.uk/358af558-3bbe-463a-8f28-8ef50f2a969b&start=2026-09-20T20:00:00+0000&duration=PT1H from server.
Fetching https://www.freeview.co.uk/api/program?sid=64&nid=64403&pid=crid://csi.digitaluk.co.uk/f2d861ae-e25f-401d-ae87-2fa7b80ab317&start=2026-09-20T21:00:00+0000&duration=PT1H from server.
Fetching https://www.freeview.co.uk/api/program?sid=64&nid=64403&pid=crid://csi.digitaluk.co.uk/e9c97557-9bf8-4e63-8d78-b14764c6b500&start=2026-09-20T22:00:00+0000&duration=PT1H from server.
Fetching https://www.freeview.co.uk/api/program?sid=64&nid=64403&pid=crid://csi.digitaluk.co.uk/1d7815cb-38cd-4819-91fd-282b15623763&start=2026-09-20T23:00:00+0000&duration=PT1H from server.
### Wanted 17856 
Fetching https://www.freeview.co.uk/api/program?sid=103&nid=64403&pid=crid://csi.digitaluk.co.uk/2a3c0a4b-efe2-45be-9863-218749c9868b&start=2026-09-20T00:30:00+0000&duration=PT1H30M from server.
Fetching https://www.freeview.co.uk/api/program?sid=103&nid=64403&pid=crid://csi.digitaluk.co.uk/2344bbaf-fe71-4ce8-8c98-419925c5bec5&start=2026-09-20T02:00:00+0000&duration=PT50M from server.
Fetching https://www.freeview.co.uk/api/program?sid=103&nid=64403&pid=crid://csi.digitaluk.co.uk/6ca6d951-c91b-48ae-bb9b-19b6e594255e&start=2026-09-20T02:50:00+0000&duration=PT1H15M from server.
Fetching https://www.freeview.co.uk/api/program?sid=103&nid=64403&pid=crid://csi.digitaluk.co.uk/73cf50ed-5303-4b66-8d83-617b6f8b4cc6&start=2026-09-20T04:05:00+0000&duration=PT55M from server.
Fetching https://www.freeview.co.uk/api/program?sid=103&nid=64403&pid=crid://csi.digitaluk.co.uk/4391744a-8e6d-4189-afba-096aa38a2ed5&start=2026-09-20T05:00:00+0000&duration=PT1H from server.
Fetching https://www.freeview.co.uk/api/program?sid=103&nid=64403&pid=crid://csi.digitaluk.co.uk/39d8405a-b422-4793-8e9c-616b6611a6f8&start=2026-09-20T06:00:00+0000&duration=PT2H25M from server.
Fetching https://www.freeview.co.uk/api/program?sid=103&nid=64403&pid=crid://csi.digitaluk.co.uk/bd5112be-dfbf-42a8-850b-ddb0f312c68d&start=2026-09-20T08:25:00+0000&duration=PT5M from server.
Fetching https://www.freeview.co.uk/api/program?sid=103&nid=64403&pid=crid://csi.digitaluk.co.uk/a3df0938-2c6b-4ab2-970a-1964654eb476&start=2026-09-20T08:30:00+0000&duration=PT1H55M from server.
Fetching https://www.freeview.co.uk/api/program?sid=103&nid=64403&pid=crid://csi.digitaluk.co.uk/a650bf0a-e1d4-4de7-b46f-6c5da5a986f3&start=2026-09-20T10:25:00+0000&duration=PT1H5M from server.
Fetching https://www.freeview.co.uk/api/program?sid=103&nid=64403&pid=crid://csi.digitaluk.co.uk/618419ce-ec1c-4e1a-922a-8c8ad9ab09bc&start=2026-09-20T11:30:00+0000&duration=PT30M from server.
Fetching https://www.freeview.co.uk/api/program?sid=103&nid=64403&pid=crid://csi.digitaluk.co.uk/3b9d3d72-d668-4554-a869-9b7b575775fc&start=2026-09-20T12:00:00+0000&duration=PT30M from server.
Fetching https://www.freeview.co.uk/api/program?sid=103&nid=64403&pid=crid://csi.digitaluk.co.uk/88040bb4-994d-42b5-9be1-45e0f5b4a957&start=2026-09-20T12:30:00+0000&duration=PT10M from server.
Fetching https://www.freeview.co.uk/api/program?sid=103&nid=64403&pid=crid://csi.digitaluk.co.uk/f4cf92f0-9cd7-4d3b-92f1-d377d3045323&start=2026-09-20T12:40:00+0000&duration=PT2H20M from server.
Fetching https://www.freeview.co.uk/api/program?sid=103&nid=64403&pid=crid://csi.digitaluk.co.uk/ba182459-d7c5-4d06-8409-b60f59299ecb&start=2026-09-20T15:00:00+0000&duration=PT2H30M from server.
Fetching https://www.freeview.co.uk/api/program?sid=103&nid=64403&pid=crid://csi.digitaluk.co.uk/daa11017-e019-4c2a-915f-a4602d4aabf4&start=2026-09-20T17:30:00+0000&duration=PT15M from server.
Fetching https://www.freeview.co.uk/api/program?sid=103&nid=64403&pid=crid://csi.digitaluk.co.uk/beac1c0d-a504-4a9b-b1e3-dc6163b929ee&start=2026-09-20T17:45:00+0000&duration=PT15M from server.
Fetching https://www.freeview.co.uk/api/program?sid=103&nid=64403&pid=crid://csi.digitaluk.co.uk/f44449c9-f096-4134-9d73-9ee7b90a4b9b&start=2026-09-20T18:00:00+0000&duration=PT1H from server.
Fetching https://www.freeview.co.uk/api/program?sid=103&nid=64403&pid=crid://csi.digitaluk.co.uk/1d00b7c2-e88f-4a08-9bcc-e6ee63c0f938&start=2026-09-20T19:00:00+0000&duration=PT1H from server.
Fetching https://www.freeview.co.uk/api/program?sid=103&nid=64403&pid=crid://csi.digitaluk.co.uk/8d8a02ea-0dc9-4b42-88ff-d332551ae9b0&start=2026-09-20T20:00:00+0000&duration=PT1H from server.
Fetching https://www.freeview.co.uk/api/program?sid=103&nid=64403&pid=crid://csi.digitaluk.co.uk/2ccc2bcf-3c49-45a5-8c29-52adb5ac7a4b&start=2026-09-20T21:00:00+0000&duration=PT15M from server.
Fetching https://www.freeview.co.uk/api/program?sid=103&nid=64403&pid=crid://csi.digitaluk.co.uk/c64a7c88-382e-4efb-b704-869262cd2830&start=2026-09-20T21:15:00+0000&duration=PT1H30M from server.
Fetching https://www.freeview.co.uk/api/program?sid=103&nid=64403&pid=crid://csi.digitaluk.co.uk/6548e865-91e3-4bcd-9eee-70235e8953da&start=2026-09-20T22:45:00+0000&duration=PT55M from server.
Fetching https://www.freeview.co.uk/api/program?sid=103&nid=64403&pid=crid://csi.digitaluk.co.uk/80ced18a-e1fe-40cb-be8c-68b36579a382&start=2026-09-20T23:40:00+0000&duration=PT2H20M from server.
## Wanted 22080 
Fetching https://www.freeview.co.uk/api/program?sid=233&nid=64403&pid=crid://csi.digitaluk.co.uk/ce368503-1f6c-4f0d-825b-08d0a9933016&start=2026-09-20T00:00:00+0000&duration=PT1H from server.
Fetching https://www.freeview.co.uk/api/program?sid=233&nid=64403&pid=crid://csi.digitaluk.co.uk/aed07ff1-38b8-4546-b488-da12d1783520&start=2026-09-20T01:00:00+0000&duration=PT1H from server.
Fetching https://www.freeview.co.uk/api/program?sid=233&nid=64403&pid=crid://csi.digitaluk.co.uk/a5aa825c-276a-4e44-85cf-afb2e2b63445&start=2026-09-20T02:00:00+0000&duration=PT1H from server.
Fetching https://www.freeview.co.uk/api/program?sid=233&nid=64403&pid=crid://csi.digitaluk.co.uk/7e26497b-84e7-46a8-94b1-d45e2269685e&start=2026-09-20T03:00:00+0000&duration=PT1H from server.
Fetching https://www.freeview.co.uk/api/program?sid=233&nid=64403&pid=crid://csi.digitaluk.co.uk/f72d508a-da6d-491a-a443-5d2cf056036c&start=2026-09-20T04:00:00+0000&duration=PT1H from server.
Fetching https://www.freeview.co.uk/api/program?sid=233&nid=64403&pid=crid://csi.digitaluk.co.uk/a7d49bce-9046-4f45-a7cc-dc8953a198d9&start=2026-09-20T05:00:00+0000&duration=PT30M from server.
Fetching https://www.freeview.co.uk/api/program?sid=233&nid=64403&pid=crid://csi.digitaluk.co.uk/56b8ad31-5404-4ab4-a37f-2d27d114f7c8&start=2026-09-20T05:30:00+0000&duration=PT30M from server.
Fetching https://www.freeview.co.uk/api/program?sid=233&nid=64403&pid=crid://csi.digitaluk.co.uk/b7b9c581-6651-444b-95a9-105633752629&start=2026-09-20T06:00:00+0000&duration=PT30M from server.
Fetching https://www.freeview.co.uk/api/program?sid=233&nid=64403&pid=crid://csi.digitaluk.co.uk/962fa83d-1cd5-4ef1-a6f2-3bfe3b7a0a8c&start=2026-09-20T06:30:00+0000&duration=PT30M from server.
Fetching https://www.freeview.co.uk/api/program?sid=233&nid=64403&pid=crid://csi.digitaluk.co.uk/ad13d009-e1a7-4654-a1c6-eb4216d356ef&start=2026-09-20T07:00:00+0000&duration=PT30M from server.
Fetching https://www.freeview.co.uk/api/program?sid=233&nid=64403&pid=crid://csi.digitaluk.co.uk/3bab4ccf-52ab-438e-a222-e5a9ccefb510&start=2026-09-20T07:30:00+0000&duration=PT1H30M from server.
Fetching https://www.freeview.co.uk/api/program?sid=233&nid=64403&pid=crid://csi.digitaluk.co.uk/c0cc7756-621c-4982-a9ce-3857f6b8fc29&start=2026-09-20T09:00:00+0000&duration=PT30M from server.
Fetching https://www.freeview.co.uk/api/program?sid=233&nid=64403&pid=crid://csi.digitaluk.co.uk/2d9fb12d-4034-4758-94c9-b507a2e9ddc0&start=2026-09-20T09:30:00+0000&duration=PT30M from server.
Fetching https://www.freeview.co.uk/api/program?sid=233&nid=64403&pid=crid://csi.digitaluk.co.uk/b9252220-b460-4bf8-bec3-5d50d7d63a72&start=2026-09-20T10:00:00+0000&duration=PT30M from server.
Fetching https://www.freeview.co.uk/api/program?sid=233&nid=64403&pid=crid://csi.digitaluk.co.uk/fdcdfab2-1a60-480d-acef-495c0a6d728d&start=2026-09-20T10:30:00+0000&duration=PT30M from server.
Fetching https://www.freeview.co.uk/api/program?sid=233&nid=64403&pid=crid://csi.digitaluk.co.uk/44a3bbea-884a-46a1-8b1a-8e966444fe70&start=2026-09-20T11:00:00+0000&duration=PT30M from server.
Fetching https://www.freeview.co.uk/api/program?sid=233&nid=64403&pid=crid://csi.digitaluk.co.uk/72edbfb5-3c8b-4135-aff9-4b02d0bdaa0e&start=2026-09-20T11:30:00+0000&duration=PT30M from server.
Fetching https://www.freeview.co.uk/api/program?sid=233&nid=64403&pid=crid://csi.digitaluk.co.uk/461361b3-cc7a-441a-b65f-fa952e61536d&start=2026-09-20T12:00:00+0000&duration=PT30M from server.
Fetching https://www.freeview.co.uk/api/program?sid=233&nid=64403&pid=crid://csi.digitaluk.co.uk/7778b64f-4220-4bc8-8e3b-2cd56e5dc055&start=2026-09-20T12:30:00+0000&duration=PT30M from server.
Fetching https://www.freeview.co.uk/api/program?sid=233&nid=64403&pid=crid://csi.digitaluk.co.uk/c0faf8d1-3125-44ef-a250-31c6a8490b2a&start=2026-09-20T13:00:00+0000&duration=PT30M from server.
Fetching https://www.freeview.co.uk/api/program?sid=233&nid=64403&pid=crid://csi.digitaluk.co.uk/a789e577-d22f-4842-8e3e-5b2c190fa1a0&start=2026-09-20T13:30:00+0000&duration=PT30M from server.
Fetching https://www.freeview.co.uk/api/program?sid=233&nid=64403&pid=crid://csi.digitaluk.co.uk/07e764dc-47ce-4e0f-873e-3c54d903a5b1&start=2026-09-20T14:00:00+0000&duration=PT30M from server.
Fetching https://www.freeview.co.uk/api/program?sid=233&nid=64403&pid=crid://csi.digitaluk.co.uk/ce175cf1-9462-46cf-8a1e-2716389a36fc&start=2026-09-20T14:30:00+0000&duration=PT30M from server.
Fetching https://www.freeview.co.uk/api/program?sid=233&nid=64403&pid=crid://csi.digitaluk.co.uk/adde32e8-fafe-442e-a96c-8a8ee9e21089&start=2026-09-20T15:00:00+0000&duration=PT30M from server.
Fetching https://www.freeview.co.uk/api/program?sid=233&nid=64403&pid=crid://csi.digitaluk.co.uk/a128d7fa-0b17-4a4a-b730-f1cb2f7cd773&start=2026-09-20T15:30:00+0000&duration=PT30M from server.
Fetching https://www.freeview.co.uk/api/program?sid=233&nid=64403&pid=crid://csi.digitaluk.co.uk/dac42ba9-bb1d-4e18-a4b1-d2f680bbddd3&start=2026-09-20T16:00:00+0000&duration=PT30M from server.
Fetching https://www.freeview.co.uk/api/program?sid=233&nid=64403&pid=crid://csi.digitaluk.co.uk/36de22a4-e251-40d0-9d0d-b47f27a52070&start=2026-09-20T16:30:00+0000&duration=PT30M from server.
Fetching https://www.freeview.co.uk/api/program?sid=233&nid=64403&pid=crid://csi.digitaluk.co.uk/4b3c522e-da47-422d-a1be-a8bdbfe49f83&start=2026-09-20T17:00:00+0000&duration=PT30M from server.
Fetching https://www.freeview.co.uk/api/program?sid=233&nid=64403&pid=crid://csi.digitaluk.co.uk/7850a01f-65bc-4fba-b5a2-8bf508b0db23&start=2026-09-20T17:30:00+0000&duration=PT30M from server.
Fetching https://www.freeview.co.uk/api/program?sid=233&nid=64403&pid=crid://csi.digitaluk.co.uk/835d63b8-1e13-42da-99fb-33bddbed80d9&start=2026-09-20T18:00:00+0000&duration=PT30M from server.
Fetching https://www.freeview.co.uk/api/program?sid=233&nid=64403&pid=crid://csi.digitaluk.co.uk/0c14a825-b298-4755-ae90-42674857da66&start=2026-09-20T18:30:00+0000&duration=PT30M from server.
Fetching https://www.freeview.co.uk/api/program?sid=233&nid=64403&pid=crid://csi.digitaluk.co.uk/ec3c3d96-e787-4d8b-b11d-402224731bc2&start=2026-09-20T19:00:00+0000&duration=PT30M from server.
Fetching https://www.freeview.co.uk/api/program?sid=233&nid=64403&pid=crid://csi.digitaluk.co.uk/feab31cc-3427-431e-abb6-8a3dcafb2d0e&start=2026-09-20T19:30:00+0000&duration=PT30M from server.
Fetching https://www.freeview.co.uk/api/program?sid=233&nid=64403&pid=crid://csi.digitaluk.co.uk/b95c9c13-7b16-40c3-a339-06c0a58b86e3&start=2026-09-20T20:00:00+0000&duration=PT30M from server.
Fetching https://www.freeview.co.uk/api/program?sid=233&nid=64403&pid=crid://csi.digitaluk.co.uk/027c9e44-c4f9-4031-a371-13012cd1331f&start=2026-09-20T20:30:00+0000&duration=PT30M from server.
Fetching https://www.freeview.co.uk/api/program?sid=233&nid=64403&pid=crid://csi.digitaluk.co.uk/e992d233-86ce-492d-b5e4-6b3287bb12e1&start=2026-09-20T21:00:00+0000&duration=PT30M from server.
Fetching https://www.freeview.co.uk/api/program?sid=233&nid=64403&pid=crid://csi.digitaluk.co.uk/02378264-4f35-4c7f-ba3d-1e5ccdc1ce97&start=2026-09-20T21:30:00+0000&duration=PT30M from server.
Fetching https://www.freeview.co.uk/api/program?sid=233&nid=64403&pid=crid://csi.digitaluk.co.uk/5554253b-fc16-4b7f-a79d-442d17c0365e&start=2026-09-20T22:00:00+0000&duration=PT30M from server.
Fetching https://www.freeview.co.uk/api/program?sid=233&nid=64403&pid=crid://csi.digitaluk.co.uk/887a20a1-8a11-490a-97f3-600b8d158b66&start=2026-09-20T22:30:00+0000&duration=PT30M from server.
Fetching https://www.freeview.co.uk/api/program?sid=233&nid=64403&pid=crid://csi.digitaluk.co.uk/009ba5a3-17c0-47ed-b34f-398c4617dece&start=2026-09-20T23:00:00+0000&duration=PT1H from server.
###
