tv_grab_uk_freeview, 2026-09-04 23:34:36
----------------------------------------
getting list of channels:  URL= https://www.freeview.co.uk/api/channel-list?nid=64403 
Fetching https://www.freeview.co.uk/api/channel-list?nid=64403 from server.
##################################################
using cache '/home/runner/work/xmltv/xmltv/scripts//.xmltv/cache' 
using channel format 'number' 
using region id '64403' 
using icon ch string '?w=160' 
using icon pg string '?w=800' 
fetch 20 channels 
start/end grab: 1789084800 1789171200 
getting listings:  URL= https://www.freeview.co.uk/api/tv-guide?nid=64403&start=1789084800 
Fetching https://www.freeview.co.uk/api/tv-guide?nid=64403&start=1789084800 from server.
 Wanted 8384 
Fetching https://www.freeview.co.uk/api/program?sid=4&nid=64403&pid=crid://movida.bebanjo.net/mas/version/78331/001/ASDELIVERED/C&start=2026-09-11T00:00:00+0000&duration=PT55M from server.
Fetching https://www.freeview.co.uk/api/program?sid=4&nid=64403&pid=crid://csi.digitaluk.co.uk/94d0f1e5-6493-4447-acfe-a9cd457a3da0&start=2026-09-11T00:55:00+0000&duration=PT50M from server.
Fetching https://www.freeview.co.uk/api/program?sid=4&nid=64403&pid=crid://csi.digitaluk.co.uk/8e68471d-be18-4008-9e41-c17a37bae451&start=2026-09-11T01:45:00+0000&duration=PT1H50M from server.
Fetching https://www.freeview.co.uk/api/program?sid=4&nid=64403&pid=crid://csi.digitaluk.co.uk/aca4f2f7-eb30-4878-b7c0-6b30118a5ef9&start=2026-09-11T03:35:00+0000&duration=PT20M from server.
Fetching https://www.freeview.co.uk/api/program?sid=4&nid=64403&pid=crid://csi.digitaluk.co.uk/409dfaa5-18b4-4b6b-ba3e-705f30ab9a79&start=2026-09-11T03:55:00+0000&duration=PT55M from server.
Fetching https://www.freeview.co.uk/api/program?sid=4&nid=64403&pid=crid://movida.bebanjo.net/mas/version/77002/114/ASDELIVERED/C&start=2026-09-11T04:50:00+0000&duration=PT40M from server.
Fetching https://www.freeview.co.uk/api/program?sid=4&nid=64403&pid=crid://csi.digitaluk.co.uk/6726686f-afa5-4c6f-8e6a-47ea113337ec&start=2026-09-11T05:30:00+0000&duration=PT25M from server.
Fetching https://www.freeview.co.uk/api/program?sid=4&nid=64403&pid=crid://csi.digitaluk.co.uk/39eda14e-b21f-4e6b-a911-474129a3dc32&start=2026-09-11T05:55:00+0000&duration=PT25M from server.
Fetching https://www.freeview.co.uk/api/program?sid=4&nid=64403&pid=crid://csi.digitaluk.co.uk/412b0305-b797-465c-8de8-53dd837110e2&start=2026-09-11T06:20:00+0000&duration=PT25M from server.
Fetching https://www.freeview.co.uk/api/program?sid=4&nid=64403&pid=crid://csi.digitaluk.co.uk/cac3eac0-0af2-4629-8458-3592ba21a37d&start=2026-09-11T06:45:00+0000&duration=PT25M from server.
Fetching https://www.freeview.co.uk/api/program?sid=4&nid=64403&pid=crid://csi.digitaluk.co.uk/2ea4ee79-8a32-44c6-9129-f84dcf7284c1&start=2026-09-11T07:10:00+0000&duration=PT30M from server.
Fetching https://www.freeview.co.uk/api/program?sid=4&nid=64403&pid=crid://csi.digitaluk.co.uk/38debcab-50a9-4471-b3cf-3cff65294f70&start=2026-09-11T07:40:00+0000&duration=PT30M from server.
Fetching https://www.freeview.co.uk/api/program?sid=4&nid=64403&pid=crid://csi.digitaluk.co.uk/664d871e-9a47-4ac3-b35b-525763c5738f&start=2026-09-11T08:10:00+0000&duration=PT30M from server.
Fetching https://www.freeview.co.uk/api/program?sid=4&nid=64403&pid=crid://csi.digitaluk.co.uk/2b138a1d-644e-4433-8480-13ca47e45c49&start=2026-09-11T08:40:00+0000&duration=PT30M from server.
Fetching https://www.freeview.co.uk/api/program?sid=4&nid=64403&pid=crid://csi.digitaluk.co.uk/455592e9-1d33-447e-8228-dc2f8b028aca&start=2026-09-11T09:10:00+0000&duration=PT30M from server.
Fetching https://www.freeview.co.uk/api/program?sid=4&nid=64403&pid=crid://csi.digitaluk.co.uk/9e099a1d-c329-4c19-b008-136721f6aeeb&start=2026-09-11T09:40:00+0000&duration=PT30M from server.
Fetching https://www.freeview.co.uk/api/program?sid=4&nid=64403&pid=crid://csi.digitaluk.co.uk/2000fd0e-c08f-4cfc-8319-c6f97ceb907c&start=2026-09-11T10:10:00+0000&duration=PT55M from server.
Fetching https://www.freeview.co.uk/api/program?sid=4&nid=64403&pid=crid://csi.digitaluk.co.uk/0ef169f0-ae16-4a67-8ecd-2f337ecb52f3&start=2026-09-11T11:05:00+0000&duration=PT5M from server.
Fetching https://www.freeview.co.uk/api/program?sid=4&nid=64403&pid=crid://csi.digitaluk.co.uk/f0fc781c-1181-4456-968b-e34322c2c5a2&start=2026-09-11T11:10:00+0000&duration=PT1H from server.
Fetching https://www.freeview.co.uk/api/program?sid=4&nid=64403&pid=crid://csi.digitaluk.co.uk/7474ae77-d56d-403f-95c7-0f0cc19ac048&start=2026-09-11T12:10:00+0000&duration=PT1H from server.
Fetching https://www.freeview.co.uk/api/program?sid=4&nid=64403&pid=crid://csi.digitaluk.co.uk/7c4f75a3-1c4c-43e9-a9cb-ca466450d8c5&start=2026-09-11T13:10:00+0000&duration=PT50M from server.
Fetching https://www.freeview.co.uk/api/program?sid=4&nid=64403&pid=crid://csi.digitaluk.co.uk/870bce35-86ae-46fc-b56d-a26f73a05562&start=2026-09-11T14:00:00+0000&duration=PT1H from server.
Fetching https://www.freeview.co.uk/api/program?sid=4&nid=64403&pid=crid://csi.digitaluk.co.uk/cb5f5e9a-2818-4921-bfa0-93b81c1bf219&start=2026-09-11T15:00:00+0000&duration=PT1H from server.
Fetching https://www.freeview.co.uk/api/program?sid=4&nid=64403&pid=crid://csi.digitaluk.co.uk/52230d61-9f94-49e0-8605-f5cc08a7068a&start=2026-09-11T16:00:00+0000&duration=PT30M from server.
Fetching https://www.freeview.co.uk/api/program?sid=4&nid=64403&pid=crid://csi.digitaluk.co.uk/933a0b8f-bc5b-48e6-96ff-6863100d08fe&start=2026-09-11T16:30:00+0000&duration=PT30M from server.
Fetching https://www.freeview.co.uk/api/program?sid=4&nid=64403&pid=crid://csi.digitaluk.co.uk/cd99679c-eb9e-4f80-8dc1-b22269607a4d&start=2026-09-11T17:00:00+0000&duration=PT1H from server.
Fetching https://www.freeview.co.uk/api/program?sid=4&nid=64403&pid=crid://csi.digitaluk.co.uk/d9094d64-ec9a-485f-bcdf-396accaaf95b&start=2026-09-11T18:00:00+0000&duration=PT1H from server.
Fetching https://www.freeview.co.uk/api/program?sid=4&nid=64403&pid=crid://csi.digitaluk.co.uk/cd2b6de7-e577-4b86-83cd-762a8e5353fd&start=2026-09-11T19:00:00+0000&duration=PT1H from server.
Fetching https://www.freeview.co.uk/api/program?sid=4&nid=64403&pid=crid://csi.digitaluk.co.uk/956a1c1c-7b56-4184-a716-cefc5dbed6e8&start=2026-09-11T20:00:00+0000&duration=PT1H from server.
Fetching https://www.freeview.co.uk/api/program?sid=4&nid=64403&pid=crid://csi.digitaluk.co.uk/86962173-23eb-49bf-af88-a8c1ea4abe37&start=2026-09-11T21:00:00+0000&duration=PT1H5M from server.
Fetching https://www.freeview.co.uk/api/program?sid=4&nid=64403&pid=crid://csi.digitaluk.co.uk/82481794-f953-491a-a65a-a8db4e1be39f&start=2026-09-11T22:05:00+0000&duration=PT1H5M from server.
Fetching https://www.freeview.co.uk/api/program?sid=4&nid=64403&pid=crid://csi.digitaluk.co.uk/08afac70-0c94-489e-a811-a97819cd64b6&start=2026-09-11T23:10:00+0000&duration=PT55M from server.
## Wanted 8500 
Fetching https://www.freeview.co.uk/api/program?sid=5&nid=64403&pid=crid://panorama.five.tv/versions/C5349600001A&start=2026-09-11T00:00:00+0000&duration=PT1H from server.
Fetching https://www.freeview.co.uk/api/program?sid=5&nid=64403&pid=crid://csi.digitaluk.co.uk/542c31cd-9d9f-40d6-8a40-14b96499b3c0&start=2026-09-11T01:00:00+0000&duration=PT55M from server.
Fetching https://www.freeview.co.uk/api/program?sid=5&nid=64403&pid=crid://csi.digitaluk.co.uk/6abe45c1-97e3-4a58-beb9-9735d0170fe5&start=2026-09-11T01:55:00+0000&duration=PT50M from server.
Fetching https://www.freeview.co.uk/api/program?sid=5&nid=64403&pid=crid://csi.digitaluk.co.uk/2c6c548f-f885-4aa0-a87e-207b5335b011&start=2026-09-11T02:45:00+0000&duration=PT50M from server.
Fetching https://www.freeview.co.uk/api/program?sid=5&nid=64403&pid=crid://csi.digitaluk.co.uk/6adffc17-f597-42a0-a6a5-016a13d00bd5&start=2026-09-11T03:35:00+0000&duration=PT25M from server.
Fetching https://www.freeview.co.uk/api/program?sid=5&nid=64403&pid=crid://csi.digitaluk.co.uk/76721519-ae4e-4ea4-acc3-8f2b4cb69270&start=2026-09-11T04:00:00+0000&duration=PT25M from server.
Fetching https://www.freeview.co.uk/api/program?sid=5&nid=64403&pid=crid://panorama.five.tv/versions/C5522700037A&start=2026-09-11T04:25:00+0000&duration=PT10M from server.
Fetching https://www.freeview.co.uk/api/program?sid=5&nid=64403&pid=crid://csi.digitaluk.co.uk/c8c4ecba-8843-4ac7-9cc0-a38379ec34b4&start=2026-09-11T04:35:00+0000&duration=PT15M from server.
Fetching https://www.freeview.co.uk/api/program?sid=5&nid=64403&pid=crid://csi.digitaluk.co.uk/80db428d-3568-4230-9ce1-b856f633441e&start=2026-09-11T04:50:00+0000&duration=PT10M from server.
Fetching https://www.freeview.co.uk/api/program?sid=5&nid=64403&pid=crid://panorama.five.tv/versions/C5216600002A&start=2026-09-11T05:00:00+0000&duration=PT5M from server.
Fetching https://www.freeview.co.uk/api/program?sid=5&nid=64403&pid=crid://panorama.five.tv/versions/C5216600003A&start=2026-09-11T05:05:00+0000&duration=PT5M from server.
Fetching https://www.freeview.co.uk/api/program?sid=5&nid=64403&pid=crid://panorama.five.tv/versions/C5392420021A&start=2026-09-11T05:10:00+0000&duration=PT5M from server.
Fetching https://www.freeview.co.uk/api/program?sid=5&nid=64403&pid=crid://panorama.five.tv/versions/C5285600018A&start=2026-09-11T05:15:00+0000&duration=PT5M from server.
Fetching https://www.freeview.co.uk/api/program?sid=5&nid=64403&pid=crid://panorama.five.tv/versions/C5182490010A&start=2026-09-11T05:20:00+0000&duration=PT15M from server.
Fetching https://www.freeview.co.uk/api/program?sid=5&nid=64403&pid=crid://panorama.five.tv/versions/C5412200006A&start=2026-09-11T05:35:00+0000&duration=PT10M from server.
Fetching https://www.freeview.co.uk/api/program?sid=5&nid=64403&pid=crid://panorama.five.tv/versions/C5216600002A&start=2026-09-11T05:45:00+0000&duration=PT5M from server.
Fetching https://www.freeview.co.uk/api/program?sid=5&nid=64403&pid=crid://panorama.five.tv/versions/C5408820049A&start=2026-09-11T05:50:00+0000&duration=PT5M from server.
Fetching https://www.freeview.co.uk/api/program?sid=5&nid=64403&pid=crid://panorama.five.tv/versions/C5463820014A&start=2026-09-11T05:55:00+0000&duration=PT15M from server.
Fetching https://www.freeview.co.uk/api/program?sid=5&nid=64403&pid=crid://panorama.five.tv/versions/C5491450010A&start=2026-09-11T06:10:00+0000&duration=PT10M from server.
Fetching https://www.freeview.co.uk/api/program?sid=5&nid=64403&pid=crid://panorama.five.tv/versions/C5536760005A&start=2026-09-11T06:20:00+0000&duration=PT10M from server.
Fetching https://www.freeview.co.uk/api/program?sid=5&nid=64403&pid=crid://panorama.five.tv/versions/C5495000005B&start=2026-09-11T06:30:00+0000&duration=PT5M from server.
Fetching https://www.freeview.co.uk/api/program?sid=5&nid=64403&pid=crid://panorama.five.tv/versions/C5144870011B&start=2026-09-11T06:35:00+0000&duration=PT5M from server.
Fetching https://www.freeview.co.uk/api/program?sid=5&nid=64403&pid=crid://panorama.five.tv/versions/C5265570033A&start=2026-09-11T06:40:00+0000&duration=PT10M from server.
Fetching https://www.freeview.co.uk/api/program?sid=5&nid=64403&pid=crid://panorama.five.tv/versions/C5463540014B&start=2026-09-11T06:50:00+0000&duration=PT15M from server.
Fetching https://www.freeview.co.uk/api/program?sid=5&nid=64403&pid=crid://panorama.five.tv/versions/C5285680046A&start=2026-09-11T07:05:00+0000&duration=PT10M from server.
Fetching https://www.freeview.co.uk/api/program?sid=5&nid=64403&pid=crid://panorama.five.tv/versions/C5528340002A&start=2026-09-11T07:15:00+0000&duration=PT15M from server.
Fetching https://www.freeview.co.uk/api/program?sid=5&nid=64403&pid=crid://panorama.five.tv/versions/C5285580005B&start=2026-09-11T07:30:00+0000&duration=PT10M from server.
Fetching https://www.freeview.co.uk/api/program?sid=5&nid=64403&pid=crid://panorama.five.tv/versions/C5157100018B&start=2026-09-11T07:40:00+0000&duration=PT5M from server.
Fetching https://www.freeview.co.uk/api/program?sid=5&nid=64403&pid=crid://panorama.five.tv/versions/C5157100019B&start=2026-09-11T07:45:00+0000&duration=PT5M from server.
Fetching https://www.freeview.co.uk/api/program?sid=5&nid=64403&pid=crid://panorama.five.tv/versions/C5157100020B&start=2026-09-11T07:50:00+0000&duration=PT5M from server.
Fetching https://www.freeview.co.uk/api/program?sid=5&nid=64403&pid=crid://panorama.five.tv/versions/C5165010011B&start=2026-09-11T07:55:00+0000&duration=PT15M from server.
Fetching https://www.freeview.co.uk/api/program?sid=5&nid=64403&pid=crid://panorama.five.tv/versions/C5483140005A&start=2026-09-11T08:10:00+0000&duration=PT5M from server.
Fetching https://www.freeview.co.uk/api/program?sid=5&nid=64403&pid=crid://panorama.five.tv/versions/C5524340180A&start=2026-09-11T08:15:00+0000&duration=PT2H15M from server.
Fetching https://www.freeview.co.uk/api/program?sid=5&nid=64403&pid=crid://panorama.five.tv/versions/C5524360180A&start=2026-09-11T10:30:00+0000&duration=PT1H15M from server.
Fetching https://www.freeview.co.uk/api/program?sid=5&nid=64403&pid=crid://panorama.five.tv/versions/C5524440175A&start=2026-09-11T11:45:00+0000&duration=PT5M from server.
Fetching https://www.freeview.co.uk/api/program?sid=5&nid=64403&pid=crid://panorama.five.tv/versions/C5526780175A&start=2026-09-11T11:50:00+0000&duration=PT1H30M from server.
Fetching https://www.freeview.co.uk/api/program?sid=5&nid=64403&pid=crid://panorama.five.tv/versions/C5500640001C&start=2026-09-11T13:20:00+0000&duration=PT1H40M from server.
Fetching https://www.freeview.co.uk/api/program?sid=5&nid=64403&pid=crid://panorama.five.tv/versions/C5226330012B&start=2026-09-11T15:00:00+0000&duration=PT55M from server.
Fetching https://www.freeview.co.uk/api/program?sid=5&nid=64403&pid=crid://panorama.five.tv/versions/C5528520029A&start=2026-09-11T15:55:00+0000&duration=PT5M from server.
Fetching https://www.freeview.co.uk/api/program?sid=5&nid=64403&pid=crid://panorama.five.tv/versions/C5524400179A&start=2026-09-11T16:00:00+0000&duration=PT1H from server.
Fetching https://www.freeview.co.uk/api/program?sid=5&nid=64403&pid=crid://panorama.five.tv/versions/C5428820002A&start=2026-09-11T17:00:00+0000&duration=PT1H from server.
Fetching https://www.freeview.co.uk/api/program?sid=5&nid=64403&pid=crid://panorama.five.tv/versions/C5541100019A&start=2026-09-11T18:00:00+0000&duration=PT1H from server.
Fetching https://www.freeview.co.uk/api/program?sid=5&nid=64403&pid=crid://panorama.five.tv/versions/C5499510001B&start=2026-09-11T19:00:00+0000&duration=PT1H from server.
Fetching https://www.freeview.co.uk/api/program?sid=5&nid=64403&pid=crid://panorama.five.tv/versions/C5477780001C&start=2026-09-11T20:00:00+0000&duration=PT1H30M from server.
Fetching https://www.freeview.co.uk/api/program?sid=5&nid=64403&pid=crid://panorama.five.tv/versions/C5527200032A&start=2026-09-11T21:30:00+0000&duration=PT1H35M from server.
Fetching https://www.freeview.co.uk/api/program?sid=5&nid=64403&pid=crid://panorama.five.tv/versions/C5519620006A&start=2026-09-11T23:05:00+0000&duration=PT55M from server.
### Wanted 28000 
Fetching https://www.freeview.co.uk/api/program?sid=12&nid=64403&pid=crid://csi.digitaluk.co.uk/c6ec1998-d203-4cae-b90f-ac1d4373f206&start=2026-09-11T00:00:00+0000&duration=PT30M from server.
Fetching https://www.freeview.co.uk/api/program?sid=12&nid=64403&pid=crid://csi.digitaluk.co.uk/35ae2f36-5155-4003-b225-704dfbe552c9&start=2026-09-11T00:30:00+0000&duration=PT1H from server.
Fetching https://www.freeview.co.uk/api/program?sid=12&nid=64403&pid=crid://csi.digitaluk.co.uk/bfb23095-1518-40fe-8633-c09bc910f22d&start=2026-09-11T01:30:00+0000&duration=PT2H from server.
Fetching https://www.freeview.co.uk/api/program?sid=12&nid=64403&pid=crid://csi.digitaluk.co.uk/43af15d7-58d3-4c8f-ae8e-dc78b9678ae6&start=2026-09-11T03:30:00+0000&duration=PT30M from server.
Fetching https://www.freeview.co.uk/api/program?sid=12&nid=64403&pid=crid://csi.digitaluk.co.uk/1bf8f6ca-2984-469f-8a54-53877161b6fe&start=2026-09-11T04:00:00+0000&duration=PT1H from server.
Fetching https://www.freeview.co.uk/api/program?sid=12&nid=64403&pid=crid://csi.digitaluk.co.uk/c8afaa18-a964-4cd9-a8d9-636ea23e8a1c&start=2026-09-11T05:00:00+0000&duration=PT30M from server.
Fetching https://www.freeview.co.uk/api/program?sid=12&nid=64403&pid=crid://csi.digitaluk.co.uk/9eff7260-796b-45c4-a68c-8e353d5a4e8a&start=2026-09-11T05:30:00+0000&duration=PT30M from server.
Fetching https://www.freeview.co.uk/api/program?sid=12&nid=64403&pid=crid://csi.digitaluk.co.uk/c5d3b4b8-a995-4f8b-8333-1f2707e328c4&start=2026-09-11T06:00:00+0000&duration=PT30M from server.
Fetching https://www.freeview.co.uk/api/program?sid=12&nid=64403&pid=crid://csi.digitaluk.co.uk/ad85d955-d1fc-417f-8900-2af6ebdf27d9&start=2026-09-11T06:30:00+0000&duration=PT30M from server.
Fetching https://www.freeview.co.uk/api/program?sid=12&nid=64403&pid=crid://csi.digitaluk.co.uk/259846ae-09d5-45ee-8cf1-509777dfb839&start=2026-09-11T07:00:00+0000&duration=PT30M from server.
Fetching https://www.freeview.co.uk/api/program?sid=12&nid=64403&pid=crid://csi.digitaluk.co.uk/52f01257-38cc-41d8-ad2f-09f41d2a4c77&start=2026-09-11T07:30:00+0000&duration=PT30M from server.
Fetching https://www.freeview.co.uk/api/program?sid=12&nid=64403&pid=crid://csi.digitaluk.co.uk/a348a585-225a-4ac0-aa93-d02d8825bc94&start=2026-09-11T08:00:00+0000&duration=PT30M from server.
Fetching https://www.freeview.co.uk/api/program?sid=12&nid=64403&pid=crid://csi.digitaluk.co.uk/ccb4832a-b184-4588-96d8-43b1b57b4bfe&start=2026-09-11T08:30:00+0000&duration=PT30M from server.
Fetching https://www.freeview.co.uk/api/program?sid=12&nid=64403&pid=crid://csi.digitaluk.co.uk/5237c22b-362c-4c3f-af30-cfb68d33d614&start=2026-09-11T09:00:00+0000&duration=PT30M from server.
Fetching https://www.freeview.co.uk/api/program?sid=12&nid=64403&pid=crid://csi.digitaluk.co.uk/2241dd72-53db-41d4-8840-77298b47663a&start=2026-09-11T09:30:00+0000&duration=PT30M from server.
Fetching https://www.freeview.co.uk/api/program?sid=12&nid=64403&pid=crid://csi.digitaluk.co.uk/aac1c99f-2fe5-4aa0-a0bd-f7121bff35c2&start=2026-09-11T10:00:00+0000&duration=PT30M from server.
Fetching https://www.freeview.co.uk/api/program?sid=12&nid=64403&pid=crid://csi.digitaluk.co.uk/fb66d91d-ed97-4620-9282-162ed696e515&start=2026-09-11T10:30:00+0000&duration=PT30M from server.
Fetching https://www.freeview.co.uk/api/program?sid=12&nid=64403&pid=crid://csi.digitaluk.co.uk/68583fd3-fce8-4461-8a0e-b4a33d610a52&start=2026-09-11T11:00:00+0000&duration=PT30M from server.
Fetching https://www.freeview.co.uk/api/program?sid=12&nid=64403&pid=crid://csi.digitaluk.co.uk/b077ce92-9747-4941-97a8-cdd8dc02102f&start=2026-09-11T11:30:00+0000&duration=PT30M from server.
Fetching https://www.freeview.co.uk/api/program?sid=12&nid=64403&pid=crid://csi.digitaluk.co.uk/a81c4727-eacf-4479-b85c-9c9493604d7c&start=2026-09-11T12:00:00+0000&duration=PT30M from server.
Fetching https://www.freeview.co.uk/api/program?sid=12&nid=64403&pid=crid://csi.digitaluk.co.uk/0bd5c569-f5d9-45e9-817e-ee0e9a86010e&start=2026-09-11T12:30:00+0000&duration=PT30M from server.
Fetching https://www.freeview.co.uk/api/program?sid=12&nid=64403&pid=crid://csi.digitaluk.co.uk/5c167d01-0263-4bab-a5e8-9465c4f562f8&start=2026-09-11T13:00:00+0000&duration=PT30M from server.
Fetching https://www.freeview.co.uk/api/program?sid=12&nid=64403&pid=crid://csi.digitaluk.co.uk/7e26739a-4894-45e4-89fd-be8cebc94184&start=2026-09-11T13:30:00+0000&duration=PT30M from server.
Fetching https://www.freeview.co.uk/api/program?sid=12&nid=64403&pid=crid://csi.digitaluk.co.uk/bcba9f2a-88de-467a-8b06-9c14c965453d&start=2026-09-11T14:00:00+0000&duration=PT30M from server.
Fetching https://www.freeview.co.uk/api/program?sid=12&nid=64403&pid=crid://csi.digitaluk.co.uk/9b09e006-c5b3-4b1a-929a-c1dfab60e06d&start=2026-09-11T14:30:00+0000&duration=PT30M from server.
Fetching https://www.freeview.co.uk/api/program?sid=12&nid=64403&pid=crid://csi.digitaluk.co.uk/5587e21d-6bdf-4f41-8f40-953679d40863&start=2026-09-11T15:00:00+0000&duration=PT30M from server.
Fetching https://www.freeview.co.uk/api/program?sid=12&nid=64403&pid=crid://csi.digitaluk.co.uk/b70ad29d-56ce-4741-89d1-908f79be72a6&start=2026-09-11T15:30:00+0000&duration=PT30M from server.
Fetching https://www.freeview.co.uk/api/program?sid=12&nid=64403&pid=crid://csi.digitaluk.co.uk/7c237f3f-9c6c-4a35-91ec-c2e1f1ae1bba&start=2026-09-11T16:00:00+0000&duration=PT30M from server.
Fetching https://www.freeview.co.uk/api/program?sid=12&nid=64403&pid=crid://csi.digitaluk.co.uk/2e617702-2feb-41bf-84bd-705b7aab745f&start=2026-09-11T16:30:00+0000&duration=PT30M from server.
Fetching https://www.freeview.co.uk/api/program?sid=12&nid=64403&pid=crid://csi.digitaluk.co.uk/a4ed5384-e924-4fa9-8bdd-c278702c9a28&start=2026-09-11T17:00:00+0000&duration=PT30M from server.
Fetching https://www.freeview.co.uk/api/program?sid=12&nid=64403&pid=crid://csi.digitaluk.co.uk/1998dcf7-f3f0-4fb8-98cd-1fd9cea63ec9&start=2026-09-11T17:30:00+0000&duration=PT30M from server.
Fetching https://www.freeview.co.uk/api/program?sid=12&nid=64403&pid=crid://csi.digitaluk.co.uk/bf53c765-7566-4268-975a-ff88f0813b80&start=2026-09-11T18:00:00+0000&duration=PT30M from server.
Fetching https://www.freeview.co.uk/api/program?sid=12&nid=64403&pid=crid://csi.digitaluk.co.uk/cfe78761-3936-45f2-b14a-684bed504bb3&start=2026-09-11T18:30:00+0000&duration=PT30M from server.
Fetching https://www.freeview.co.uk/api/program?sid=12&nid=64403&pid=crid://csi.digitaluk.co.uk/64be0ded-f91e-4646-a956-2f2e974f0c56&start=2026-09-11T19:00:00+0000&duration=PT30M from server.
Fetching https://www.freeview.co.uk/api/program?sid=12&nid=64403&pid=crid://csi.digitaluk.co.uk/98323e90-8d76-4c22-b320-926b2e924c17&start=2026-09-11T19:30:00+0000&duration=PT30M from server.
Fetching https://www.freeview.co.uk/api/program?sid=12&nid=64403&pid=crid://csi.digitaluk.co.uk/b466f812-648c-427a-af78-4f3e695d86c5&start=2026-09-11T20:00:00+0000&duration=PT2H from server.
Fetching https://www.freeview.co.uk/api/program?sid=12&nid=64403&pid=crid://csi.digitaluk.co.uk/2e824467-b0fd-4c4a-9a4d-ad0880a90263&start=2026-09-11T22:00:00+0000&duration=PT1H from server.
Fetching https://www.freeview.co.uk/api/program?sid=12&nid=64403&pid=crid://csi.digitaluk.co.uk/d4a521aa-378c-4180-92e5-e486ff563c3e&start=2026-09-11T23:00:00+0000&duration=PT30M from server.
Fetching https://www.freeview.co.uk/api/program?sid=12&nid=64403&pid=crid://csi.digitaluk.co.uk/18ba01ac-0a8c-4e32-a3c4-5415d191efcf&start=2026-09-11T23:30:00+0000&duration=PT30M from server.
## Wanted 8448 
Fetching https://www.freeview.co.uk/api/program?sid=13&nid=64403&pid=crid://csi.digitaluk.co.uk/5bd8126c-6b82-4b3a-bd11-363a44c72ff5&start=2026-09-11T00:10:00+0000&duration=PT1H from server.
Fetching https://www.freeview.co.uk/api/program?sid=13&nid=64403&pid=crid://csi.digitaluk.co.uk/e67c2b92-81b6-4d36-875c-a3b6604dd5eb&start=2026-09-11T01:10:00+0000&duration=PT55M from server.
Fetching https://www.freeview.co.uk/api/program?sid=13&nid=64403&pid=crid://csi.digitaluk.co.uk/4d5c275a-27d5-4fb2-8980-443a71830810&start=2026-09-11T02:05:00+0000&duration=PT55M from server.
Fetching https://www.freeview.co.uk/api/program?sid=13&nid=64403&pid=crid://csi.digitaluk.co.uk/de07b41a-d1a7-4528-871e-335c3b9b7293&start=2026-09-11T03:00:00+0000&duration=PT25M from server.
Fetching https://www.freeview.co.uk/api/program?sid=13&nid=64403&pid=crid://csi.digitaluk.co.uk/f8f0c37a-3004-42e3-b245-7061868c708e&start=2026-09-11T03:25:00+0000&duration=PT25M from server.
Fetching https://www.freeview.co.uk/api/program?sid=13&nid=64403&pid=crid://csi.digitaluk.co.uk/0ce4195a-74bc-4e8d-a984-f7236dc41b8f&start=2026-09-11T03:50:00+0000&duration=PT25M from server.
Fetching https://www.freeview.co.uk/api/program?sid=13&nid=64403&pid=crid://csi.digitaluk.co.uk/1f0028e0-2137-458c-b7bd-fcdb4008fff6&start=2026-09-11T04:15:00+0000&duration=PT45M from server.
Fetching https://www.freeview.co.uk/api/program?sid=13&nid=64403&pid=crid://csi.digitaluk.co.uk/0ef18089-af9f-467e-ac1b-ff71551e9899&start=2026-09-11T05:00:00+0000&duration=PT30M from server.
Fetching https://www.freeview.co.uk/api/program?sid=13&nid=64403&pid=crid://csi.digitaluk.co.uk/7615137d-5fa2-4169-ba06-15e6a5e54e60&start=2026-09-11T05:30:00+0000&duration=PT25M from server.
Fetching https://www.freeview.co.uk/api/program?sid=13&nid=64403&pid=crid://csi.digitaluk.co.uk/805e4005-f940-40a8-b198-a7846bfa0829&start=2026-09-11T05:55:00+0000&duration=PT5M from server.
Fetching https://www.freeview.co.uk/api/program?sid=13&nid=64403&pid=crid://csi.digitaluk.co.uk/95cf3484-c248-43e6-8bad-86851a57dd03&start=2026-09-11T06:00:00+0000&duration=PT1H from server.
Fetching https://www.freeview.co.uk/api/program?sid=13&nid=64403&pid=crid://csi.digitaluk.co.uk/19424d11-4605-4a64-95d6-952818a37707&start=2026-09-11T07:00:00+0000&duration=PT1H from server.
Fetching https://www.freeview.co.uk/api/program?sid=13&nid=64403&pid=crid://csi.digitaluk.co.uk/3afb7244-537a-40e1-a336-7a3b967291ff&start=2026-09-11T08:00:00+0000&duration=PT1H from server.
Fetching https://www.freeview.co.uk/api/program?sid=13&nid=64403&pid=crid://csi.digitaluk.co.uk/fe4a6cc6-0ab5-465d-91e0-13c503169d6d&start=2026-09-11T09:00:00+0000&duration=PT1H from server.
Fetching https://www.freeview.co.uk/api/program?sid=13&nid=64403&pid=crid://csi.digitaluk.co.uk/56433984-1923-4fe7-8e45-8e116d2afab2&start=2026-09-11T10:00:00+0000&duration=PT1H from server.
Fetching https://www.freeview.co.uk/api/program?sid=13&nid=64403&pid=crid://csi.digitaluk.co.uk/9c0064a0-12ce-4c53-b6e7-6af4c6793f6d&start=2026-09-11T11:00:00+0000&duration=PT30M from server.
Fetching https://www.freeview.co.uk/api/program?sid=13&nid=64403&pid=crid://csi.digitaluk.co.uk/8a3ff59e-3e81-4bd1-b105-3691888502d8&start=2026-09-11T11:30:00+0000&duration=PT30M from server.
Fetching https://www.freeview.co.uk/api/program?sid=13&nid=64403&pid=crid://csi.digitaluk.co.uk/67c9de6d-5ccd-4b09-b24a-8656ac75b1d0&start=2026-09-11T12:00:00+0000&duration=PT30M from server.
Fetching https://www.freeview.co.uk/api/program?sid=13&nid=64403&pid=crid://csi.digitaluk.co.uk/8f5c9b91-ce38-4a5b-9bb6-09bafbde7db8&start=2026-09-11T12:30:00+0000&duration=PT30M from server.
Fetching https://www.freeview.co.uk/api/program?sid=13&nid=64403&pid=crid://csi.digitaluk.co.uk/48e47a9b-9f6a-42dc-b2fc-c15d1fb5c7ea&start=2026-09-11T13:00:00+0000&duration=PT30M from server.
Fetching https://www.freeview.co.uk/api/program?sid=13&nid=64403&pid=crid://csi.digitaluk.co.uk/6674b2a0-845d-4965-bd4a-741679e0cd42&start=2026-09-11T13:30:00+0000&duration=PT30M from server.
Fetching https://www.freeview.co.uk/api/program?sid=13&nid=64403&pid=crid://csi.digitaluk.co.uk/671aed78-14c7-4437-9aa9-d06f8e9c2a28&start=2026-09-11T14:00:00+0000&duration=PT30M from server.
Fetching https://www.freeview.co.uk/api/program?sid=13&nid=64403&pid=crid://csi.digitaluk.co.uk/6ef1c883-a9d8-4864-9a8d-0beff5a88571&start=2026-09-11T14:30:00+0000&duration=PT30M from server.
Fetching https://www.freeview.co.uk/api/program?sid=13&nid=64403&pid=crid://csi.digitaluk.co.uk/c7903bb3-1f03-42ce-ac16-d3e6126317c9&start=2026-09-11T15:00:00+0000&duration=PT30M from server.
Fetching https://www.freeview.co.uk/api/program?sid=13&nid=64403&pid=crid://csi.digitaluk.co.uk/fcd0ee3c-8bce-44c6-a414-cc7176a14b9f&start=2026-09-11T15:30:00+0000&duration=PT30M from server.
Fetching https://www.freeview.co.uk/api/program?sid=13&nid=64403&pid=crid://csi.digitaluk.co.uk/d61235af-b1d4-46a9-a113-fe7e0e6ea794&start=2026-09-11T16:00:00+0000&duration=PT30M from server.
Fetching https://www.freeview.co.uk/api/program?sid=13&nid=64403&pid=crid://csi.digitaluk.co.uk/640a7737-9562-4ceb-aaea-debb46c77b55&start=2026-09-11T16:30:00+0000&duration=PT30M from server.
Fetching https://www.freeview.co.uk/api/program?sid=13&nid=64403&pid=crid://csi.digitaluk.co.uk/173872ef-228f-4655-9468-5ff77d03b5c0&start=2026-09-11T17:00:00+0000&duration=PT30M from server.
Fetching https://www.freeview.co.uk/api/program?sid=13&nid=64403&pid=crid://csi.digitaluk.co.uk/7c335d55-dfba-4f6a-beea-01124a8d8820&start=2026-09-11T17:30:00+0000&duration=PT30M from server.
Fetching https://www.freeview.co.uk/api/program?sid=13&nid=64403&pid=crid://csi.digitaluk.co.uk/1f53650b-daee-4542-b849-7ed06a4a5a63&start=2026-09-11T18:00:00+0000&duration=PT30M from server.
Fetching https://www.freeview.co.uk/api/program?sid=13&nid=64403&pid=crid://csi.digitaluk.co.uk/b8a30a2a-7fa4-4287-be0d-ed41334ddf59&start=2026-09-11T18:30:00+0000&duration=PT30M from server.
Fetching https://www.freeview.co.uk/api/program?sid=13&nid=64403&pid=crid://csi.digitaluk.co.uk/a4e77426-ddae-49ac-9763-53f6fbf07755&start=2026-09-11T19:00:00+0000&duration=PT2H25M from server.
Fetching https://www.freeview.co.uk/api/program?sid=13&nid=64403&pid=crid://movida.bebanjo.net/mas/version/71579/001/POSTWATERSHED2100/C&start=2026-09-11T21:25:00+0000&duration=PT2H15M from server.
Fetching https://www.freeview.co.uk/api/program?sid=13&nid=64403&pid=crid://csi.digitaluk.co.uk/a47f64de-9abd-4696-af05-1c8f10d2f0d8&start=2026-09-11T23:40:00+0000&duration=PT1H from server.
### Wanted 8385 
Fetching https://www.freeview.co.uk/api/program?sid=14&nid=64403&pid=crid://csi.digitaluk.co.uk/833fefb8-0364-4ac7-947e-7ef571bf86c0&start=2026-09-11T02:30:00+0000&duration=PT3H30M from server.
Fetching https://www.freeview.co.uk/api/program?sid=14&nid=64403&pid=crid://csi.digitaluk.co.uk/2fd7c1b7-733b-4025-b138-79ade7a699b6&start=2026-09-11T06:00:00+0000&duration=PT4H from server.
Fetching https://www.freeview.co.uk/api/program?sid=14&nid=64403&pid=crid://csi.digitaluk.co.uk/37ab13f1-c52a-4449-83e4-b8c1acd1a867&start=2026-09-11T10:00:00+0000&duration=PT2H20M from server.
Fetching https://www.freeview.co.uk/api/program?sid=14&nid=64403&pid=crid://csi.digitaluk.co.uk/ba46f1f1-3631-40a1-8166-3f36c1d6261f&start=2026-09-11T12:20:00+0000&duration=PT1H50M from server.
Fetching https://www.freeview.co.uk/api/program?sid=14&nid=64403&pid=crid://csi.digitaluk.co.uk/a8c6c959-e60d-414c-82dd-7efb8cac8a4c&start=2026-09-11T14:10:00+0000&duration=PT1H45M from server.
Fetching https://www.freeview.co.uk/api/program?sid=14&nid=64403&pid=crid://csi.digitaluk.co.uk/577fb2c9-bd8d-452e-b90d-42ea6075075c&start=2026-09-11T15:55:00+0000&duration=PT1H50M from server.
Fetching https://www.freeview.co.uk/api/program?sid=14&nid=64403&pid=crid://csi.digitaluk.co.uk/1c863e2d-5ec7-43a8-a847-ac3da2159eef&start=2026-09-11T17:45:00+0000&duration=PT2H15M from server.
Fetching https://www.freeview.co.uk/api/program?sid=14&nid=64403&pid=crid://csi.digitaluk.co.uk/ce3023ce-8845-4a67-9ba6-e1ff6f5b7032&start=2026-09-11T20:00:00+0000&duration=PT1H50M from server.
Fetching https://www.freeview.co.uk/api/program?sid=14&nid=64403&pid=crid://csi.digitaluk.co.uk/3dc8bad4-65d9-4970-b875-cc10ac865001&start=2026-09-11T21:50:00+0000&duration=PT2H10M from server.
## Wanted 27328 
Fetching https://www.freeview.co.uk/api/program?sid=17&nid=64403&pid=crid://csi.digitaluk.co.uk/bf19f8ac-481d-44ce-9a83-11df9a6f491d&start=2026-09-11T00:00:00+0000&duration=PT1H from server.
Fetching https://www.freeview.co.uk/api/program?sid=17&nid=64403&pid=crid://csi.digitaluk.co.uk/34a40a13-d58b-499f-a475-761eba770c2d&start=2026-09-11T01:00:00+0000&duration=PT1H from server.
Fetching https://www.freeview.co.uk/api/program?sid=17&nid=64403&pid=crid://csi.digitaluk.co.uk/8c697b73-e498-496c-b4bd-e81d30b1a2aa&start=2026-09-11T02:00:00+0000&duration=PT1H from server.
Fetching https://www.freeview.co.uk/api/program?sid=17&nid=64403&pid=crid://csi.digitaluk.co.uk/1e3a06ab-9ec2-40f1-8ba4-73d53e658065&start=2026-09-11T03:00:00+0000&duration=PT30M from server.
Fetching https://www.freeview.co.uk/api/program?sid=17&nid=64403&pid=crid://csi.digitaluk.co.uk/ebfe3778-30c2-4f5d-b713-ebc6a4f45eaf&start=2026-09-11T03:30:00+0000&duration=PT30M from server.
Fetching https://www.freeview.co.uk/api/program?sid=17&nid=64403&pid=crid://csi.digitaluk.co.uk/4cbc332d-4ee1-4fc8-bef4-6a0cb45cba98&start=2026-09-11T04:00:00+0000&duration=PT30M from server.
Fetching https://www.freeview.co.uk/api/program?sid=17&nid=64403&pid=crid://csi.digitaluk.co.uk/efc1ca1e-ab55-4ba8-9ede-4b7908f7c036&start=2026-09-11T04:30:00+0000&duration=PT30M from server.
Fetching https://www.freeview.co.uk/api/program?sid=17&nid=64403&pid=crid://csi.digitaluk.co.uk/56606026-8ae5-4ec2-a0a3-9aff3ac305ff&start=2026-09-11T05:00:00+0000&duration=PT1H from server.
Fetching https://www.freeview.co.uk/api/program?sid=17&nid=64403&pid=crid://csi.digitaluk.co.uk/77ae31ec-e5a3-418e-8a66-982d0d702888&start=2026-09-11T06:00:00+0000&duration=PT1H from server.
Fetching https://www.freeview.co.uk/api/program?sid=17&nid=64403&pid=crid://csi.digitaluk.co.uk/9d0ccfcd-9ae3-4ebc-8ec3-8d2ea72b8c6d&start=2026-09-11T07:00:00+0000&duration=PT1H from server.
Fetching https://www.freeview.co.uk/api/program?sid=17&nid=64403&pid=crid://csi.digitaluk.co.uk/cc66fb87-95b9-4945-baca-2df434c8e52f&start=2026-09-11T08:00:00+0000&duration=PT1H from server.
Fetching https://www.freeview.co.uk/api/program?sid=17&nid=64403&pid=crid://csi.digitaluk.co.uk/1d34cb69-2319-4be6-aee7-319ebdd446cd&start=2026-09-11T09:00:00+0000&duration=PT1H from server.
Fetching https://www.freeview.co.uk/api/program?sid=17&nid=64403&pid=crid://csi.digitaluk.co.uk/9480983b-26d9-4c09-896a-d2d2cd9c2209&start=2026-09-11T10:00:00+0000&duration=PT1H from server.
Fetching https://www.freeview.co.uk/api/program?sid=17&nid=64403&pid=crid://csi.digitaluk.co.uk/34603f23-2e6b-4f21-9077-47a4de80800c&start=2026-09-11T11:00:00+0000&duration=PT1H from server.
Fetching https://www.freeview.co.uk/api/program?sid=17&nid=64403&pid=crid://csi.digitaluk.co.uk/24b27d35-883e-4877-881a-f39b71e01c4b&start=2026-09-11T12:00:00+0000&duration=PT1H from server.
Fetching https://www.freeview.co.uk/api/program?sid=17&nid=64403&pid=crid://csi.digitaluk.co.uk/eae62fd6-e3c3-44c7-a71c-6a2bfb3500a7&start=2026-09-11T13:00:00+0000&duration=PT30M from server.
Fetching https://www.freeview.co.uk/api/program?sid=17&nid=64403&pid=crid://csi.digitaluk.co.uk/f5fbc546-0d1d-47e6-a397-37e87ec80d07&start=2026-09-11T13:30:00+0000&duration=PT30M from server.
Fetching https://www.freeview.co.uk/api/program?sid=17&nid=64403&pid=crid://csi.digitaluk.co.uk/01acbf04-9894-42e4-9a2a-0e3a94571702&start=2026-09-11T14:00:00+0000&duration=PT1H from server.
Fetching https://www.freeview.co.uk/api/program?sid=17&nid=64403&pid=crid://csi.digitaluk.co.uk/401d1d1f-ec6f-4935-bada-2cd87f6b1cdc&start=2026-09-11T15:00:00+0000&duration=PT1H from server.
Fetching https://www.freeview.co.uk/api/program?sid=17&nid=64403&pid=crid://csi.digitaluk.co.uk/023239a4-f486-4226-9c66-6f0735460aac&start=2026-09-11T16:00:00+0000&duration=PT1H from server.
Fetching https://www.freeview.co.uk/api/program?sid=17&nid=64403&pid=crid://csi.digitaluk.co.uk/81dc6653-375d-473d-9d5c-b8dd6bf787b3&start=2026-09-11T17:00:00+0000&duration=PT1H from server.
Fetching https://www.freeview.co.uk/api/program?sid=17&nid=64403&pid=crid://csi.digitaluk.co.uk/6419a835-400c-4128-af12-8b371d036c98&start=2026-09-11T18:00:00+0000&duration=PT1H from server.
Fetching https://www.freeview.co.uk/api/program?sid=17&nid=64403&pid=crid://csi.digitaluk.co.uk/681fc158-b082-4670-9ebe-9012f0983a81&start=2026-09-11T19:00:00+0000&duration=PT1H from server.
Fetching https://www.freeview.co.uk/api/program?sid=17&nid=64403&pid=crid://csi.digitaluk.co.uk/316e924b-6d69-4ad2-a7bd-47e0736ab512&start=2026-09-11T20:00:00+0000&duration=PT1H from server.
Fetching https://www.freeview.co.uk/api/program?sid=17&nid=64403&pid=crid://csi.digitaluk.co.uk/95fca392-ee5f-4d78-a036-f911575d7e20&start=2026-09-11T21:00:00+0000&duration=PT1H from server.
Fetching https://www.freeview.co.uk/api/program?sid=17&nid=64403&pid=crid://csi.digitaluk.co.uk/aa5adf60-8d31-4818-8d86-1a0bc9209c07&start=2026-09-11T22:00:00+0000&duration=PT30M from server.
Fetching https://www.freeview.co.uk/api/program?sid=17&nid=64403&pid=crid://csi.digitaluk.co.uk/41edc437-0caa-4890-939b-9e623597cb09&start=2026-09-11T22:30:00+0000&duration=PT30M from server.
Fetching https://www.freeview.co.uk/api/program?sid=17&nid=64403&pid=crid://csi.digitaluk.co.uk/dd59e024-7036-4f19-82c6-547bff9ced5d&start=2026-09-11T23:00:00+0000&duration=PT30M from server.
Fetching https://www.freeview.co.uk/api/program?sid=17&nid=64403&pid=crid://csi.digitaluk.co.uk/3996cb57-74bb-4582-9e07-720ba137b68e&start=2026-09-11T23:30:00+0000&duration=PT30M from server.
### Wanted 8442 
Fetching https://www.freeview.co.uk/api/program?sid=18&nid=64403&pid=crid://csi.digitaluk.co.uk/01b6cbb4-51fc-4656-af6b-5dacbb1d93e1&start=2026-09-11T00:15:00+0000&duration=PT1H5M from server.
Fetching https://www.freeview.co.uk/api/program?sid=18&nid=64403&pid=crid://csi.digitaluk.co.uk/eabaf7a4-4a31-474a-b9fe-22a3c356f56d&start=2026-09-11T01:20:00+0000&duration=PT1H5M from server.
Fetching https://www.freeview.co.uk/api/program?sid=18&nid=64403&pid=crid://csi.digitaluk.co.uk/4ca0decd-753e-4936-9fd8-2d64558ffcc5&start=2026-09-11T02:25:00+0000&duration=PT30M from server.
Fetching https://www.freeview.co.uk/api/program?sid=18&nid=64403&pid=crid://csi.digitaluk.co.uk/8ab2639a-5855-48d6-aa80-c627f6e411b6&start=2026-09-11T02:55:00+0000&duration=PT3H5M from server.
Fetching https://www.freeview.co.uk/api/program?sid=18&nid=64403&pid=crid://csi.digitaluk.co.uk/cf8e7ab1-1537-40fb-b858-be25b7ae3aec&start=2026-09-11T06:00:00+0000&duration=PT1H55M from server.
Fetching https://www.freeview.co.uk/api/program?sid=18&nid=64403&pid=crid://csi.digitaluk.co.uk/0e77341f-bee8-4da6-93b4-740944851b06&start=2026-09-11T07:55:00+0000&duration=PT35M from server.
Fetching https://www.freeview.co.uk/api/program?sid=18&nid=64403&pid=crid://csi.digitaluk.co.uk/74f7e70e-2908-493e-916c-3a06eab7d40b&start=2026-09-11T08:30:00+0000&duration=PT30M from server.
Fetching https://www.freeview.co.uk/api/program?sid=18&nid=64403&pid=crid://csi.digitaluk.co.uk/7e1df3cb-b1b2-43a8-8d65-c866cc2e16ec&start=2026-09-11T09:00:00+0000&duration=PT30M from server.
Fetching https://www.freeview.co.uk/api/program?sid=18&nid=64403&pid=crid://csi.digitaluk.co.uk/23fb5bd8-e7b8-4254-a662-c5ae1a6fece4&start=2026-09-11T09:30:00+0000&duration=PT35M from server.
Fetching https://www.freeview.co.uk/api/program?sid=18&nid=64403&pid=crid://csi.digitaluk.co.uk/862c8119-8763-47c6-956c-6c84e00ad1d0&start=2026-09-11T10:05:00+0000&duration=PT30M from server.
Fetching https://www.freeview.co.uk/api/program?sid=18&nid=64403&pid=crid://csi.digitaluk.co.uk/59dcdf13-b721-46ed-9411-ef644a7c52a5&start=2026-09-11T10:35:00+0000&duration=PT30M from server.
Fetching https://www.freeview.co.uk/api/program?sid=18&nid=64403&pid=crid://csi.digitaluk.co.uk/afbec25e-ab07-41d7-939e-41e039199de1&start=2026-09-11T11:05:00+0000&duration=PT30M from server.
Fetching https://www.freeview.co.uk/api/program?sid=18&nid=64403&pid=crid://csi.digitaluk.co.uk/31172147-67e8-4b9f-8176-b821cf8eae34&start=2026-09-11T11:35:00+0000&duration=PT30M from server.
Fetching https://www.freeview.co.uk/api/program?sid=18&nid=64403&pid=crid://csi.digitaluk.co.uk/e9213c6d-815a-4ce2-b6ce-41ad6c7d0d9b&start=2026-09-11T12:05:00+0000&duration=PT35M from server.
Fetching https://www.freeview.co.uk/api/program?sid=18&nid=64403&pid=crid://csi.digitaluk.co.uk/b7f0a20c-f03e-40c9-bd42-5359dfbe69bb&start=2026-09-11T12:40:00+0000&duration=PT35M from server.
Fetching https://www.freeview.co.uk/api/program?sid=18&nid=64403&pid=crid://csi.digitaluk.co.uk/3248b253-5699-4da3-b2c4-a34e8adfa770&start=2026-09-11T13:15:00+0000&duration=PT35M from server.
Fetching https://www.freeview.co.uk/api/program?sid=18&nid=64403&pid=crid://csi.digitaluk.co.uk/a8cc9bfa-959f-4c0e-b069-e4fd721907ab&start=2026-09-11T13:50:00+0000&duration=PT30M from server.
Fetching https://www.freeview.co.uk/api/program?sid=18&nid=64403&pid=crid://csi.digitaluk.co.uk/d3532bd8-0e37-4677-b5be-9c3e548a8555&start=2026-09-11T14:20:00+0000&duration=PT30M from server.
Fetching https://www.freeview.co.uk/api/program?sid=18&nid=64403&pid=crid://csi.digitaluk.co.uk/56c413e8-8fe9-4d65-a600-debe20661837&start=2026-09-11T14:50:00+0000&duration=PT30M from server.
Fetching https://www.freeview.co.uk/api/program?sid=18&nid=64403&pid=crid://csi.digitaluk.co.uk/dac55fa2-b436-4fa5-9cc7-8a2a4be90e8a&start=2026-09-11T15:20:00+0000&duration=PT30M from server.
Fetching https://www.freeview.co.uk/api/program?sid=18&nid=64403&pid=crid://csi.digitaluk.co.uk/80592511-3e7b-4417-847f-5cca8f8a4925&start=2026-09-11T15:50:00+0000&duration=PT1H from server.
Fetching https://www.freeview.co.uk/api/program?sid=18&nid=64403&pid=crid://csi.digitaluk.co.uk/609093ee-1684-456d-99f0-2be564c68db0&start=2026-09-11T16:50:00+0000&duration=PT1H from server.
Fetching https://www.freeview.co.uk/api/program?sid=18&nid=64403&pid=crid://csi.digitaluk.co.uk/5ed80093-ea44-4bf1-837c-15dfacd57fe8&start=2026-09-11T17:50:00+0000&duration=PT1H5M from server.
Fetching https://www.freeview.co.uk/api/program?sid=18&nid=64403&pid=crid://csi.digitaluk.co.uk/1d84bad6-92ac-46ea-b252-58f7e86ce656&start=2026-09-11T18:55:00+0000&duration=PT1H5M from server.
Fetching https://www.freeview.co.uk/api/program?sid=18&nid=64403&pid=crid://csi.digitaluk.co.uk/53769748-cc56-40c8-a4d2-a9656999e392&start=2026-09-11T20:00:00+0000&duration=PT1H5M from server.
Fetching https://www.freeview.co.uk/api/program?sid=18&nid=64403&pid=crid://csi.digitaluk.co.uk/f8e440a4-24b6-4222-bf55-455e7a17966f&start=2026-09-11T21:05:00+0000&duration=PT1H5M from server.
Fetching https://www.freeview.co.uk/api/program?sid=18&nid=64403&pid=crid://csi.digitaluk.co.uk/10ad9e3a-ed2b-4237-ad68-f053ea244015&start=2026-09-11T22:10:00+0000&duration=PT1H5M from server.
Fetching https://www.freeview.co.uk/api/program?sid=18&nid=64403&pid=crid://csi.digitaluk.co.uk/950b88ec-1563-4975-8270-051d2846d33c&start=2026-09-11T23:15:00+0000&duration=PT1H5M from server.
## Wanted 12992 
Fetching https://www.freeview.co.uk/api/program?sid=21&nid=64403&pid=crid://csi.digitaluk.co.uk/e6f6aea2-0c24-4f54-aaea-1b0411061820&start=2026-09-11T00:55:00+0000&duration=PT1H from server.
Fetching https://www.freeview.co.uk/api/program?sid=21&nid=64403&pid=crid://csi.digitaluk.co.uk/81d8256d-cd33-4f7d-91c6-6605ced600e5&start=2026-09-11T01:55:00+0000&duration=PT55M from server.
Fetching https://www.freeview.co.uk/api/program?sid=21&nid=64403&pid=crid://panorama.five.tv/versions/C5522700037A&start=2026-09-11T02:50:00+0000&duration=PT10M from server.
Fetching https://www.freeview.co.uk/api/program?sid=21&nid=64403&pid=crid://panorama.five.tv/versions/C5266540001A&start=2026-09-11T03:00:00+0000&duration=PT2H from server.
Fetching https://www.freeview.co.uk/api/program?sid=21&nid=64403&pid=crid://panorama.five.tv/versions/C5474060001A&start=2026-09-11T05:00:00+0000&duration=PT3H from server.
Fetching https://www.freeview.co.uk/api/program?sid=21&nid=64403&pid=crid://panorama.five.tv/versions/C5522700037A&start=2026-09-11T08:00:00+0000&duration=PT10M from server.
Fetching https://www.freeview.co.uk/api/program?sid=21&nid=64403&pid=crid://panorama.five.tv/versions/C5133570003E&start=2026-09-11T08:10:00+0000&duration=PT50M from server.
Fetching https://www.freeview.co.uk/api/program?sid=21&nid=64403&pid=crid://panorama.five.tv/versions/C5133570004E&start=2026-09-11T09:00:00+0000&duration=PT1H from server.
Fetching https://www.freeview.co.uk/api/program?sid=21&nid=64403&pid=crid://panorama.five.tv/versions/C5133570005E&start=2026-09-11T10:00:00+0000&duration=PT1H from server.
Fetching https://www.freeview.co.uk/api/program?sid=21&nid=64403&pid=crid://panorama.five.tv/versions/C5084020012E&start=2026-09-11T11:00:00+0000&duration=PT1H from server.
Fetching https://www.freeview.co.uk/api/program?sid=21&nid=64403&pid=crid://panorama.five.tv/versions/C5084020013E&start=2026-09-11T12:00:00+0000&duration=PT1H from server.
Fetching https://www.freeview.co.uk/api/program?sid=21&nid=64403&pid=crid://panorama.five.tv/versions/C5084020014E&start=2026-09-11T13:00:00+0000&duration=PT1H from server.
Fetching https://www.freeview.co.uk/api/program?sid=21&nid=64403&pid=crid://csi.digitaluk.co.uk/bc4c8d01-f7b1-4bfa-82f8-083245d46b44&start=2026-09-11T14:00:00+0000&duration=PT1H from server.
Fetching https://www.freeview.co.uk/api/program?sid=21&nid=64403&pid=crid://csi.digitaluk.co.uk/f5dade4a-bf1d-47eb-9db9-6e645fc53588&start=2026-09-11T15:00:00+0000&duration=PT1H from server.
Fetching https://www.freeview.co.uk/api/program?sid=21&nid=64403&pid=crid://csi.digitaluk.co.uk/3b1bd755-140f-451f-a762-3a655cbd19ca&start=2026-09-11T16:00:00+0000&duration=PT1H from server.
Fetching https://www.freeview.co.uk/api/program?sid=21&nid=64403&pid=crid://csi.digitaluk.co.uk/9332e221-e8da-4a8b-9b40-88790f428362&start=2026-09-11T17:00:00+0000&duration=PT1H from server.
Fetching https://www.freeview.co.uk/api/program?sid=21&nid=64403&pid=crid://csi.digitaluk.co.uk/1e33f3d4-2e89-4938-a7d5-85fbf2b2203c&start=2026-09-11T18:00:00+0000&duration=PT1H from server.
Fetching https://www.freeview.co.uk/api/program?sid=21&nid=64403&pid=crid://csi.digitaluk.co.uk/8e22e73a-bea9-4cda-8928-425d20c3b1ca&start=2026-09-11T19:00:00+0000&duration=PT1H from server.
Fetching https://www.freeview.co.uk/api/program?sid=21&nid=64403&pid=crid://panorama.five.tv/versions/C5533540009A&start=2026-09-11T20:00:00+0000&duration=PT1H from server.
Fetching https://www.freeview.co.uk/api/program?sid=21&nid=64403&pid=crid://panorama.five.tv/versions/C5533540010A&start=2026-09-11T21:00:00+0000&duration=PT1H from server.
Fetching https://www.freeview.co.uk/api/program?sid=21&nid=64403&pid=crid://csi.digitaluk.co.uk/49acf640-0911-49c3-a66c-b617adbf48eb&start=2026-09-11T22:00:00+0000&duration=PT1H from server.
Fetching https://www.freeview.co.uk/api/program?sid=21&nid=64403&pid=crid://csi.digitaluk.co.uk/b2c1e71f-1bed-47c0-ac47-9141a03011ef&start=2026-09-11T23:00:00+0000&duration=PT55M from server.
Fetching https://www.freeview.co.uk/api/program?sid=21&nid=64403&pid=crid://csi.digitaluk.co.uk/921594cc-cfe9-4511-af71-915b7819e3df&start=2026-09-11T23:55:00+0000&duration=PT1H from server.
### Wanted 12928 
Fetching https://www.freeview.co.uk/api/program?sid=32&nid=64403&pid=crid://panorama.five.tv/versions/C5399060004D&start=2026-09-11T00:00:00+0000&duration=PT1H from server.
Fetching https://www.freeview.co.uk/api/program?sid=32&nid=64403&pid=crid://csi.digitaluk.co.uk/c878fb55-c23e-4261-a7b6-2eb21bc79e1c&start=2026-09-11T01:00:00+0000&duration=PT50M from server.
Fetching https://www.freeview.co.uk/api/program?sid=32&nid=64403&pid=crid://panorama.five.tv/versions/C5507180012A&start=2026-09-11T01:50:00+0000&duration=PT45M from server.
Fetching https://www.freeview.co.uk/api/program?sid=32&nid=64403&pid=crid://csi.digitaluk.co.uk/d5913607-9f0d-44a6-b16e-5f62ff8175b7&start=2026-09-11T02:35:00+0000&duration=PT25M from server.
Fetching https://www.freeview.co.uk/api/program?sid=32&nid=64403&pid=crid://panorama.five.tv/versions/C5266540001A&start=2026-09-11T03:00:00+0000&duration=PT2H from server.
Fetching https://www.freeview.co.uk/api/program?sid=32&nid=64403&pid=crid://panorama.five.tv/versions/C5266540001A&start=2026-09-11T05:00:00+0000&duration=PT1H from server.
Fetching https://www.freeview.co.uk/api/program?sid=32&nid=64403&pid=crid://panorama.five.tv/versions/C5326820001A&start=2026-09-11T06:00:00+0000&duration=PT30M from server.
Fetching https://www.freeview.co.uk/api/program?sid=32&nid=64403&pid=crid://panorama.five.tv/versions/C5266540001A&start=2026-09-11T06:30:00+0000&duration=PT30M from server.
Fetching https://www.freeview.co.uk/api/program?sid=32&nid=64403&pid=crid://csi.digitaluk.co.uk/c316860b-6a2c-49ff-bf3f-ac4166f3d913&start=2026-09-11T07:00:00+0000&duration=PT1H from server.
Fetching https://www.freeview.co.uk/api/program?sid=32&nid=64403&pid=crid://csi.digitaluk.co.uk/df2e4847-b335-4f38-90ba-c740158b8bee&start=2026-09-11T08:00:00+0000&duration=PT1H from server.
Fetching https://www.freeview.co.uk/api/program?sid=32&nid=64403&pid=crid://panorama.five.tv/versions/C5350870005F&start=2026-09-11T09:00:00+0000&duration=PT1H from server.
Fetching https://www.freeview.co.uk/api/program?sid=32&nid=64403&pid=crid://csi.digitaluk.co.uk/d866b537-a59d-4ddc-9c8d-f10f4162e2a9&start=2026-09-11T10:00:00+0000&duration=PT1H from server.
Fetching https://www.freeview.co.uk/api/program?sid=32&nid=64403&pid=crid://csi.digitaluk.co.uk/796e4209-0002-4178-99d1-23b1dfeb0a2f&start=2026-09-11T11:00:00+0000&duration=PT1H from server.
Fetching https://www.freeview.co.uk/api/program?sid=32&nid=64403&pid=crid://csi.digitaluk.co.uk/73f1e0f1-bfc0-4133-9cad-83fbb8a0adbc&start=2026-09-11T12:00:00+0000&duration=PT1H from server.
Fetching https://www.freeview.co.uk/api/program?sid=32&nid=64403&pid=crid://csi.digitaluk.co.uk/664461f0-f24a-46f8-af6a-c840c42e6815&start=2026-09-11T13:00:00+0000&duration=PT1H from server.
Fetching https://www.freeview.co.uk/api/program?sid=32&nid=64403&pid=crid://csi.digitaluk.co.uk/83ed86f1-6444-48c2-9661-75a0d4e89725&start=2026-09-11T14:00:00+0000&duration=PT1H from server.
Fetching https://www.freeview.co.uk/api/program?sid=32&nid=64403&pid=crid://csi.digitaluk.co.uk/5ffd4817-0f6a-46df-ae9f-47f8dec26bc5&start=2026-09-11T15:00:00+0000&duration=PT1H from server.
Fetching https://www.freeview.co.uk/api/program?sid=32&nid=64403&pid=crid://csi.digitaluk.co.uk/32952faa-3a38-4e2b-a0e2-5e7e5eff319b&start=2026-09-11T16:00:00+0000&duration=PT1H from server.
Fetching https://www.freeview.co.uk/api/program?sid=32&nid=64403&pid=crid://csi.digitaluk.co.uk/7948bb14-d5d5-46a5-b3c0-a8cb62b969e0&start=2026-09-11T17:00:00+0000&duration=PT30M from server.
Fetching https://www.freeview.co.uk/api/program?sid=32&nid=64403&pid=crid://panorama.five.tv/versions/C5164553181A&start=2026-09-11T17:30:00+0000&duration=PT30M from server.
Fetching https://www.freeview.co.uk/api/program?sid=32&nid=64403&pid=crid://csi.digitaluk.co.uk/0a0d8741-8380-45ee-9d8a-7aaecf5c2edc&start=2026-09-11T18:00:00+0000&duration=PT1H from server.
Fetching https://www.freeview.co.uk/api/program?sid=32&nid=64403&pid=crid://csi.digitaluk.co.uk/cf59e0e0-7b29-470c-9c26-224fc40a8867&start=2026-09-11T19:00:00+0000&duration=PT1H from server.
Fetching https://www.freeview.co.uk/api/program?sid=32&nid=64403&pid=crid://csi.digitaluk.co.uk/84b55954-5e65-4fde-aac5-5645613da19f&start=2026-09-11T20:00:00+0000&duration=PT1H from server.
Fetching https://www.freeview.co.uk/api/program?sid=32&nid=64403&pid=crid://panorama.five.tv/versions/C5414000003A&start=2026-09-11T21:00:00+0000&duration=PT1H from server.
Fetching https://www.freeview.co.uk/api/program?sid=32&nid=64403&pid=crid://panorama.five.tv/versions/C5509500001A&start=2026-09-11T22:00:00+0000&duration=PT1H from server.
Fetching https://www.freeview.co.uk/api/program?sid=32&nid=64403&pid=crid://csi.digitaluk.co.uk/cd72f275-19f7-4592-968a-7ba9b6947ba5&start=2026-09-11T23:00:00+0000&duration=PT1H from server.
## Wanted 16112 
Fetching https://www.freeview.co.uk/api/program?sid=33&nid=64403&pid=crid://csi.digitaluk.co.uk/9a53a6e2-f3db-4fb6-93a2-3fe02f4d75b5&start=2026-09-11T00:00:00+0000&duration=PT1H from server.
Fetching https://www.freeview.co.uk/api/program?sid=33&nid=64403&pid=crid://csi.digitaluk.co.uk/2e65a3e9-a41f-43d9-a44b-82ab792e5860&start=2026-09-11T01:00:00+0000&duration=PT1H from server.
Fetching https://www.freeview.co.uk/api/program?sid=33&nid=64403&pid=crid://csi.digitaluk.co.uk/9da6cd00-687a-4b9e-8377-300ae054e30f&start=2026-09-11T02:00:00+0000&duration=PT55M from server.
Fetching https://www.freeview.co.uk/api/program?sid=33&nid=64403&pid=crid://panorama.five.tv/versions/C5522880036A&start=2026-09-11T02:55:00+0000&duration=PT5M from server.
Fetching https://www.freeview.co.uk/api/program?sid=33&nid=64403&pid=crid://panorama.five.tv/versions/C5340000001A&start=2026-09-11T03:00:00+0000&duration=PT2H from server.
Fetching https://www.freeview.co.uk/api/program?sid=33&nid=64403&pid=crid://panorama.five.tv/versions/C5266540001A&start=2026-09-11T05:00:00+0000&duration=PT1H from server.
Fetching https://www.freeview.co.uk/api/program?sid=33&nid=64403&pid=crid://panorama.five.tv/versions/C5349600001A&start=2026-09-11T06:00:00+0000&duration=PT1H from server.
Fetching https://www.freeview.co.uk/api/program?sid=33&nid=64403&pid=crid://panorama.five.tv/versions/C5349600001A&start=2026-09-11T07:00:00+0000&duration=PT1H from server.
Fetching https://www.freeview.co.uk/api/program?sid=33&nid=64403&pid=crid://csi.digitaluk.co.uk/93e67603-5e30-487f-8ad2-5f4de3f5941f&start=2026-09-11T08:00:00+0000&duration=PT25M from server.
Fetching https://www.freeview.co.uk/api/program?sid=33&nid=64403&pid=crid://csi.digitaluk.co.uk/fedb6216-668b-4937-b5c8-2cbbd2371a1b&start=2026-09-11T08:25:00+0000&duration=PT1H from server.
Fetching https://www.freeview.co.uk/api/program?sid=33&nid=64403&pid=crid://csi.digitaluk.co.uk/dcf7cf13-de67-4922-b4e1-2ca4849f6200&start=2026-09-11T09:25:00+0000&duration=PT1H5M from server.
Fetching https://www.freeview.co.uk/api/program?sid=33&nid=64403&pid=crid://panorama.five.tv/versions/C5263630001B&start=2026-09-11T10:30:00+0000&duration=PT1H from server.
Fetching https://www.freeview.co.uk/api/program?sid=33&nid=64403&pid=crid://csi.digitaluk.co.uk/5a7ccbed-bd6f-42d1-89c8-038fdf2a45bb&start=2026-09-11T11:30:00+0000&duration=PT5M from server.
Fetching https://www.freeview.co.uk/api/program?sid=33&nid=64403&pid=crid://panorama.five.tv/versions/C5263630001B&start=2026-09-11T11:35:00+0000&duration=PT1H from server.
Fetching https://www.freeview.co.uk/api/program?sid=33&nid=64403&pid=crid://panorama.five.tv/versions/C5508280001B&start=2026-09-11T12:35:00+0000&duration=PT1H from server.
Fetching https://www.freeview.co.uk/api/program?sid=33&nid=64403&pid=crid://csi.digitaluk.co.uk/e029400d-93d8-4847-b04a-f8698ba6e598&start=2026-09-11T13:35:00+0000&duration=PT5M from server.
Fetching https://www.freeview.co.uk/api/program?sid=33&nid=64403&pid=crid://panorama.five.tv/versions/C5508280001B&start=2026-09-11T13:40:00+0000&duration=PT1H20M from server.
Fetching https://www.freeview.co.uk/api/program?sid=33&nid=64403&pid=crid://csi.digitaluk.co.uk/8cf7dfd8-caa4-4bc2-af8d-5e2bcd1106e9&start=2026-09-11T15:00:00+0000&duration=PT1H from server.
Fetching https://www.freeview.co.uk/api/program?sid=33&nid=64403&pid=crid://csi.digitaluk.co.uk/b5aaa654-aea3-4f82-b6c0-a96a9f182f9e&start=2026-09-11T16:00:00+0000&duration=PT1H from server.
Fetching https://www.freeview.co.uk/api/program?sid=33&nid=64403&pid=crid://csi.digitaluk.co.uk/1cbc5ab4-4973-4dd4-8d97-1bceb0e76452&start=2026-09-11T17:00:00+0000&duration=PT1H from server.
Fetching https://www.freeview.co.uk/api/program?sid=33&nid=64403&pid=crid://csi.digitaluk.co.uk/ca3f565e-ea75-4aac-934a-9e5edc68772d&start=2026-09-11T18:00:00+0000&duration=PT1H from server.
Fetching https://www.freeview.co.uk/api/program?sid=33&nid=64403&pid=crid://csi.digitaluk.co.uk/d8270728-b0e8-4d99-b20e-1930923c9ad4&start=2026-09-11T19:00:00+0000&duration=PT1H from server.
Fetching https://www.freeview.co.uk/api/program?sid=33&nid=64403&pid=crid://csi.digitaluk.co.uk/82a7440f-678c-4302-a3c0-67afb6fbbd5c&start=2026-09-11T20:00:00+0000&duration=PT1H from server.
Fetching https://www.freeview.co.uk/api/program?sid=33&nid=64403&pid=crid://csi.digitaluk.co.uk/517159ab-2654-4461-b292-913612d1ae14&start=2026-09-11T21:00:00+0000&duration=PT5M from server.
Fetching https://www.freeview.co.uk/api/program?sid=33&nid=64403&pid=crid://csi.digitaluk.co.uk/21e598fc-1d3c-4764-b575-cd7696046c50&start=2026-09-11T21:05:00+0000&duration=PT1H35M from server.
Fetching https://www.freeview.co.uk/api/program?sid=33&nid=64403&pid=crid://csi.digitaluk.co.uk/a5a7432c-618e-4c37-85b9-937141c77f5c&start=2026-09-11T22:40:00+0000&duration=PT1H from server.
Fetching https://www.freeview.co.uk/api/program?sid=33&nid=64403&pid=crid://csi.digitaluk.co.uk/230212a4-32d0-48a3-bb2f-95216be6cff2&start=2026-09-11T23:40:00+0000&duration=PT1H from server.
### Wanted 8373 
Fetching https://www.freeview.co.uk/api/program?sid=35&nid=64403&pid=crid://csi.digitaluk.co.uk/0df5d439-696c-4e19-b580-6468c1dcdf88&start=2026-09-11T01:05:00+0000&duration=PT1H55M from server.
Fetching https://www.freeview.co.uk/api/program?sid=35&nid=64403&pid=crid://csi.digitaluk.co.uk/f734d614-02c1-494e-9e27-a442d78ca246&start=2026-09-11T03:00:00+0000&duration=PT55M from server.
Fetching https://www.freeview.co.uk/api/program?sid=35&nid=64403&pid=crid://csi.digitaluk.co.uk/4841e9c6-76ec-41c3-a393-ec4626209727&start=2026-09-11T03:55:00+0000&duration=PT1H15M from server.
Fetching https://www.freeview.co.uk/api/program?sid=35&nid=64403&pid=crid://csi.digitaluk.co.uk/1d25039d-455e-4daf-b6ed-7d94a0f2fa30&start=2026-09-11T05:10:00+0000&duration=PT50M from server.
Fetching https://www.freeview.co.uk/api/program?sid=35&nid=64403&pid=crid://csi.digitaluk.co.uk/3e86e104-fd12-4adb-8ca5-163ef8aa4f42&start=2026-09-11T06:00:00+0000&duration=PT3H30M from server.
Fetching https://www.freeview.co.uk/api/program?sid=35&nid=64403&pid=crid://csi.digitaluk.co.uk/5a1e36b1-252c-46f4-9c8b-1df3e79975bf&start=2026-09-11T09:30:00+0000&duration=PT30M from server.
Fetching https://www.freeview.co.uk/api/program?sid=35&nid=64403&pid=crid://csi.digitaluk.co.uk/ddc7a151-5adf-4b3e-bcf4-29564ab71cd3&start=2026-09-11T10:00:00+0000&duration=PT2H30M from server.
Fetching https://www.freeview.co.uk/api/program?sid=35&nid=64403&pid=crid://csi.digitaluk.co.uk/d997c9cb-94bc-4191-b49e-fe18420aa9e5&start=2026-09-11T12:30:00+0000&duration=PT20M from server.
Fetching https://www.freeview.co.uk/api/program?sid=35&nid=64403&pid=crid://csi.digitaluk.co.uk/129067b3-d2a0-41cd-97dc-ba0f749a44c7&start=2026-09-11T12:50:00+0000&duration=PT10M from server.
Fetching https://www.freeview.co.uk/api/program?sid=35&nid=64403&pid=crid://csi.digitaluk.co.uk/b0b4e5f6-81cf-4b57-8909-9a6c3f54d914&start=2026-09-11T13:00:00+0000&duration=PT3H from server.
Fetching https://www.freeview.co.uk/api/program?sid=35&nid=64403&pid=crid://csi.digitaluk.co.uk/dedb41b4-9dae-40b8-b9f3-b738ca4769b2&start=2026-09-11T16:00:00+0000&duration=PT1H from server.
Fetching https://www.freeview.co.uk/api/program?sid=35&nid=64403&pid=crid://www.stv.tv/programInformation/233890&start=2026-09-11T17:00:00+0000&duration=PT1H from server.
Fetching https://www.freeview.co.uk/api/program?sid=35&nid=64403&pid=crid://csi.digitaluk.co.uk/e3f23020-933b-43f2-9bc3-d0b80a85f825&start=2026-09-11T18:00:00+0000&duration=PT30M from server.
Fetching https://www.freeview.co.uk/api/program?sid=35&nid=64403&pid=crid://csi.digitaluk.co.uk/a1a06d51-082e-4fc1-8b26-ec307894b212&start=2026-09-11T18:30:00+0000&duration=PT30M from server.
Fetching https://www.freeview.co.uk/api/program?sid=35&nid=64403&pid=crid://csi.digitaluk.co.uk/f8ccd262-7a3f-4ac9-b932-a7889f43b654&start=2026-09-11T19:00:00+0000&duration=PT30M from server.
Fetching https://www.freeview.co.uk/api/program?sid=35&nid=64403&pid=crid://www.stv.tv/programInformation/233852&start=2026-09-11T19:30:00+0000&duration=PT30M from server.
Fetching https://www.freeview.co.uk/api/program?sid=35&nid=64403&pid=crid://www.stv.tv/programInformation/233807&start=2026-09-11T20:00:00+0000&duration=PT30M from server.
Fetching https://www.freeview.co.uk/api/program?sid=35&nid=64403&pid=crid://csi.digitaluk.co.uk/5d0dd843-cd26-4e07-9cca-d501279daf2f&start=2026-09-11T20:30:00+0000&duration=PT30M from server.
Fetching https://www.freeview.co.uk/api/program?sid=35&nid=64403&pid=crid://csi.digitaluk.co.uk/0f58af0a-2486-48c3-af7b-8494b40a7696&start=2026-09-11T21:00:00+0000&duration=PT1H from server.
Fetching https://www.freeview.co.uk/api/program?sid=35&nid=64403&pid=crid://csi.digitaluk.co.uk/f4e5484c-efcf-46b5-b8fe-bba6d995307c&start=2026-09-11T22:00:00+0000&duration=PT30M from server.
Fetching https://www.freeview.co.uk/api/program?sid=35&nid=64403&pid=crid://csi.digitaluk.co.uk/eabc4292-ffb4-4504-b48c-dc910fcdb4d2&start=2026-09-11T22:30:00+0000&duration=PT15M from server.
Fetching https://www.freeview.co.uk/api/program?sid=35&nid=64403&pid=crid://csi.digitaluk.co.uk/393a7c0a-6eeb-41f9-ac5c-d7818792ceb6&start=2026-09-11T22:45:00+0000&duration=PT55M from server.
Fetching https://www.freeview.co.uk/api/program?sid=35&nid=64403&pid=crid://csi.digitaluk.co.uk/e5e1dee3-550d-4589-b6d7-6641a12effe7&start=2026-09-11T23:40:00+0000&duration=PT35M from server.
## Wanted 27680 
Fetching https://www.freeview.co.uk/api/program?sid=39&nid=64403&pid=crid://csi.digitaluk.co.uk/2209431c-6d44-49b5-8449-d608e6f60109&start=2026-09-11T00:00:00+0000&duration=PT1H from server.
Fetching https://www.freeview.co.uk/api/program?sid=39&nid=64403&pid=crid://csi.digitaluk.co.uk/c3d13da0-f7a6-4557-bbde-9e71a5fc1dd6&start=2026-09-11T01:00:00+0000&duration=PT30M from server.
Fetching https://www.freeview.co.uk/api/program?sid=39&nid=64403&pid=crid://csi.digitaluk.co.uk/b8206836-1305-4db5-8b82-1b0d2073f5a9&start=2026-09-11T01:30:00+0000&duration=PT30M from server.
Fetching https://www.freeview.co.uk/api/program?sid=39&nid=64403&pid=crid://csi.digitaluk.co.uk/754018d9-44f5-451f-ad38-715460b9732e&start=2026-09-11T02:00:00+0000&duration=PT30M from server.
Fetching https://www.freeview.co.uk/api/program?sid=39&nid=64403&pid=crid://csi.digitaluk.co.uk/48aa1131-88ae-4ea1-a825-a5110b2aa1a1&start=2026-09-11T02:30:00+0000&duration=PT30M from server.
Fetching https://www.freeview.co.uk/api/program?sid=39&nid=64403&pid=crid://csi.digitaluk.co.uk/c237bd1a-7048-4167-ae29-95306c2e2bfc&start=2026-09-11T03:00:00+0000&duration=PT30M from server.
Fetching https://www.freeview.co.uk/api/program?sid=39&nid=64403&pid=crid://csi.digitaluk.co.uk/112f4cff-7909-478d-bdfe-518309c623f0&start=2026-09-11T03:30:00+0000&duration=PT30M from server.
Fetching https://www.freeview.co.uk/api/program?sid=39&nid=64403&pid=crid://csi.digitaluk.co.uk/171e954c-bf3a-4c50-b373-4c4d52d352d9&start=2026-09-11T04:00:00+0000&duration=PT30M from server.
Fetching https://www.freeview.co.uk/api/program?sid=39&nid=64403&pid=crid://csi.digitaluk.co.uk/d2efc917-6f98-445e-838e-4e062d218ac2&start=2026-09-11T04:30:00+0000&duration=PT30M from server.
Fetching https://www.freeview.co.uk/api/program?sid=39&nid=64403&pid=crid://csi.digitaluk.co.uk/c50676a2-28f2-4e9f-9ca5-8f0f739b580a&start=2026-09-11T05:00:00+0000&duration=PT1H from server.
Fetching https://www.freeview.co.uk/api/program?sid=39&nid=64403&pid=crid://csi.digitaluk.co.uk/e9d61899-9f1f-47b8-9249-45b2fed6aea6&start=2026-09-11T06:00:00+0000&duration=PT1H from server.
Fetching https://www.freeview.co.uk/api/program?sid=39&nid=64403&pid=crid://csi.digitaluk.co.uk/87e47e1c-c07d-4718-a0ce-07f969a10d64&start=2026-09-11T07:00:00+0000&duration=PT1H from server.
Fetching https://www.freeview.co.uk/api/program?sid=39&nid=64403&pid=crid://csi.digitaluk.co.uk/380407cf-b17b-4c2b-b7e3-6478fd668f63&start=2026-09-11T08:00:00+0000&duration=PT1H from server.
Fetching https://www.freeview.co.uk/api/program?sid=39&nid=64403&pid=crid://csi.digitaluk.co.uk/46bed16d-93cb-4cd4-b609-af3539a01cbc&start=2026-09-11T09:00:00+0000&duration=PT1H from server.
Fetching https://www.freeview.co.uk/api/program?sid=39&nid=64403&pid=crid://csi.digitaluk.co.uk/f43f829c-f63b-4745-826d-5d7758c3e48c&start=2026-09-11T10:00:00+0000&duration=PT1H from server.
Fetching https://www.freeview.co.uk/api/program?sid=39&nid=64403&pid=crid://csi.digitaluk.co.uk/d9fe1a80-70e4-4876-a880-81e3f9a1b3e2&start=2026-09-11T11:00:00+0000&duration=PT1H from server.
Fetching https://www.freeview.co.uk/api/program?sid=39&nid=64403&pid=crid://csi.digitaluk.co.uk/3db318b2-95ce-4844-8bbd-1c27e85c55e1&start=2026-09-11T12:00:00+0000&duration=PT1H from server.
Fetching https://www.freeview.co.uk/api/program?sid=39&nid=64403&pid=crid://csi.digitaluk.co.uk/cf6c27c6-f99b-4882-9d46-34fedc46e781&start=2026-09-11T13:00:00+0000&duration=PT1H from server.
Fetching https://www.freeview.co.uk/api/program?sid=39&nid=64403&pid=crid://csi.digitaluk.co.uk/0eb6e45d-6137-4b7f-8812-4dd728220cad&start=2026-09-11T14:00:00+0000&duration=PT1H from server.
Fetching https://www.freeview.co.uk/api/program?sid=39&nid=64403&pid=crid://csi.digitaluk.co.uk/6580b34d-63c6-44d3-9c92-c55951a84e33&start=2026-09-11T15:00:00+0000&duration=PT1H from server.
Fetching https://www.freeview.co.uk/api/program?sid=39&nid=64403&pid=crid://csi.digitaluk.co.uk/d496c6b2-d23a-429a-a1bd-966c3415e58a&start=2026-09-11T16:00:00+0000&duration=PT1H from server.
Fetching https://www.freeview.co.uk/api/program?sid=39&nid=64403&pid=crid://csi.digitaluk.co.uk/dc558b21-837d-4222-9e06-3003a5d5f96a&start=2026-09-11T17:00:00+0000&duration=PT1H from server.
Fetching https://www.freeview.co.uk/api/program?sid=39&nid=64403&pid=crid://csi.digitaluk.co.uk/c8059755-977f-47ca-945a-43c03442ab08&start=2026-09-11T18:00:00+0000&duration=PT1H from server.
Fetching https://www.freeview.co.uk/api/program?sid=39&nid=64403&pid=crid://csi.digitaluk.co.uk/beca3aac-97e8-48d9-bbb6-49e8904300ae&start=2026-09-11T19:00:00+0000&duration=PT1H from server.
Fetching https://www.freeview.co.uk/api/program?sid=39&nid=64403&pid=crid://csi.digitaluk.co.uk/7ec4a830-7890-4a63-af1f-1b14fd46986a&start=2026-09-11T20:00:00+0000&duration=PT1H from server.
Fetching https://www.freeview.co.uk/api/program?sid=39&nid=64403&pid=crid://csi.digitaluk.co.uk/929b253a-04c4-4d81-8977-4e2bb08ee007&start=2026-09-11T21:00:00+0000&duration=PT1H from server.
Fetching https://www.freeview.co.uk/api/program?sid=39&nid=64403&pid=crid://csi.digitaluk.co.uk/4eecb9a3-8324-4488-b9eb-2ecb9f0f3451&start=2026-09-11T22:00:00+0000&duration=PT1H from server.
Fetching https://www.freeview.co.uk/api/program?sid=39&nid=64403&pid=crid://csi.digitaluk.co.uk/268697c2-6453-455d-b712-025a5e70c78a&start=2026-09-11T23:00:00+0000&duration=PT1H from server.
### Wanted 23744 
Fetching https://www.freeview.co.uk/api/program?sid=40&nid=64403&pid=crid://csi.digitaluk.co.uk/d39d09c3-6032-4c2b-af4b-538d0c2b9f4a&start=2026-09-11T00:00:00+0000&duration=PT1H from server.
Fetching https://www.freeview.co.uk/api/program?sid=40&nid=64403&pid=crid://csi.digitaluk.co.uk/adc23739-f1fe-4c6e-a90e-4f1c6ae776e5&start=2026-09-11T01:00:00+0000&duration=PT1H from server.
Fetching https://www.freeview.co.uk/api/program?sid=40&nid=64403&pid=crid://csi.digitaluk.co.uk/29321d5d-565d-4ead-81df-74b949412441&start=2026-09-11T02:00:00+0000&duration=PT1H from server.
Fetching https://www.freeview.co.uk/api/program?sid=40&nid=64403&pid=crid://csi.digitaluk.co.uk/fcfa56b8-412b-4315-bbac-43dd78bdc920&start=2026-09-11T03:00:00+0000&duration=PT30M from server.
Fetching https://www.freeview.co.uk/api/program?sid=40&nid=64403&pid=crid://csi.digitaluk.co.uk/7ace2d1c-b105-4270-94fb-0346117dc987&start=2026-09-11T03:30:00+0000&duration=PT30M from server.
Fetching https://www.freeview.co.uk/api/program?sid=40&nid=64403&pid=crid://csi.digitaluk.co.uk/560fd026-4b6e-4fd5-87b3-34e93ba9f8e1&start=2026-09-11T04:00:00+0000&duration=PT30M from server.
Fetching https://www.freeview.co.uk/api/program?sid=40&nid=64403&pid=crid://csi.digitaluk.co.uk/8033b555-d639-4538-afb6-1b3f625b2364&start=2026-09-11T04:30:00+0000&duration=PT30M from server.
Fetching https://www.freeview.co.uk/api/program?sid=40&nid=64403&pid=crid://csi.digitaluk.co.uk/5b62cba2-bd12-43fd-be23-879ab9fa436a&start=2026-09-11T05:00:00+0000&duration=PT30M from server.
Fetching https://www.freeview.co.uk/api/program?sid=40&nid=64403&pid=crid://csi.digitaluk.co.uk/0bb42871-3aff-4de3-b42d-c8602960dc3b&start=2026-09-11T05:30:00+0000&duration=PT30M from server.
Fetching https://www.freeview.co.uk/api/program?sid=40&nid=64403&pid=crid://csi.digitaluk.co.uk/c204b332-09d5-435e-ad4a-73d05b7ee033&start=2026-09-11T06:00:00+0000&duration=PT30M from server.
Fetching https://www.freeview.co.uk/api/program?sid=40&nid=64403&pid=crid://csi.digitaluk.co.uk/f09d54bd-97d3-4786-b859-c9069628e7d7&start=2026-09-11T06:30:00+0000&duration=PT30M from server.
Fetching https://www.freeview.co.uk/api/program?sid=40&nid=64403&pid=crid://csi.digitaluk.co.uk/c968ed8b-2976-4fa9-94dd-c399d508ef67&start=2026-09-11T07:00:00+0000&duration=PT1H from server.
Fetching https://www.freeview.co.uk/api/program?sid=40&nid=64403&pid=crid://csi.digitaluk.co.uk/e79841fa-d489-4dac-b4f9-83ee4f8d7a46&start=2026-09-11T08:00:00+0000&duration=PT1H from server.
Fetching https://www.freeview.co.uk/api/program?sid=40&nid=64403&pid=crid://csi.digitaluk.co.uk/97ed62cb-aaf5-4d72-8956-fde33670cc3b&start=2026-09-11T09:00:00+0000&duration=PT1H from server.
Fetching https://www.freeview.co.uk/api/program?sid=40&nid=64403&pid=crid://csi.digitaluk.co.uk/483ebc3d-42f3-424e-95f4-d38c19b530f6&start=2026-09-11T10:00:00+0000&duration=PT1H from server.
Fetching https://www.freeview.co.uk/api/program?sid=40&nid=64403&pid=crid://csi.digitaluk.co.uk/27c211e7-6e33-4d3a-acff-e08e2d41474a&start=2026-09-11T11:00:00+0000&duration=PT1H from server.
Fetching https://www.freeview.co.uk/api/program?sid=40&nid=64403&pid=crid://csi.digitaluk.co.uk/d91c794c-5168-456c-b76d-7153211bbfc7&start=2026-09-11T12:00:00+0000&duration=PT1H from server.
Fetching https://www.freeview.co.uk/api/program?sid=40&nid=64403&pid=crid://csi.digitaluk.co.uk/a7fdfdfa-5e89-4963-a801-0a9a138bf3dc&start=2026-09-11T13:00:00+0000&duration=PT1H from server.
Fetching https://www.freeview.co.uk/api/program?sid=40&nid=64403&pid=crid://csi.digitaluk.co.uk/d21a240b-6f65-421b-9c22-944a90672754&start=2026-09-11T14:00:00+0000&duration=PT1H from server.
Fetching https://www.freeview.co.uk/api/program?sid=40&nid=64403&pid=crid://csi.digitaluk.co.uk/b90736ce-3d33-42e5-9fa1-eeaf6311f5a3&start=2026-09-11T15:00:00+0000&duration=PT1H from server.
Fetching https://www.freeview.co.uk/api/program?sid=40&nid=64403&pid=crid://csi.digitaluk.co.uk/27f6a749-3b73-408a-9956-aa583e7eb307&start=2026-09-11T16:00:00+0000&duration=PT1H from server.
Fetching https://www.freeview.co.uk/api/program?sid=40&nid=64403&pid=crid://csi.digitaluk.co.uk/eae96fff-aeb8-4ad9-9500-31f9c58ec8d8&start=2026-09-11T17:00:00+0000&duration=PT1H from server.
Fetching https://www.freeview.co.uk/api/program?sid=40&nid=64403&pid=crid://csi.digitaluk.co.uk/9d69e238-1cfc-4bc1-9525-2af1b90fcdb4&start=2026-09-11T18:00:00+0000&duration=PT1H from server.
Fetching https://www.freeview.co.uk/api/program?sid=40&nid=64403&pid=crid://csi.digitaluk.co.uk/060b6161-cd35-4230-86b2-13b6dc13eb20&start=2026-09-11T19:00:00+0000&duration=PT1H from server.
Fetching https://www.freeview.co.uk/api/program?sid=40&nid=64403&pid=crid://csi.digitaluk.co.uk/5dde6b8e-9cbe-4f04-a1b0-61ec1624c3ab&start=2026-09-11T20:00:00+0000&duration=PT1H from server.
Fetching https://www.freeview.co.uk/api/program?sid=40&nid=64403&pid=crid://csi.digitaluk.co.uk/a844b9af-d3ff-4472-9d14-069b2cba0f98&start=2026-09-11T21:00:00+0000&duration=PT2H from server.
Fetching https://www.freeview.co.uk/api/program?sid=40&nid=64403&pid=crid://csi.digitaluk.co.uk/870228e4-56d1-4111-85c6-6e5a847dc943&start=2026-09-11T23:00:00+0000&duration=PT1H from server.
## Wanted 23040 
Fetching https://www.freeview.co.uk/api/program?sid=43&nid=64403&pid=crid://csi.digitaluk.co.uk/bfefee35-0f02-4405-b00a-28c33fcbc37e&start=2026-09-11T00:00:00+0000&duration=PT30M from server.
Fetching https://www.freeview.co.uk/api/program?sid=43&nid=64403&pid=crid://csi.digitaluk.co.uk/638229d5-58ae-4a66-934f-f713c987611b&start=2026-09-11T00:30:00+0000&duration=PT30M from server.
Fetching https://www.freeview.co.uk/api/program?sid=43&nid=64403&pid=crid://csi.digitaluk.co.uk/9a59a6af-0018-4479-a2d1-35421f52047f&start=2026-09-11T01:00:00+0000&duration=PT30M from server.
Fetching https://www.freeview.co.uk/api/program?sid=43&nid=64403&pid=crid://csi.digitaluk.co.uk/6cee77d7-7e4c-4ce4-9ee1-0afe750c4cfb&start=2026-09-11T01:30:00+0000&duration=PT30M from server.
Fetching https://www.freeview.co.uk/api/program?sid=43&nid=64403&pid=crid://csi.digitaluk.co.uk/fee52ed2-9cf6-41f4-b316-3a5234144b19&start=2026-09-11T02:00:00+0000&duration=PT30M from server.
Fetching https://www.freeview.co.uk/api/program?sid=43&nid=64403&pid=crid://csi.digitaluk.co.uk/9c6325c3-18a9-4d0a-8f1d-ae051b40e45c&start=2026-09-11T02:30:00+0000&duration=PT30M from server.
Fetching https://www.freeview.co.uk/api/program?sid=43&nid=64403&pid=crid://csi.digitaluk.co.uk/0cb2b66a-9039-4cbb-87c2-a5ecc62309bf&start=2026-09-11T03:00:00+0000&duration=PT30M from server.
Fetching https://www.freeview.co.uk/api/program?sid=43&nid=64403&pid=crid://csi.digitaluk.co.uk/7d02298a-434c-4453-a702-d34aa5d20e32&start=2026-09-11T03:30:00+0000&duration=PT30M from server.
Fetching https://www.freeview.co.uk/api/program?sid=43&nid=64403&pid=crid://csi.digitaluk.co.uk/c83399c3-6746-430d-950b-5442354c972f&start=2026-09-11T04:00:00+0000&duration=PT30M from server.
Fetching https://www.freeview.co.uk/api/program?sid=43&nid=64403&pid=crid://csi.digitaluk.co.uk/c9a1aafe-7e5d-4928-be1c-a9c7f42184ef&start=2026-09-11T04:30:00+0000&duration=PT30M from server.
Fetching https://www.freeview.co.uk/api/program?sid=43&nid=64403&pid=crid://csi.digitaluk.co.uk/ca9a4cb0-e006-45e6-aa75-fa53754c2840&start=2026-09-11T05:00:00+0000&duration=PT30M from server.
Fetching https://www.freeview.co.uk/api/program?sid=43&nid=64403&pid=crid://csi.digitaluk.co.uk/675135f7-5c05-4487-a54e-0c02b5373d86&start=2026-09-11T05:30:00+0000&duration=PT30M from server.
Fetching https://www.freeview.co.uk/api/program?sid=43&nid=64403&pid=crid://csi.digitaluk.co.uk/c39757b3-9490-45f9-b747-1750bcbed444&start=2026-09-11T06:00:00+0000&duration=PT1H from server.
Fetching https://www.freeview.co.uk/api/program?sid=43&nid=64403&pid=crid://csi.digitaluk.co.uk/ff3ba3fe-880e-4471-ab72-ca352d1398dd&start=2026-09-11T07:00:00+0000&duration=PT30M from server.
Fetching https://www.freeview.co.uk/api/program?sid=43&nid=64403&pid=crid://csi.digitaluk.co.uk/5e2a997c-bf24-4e08-a0b7-172b437bf8b4&start=2026-09-11T07:30:00+0000&duration=PT30M from server.
Fetching https://www.freeview.co.uk/api/program?sid=43&nid=64403&pid=crid://csi.digitaluk.co.uk/e04b0c65-6d35-4b9b-8ce3-03aac8871b90&start=2026-09-11T08:00:00+0000&duration=PT30M from server.
Fetching https://www.freeview.co.uk/api/program?sid=43&nid=64403&pid=crid://csi.digitaluk.co.uk/143c0eb1-55ff-4c0b-9a37-9898501b346a&start=2026-09-11T08:30:00+0000&duration=PT30M from server.
Fetching https://www.freeview.co.uk/api/program?sid=43&nid=64403&pid=crid://csi.digitaluk.co.uk/da1ec40b-421f-4da4-9214-c69c1c91bf0a&start=2026-09-11T09:00:00+0000&duration=PT30M from server.
Fetching https://www.freeview.co.uk/api/program?sid=43&nid=64403&pid=crid://csi.digitaluk.co.uk/7d25f69f-a3aa-4bb2-9d9d-3ebc94181fe0&start=2026-09-11T09:30:00+0000&duration=PT30M from server.
Fetching https://www.freeview.co.uk/api/program?sid=43&nid=64403&pid=crid://csi.digitaluk.co.uk/034e59f8-19a9-46d8-b3f9-8ddaeaf27d2d&start=2026-09-11T10:00:00+0000&duration=PT1H30M from server.
Fetching https://www.freeview.co.uk/api/program?sid=43&nid=64403&pid=crid://csi.digitaluk.co.uk/edf49d1d-53c5-4026-aeeb-c66b5eefab2d&start=2026-09-11T11:30:00+0000&duration=PT30M from server.
Fetching https://www.freeview.co.uk/api/program?sid=43&nid=64403&pid=crid://csi.digitaluk.co.uk/01683259-c986-4b3d-bb77-72e6c835ba27&start=2026-09-11T12:00:00+0000&duration=PT1H from server.
Fetching https://www.freeview.co.uk/api/program?sid=43&nid=64403&pid=crid://csi.digitaluk.co.uk/54aff695-611e-4a09-bbd5-ffa767511d72&start=2026-09-11T13:00:00+0000&duration=PT1H from server.
Fetching https://www.freeview.co.uk/api/program?sid=43&nid=64403&pid=crid://csi.digitaluk.co.uk/b85e3856-71c8-4b58-9415-703db1f6735f&start=2026-09-11T14:00:00+0000&duration=PT1H from server.
Fetching https://www.freeview.co.uk/api/program?sid=43&nid=64403&pid=crid://csi.digitaluk.co.uk/23de888d-1ad2-4abf-acd7-3452ea14d133&start=2026-09-11T15:00:00+0000&duration=PT30M from server.
Fetching https://www.freeview.co.uk/api/program?sid=43&nid=64403&pid=crid://csi.digitaluk.co.uk/57049139-c4eb-4d65-9946-69b89d33e88a&start=2026-09-11T15:30:00+0000&duration=PT30M from server.
Fetching https://www.freeview.co.uk/api/program?sid=43&nid=64403&pid=crid://csi.digitaluk.co.uk/edd96252-b47d-4f52-90e7-121603ef5af4&start=2026-09-11T16:00:00+0000&duration=PT30M from server.
Fetching https://www.freeview.co.uk/api/program?sid=43&nid=64403&pid=crid://csi.digitaluk.co.uk/2b98f47e-267f-4136-b19d-af5bf0952572&start=2026-09-11T16:30:00+0000&duration=PT30M from server.
Fetching https://www.freeview.co.uk/api/program?sid=43&nid=64403&pid=crid://csi.digitaluk.co.uk/35a95ab2-ce5e-4fe2-89eb-7f6a5b75812f&start=2026-09-11T17:00:00+0000&duration=PT1H from server.
Fetching https://www.freeview.co.uk/api/program?sid=43&nid=64403&pid=crid://csi.digitaluk.co.uk/706328c9-3e94-4661-be53-6596507b1754&start=2026-09-11T18:00:00+0000&duration=PT1H30M from server.
Fetching https://www.freeview.co.uk/api/program?sid=43&nid=64403&pid=crid://csi.digitaluk.co.uk/6d71337f-a2b1-4e2a-ac02-e6e6ff078984&start=2026-09-11T19:30:00+0000&duration=PT30M from server.
Fetching https://www.freeview.co.uk/api/program?sid=43&nid=64403&pid=crid://csi.digitaluk.co.uk/caadcafc-4b3f-4042-a58a-c9a357162d8c&start=2026-09-11T20:00:00+0000&duration=PT30M from server.
Fetching https://www.freeview.co.uk/api/program?sid=43&nid=64403&pid=crid://csi.digitaluk.co.uk/d9a6ee7c-0ea6-40ea-af4d-6bb58c1b0e35&start=2026-09-11T20:30:00+0000&duration=PT30M from server.
Fetching https://www.freeview.co.uk/api/program?sid=43&nid=64403&pid=crid://csi.digitaluk.co.uk/0c829afd-bfb4-470d-b4f3-e95ed9dd3aa1&start=2026-09-11T21:00:00+0000&duration=PT30M from server.
Fetching https://www.freeview.co.uk/api/program?sid=43&nid=64403&pid=crid://csi.digitaluk.co.uk/9ff3c13c-7ac1-4c1a-ac5f-19a72b6f4a19&start=2026-09-11T21:30:00+0000&duration=PT30M from server.
Fetching https://www.freeview.co.uk/api/program?sid=43&nid=64403&pid=crid://csi.digitaluk.co.uk/ed772c88-12e8-4d21-ba17-33c098f4072d&start=2026-09-11T22:00:00+0000&duration=PT30M from server.
Fetching https://www.freeview.co.uk/api/program?sid=43&nid=64403&pid=crid://csi.digitaluk.co.uk/35379da8-c8c1-44ca-80fc-9c55039d7028&start=2026-09-11T22:30:00+0000&duration=PT30M from server.
Fetching https://www.freeview.co.uk/api/program?sid=43&nid=64403&pid=crid://csi.digitaluk.co.uk/1038e6e7-7177-4103-a14d-e23d48910506&start=2026-09-11T23:00:00+0000&duration=PT30M from server.
Fetching https://www.freeview.co.uk/api/program?sid=43&nid=64403&pid=crid://csi.digitaluk.co.uk/2b82b63b-d3bd-4d9e-bb5f-fb2d0073ceb3&start=2026-09-11T23:30:00+0000&duration=PT30M from server.
### Wanted 23712 
Fetching https://www.freeview.co.uk/api/program?sid=44&nid=64403&pid=crid://csi.digitaluk.co.uk/6b18253e-6212-4687-ba36-00f324d33b5e&start=2026-09-11T00:00:00+0000&duration=PT1H from server.
Fetching https://www.freeview.co.uk/api/program?sid=44&nid=64403&pid=crid://csi.digitaluk.co.uk/9e2a5098-5844-4ae4-8e8d-b15be4e5da92&start=2026-09-11T01:00:00+0000&duration=PT2H from server.
Fetching https://www.freeview.co.uk/api/program?sid=44&nid=64403&pid=crid://csi.digitaluk.co.uk/8d5191b1-200d-4061-925e-b330060794a4&start=2026-09-11T03:00:00+0000&duration=PT1H from server.
Fetching https://www.freeview.co.uk/api/program?sid=44&nid=64403&pid=crid://csi.digitaluk.co.uk/10485266-5b59-48fb-a873-f3e8ac49cba9&start=2026-09-11T04:00:00+0000&duration=PT1H from server.
Fetching https://www.freeview.co.uk/api/program?sid=44&nid=64403&pid=crid://csi.digitaluk.co.uk/bc591363-1384-44d7-91e6-1fb00ae3d75d&start=2026-09-11T05:00:00+0000&duration=PT1H from server.
Fetching https://www.freeview.co.uk/api/program?sid=44&nid=64403&pid=crid://csi.digitaluk.co.uk/a350ee23-a4ce-4f14-b0cf-ef666c74b04a&start=2026-09-11T06:00:00+0000&duration=PT1H from server.
Fetching https://www.freeview.co.uk/api/program?sid=44&nid=64403&pid=crid://csi.digitaluk.co.uk/fc7f098e-431c-4c76-a2f5-51d3f356dc67&start=2026-09-11T07:00:00+0000&duration=PT1H from server.
Fetching https://www.freeview.co.uk/api/program?sid=44&nid=64403&pid=crid://csi.digitaluk.co.uk/e268595e-54ee-4e5f-bd81-cf4d50d805fa&start=2026-09-11T08:00:00+0000&duration=PT1H from server.
Fetching https://www.freeview.co.uk/api/program?sid=44&nid=64403&pid=crid://csi.digitaluk.co.uk/186e057d-94bc-45a2-8cce-849a9de0eb81&start=2026-09-11T09:00:00+0000&duration=PT1H from server.
Fetching https://www.freeview.co.uk/api/program?sid=44&nid=64403&pid=crid://csi.digitaluk.co.uk/25c810b4-0ef9-4f6a-82b4-00b78f01ed0b&start=2026-09-11T10:00:00+0000&duration=PT1H from server.
Fetching https://www.freeview.co.uk/api/program?sid=44&nid=64403&pid=crid://csi.digitaluk.co.uk/07ddce18-7b14-4922-a689-fe1715f342e1&start=2026-09-11T11:00:00+0000&duration=PT1H from server.
Fetching https://www.freeview.co.uk/api/program?sid=44&nid=64403&pid=crid://csi.digitaluk.co.uk/1bfc2565-5f9a-4219-bde4-2bf970616f35&start=2026-09-11T12:00:00+0000&duration=PT1H from server.
Fetching https://www.freeview.co.uk/api/program?sid=44&nid=64403&pid=crid://csi.digitaluk.co.uk/12688cd1-f100-4aee-ac28-4e6344f718de&start=2026-09-11T13:00:00+0000&duration=PT1H from server.
Fetching https://www.freeview.co.uk/api/program?sid=44&nid=64403&pid=crid://csi.digitaluk.co.uk/418473c7-078a-4ea6-a72f-5ad9d16d8c6f&start=2026-09-11T14:00:00+0000&duration=PT1H from server.
Fetching https://www.freeview.co.uk/api/program?sid=44&nid=64403&pid=crid://csi.digitaluk.co.uk/d5bfd439-8f10-4f94-912c-8edf16d75590&start=2026-09-11T15:00:00+0000&duration=PT1H from server.
Fetching https://www.freeview.co.uk/api/program?sid=44&nid=64403&pid=crid://csi.digitaluk.co.uk/25838fbc-dee9-4479-828b-b333c013e18d&start=2026-09-11T16:00:00+0000&duration=PT1H from server.
Fetching https://www.freeview.co.uk/api/program?sid=44&nid=64403&pid=crid://csi.digitaluk.co.uk/eae839ae-d481-43cc-bf50-64558fb7fb5c&start=2026-09-11T17:00:00+0000&duration=PT1H from server.
Fetching https://www.freeview.co.uk/api/program?sid=44&nid=64403&pid=crid://csi.digitaluk.co.uk/974464c8-4c23-4e97-8b9c-d846550dbbf7&start=2026-09-11T18:00:00+0000&duration=PT1H from server.
Fetching https://www.freeview.co.uk/api/program?sid=44&nid=64403&pid=crid://csi.digitaluk.co.uk/5425182c-27c8-4549-bd3c-fa7d97d5d817&start=2026-09-11T19:00:00+0000&duration=PT1H from server.
Fetching https://www.freeview.co.uk/api/program?sid=44&nid=64403&pid=crid://csi.digitaluk.co.uk/0f8e8321-f2c3-4543-b639-dc046587ea7a&start=2026-09-11T20:00:00+0000&duration=PT1H from server.
Fetching https://www.freeview.co.uk/api/program?sid=44&nid=64403&pid=crid://csi.digitaluk.co.uk/c5138669-1384-496e-b293-52ee4c1f807d&start=2026-09-11T21:00:00+0000&duration=PT1H from server.
Fetching https://www.freeview.co.uk/api/program?sid=44&nid=64403&pid=crid://csi.digitaluk.co.uk/52d3d5cf-0d49-4ec1-b76e-e59eb832ad00&start=2026-09-11T22:00:00+0000&duration=PT1H from server.
Fetching https://www.freeview.co.uk/api/program?sid=44&nid=64403&pid=crid://csi.digitaluk.co.uk/5ec2a008-2766-4def-b472-45f9fe0d09da&start=2026-09-11T23:00:00+0000&duration=PT1H from server.
## Wanted 20256 
Fetching https://www.freeview.co.uk/api/program?sid=46&nid=64403&pid=crid://csi.digitaluk.co.uk/91948bd2-e2d7-4635-a454-27ef84980d5b&start=2026-09-11T00:05:00+0000&duration=PT1H from server.
Fetching https://www.freeview.co.uk/api/program?sid=46&nid=64403&pid=crid://csi.digitaluk.co.uk/d9369712-9ac3-487b-afbf-2e52d9d2e3fe&start=2026-09-11T01:05:00+0000&duration=PT1H from server.
Fetching https://www.freeview.co.uk/api/program?sid=46&nid=64403&pid=crid://panorama.five.tv/versions/C5472860006B&start=2026-09-11T02:05:00+0000&duration=PT45M from server.
Fetching https://www.freeview.co.uk/api/program?sid=46&nid=64403&pid=crid://panorama.five.tv/versions/C5522700037A&start=2026-09-11T02:50:00+0000&duration=PT10M from server.
Fetching https://www.freeview.co.uk/api/program?sid=46&nid=64403&pid=crid://panorama.five.tv/versions/C5266540001A&start=2026-09-11T03:00:00+0000&duration=PT2H from server.
Fetching https://www.freeview.co.uk/api/program?sid=46&nid=64403&pid=crid://panorama.five.tv/versions/C5480340001A&start=2026-09-11T05:00:00+0000&duration=PT30M from server.
Fetching https://www.freeview.co.uk/api/program?sid=46&nid=64403&pid=crid://panorama.five.tv/versions/C5326820001A&start=2026-09-11T05:30:00+0000&duration=PT30M from server.
Fetching https://www.freeview.co.uk/api/program?sid=46&nid=64403&pid=crid://panorama.five.tv/versions/C5349600001A&start=2026-09-11T06:00:00+0000&duration=PT1H from server.
Fetching https://www.freeview.co.uk/api/program?sid=46&nid=64403&pid=crid://panorama.five.tv/versions/C5349600001A&start=2026-09-11T07:00:00+0000&duration=PT1H from server.
Fetching https://www.freeview.co.uk/api/program?sid=46&nid=64403&pid=crid://csi.digitaluk.co.uk/7e4f194c-30ef-4aac-958d-d4b390ed213c&start=2026-09-11T08:00:00+0000&duration=PT1H30M from server.
Fetching https://www.freeview.co.uk/api/program?sid=46&nid=64403&pid=crid://csi.digitaluk.co.uk/d2a439b2-3ee1-4b3d-8a39-91dd03afabc5&start=2026-09-11T09:30:00+0000&duration=PT1H30M from server.
Fetching https://www.freeview.co.uk/api/program?sid=46&nid=64403&pid=crid://csi.digitaluk.co.uk/ac0c1738-1e3a-4d78-a65f-d11f651d8790&start=2026-09-11T11:00:00+0000&duration=PT1H from server.
Fetching https://www.freeview.co.uk/api/program?sid=46&nid=64403&pid=crid://panorama.five.tv/versions/C5348700003B&start=2026-09-11T12:00:00+0000&duration=PT1H from server.
Fetching https://www.freeview.co.uk/api/program?sid=46&nid=64403&pid=crid://panorama.five.tv/versions/C5348700004B&start=2026-09-11T13:00:00+0000&duration=PT1H from server.
Fetching https://www.freeview.co.uk/api/program?sid=46&nid=64403&pid=crid://csi.digitaluk.co.uk/ee724c91-76b0-4e8a-81ea-7602ed90756a&start=2026-09-11T14:00:00+0000&duration=PT2H from server.
Fetching https://www.freeview.co.uk/api/program?sid=46&nid=64403&pid=crid://csi.digitaluk.co.uk/ca1f39b8-5deb-4379-82e1-af3c83ec2fc4&start=2026-09-11T16:00:00+0000&duration=PT1H from server.
Fetching https://www.freeview.co.uk/api/program?sid=46&nid=64403&pid=crid://csi.digitaluk.co.uk/34ac9e28-d05d-4d51-875c-d181c1842e63&start=2026-09-11T17:00:00+0000&duration=PT1H from server.
Fetching https://www.freeview.co.uk/api/program?sid=46&nid=64403&pid=crid://panorama.five.tv/versions/C5255100005A&start=2026-09-11T18:00:00+0000&duration=PT1H from server.
Fetching https://www.freeview.co.uk/api/program?sid=46&nid=64403&pid=crid://panorama.five.tv/versions/C5255100006A&start=2026-09-11T19:00:00+0000&duration=PT1H from server.
Fetching https://www.freeview.co.uk/api/program?sid=46&nid=64403&pid=crid://panorama.five.tv/versions/C5517880001A&start=2026-09-11T20:00:00+0000&duration=PT2H5M from server.
Fetching https://www.freeview.co.uk/api/program?sid=46&nid=64403&pid=crid://csi.digitaluk.co.uk/33a5761a-a5b0-4f9a-b989-d1b266bfd669&start=2026-09-11T22:05:00+0000&duration=PT1H from server.
Fetching https://www.freeview.co.uk/api/program?sid=46&nid=64403&pid=crid://csi.digitaluk.co.uk/36bcc082-70dd-4f8b-991a-8ec17376180c&start=2026-09-11T23:05:00+0000&duration=PT1H from server.
### Wanted 8460 
Fetching https://www.freeview.co.uk/api/program?sid=49&nid=64403&pid=crid://csi.digitaluk.co.uk/b7532864-ee54-423a-90ff-ea94be3a6683&start=2026-09-11T01:15:00+0000&duration=PT1H from server.
Fetching https://www.freeview.co.uk/api/program?sid=49&nid=64403&pid=crid://movida.bebanjo.net/mas/version/79123/002/ASDELIVERED/C&start=2026-09-11T02:15:00+0000&duration=PT55M from server.
Fetching https://www.freeview.co.uk/api/program?sid=49&nid=64403&pid=crid://csi.digitaluk.co.uk/f2da1db0-6063-4f4b-b49b-fb0d5034b645&start=2026-09-11T03:10:00+0000&duration=PT30M from server.
Fetching https://www.freeview.co.uk/api/program?sid=49&nid=64403&pid=crid://csi.digitaluk.co.uk/a7712c1f-4731-4f4b-81b2-b5c47c19e7a4&start=2026-09-11T03:40:00+0000&duration=PT2H20M from server.
Fetching https://www.freeview.co.uk/api/program?sid=49&nid=64403&pid=crid://csi.digitaluk.co.uk/6d1cecc1-d936-4ca2-be11-a12732ec67c5&start=2026-09-11T06:00:00+0000&duration=PT2H from server.
Fetching https://www.freeview.co.uk/api/program?sid=49&nid=64403&pid=crid://csi.digitaluk.co.uk/4f57c453-eef8-43c6-a7f8-169e07150968&start=2026-09-11T08:00:00+0000&duration=PT1H from server.
Fetching https://www.freeview.co.uk/api/program?sid=49&nid=64403&pid=crid://csi.digitaluk.co.uk/388039d3-a653-47af-9b08-8ed6dfb2cdb0&start=2026-09-11T09:00:00+0000&duration=PT1H from server.
Fetching https://www.freeview.co.uk/api/program?sid=49&nid=64403&pid=crid://csi.digitaluk.co.uk/adf0e555-6375-452e-a144-836ca677bdc9&start=2026-09-11T10:00:00+0000&duration=PT1H from server.
Fetching https://www.freeview.co.uk/api/program?sid=49&nid=64403&pid=crid://csi.digitaluk.co.uk/9d3882f2-e775-43b3-9021-81849ba6697d&start=2026-09-11T11:00:00+0000&duration=PT1H from server.
Fetching https://www.freeview.co.uk/api/program?sid=49&nid=64403&pid=crid://csi.digitaluk.co.uk/11d2393e-ea77-4584-8653-63afd5290f06&start=2026-09-11T12:00:00+0000&duration=PT1H from server.
Fetching https://www.freeview.co.uk/api/program?sid=49&nid=64403&pid=crid://csi.digitaluk.co.uk/c7f0a6cb-7435-4177-9bbf-1adf75ae7636&start=2026-09-11T13:00:00+0000&duration=PT1H from server.
Fetching https://www.freeview.co.uk/api/program?sid=49&nid=64403&pid=crid://csi.digitaluk.co.uk/36fc9f80-8537-4ef1-a2e6-f4fe6c42048e&start=2026-09-11T14:00:00+0000&duration=PT30M from server.
Fetching https://www.freeview.co.uk/api/program?sid=49&nid=64403&pid=crid://csi.digitaluk.co.uk/fc247b1d-c52f-41ab-9402-905f7a3c651b&start=2026-09-11T14:30:00+0000&duration=PT30M from server.
Fetching https://www.freeview.co.uk/api/program?sid=49&nid=64403&pid=crid://csi.digitaluk.co.uk/ce5e88fb-df8b-4ae1-a73c-007501abe8ba&start=2026-09-11T15:00:00+0000&duration=PT30M from server.
Fetching https://www.freeview.co.uk/api/program?sid=49&nid=64403&pid=crid://csi.digitaluk.co.uk/0ef59884-fe68-472a-bbb4-6d981be1807a&start=2026-09-11T15:30:00+0000&duration=PT30M from server.
Fetching https://www.freeview.co.uk/api/program?sid=49&nid=64403&pid=crid://csi.digitaluk.co.uk/ac3fa228-5393-4dcb-bb62-1abed8f1097b&start=2026-09-11T16:00:00+0000&duration=PT30M from server.
Fetching https://www.freeview.co.uk/api/program?sid=49&nid=64403&pid=crid://csi.digitaluk.co.uk/66e7b32e-d18b-4dbe-81e2-04171842354e&start=2026-09-11T16:30:00+0000&duration=PT30M from server.
Fetching https://www.freeview.co.uk/api/program?sid=49&nid=64403&pid=crid://csi.digitaluk.co.uk/1ad74e35-137f-4346-bd3b-51cfdea699fd&start=2026-09-11T17:00:00+0000&duration=PT1H from server.
Fetching https://www.freeview.co.uk/api/program?sid=49&nid=64403&pid=crid://movida.bebanjo.net/mas/version/79123/002/ASDELIVERED/C&start=2026-09-11T18:00:00+0000&duration=PT1H from server.
Fetching https://www.freeview.co.uk/api/program?sid=49&nid=64403&pid=crid://csi.digitaluk.co.uk/3fa74d45-c203-48ce-9b79-874a3f74d7b2&start=2026-09-11T19:00:00+0000&duration=PT1H from server.
Fetching https://www.freeview.co.uk/api/program?sid=49&nid=64403&pid=crid://csi.digitaluk.co.uk/843aa5de-dcf5-435e-8715-835b8d787470&start=2026-09-11T20:00:00+0000&duration=PT1H from server.
Fetching https://www.freeview.co.uk/api/program?sid=49&nid=64403&pid=crid://movida.bebanjo.net/mas/version/77937/005/ASDELIVERED/C&start=2026-09-11T21:00:00+0000&duration=PT1H5M from server.
Fetching https://www.freeview.co.uk/api/program?sid=49&nid=64403&pid=crid://csi.digitaluk.co.uk/6f2dd82b-9308-402a-a735-c0d067b8bc2e&start=2026-09-11T22:05:00+0000&duration=PT1H from server.
Fetching https://www.freeview.co.uk/api/program?sid=49&nid=64403&pid=crid://csi.digitaluk.co.uk/62bf2127-8831-433b-a3fa-051834593f17&start=2026-09-11T23:05:00+0000&duration=PT1H from server.
## Wanted 14384 
Fetching https://www.freeview.co.uk/api/program?sid=64&nid=64403&pid=crid://csi.digitaluk.co.uk/5b2cf206-128f-4154-aa49-fe499753941b&start=2026-09-11T00:00:00+0000&duration=PT30M from server.
Fetching https://www.freeview.co.uk/api/program?sid=64&nid=64403&pid=crid://csi.digitaluk.co.uk/0c8d5d8a-5de5-4128-9bae-56b4b8345d4e&start=2026-09-11T00:30:00+0000&duration=PT30M from server.
Fetching https://www.freeview.co.uk/api/program?sid=64&nid=64403&pid=crid://csi.digitaluk.co.uk/0200a314-4d05-4c71-bc20-f494c2d713c4&start=2026-09-11T01:00:00+0000&duration=PT1H from server.
Fetching https://www.freeview.co.uk/api/program?sid=64&nid=64403&pid=crid://csi.digitaluk.co.uk/97b28ceb-2fa9-4630-a410-cd372999a3fe&start=2026-09-11T02:00:00+0000&duration=PT45M from server.
Fetching https://www.freeview.co.uk/api/program?sid=64&nid=64403&pid=crid://csi.digitaluk.co.uk/e73447a2-a77f-4763-b136-988cda5ccf43&start=2026-09-11T02:45:00+0000&duration=PT25M from server.
Fetching https://www.freeview.co.uk/api/program?sid=64&nid=64403&pid=crid://csi.digitaluk.co.uk/07397eb7-583c-418c-95c4-53923e20b29e&start=2026-09-11T03:10:00+0000&duration=PT25M from server.
Fetching https://www.freeview.co.uk/api/program?sid=64&nid=64403&pid=crid://csi.digitaluk.co.uk/47cd883f-a924-459b-993f-d31451662ca6&start=2026-09-11T03:35:00+0000&duration=PT25M from server.
Fetching https://www.freeview.co.uk/api/program?sid=64&nid=64403&pid=crid://csi.digitaluk.co.uk/221856a0-b4fe-4507-aa6e-bbaf0f2c48e1&start=2026-09-11T04:00:00+0000&duration=PT1H from server.
Fetching https://www.freeview.co.uk/api/program?sid=64&nid=64403&pid=crid://csi.digitaluk.co.uk/a185693d-91f0-4533-9c5e-746da888c6d9&start=2026-09-11T05:00:00+0000&duration=PT45M from server.
Fetching https://www.freeview.co.uk/api/program?sid=64&nid=64403&pid=crid://csi.digitaluk.co.uk/4ace7fbd-34a7-4aff-87a0-c864637a237c&start=2026-09-11T05:45:00+0000&duration=PT25M from server.
Fetching https://www.freeview.co.uk/api/program?sid=64&nid=64403&pid=crid://csi.digitaluk.co.uk/91848542-5924-47df-8fb3-c6f5bb096598&start=2026-09-11T06:10:00+0000&duration=PT20M from server.
Fetching https://www.freeview.co.uk/api/program?sid=64&nid=64403&pid=crid://csi.digitaluk.co.uk/8921000f-60ae-4626-bb5c-d12937fd7537&start=2026-09-11T06:30:00+0000&duration=PT30M from server.
Fetching https://www.freeview.co.uk/api/program?sid=64&nid=64403&pid=crid://csi.digitaluk.co.uk/b3363e54-cb8e-4cf6-8e61-fbef110a0681&start=2026-09-11T07:00:00+0000&duration=PT25M from server.
Fetching https://www.freeview.co.uk/api/program?sid=64&nid=64403&pid=crid://csi.digitaluk.co.uk/730a6277-69f2-407d-a942-7bed95a269e9&start=2026-09-11T07:25:00+0000&duration=PT30M from server.
Fetching https://www.freeview.co.uk/api/program?sid=64&nid=64403&pid=crid://csi.digitaluk.co.uk/541fe13c-f8d8-4bac-a847-00953dd1b102&start=2026-09-11T07:55:00+0000&duration=PT25M from server.
Fetching https://www.freeview.co.uk/api/program?sid=64&nid=64403&pid=crid://csi.digitaluk.co.uk/0aca4b98-0c15-4913-8bb5-a7f9ce16fffe&start=2026-09-11T08:20:00+0000&duration=PT25M from server.
Fetching https://www.freeview.co.uk/api/program?sid=64&nid=64403&pid=crid://csi.digitaluk.co.uk/b8a21e57-b75f-45e0-a024-ebcdefca43d7&start=2026-09-11T08:45:00+0000&duration=PT30M from server.
Fetching https://www.freeview.co.uk/api/program?sid=64&nid=64403&pid=crid://csi.digitaluk.co.uk/df747586-e5f1-4032-8658-62d5dd36c0df&start=2026-09-11T09:15:00+0000&duration=PT25M from server.
Fetching https://www.freeview.co.uk/api/program?sid=64&nid=64403&pid=crid://csi.digitaluk.co.uk/029ddb4f-c0c2-472c-a127-73ecea5ed3b9&start=2026-09-11T09:40:00+0000&duration=PT30M from server.
Fetching https://www.freeview.co.uk/api/program?sid=64&nid=64403&pid=crid://csi.digitaluk.co.uk/11591b36-6b61-40ad-8247-6c179e6c1a84&start=2026-09-11T10:10:00+0000&duration=PT30M from server.
Fetching https://www.freeview.co.uk/api/program?sid=64&nid=64403&pid=crid://csi.digitaluk.co.uk/ca309319-1457-4d96-ab54-f36d3fb8509c&start=2026-09-11T10:40:00+0000&duration=PT30M from server.
Fetching https://www.freeview.co.uk/api/program?sid=64&nid=64403&pid=crid://csi.digitaluk.co.uk/9d82f7e5-4906-4217-98fc-c3499be75ca7&start=2026-09-11T11:10:00+0000&duration=PT25M from server.
Fetching https://www.freeview.co.uk/api/program?sid=64&nid=64403&pid=crid://csi.digitaluk.co.uk/456684df-8f9b-42d1-b953-6ee1a82e2720&start=2026-09-11T11:35:00+0000&duration=PT30M from server.
Fetching https://www.freeview.co.uk/api/program?sid=64&nid=64403&pid=crid://csi.digitaluk.co.uk/b50f6b3a-3871-429a-96e3-d140f55c54dd&start=2026-09-11T12:05:00+0000&duration=PT30M from server.
Fetching https://www.freeview.co.uk/api/program?sid=64&nid=64403&pid=crid://csi.digitaluk.co.uk/6fc1fcbf-7b7d-41a2-87e2-68065d64de24&start=2026-09-11T12:35:00+0000&duration=PT30M from server.
Fetching https://www.freeview.co.uk/api/program?sid=64&nid=64403&pid=crid://csi.digitaluk.co.uk/56d1b61a-b4f3-4984-bde9-c9e15b0f8df1&start=2026-09-11T13:05:00+0000&duration=PT30M from server.
Fetching https://www.freeview.co.uk/api/program?sid=64&nid=64403&pid=crid://csi.digitaluk.co.uk/99c5d6b8-b253-4367-8884-cffaabc501c4&start=2026-09-11T13:35:00+0000&duration=PT30M from server.
Fetching https://www.freeview.co.uk/api/program?sid=64&nid=64403&pid=crid://csi.digitaluk.co.uk/1ef37804-cc34-4bac-97e1-2072adeb1fce&start=2026-09-11T14:05:00+0000&duration=PT1H from server.
Fetching https://www.freeview.co.uk/api/program?sid=64&nid=64403&pid=crid://csi.digitaluk.co.uk/d9b1abe5-7e88-487c-8f8e-6f4c46291c85&start=2026-09-11T15:05:00+0000&duration=PT55M from server.
Fetching https://www.freeview.co.uk/api/program?sid=64&nid=64403&pid=crid://csi.digitaluk.co.uk/70c7de3d-3f39-4322-a62e-9a766ff50826&start=2026-09-11T16:00:00+0000&duration=PT30M from server.
Fetching https://www.freeview.co.uk/api/program?sid=64&nid=64403&pid=crid://csi.digitaluk.co.uk/74b17025-70f6-4037-84a0-5b8b13ba690d&start=2026-09-11T16:30:00+0000&duration=PT30M from server.
Fetching https://www.freeview.co.uk/api/program?sid=64&nid=64403&pid=crid://csi.digitaluk.co.uk/697883c4-7f06-4d73-92ed-e69b366e281a&start=2026-09-11T17:00:00+0000&duration=PT1H from server.
Fetching https://www.freeview.co.uk/api/program?sid=64&nid=64403&pid=crid://csi.digitaluk.co.uk/f262ffc5-7950-4ae4-8709-efe12d319f45&start=2026-09-11T18:00:00+0000&duration=PT1H from server.
Fetching https://www.freeview.co.uk/api/program?sid=64&nid=64403&pid=crid://csi.digitaluk.co.uk/f9787006-762f-4818-bdc8-45015c3f3888&start=2026-09-11T19:00:00+0000&duration=PT1H from server.
Fetching https://www.freeview.co.uk/api/program?sid=64&nid=64403&pid=crid://csi.digitaluk.co.uk/e917988b-16fb-40f3-8807-6067ab3ea626&start=2026-09-11T20:00:00+0000&duration=PT30M from server.
Fetching https://www.freeview.co.uk/api/program?sid=64&nid=64403&pid=crid://csi.digitaluk.co.uk/4eb2e0bd-4ab4-4375-b048-c33e3ae14d5b&start=2026-09-11T20:30:00+0000&duration=PT30M from server.
Fetching https://www.freeview.co.uk/api/program?sid=64&nid=64403&pid=crid://csi.digitaluk.co.uk/78eecb9e-59ee-4edb-9550-61d0ff0f73e8&start=2026-09-11T21:00:00+0000&duration=PT1H from server.
Fetching https://www.freeview.co.uk/api/program?sid=64&nid=64403&pid=crid://csi.digitaluk.co.uk/6f807e47-7695-401e-a6a6-cd43f3e3b133&start=2026-09-11T22:00:00+0000&duration=PT1H from server.
Fetching https://www.freeview.co.uk/api/program?sid=64&nid=64403&pid=crid://csi.digitaluk.co.uk/5759d71a-fcb6-4d78-b220-4911c700a813&start=2026-09-11T23:00:00+0000&duration=PT1H from server.
### Wanted 17856 
Fetching https://www.freeview.co.uk/api/program?sid=103&nid=64403&pid=crid://csi.digitaluk.co.uk/89e256f8-914b-4cbf-9e1c-36dc2611f4d2&start=2026-09-11T00:05:00+0000&duration=PT1H55M from server.
Fetching https://www.freeview.co.uk/api/program?sid=103&nid=64403&pid=crid://csi.digitaluk.co.uk/0a9b6400-1323-4e8c-902d-634308992fcc&start=2026-09-11T02:00:00+0000&duration=PT55M from server.
Fetching https://www.freeview.co.uk/api/program?sid=103&nid=64403&pid=crid://csi.digitaluk.co.uk/8d6bed4a-edce-42ce-ae96-e4b9ec2b60f2&start=2026-09-11T02:55:00+0000&duration=PT1H15M from server.
Fetching https://www.freeview.co.uk/api/program?sid=103&nid=64403&pid=crid://csi.digitaluk.co.uk/2c962899-1796-4bcd-a0bf-a6f2696587ae&start=2026-09-11T04:10:00+0000&duration=PT50M from server.
Fetching https://www.freeview.co.uk/api/program?sid=103&nid=64403&pid=crid://csi.digitaluk.co.uk/f3e08269-e02f-482c-aca4-b48b7d24de0a&start=2026-09-11T05:00:00+0000&duration=PT3H30M from server.
Fetching https://www.freeview.co.uk/api/program?sid=103&nid=64403&pid=crid://csi.digitaluk.co.uk/a9206265-075c-40d8-aaf8-14172a97237d&start=2026-09-11T08:30:00+0000&duration=PT30M from server.
Fetching https://www.freeview.co.uk/api/program?sid=103&nid=64403&pid=crid://csi.digitaluk.co.uk/4e180a49-6c2e-419a-9c7f-84865f66a4be&start=2026-09-11T09:00:00+0000&duration=PT2H30M from server.
Fetching https://www.freeview.co.uk/api/program?sid=103&nid=64403&pid=crid://csi.digitaluk.co.uk/573c26c0-747d-4ace-9c85-3b46f554af40&start=2026-09-11T11:30:00+0000&duration=PT20M from server.
Fetching https://www.freeview.co.uk/api/program?sid=103&nid=64403&pid=crid://csi.digitaluk.co.uk/6d4b5357-b47b-407e-983c-2582d284a917&start=2026-09-11T11:50:00+0000&duration=PT10M from server.
Fetching https://www.freeview.co.uk/api/program?sid=103&nid=64403&pid=crid://csi.digitaluk.co.uk/466e74e9-703c-43fa-8d7f-26d80bfd6577&start=2026-09-11T12:00:00+0000&duration=PT3H from server.
Fetching https://www.freeview.co.uk/api/program?sid=103&nid=64403&pid=crid://csi.digitaluk.co.uk/e640de29-b6c3-4e6d-aabf-118a77c91223&start=2026-09-11T15:00:00+0000&duration=PT1H from server.
Fetching https://www.freeview.co.uk/api/program?sid=103&nid=64403&pid=crid://www.stv.tv/programInformation/233890&start=2026-09-11T16:00:00+0000&duration=PT1H from server.
Fetching https://www.freeview.co.uk/api/program?sid=103&nid=64403&pid=crid://csi.digitaluk.co.uk/390e98d9-4028-446d-bf55-2c7bdee137f0&start=2026-09-11T17:00:00+0000&duration=PT30M from server.
Fetching https://www.freeview.co.uk/api/program?sid=103&nid=64403&pid=crid://csi.digitaluk.co.uk/4de2d76c-3e61-4631-a803-a433f034ad15&start=2026-09-11T17:30:00+0000&duration=PT30M from server.
Fetching https://www.freeview.co.uk/api/program?sid=103&nid=64403&pid=crid://csi.digitaluk.co.uk/7504458e-709e-403a-a987-2c916820d7c6&start=2026-09-11T18:00:00+0000&duration=PT30M from server.
Fetching https://www.freeview.co.uk/api/program?sid=103&nid=64403&pid=crid://www.stv.tv/programInformation/233852&start=2026-09-11T18:30:00+0000&duration=PT30M from server.
Fetching https://www.freeview.co.uk/api/program?sid=103&nid=64403&pid=crid://www.stv.tv/programInformation/233807&start=2026-09-11T19:00:00+0000&duration=PT30M from server.
Fetching https://www.freeview.co.uk/api/program?sid=103&nid=64403&pid=crid://csi.digitaluk.co.uk/54115dbb-cc28-408c-97f5-4fdbb0c77cdb&start=2026-09-11T19:30:00+0000&duration=PT30M from server.
Fetching https://www.freeview.co.uk/api/program?sid=103&nid=64403&pid=crid://csi.digitaluk.co.uk/4b837b92-b0ad-4e8e-be47-fa84db1deae8&start=2026-09-11T20:00:00+0000&duration=PT1H from server.
Fetching https://www.freeview.co.uk/api/program?sid=103&nid=64403&pid=crid://csi.digitaluk.co.uk/6046b038-150d-43c5-8b11-3eab14c944dd&start=2026-09-11T21:00:00+0000&duration=PT30M from server.
Fetching https://www.freeview.co.uk/api/program?sid=103&nid=64403&pid=crid://csi.digitaluk.co.uk/7bf674c6-4d83-41e9-a2a4-6f5b7a1c8334&start=2026-09-11T21:30:00+0000&duration=PT15M from server.
Fetching https://www.freeview.co.uk/api/program?sid=103&nid=64403&pid=crid://csi.digitaluk.co.uk/b16de384-e3cf-43a3-ac0b-b7c75fb988ee&start=2026-09-11T21:45:00+0000&duration=PT55M from server.
Fetching https://www.freeview.co.uk/api/program?sid=103&nid=64403&pid=crid://csi.digitaluk.co.uk/9065ae88-e24e-4d65-a4a2-82370b7161bd&start=2026-09-11T22:40:00+0000&duration=PT35M from server.
Fetching https://www.freeview.co.uk/api/program?sid=103&nid=64403&pid=crid://csi.digitaluk.co.uk/8f3420f3-9bfd-457c-a3a8-c64d09dcb528&start=2026-09-11T23:15:00+0000&duration=PT2H45M from server.
## Wanted 22080 
Fetching https://www.freeview.co.uk/api/program?sid=233&nid=64403&pid=crid://csi.digitaluk.co.uk/f248b28d-a672-4e89-902c-2bd98fc6da6c&start=2026-09-11T00:00:00+0000&duration=PT1H from server.
Fetching https://www.freeview.co.uk/api/program?sid=233&nid=64403&pid=crid://csi.digitaluk.co.uk/78461314-c045-446f-9305-f1087925a764&start=2026-09-11T01:00:00+0000&duration=PT1H from server.
Fetching https://www.freeview.co.uk/api/program?sid=233&nid=64403&pid=crid://csi.digitaluk.co.uk/4f90c6b6-f542-4740-9b14-cfdd2a7cfa0e&start=2026-09-11T02:00:00+0000&duration=PT1H from server.
Fetching https://www.freeview.co.uk/api/program?sid=233&nid=64403&pid=crid://csi.digitaluk.co.uk/5ddb350f-d794-4ab8-add4-710f66b8da51&start=2026-09-11T03:00:00+0000&duration=PT1H from server.
Fetching https://www.freeview.co.uk/api/program?sid=233&nid=64403&pid=crid://csi.digitaluk.co.uk/84c0f815-d154-40f4-8980-0b5bdf86203b&start=2026-09-11T04:00:00+0000&duration=PT1H from server.
Fetching https://www.freeview.co.uk/api/program?sid=233&nid=64403&pid=crid://csi.digitaluk.co.uk/cbcb49bf-8758-476b-9b91-e132aa047b83&start=2026-09-11T05:00:00+0000&duration=PT30M from server.
Fetching https://www.freeview.co.uk/api/program?sid=233&nid=64403&pid=crid://csi.digitaluk.co.uk/5371532a-900a-4058-a1cc-9cdfcaadcf52&start=2026-09-11T05:30:00+0000&duration=PT30M from server.
Fetching https://www.freeview.co.uk/api/program?sid=233&nid=64403&pid=crid://csi.digitaluk.co.uk/2baf4811-dd31-4c4c-8db4-3404b56d8d8e&start=2026-09-11T06:00:00+0000&duration=PT30M from server.
Fetching https://www.freeview.co.uk/api/program?sid=233&nid=64403&pid=crid://csi.digitaluk.co.uk/e16aa040-1f3a-4bfa-be52-125ce9238633&start=2026-09-11T06:30:00+0000&duration=PT30M from server.
Fetching https://www.freeview.co.uk/api/program?sid=233&nid=64403&pid=crid://csi.digitaluk.co.uk/8598e09d-c62e-4bde-9c97-c4179ccc9423&start=2026-09-11T07:00:00+0000&duration=PT30M from server.
Fetching https://www.freeview.co.uk/api/program?sid=233&nid=64403&pid=crid://csi.digitaluk.co.uk/7db0114d-84c4-41e9-bd0d-80e886752aa5&start=2026-09-11T07:30:00+0000&duration=PT30M from server.
Fetching https://www.freeview.co.uk/api/program?sid=233&nid=64403&pid=crid://csi.digitaluk.co.uk/5ebea6f4-4887-4ef7-8790-cf8df8d5d14a&start=2026-09-11T08:00:00+0000&duration=PT30M from server.
Fetching https://www.freeview.co.uk/api/program?sid=233&nid=64403&pid=crid://csi.digitaluk.co.uk/2ecd0c57-d378-43c3-a0f5-628d9bdd841e&start=2026-09-11T08:30:00+0000&duration=PT30M from server.
Fetching https://www.freeview.co.uk/api/program?sid=233&nid=64403&pid=crid://csi.digitaluk.co.uk/15e21158-d85c-4e88-9bc0-72d4ee7657c4&start=2026-09-11T09:00:00+0000&duration=PT30M from server.
Fetching https://www.freeview.co.uk/api/program?sid=233&nid=64403&pid=crid://csi.digitaluk.co.uk/fb998085-ae97-4776-9286-7b33c0df459a&start=2026-09-11T09:30:00+0000&duration=PT30M from server.
Fetching https://www.freeview.co.uk/api/program?sid=233&nid=64403&pid=crid://csi.digitaluk.co.uk/8b1b6a11-1efd-4d4f-b909-8d1077aa0bd7&start=2026-09-11T10:00:00+0000&duration=PT30M from server.
Fetching https://www.freeview.co.uk/api/program?sid=233&nid=64403&pid=crid://csi.digitaluk.co.uk/ccb1e771-802c-40f7-a9b0-727f84b3e1aa&start=2026-09-11T10:30:00+0000&duration=PT30M from server.
Fetching https://www.freeview.co.uk/api/program?sid=233&nid=64403&pid=crid://csi.digitaluk.co.uk/7b7ddf31-9d60-4454-a9ac-006190c78d95&start=2026-09-11T11:00:00+0000&duration=PT30M from server.
Fetching https://www.freeview.co.uk/api/program?sid=233&nid=64403&pid=crid://csi.digitaluk.co.uk/a1bcf41e-15e7-415d-8a91-9b344d7b3709&start=2026-09-11T11:30:00+0000&duration=PT30M from server.
Fetching https://www.freeview.co.uk/api/program?sid=233&nid=64403&pid=crid://csi.digitaluk.co.uk/18898c7d-5ed8-457d-b296-2a73b8b6751e&start=2026-09-11T12:00:00+0000&duration=PT30M from server.
Fetching https://www.freeview.co.uk/api/program?sid=233&nid=64403&pid=crid://csi.digitaluk.co.uk/06464107-305f-4a9b-beb0-e51d42de4a96&start=2026-09-11T12:30:00+0000&duration=PT30M from server.
Fetching https://www.freeview.co.uk/api/program?sid=233&nid=64403&pid=crid://csi.digitaluk.co.uk/87481091-84e0-42ec-b0de-6e2d459e7d09&start=2026-09-11T13:00:00+0000&duration=PT30M from server.
Fetching https://www.freeview.co.uk/api/program?sid=233&nid=64403&pid=crid://csi.digitaluk.co.uk/58794297-a964-4f81-8ca6-25c9b911ca4c&start=2026-09-11T13:30:00+0000&duration=PT30M from server.
Fetching https://www.freeview.co.uk/api/program?sid=233&nid=64403&pid=crid://csi.digitaluk.co.uk/ae7cc26b-d8a5-457b-84d2-f101273f00f6&start=2026-09-11T14:00:00+0000&duration=PT30M from server.
Fetching https://www.freeview.co.uk/api/program?sid=233&nid=64403&pid=crid://csi.digitaluk.co.uk/a4194a73-7cb9-4530-8098-1b07a8a4d93e&start=2026-09-11T14:30:00+0000&duration=PT30M from server.
Fetching https://www.freeview.co.uk/api/program?sid=233&nid=64403&pid=crid://csi.digitaluk.co.uk/742615cd-3ce5-4b1c-869b-3dd3d7b4881a&start=2026-09-11T15:00:00+0000&duration=PT30M from server.
Fetching https://www.freeview.co.uk/api/program?sid=233&nid=64403&pid=crid://csi.digitaluk.co.uk/35824c71-cbfc-4745-a565-8053088e48ca&start=2026-09-11T15:30:00+0000&duration=PT30M from server.
Fetching https://www.freeview.co.uk/api/program?sid=233&nid=64403&pid=crid://csi.digitaluk.co.uk/716fc498-4748-466a-a77d-49e5d51e464e&start=2026-09-11T16:00:00+0000&duration=PT30M from server.
Fetching https://www.freeview.co.uk/api/program?sid=233&nid=64403&pid=crid://csi.digitaluk.co.uk/6a172b44-5439-412a-a329-b6f1c5669263&start=2026-09-11T16:30:00+0000&duration=PT30M from server.
Fetching https://www.freeview.co.uk/api/program?sid=233&nid=64403&pid=crid://csi.digitaluk.co.uk/92192c9b-8950-43ec-a8f7-4ff394a4d3ce&start=2026-09-11T17:00:00+0000&duration=PT30M from server.
Fetching https://www.freeview.co.uk/api/program?sid=233&nid=64403&pid=crid://csi.digitaluk.co.uk/d7f8f719-fa6f-4dca-b2f8-fa7d01453ed4&start=2026-09-11T17:30:00+0000&duration=PT30M from server.
Fetching https://www.freeview.co.uk/api/program?sid=233&nid=64403&pid=crid://csi.digitaluk.co.uk/f0e57e44-4021-40c1-9285-36da2ed5204d&start=2026-09-11T18:00:00+0000&duration=PT30M from server.
Fetching https://www.freeview.co.uk/api/program?sid=233&nid=64403&pid=crid://csi.digitaluk.co.uk/2d99fa9e-e24f-445d-8cc3-89f77a7dfea4&start=2026-09-11T18:30:00+0000&duration=PT30M from server.
Fetching https://www.freeview.co.uk/api/program?sid=233&nid=64403&pid=crid://csi.digitaluk.co.uk/c68bb4c7-d22b-4b86-91ea-af69618d30f6&start=2026-09-11T19:00:00+0000&duration=PT30M from server.
Fetching https://www.freeview.co.uk/api/program?sid=233&nid=64403&pid=crid://csi.digitaluk.co.uk/629b574c-a5e2-4661-8260-b0114b1f404c&start=2026-09-11T19:30:00+0000&duration=PT30M from server.
Fetching https://www.freeview.co.uk/api/program?sid=233&nid=64403&pid=crid://csi.digitaluk.co.uk/447b0d68-5cc9-46ea-bac8-184567093bb3&start=2026-09-11T20:00:00+0000&duration=PT30M from server.
Fetching https://www.freeview.co.uk/api/program?sid=233&nid=64403&pid=crid://csi.digitaluk.co.uk/0b3c0f4f-24a6-4ddc-98d6-71deea645e5e&start=2026-09-11T20:30:00+0000&duration=PT30M from server.
Fetching https://www.freeview.co.uk/api/program?sid=233&nid=64403&pid=crid://csi.digitaluk.co.uk/6c41c4c0-4768-4973-9c0c-eb4013dbf9b2&start=2026-09-11T21:00:00+0000&duration=PT30M from server.
Fetching https://www.freeview.co.uk/api/program?sid=233&nid=64403&pid=crid://csi.digitaluk.co.uk/65a61e35-efec-40e1-9d00-928ebebf5526&start=2026-09-11T21:30:00+0000&duration=PT30M from server.
Fetching https://www.freeview.co.uk/api/program?sid=233&nid=64403&pid=crid://csi.digitaluk.co.uk/694f1179-1bec-4fe8-9274-29e5f589f1ff&start=2026-09-11T22:00:00+0000&duration=PT30M from server.
Fetching https://www.freeview.co.uk/api/program?sid=233&nid=64403&pid=crid://csi.digitaluk.co.uk/ffee92a5-a089-4979-a78a-a51c40023da9&start=2026-09-11T22:30:00+0000&duration=PT30M from server.
Fetching https://www.freeview.co.uk/api/program?sid=233&nid=64403&pid=crid://csi.digitaluk.co.uk/4e0334e4-d42c-4755-8b5a-2e47a6c8bc7a&start=2026-09-11T23:00:00+0000&duration=PT1H from server.
###
