tv_grab_uk_freeview, 2026-09-03 23:42:52
----------------------------------------
getting list of channels:  URL= https://www.freeview.co.uk/api/channel-list?nid=64403 
Fetching https://www.freeview.co.uk/api/channel-list?nid=64403 from server.
##################################################
using cache '/home/runner/work/xmltv/xmltv/scripts//.xmltv/cache' 
using channel format 'number' 
using region id '64403' 
using icon ch string '?w=160' 
using icon pg string '?w=800' 
fetch 20 channels 
start/end grab: 1788566400 1788652800 
getting listings:  URL= https://www.freeview.co.uk/api/tv-guide?nid=64403&start=1788566400 
Fetching https://www.freeview.co.uk/api/tv-guide?nid=64403&start=1788566400 from server.
 Wanted 8384 
Fetching https://www.freeview.co.uk/api/program?sid=4&nid=64403&pid=crid://movida.bebanjo.net/mas/version/43601/001/POSTWATERSHED2100/C&start=2026-09-05T00:05:00+0000&duration=PT1H30M from server.
Fetching https://www.freeview.co.uk/api/program?sid=4&nid=64403&pid=crid://csi.digitaluk.co.uk/b2260a57-413f-4a59-80a6-94c47dd4172a&start=2026-09-05T01:35:00+0000&duration=PT50M from server.
Fetching https://www.freeview.co.uk/api/program?sid=4&nid=64403&pid=crid://csi.digitaluk.co.uk/30e325ca-1e4d-4403-9bdb-6320040e9b46&start=2026-09-05T02:25:00+0000&duration=PT25M from server.
Fetching https://www.freeview.co.uk/api/program?sid=4&nid=64403&pid=crid://csi.digitaluk.co.uk/f3bd2d42-ebd1-4794-a56b-1bd6d3c68745&start=2026-09-05T02:50:00+0000&duration=PT25M from server.
Fetching https://www.freeview.co.uk/api/program?sid=4&nid=64403&pid=crid://csi.digitaluk.co.uk/ca9b64db-11ea-484b-8ad7-99c45e82f0b2&start=2026-09-05T03:15:00+0000&duration=PT25M from server.
Fetching https://www.freeview.co.uk/api/program?sid=4&nid=64403&pid=crid://csi.digitaluk.co.uk/a2a3f7f7-4e37-4918-b4af-d0eab416e888&start=2026-09-05T03:40:00+0000&duration=PT25M from server.
Fetching https://www.freeview.co.uk/api/program?sid=4&nid=64403&pid=crid://csi.digitaluk.co.uk/9c150a63-e4f5-46f2-b3c8-3dba0f24bbe9&start=2026-09-05T04:05:00+0000&duration=PT25M from server.
Fetching https://www.freeview.co.uk/api/program?sid=4&nid=64403&pid=crid://csi.digitaluk.co.uk/9d387d05-f648-4b87-9a88-67882fc3c5c7&start=2026-09-05T04:30:00+0000&duration=PT25M from server.
Fetching https://www.freeview.co.uk/api/program?sid=4&nid=64403&pid=crid://csi.digitaluk.co.uk/4521aa00-5585-495b-9310-dc3d4c7143a2&start=2026-09-05T04:55:00+0000&duration=PT10M from server.
Fetching https://www.freeview.co.uk/api/program?sid=4&nid=64403&pid=crid://csi.digitaluk.co.uk/64d8fc37-b66b-43bc-8d47-07556e70e403&start=2026-09-05T05:05:00+0000&duration=PT30M from server.
Fetching https://www.freeview.co.uk/api/program?sid=4&nid=64403&pid=crid://csi.digitaluk.co.uk/ebc73fa6-57d4-47f3-baa9-21f0aa8b70b2&start=2026-09-05T05:35:00+0000&duration=PT25M from server.
Fetching https://www.freeview.co.uk/api/program?sid=4&nid=64403&pid=crid://csi.digitaluk.co.uk/70677950-9297-4e0e-b3a1-324ab5fa1a43&start=2026-09-05T06:00:00+0000&duration=PT30M from server.
Fetching https://www.freeview.co.uk/api/program?sid=4&nid=64403&pid=crid://csi.digitaluk.co.uk/88a36fec-8365-4cd0-a236-35ab9689dbc8&start=2026-09-05T06:30:00+0000&duration=PT25M from server.
Fetching https://www.freeview.co.uk/api/program?sid=4&nid=64403&pid=crid://csi.digitaluk.co.uk/b4b9da39-0581-4769-b03f-c54c89bca2cc&start=2026-09-05T06:55:00+0000&duration=PT25M from server.
Fetching https://www.freeview.co.uk/api/program?sid=4&nid=64403&pid=crid://csi.digitaluk.co.uk/5ff89e0d-db7d-4eff-a81f-c5df63e85316&start=2026-09-05T07:20:00+0000&duration=PT30M from server.
Fetching https://www.freeview.co.uk/api/program?sid=4&nid=64403&pid=crid://csi.digitaluk.co.uk/c807dfc2-b04a-47ff-91ed-4965a756e9e6&start=2026-09-05T07:50:00+0000&duration=PT30M from server.
Fetching https://www.freeview.co.uk/api/program?sid=4&nid=64403&pid=crid://csi.digitaluk.co.uk/540f217a-7f8c-4f3a-bb9b-2052008b13bf&start=2026-09-05T08:20:00+0000&duration=PT30M from server.
Fetching https://www.freeview.co.uk/api/program?sid=4&nid=64403&pid=crid://csi.digitaluk.co.uk/ddd6845d-b442-45be-8086-6f86c6cae1fa&start=2026-09-05T08:50:00+0000&duration=PT30M from server.
Fetching https://www.freeview.co.uk/api/program?sid=4&nid=64403&pid=crid://csi.digitaluk.co.uk/1d80fd98-fe80-4ee9-8d6b-f808de29b763&start=2026-09-05T09:20:00+0000&duration=PT30M from server.
Fetching https://www.freeview.co.uk/api/program?sid=4&nid=64403&pid=crid://csi.digitaluk.co.uk/47fe24fa-a054-492a-bd2b-b82e62a4d833&start=2026-09-05T09:50:00+0000&duration=PT30M from server.
Fetching https://www.freeview.co.uk/api/program?sid=4&nid=64403&pid=crid://csi.digitaluk.co.uk/8077773d-2a16-4f85-ba4f-b886ee8fa18c&start=2026-09-05T10:20:00+0000&duration=PT30M from server.
Fetching https://www.freeview.co.uk/api/program?sid=4&nid=64403&pid=crid://csi.digitaluk.co.uk/1a0b8367-7db0-4d4a-b98a-d50337570f7c&start=2026-09-05T10:50:00+0000&duration=PT30M from server.
Fetching https://www.freeview.co.uk/api/program?sid=4&nid=64403&pid=crid://csi.digitaluk.co.uk/6d9d6da9-0adb-432a-9ee1-1df526aca3eb&start=2026-09-05T11:20:00+0000&duration=PT30M from server.
Fetching https://www.freeview.co.uk/api/program?sid=4&nid=64403&pid=crid://csi.digitaluk.co.uk/97b77d1c-703a-4df6-9c72-ec398a3007ca&start=2026-09-05T11:50:00+0000&duration=PT30M from server.
Fetching https://www.freeview.co.uk/api/program?sid=4&nid=64403&pid=crid://csi.digitaluk.co.uk/36b915aa-54b9-4aa1-84bd-7a6b799450c7&start=2026-09-05T12:20:00+0000&duration=PT30M from server.
Fetching https://www.freeview.co.uk/api/program?sid=4&nid=64403&pid=crid://csi.digitaluk.co.uk/2ef28bc0-defa-4fde-a1c3-16f8deab7f3d&start=2026-09-05T12:50:00+0000&duration=PT30M from server.
Fetching https://www.freeview.co.uk/api/program?sid=4&nid=64403&pid=crid://csi.digitaluk.co.uk/042ec6f8-bbb2-404b-aa77-1cf1a2d6ed3f&start=2026-09-05T13:20:00+0000&duration=PT30M from server.
Fetching https://www.freeview.co.uk/api/program?sid=4&nid=64403&pid=crid://csi.digitaluk.co.uk/fc6bd438-5084-4bf4-a207-ee07c158cb94&start=2026-09-05T13:50:00+0000&duration=PT35M from server.
Fetching https://www.freeview.co.uk/api/program?sid=4&nid=64403&pid=crid://csi.digitaluk.co.uk/b0e6f58a-239b-4747-bff1-56863e8f6215&start=2026-09-05T14:25:00+0000&duration=PT30M from server.
Fetching https://www.freeview.co.uk/api/program?sid=4&nid=64403&pid=crid://csi.digitaluk.co.uk/f484dd69-e7e5-4be4-94ff-29e35469ac42&start=2026-09-05T14:55:00+0000&duration=PT1H from server.
Fetching https://www.freeview.co.uk/api/program?sid=4&nid=64403&pid=crid://csi.digitaluk.co.uk/7d53e271-fadf-42f6-bf6e-b7b3513a607c&start=2026-09-05T15:55:00+0000&duration=PT1H5M from server.
Fetching https://www.freeview.co.uk/api/program?sid=4&nid=64403&pid=crid://csi.digitaluk.co.uk/2095f089-4840-46e9-bab3-ce5d122584cc&start=2026-09-05T17:00:00+0000&duration=PT30M from server.
Fetching https://www.freeview.co.uk/api/program?sid=4&nid=64403&pid=crid://csi.digitaluk.co.uk/e34e8795-aff8-47f0-9d17-3265165726b4&start=2026-09-05T17:30:00+0000&duration=PT1H30M from server.
Fetching https://www.freeview.co.uk/api/program?sid=4&nid=64403&pid=crid://movida.bebanjo.net/mas/version/73946/001/POSTWATERSHED2100/C&start=2026-09-05T19:00:00+0000&duration=PT2H20M from server.
Fetching https://www.freeview.co.uk/api/program?sid=4&nid=64403&pid=crid://csi.digitaluk.co.uk/f87876ee-ea1b-4d39-a2d4-16f0796ab77f&start=2026-09-05T21:20:00+0000&duration=PT2H25M from server.
Fetching https://www.freeview.co.uk/api/program?sid=4&nid=64403&pid=crid://csi.digitaluk.co.uk/91d35206-bccc-45f7-99a1-47ebcf8ed12e&start=2026-09-05T23:45:00+0000&duration=PT1H35M from server.
## Wanted 8500 
Fetching https://www.freeview.co.uk/api/program?sid=5&nid=64403&pid=crid://panorama.five.tv/versions/C5522880036A&start=2026-09-05T00:25:00+0000&duration=PT5M from server.
Fetching https://www.freeview.co.uk/api/program?sid=5&nid=64403&pid=crid://panorama.five.tv/versions/C5349600001A&start=2026-09-05T00:30:00+0000&duration=PT1H from server.
Fetching https://www.freeview.co.uk/api/program?sid=5&nid=64403&pid=crid://csi.digitaluk.co.uk/78486f6f-60ae-4870-97cd-52b2c792dcb8&start=2026-09-05T01:30:00+0000&duration=PT50M from server.
Fetching https://www.freeview.co.uk/api/program?sid=5&nid=64403&pid=crid://csi.digitaluk.co.uk/d74093f4-e78d-401d-b75e-e6958a2982a2&start=2026-09-05T02:20:00+0000&duration=PT55M from server.
Fetching https://www.freeview.co.uk/api/program?sid=5&nid=64403&pid=crid://csi.digitaluk.co.uk/33aa8aca-82a6-4818-9da8-5c37db874ccf&start=2026-09-05T03:15:00+0000&duration=PT45M from server.
Fetching https://www.freeview.co.uk/api/program?sid=5&nid=64403&pid=crid://panorama.five.tv/versions/C5522700037A&start=2026-09-05T04:00:00+0000&duration=PT15M from server.
Fetching https://www.freeview.co.uk/api/program?sid=5&nid=64403&pid=crid://csi.digitaluk.co.uk/21141d8f-5df0-4649-909b-7024ae2e3290&start=2026-09-05T04:15:00+0000&duration=PT10M from server.
Fetching https://www.freeview.co.uk/api/program?sid=5&nid=64403&pid=crid://csi.digitaluk.co.uk/4e70c7a7-d566-448d-bc7d-fb6823a00cb1&start=2026-09-05T04:25:00+0000&duration=PT10M from server.
Fetching https://www.freeview.co.uk/api/program?sid=5&nid=64403&pid=crid://csi.digitaluk.co.uk/69d69df7-49e8-451c-9891-196957d4eb48&start=2026-09-05T04:35:00+0000&duration=PT15M from server.
Fetching https://www.freeview.co.uk/api/program?sid=5&nid=64403&pid=crid://csi.digitaluk.co.uk/122c572a-a1bf-42d8-94b9-e92f30c93510&start=2026-09-05T04:50:00+0000&duration=PT10M from server.
Fetching https://www.freeview.co.uk/api/program?sid=5&nid=64403&pid=crid://panorama.five.tv/versions/C5092870040C&start=2026-09-05T05:00:00+0000&duration=PT5M from server.
Fetching https://www.freeview.co.uk/api/program?sid=5&nid=64403&pid=crid://panorama.five.tv/versions/C5092870041C&start=2026-09-05T05:05:00+0000&duration=PT5M from server.
Fetching https://www.freeview.co.uk/api/program?sid=5&nid=64403&pid=crid://panorama.five.tv/versions/C5092870042D&start=2026-09-05T05:10:00+0000&duration=PT5M from server.
Fetching https://www.freeview.co.uk/api/program?sid=5&nid=64403&pid=crid://panorama.five.tv/versions/C5416540004A&start=2026-09-05T05:15:00+0000&duration=PT10M from server.
Fetching https://www.freeview.co.uk/api/program?sid=5&nid=64403&pid=crid://panorama.five.tv/versions/C5357220038A&start=2026-09-05T05:25:00+0000&duration=PT10M from server.
Fetching https://www.freeview.co.uk/api/program?sid=5&nid=64403&pid=crid://panorama.five.tv/versions/C5457120004A&start=2026-09-05T05:35:00+0000&duration=PT10M from server.
Fetching https://www.freeview.co.uk/api/program?sid=5&nid=64403&pid=crid://panorama.five.tv/versions/C5385600050A&start=2026-09-05T05:45:00+0000&duration=PT15M from server.
Fetching https://www.freeview.co.uk/api/program?sid=5&nid=64403&pid=crid://panorama.five.tv/versions/C5489560029A&start=2026-09-05T06:00:00+0000&duration=PT5M from server.
Fetching https://www.freeview.co.uk/api/program?sid=5&nid=64403&pid=crid://panorama.five.tv/versions/C5408820004B&start=2026-09-05T06:05:00+0000&duration=PT10M from server.
Fetching https://www.freeview.co.uk/api/program?sid=5&nid=64403&pid=crid://panorama.five.tv/versions/C5408820005B&start=2026-09-05T06:15:00+0000&duration=PT5M from server.
Fetching https://www.freeview.co.uk/api/program?sid=5&nid=64403&pid=crid://panorama.five.tv/versions/C5474940023A&start=2026-09-05T06:20:00+0000&duration=PT5M from server.
Fetching https://www.freeview.co.uk/api/program?sid=5&nid=64403&pid=crid://panorama.five.tv/versions/C5474940024A&start=2026-09-05T06:25:00+0000&duration=PT10M from server.
Fetching https://www.freeview.co.uk/api/program?sid=5&nid=64403&pid=crid://panorama.five.tv/versions/C5409020043A&start=2026-09-05T06:35:00+0000&duration=PT10M from server.
Fetching https://www.freeview.co.uk/api/program?sid=5&nid=64403&pid=crid://panorama.five.tv/versions/C5409020044A&start=2026-09-05T06:45:00+0000&duration=PT15M from server.
Fetching https://www.freeview.co.uk/api/program?sid=5&nid=64403&pid=crid://panorama.five.tv/versions/C5497640010A&start=2026-09-05T07:00:00+0000&duration=PT10M from server.
Fetching https://www.freeview.co.uk/api/program?sid=5&nid=64403&pid=crid://panorama.five.tv/versions/C5528860018A&start=2026-09-05T07:10:00+0000&duration=PT15M from server.
Fetching https://www.freeview.co.uk/api/program?sid=5&nid=64403&pid=crid://panorama.five.tv/versions/C5531680026A&start=2026-09-05T07:25:00+0000&duration=PT10M from server.
Fetching https://www.freeview.co.uk/api/program?sid=5&nid=64403&pid=crid://panorama.five.tv/versions/C5151860001C&start=2026-09-05T07:35:00+0000&duration=PT15M from server.
Fetching https://www.freeview.co.uk/api/program?sid=5&nid=64403&pid=crid://panorama.five.tv/versions/C5461220035B&start=2026-09-05T07:50:00+0000&duration=PT10M from server.
Fetching https://www.freeview.co.uk/api/program?sid=5&nid=64403&pid=crid://panorama.five.tv/versions/C5522900180A&start=2026-09-05T08:00:00+0000&duration=PT5M from server.
Fetching https://www.freeview.co.uk/api/program?sid=5&nid=64403&pid=crid://panorama.five.tv/versions/C5235820001A&start=2026-09-05T08:05:00+0000&duration=PT15M from server.
Fetching https://www.freeview.co.uk/api/program?sid=5&nid=64403&pid=crid://panorama.five.tv/versions/C5511730010A&start=2026-09-05T08:20:00+0000&duration=PT30M from server.
Fetching https://www.freeview.co.uk/api/program?sid=5&nid=64403&pid=crid://panorama.five.tv/versions/C5539680001B&start=2026-09-05T08:50:00+0000&duration=PT1H5M from server.
Fetching https://www.freeview.co.uk/api/program?sid=5&nid=64403&pid=crid://panorama.five.tv/versions/C5522900180A&start=2026-09-05T09:55:00+0000&duration=PT5M from server.
Fetching https://www.freeview.co.uk/api/program?sid=5&nid=64403&pid=crid://panorama.five.tv/versions/C5539680001B&start=2026-09-05T10:00:00+0000&duration=PT45M from server.
Fetching https://www.freeview.co.uk/api/program?sid=5&nid=64403&pid=crid://panorama.five.tv/versions/C5537320011A&start=2026-09-05T10:45:00+0000&duration=PT1H from server.
Fetching https://www.freeview.co.uk/api/program?sid=5&nid=64403&pid=crid://panorama.five.tv/versions/C5538400012A&start=2026-09-05T11:45:00+0000&duration=PT3H45M from server.
Fetching https://www.freeview.co.uk/api/program?sid=5&nid=64403&pid=crid://panorama.five.tv/versions/C5501120001B&start=2026-09-05T15:30:00+0000&duration=PT55M from server.
Fetching https://www.freeview.co.uk/api/program?sid=5&nid=64403&pid=crid://panorama.five.tv/versions/C5494580001B&start=2026-09-05T16:25:00+0000&duration=PT1H from server.
Fetching https://www.freeview.co.uk/api/program?sid=5&nid=64403&pid=crid://panorama.five.tv/versions/C5524420071A&start=2026-09-05T17:25:00+0000&duration=PT5M from server.
Fetching https://www.freeview.co.uk/api/program?sid=5&nid=64403&pid=crid://panorama.five.tv/versions/C5538400013A&start=2026-09-05T17:30:00+0000&duration=PT4H from server.
Fetching https://www.freeview.co.uk/api/program?sid=5&nid=64403&pid=crid://panorama.five.tv/versions/C5457940001A&start=2026-09-05T21:30:00+0000&duration=PT1H55M from server.
Fetching https://www.freeview.co.uk/api/program?sid=5&nid=64403&pid=crid://panorama.five.tv/versions/C5519620005A&start=2026-09-05T23:25:00+0000&duration=PT1H from server.
### Wanted 28000 
Fetching https://www.freeview.co.uk/api/program?sid=12&nid=64403&pid=crid://csi.digitaluk.co.uk/0a6cf1bc-a481-48c7-ad09-2068e83a9950&start=2026-09-05T00:00:00+0000&duration=PT30M from server.
Fetching https://www.freeview.co.uk/api/program?sid=12&nid=64403&pid=crid://csi.digitaluk.co.uk/8101bf84-3d81-4df1-8c1f-0022d24d1a40&start=2026-09-05T00:30:00+0000&duration=PT1H from server.
Fetching https://www.freeview.co.uk/api/program?sid=12&nid=64403&pid=crid://csi.digitaluk.co.uk/ed80c78c-e22d-4f32-a266-ea3114248927&start=2026-09-05T01:30:00+0000&duration=PT2H from server.
Fetching https://www.freeview.co.uk/api/program?sid=12&nid=64403&pid=crid://csi.digitaluk.co.uk/552d0d8a-edf8-4d71-a885-8e51b45f6168&start=2026-09-05T03:30:00+0000&duration=PT30M from server.
Fetching https://www.freeview.co.uk/api/program?sid=12&nid=64403&pid=crid://csi.digitaluk.co.uk/c65666c6-38d9-4e93-8899-c2a8882c9dee&start=2026-09-05T04:00:00+0000&duration=PT1H from server.
Fetching https://www.freeview.co.uk/api/program?sid=12&nid=64403&pid=crid://csi.digitaluk.co.uk/622f1bc7-44d0-4688-92bc-a6fef8f28428&start=2026-09-05T05:00:00+0000&duration=PT30M from server.
Fetching https://www.freeview.co.uk/api/program?sid=12&nid=64403&pid=crid://csi.digitaluk.co.uk/48bd5b2e-4a91-4885-a26d-03fcdc3ef173&start=2026-09-05T05:30:00+0000&duration=PT30M from server.
Fetching https://www.freeview.co.uk/api/program?sid=12&nid=64403&pid=crid://csi.digitaluk.co.uk/f3448fdb-13ba-4a63-8ea9-57753a9ef0ab&start=2026-09-05T06:00:00+0000&duration=PT30M from server.
Fetching https://www.freeview.co.uk/api/program?sid=12&nid=64403&pid=crid://csi.digitaluk.co.uk/a8c4fc11-86ee-4225-8898-947cd61f40ab&start=2026-09-05T06:30:00+0000&duration=PT30M from server.
Fetching https://www.freeview.co.uk/api/program?sid=12&nid=64403&pid=crid://csi.digitaluk.co.uk/2f70e422-3fe8-4a9b-8035-64882674423f&start=2026-09-05T07:00:00+0000&duration=PT30M from server.
Fetching https://www.freeview.co.uk/api/program?sid=12&nid=64403&pid=crid://csi.digitaluk.co.uk/308d6af1-9c5a-4f7f-9ba2-01ecfdedfe20&start=2026-09-05T07:30:00+0000&duration=PT30M from server.
Fetching https://www.freeview.co.uk/api/program?sid=12&nid=64403&pid=crid://csi.digitaluk.co.uk/1402ac02-191f-415b-a6dc-c9156291af5d&start=2026-09-05T08:00:00+0000&duration=PT30M from server.
Fetching https://www.freeview.co.uk/api/program?sid=12&nid=64403&pid=crid://csi.digitaluk.co.uk/2a64ad2b-aef6-4831-8050-736c4498a1aa&start=2026-09-05T08:30:00+0000&duration=PT30M from server.
Fetching https://www.freeview.co.uk/api/program?sid=12&nid=64403&pid=crid://csi.digitaluk.co.uk/f101c7c5-4080-4021-8ee3-e87823bc5143&start=2026-09-05T09:00:00+0000&duration=PT30M from server.
Fetching https://www.freeview.co.uk/api/program?sid=12&nid=64403&pid=crid://csi.digitaluk.co.uk/bf16f8fa-9030-40ae-bf81-981bd04e4776&start=2026-09-05T09:30:00+0000&duration=PT30M from server.
Fetching https://www.freeview.co.uk/api/program?sid=12&nid=64403&pid=crid://csi.digitaluk.co.uk/bda94e48-3de8-4a8f-ac00-4cc27ad5b768&start=2026-09-05T10:00:00+0000&duration=PT30M from server.
Fetching https://www.freeview.co.uk/api/program?sid=12&nid=64403&pid=crid://csi.digitaluk.co.uk/03cba1c6-602c-4376-a5ba-41edf5fbdb60&start=2026-09-05T10:30:00+0000&duration=PT30M from server.
Fetching https://www.freeview.co.uk/api/program?sid=12&nid=64403&pid=crid://csi.digitaluk.co.uk/be3a18ab-dc44-490e-a2d6-1fcee102d0b3&start=2026-09-05T11:00:00+0000&duration=PT30M from server.
Fetching https://www.freeview.co.uk/api/program?sid=12&nid=64403&pid=crid://csi.digitaluk.co.uk/0e16002a-1082-4e04-9941-d93f531e71e8&start=2026-09-05T11:30:00+0000&duration=PT30M from server.
Fetching https://www.freeview.co.uk/api/program?sid=12&nid=64403&pid=crid://csi.digitaluk.co.uk/ef268bc0-c920-4b79-b1e2-0947ddcce9fe&start=2026-09-05T12:00:00+0000&duration=PT30M from server.
Fetching https://www.freeview.co.uk/api/program?sid=12&nid=64403&pid=crid://csi.digitaluk.co.uk/1269542d-6a46-4fd5-90ec-765fa02c85d5&start=2026-09-05T12:30:00+0000&duration=PT30M from server.
Fetching https://www.freeview.co.uk/api/program?sid=12&nid=64403&pid=crid://csi.digitaluk.co.uk/62e83fe7-1ad4-473e-bbd6-0677e0556cf9&start=2026-09-05T13:00:00+0000&duration=PT30M from server.
Fetching https://www.freeview.co.uk/api/program?sid=12&nid=64403&pid=crid://csi.digitaluk.co.uk/c0f3a532-ff13-41a7-af35-8b78e5a38437&start=2026-09-05T13:30:00+0000&duration=PT30M from server.
Fetching https://www.freeview.co.uk/api/program?sid=12&nid=64403&pid=crid://csi.digitaluk.co.uk/6a251c18-632a-4e93-a9d7-83a4925a7f4a&start=2026-09-05T14:00:00+0000&duration=PT30M from server.
Fetching https://www.freeview.co.uk/api/program?sid=12&nid=64403&pid=crid://csi.digitaluk.co.uk/bd6fa1c5-d66a-4a0f-bce0-f07ba93e1051&start=2026-09-05T14:30:00+0000&duration=PT30M from server.
Fetching https://www.freeview.co.uk/api/program?sid=12&nid=64403&pid=crid://csi.digitaluk.co.uk/d9368cff-b9d0-4065-9d2c-ad2ceef50f7f&start=2026-09-05T15:00:00+0000&duration=PT30M from server.
Fetching https://www.freeview.co.uk/api/program?sid=12&nid=64403&pid=crid://csi.digitaluk.co.uk/b5ad6e26-a4b7-45bd-a5f9-433e8fef0c2f&start=2026-09-05T15:30:00+0000&duration=PT30M from server.
Fetching https://www.freeview.co.uk/api/program?sid=12&nid=64403&pid=crid://csi.digitaluk.co.uk/e12ad23a-5236-4a77-8640-468789d0f228&start=2026-09-05T16:00:00+0000&duration=PT30M from server.
Fetching https://www.freeview.co.uk/api/program?sid=12&nid=64403&pid=crid://csi.digitaluk.co.uk/30115e5b-bda6-4da6-92cd-3b105c204578&start=2026-09-05T16:30:00+0000&duration=PT30M from server.
Fetching https://www.freeview.co.uk/api/program?sid=12&nid=64403&pid=crid://csi.digitaluk.co.uk/0e130b9a-0bd1-4356-9d99-bb9c5517e85a&start=2026-09-05T17:00:00+0000&duration=PT30M from server.
Fetching https://www.freeview.co.uk/api/program?sid=12&nid=64403&pid=crid://csi.digitaluk.co.uk/045df774-e771-40ed-ace0-3ef1492e2495&start=2026-09-05T17:30:00+0000&duration=PT30M from server.
Fetching https://www.freeview.co.uk/api/program?sid=12&nid=64403&pid=crid://csi.digitaluk.co.uk/e08b43ab-d4c5-4e47-952d-fcc516cee04c&start=2026-09-05T18:00:00+0000&duration=PT30M from server.
Fetching https://www.freeview.co.uk/api/program?sid=12&nid=64403&pid=crid://csi.digitaluk.co.uk/7248f798-c936-4991-95f5-5bb0c9c4525d&start=2026-09-05T18:30:00+0000&duration=PT30M from server.
Fetching https://www.freeview.co.uk/api/program?sid=12&nid=64403&pid=crid://csi.digitaluk.co.uk/503b918c-d8d3-499f-8f50-9abbf4a28f35&start=2026-09-05T19:00:00+0000&duration=PT30M from server.
Fetching https://www.freeview.co.uk/api/program?sid=12&nid=64403&pid=crid://csi.digitaluk.co.uk/022675b4-a6cb-4cad-b488-6052bd881908&start=2026-09-05T19:30:00+0000&duration=PT30M from server.
Fetching https://www.freeview.co.uk/api/program?sid=12&nid=64403&pid=crid://csi.digitaluk.co.uk/da748c17-8bb5-4e88-8bf5-4478c8bfcc4b&start=2026-09-05T20:00:00+0000&duration=PT1H from server.
Fetching https://www.freeview.co.uk/api/program?sid=12&nid=64403&pid=crid://csi.digitaluk.co.uk/3ffd5de4-b6c9-4445-8aa5-05e8969957ee&start=2026-09-05T21:00:00+0000&duration=PT1H from server.
Fetching https://www.freeview.co.uk/api/program?sid=12&nid=64403&pid=crid://csi.digitaluk.co.uk/37935b08-ff3d-4edb-a890-f1ecb4a071dc&start=2026-09-05T22:00:00+0000&duration=PT1H from server.
Fetching https://www.freeview.co.uk/api/program?sid=12&nid=64403&pid=crid://csi.digitaluk.co.uk/14d736a4-55bb-428f-a580-ba9bd766b16f&start=2026-09-05T23:00:00+0000&duration=PT1H from server.
## Wanted 8448 
Fetching https://www.freeview.co.uk/api/program?sid=13&nid=64403&pid=crid://movida.bebanjo.net/mas/version/80553/010/POST2000/C&start=2026-09-05T01:00:00+0000&duration=PT55M from server.
Fetching https://www.freeview.co.uk/api/program?sid=13&nid=64403&pid=crid://csi.digitaluk.co.uk/19cc893e-efb7-4e01-a759-ba760bb15acd&start=2026-09-05T01:55:00+0000&duration=PT25M from server.
Fetching https://www.freeview.co.uk/api/program?sid=13&nid=64403&pid=crid://csi.digitaluk.co.uk/4c9de0bc-b5ea-43fd-9c58-8ba4b0666ad6&start=2026-09-05T02:20:00+0000&duration=PT25M from server.
Fetching https://www.freeview.co.uk/api/program?sid=13&nid=64403&pid=crid://csi.digitaluk.co.uk/13945fd4-b9da-42ec-91ea-34930bad8446&start=2026-09-05T02:45:00+0000&duration=PT25M from server.
Fetching https://www.freeview.co.uk/api/program?sid=13&nid=64403&pid=crid://csi.digitaluk.co.uk/c6d764bc-bf98-42b5-b7ef-625c5603fa23&start=2026-09-05T03:10:00+0000&duration=PT25M from server.
Fetching https://www.freeview.co.uk/api/program?sid=13&nid=64403&pid=crid://csi.digitaluk.co.uk/71160613-e382-4fb4-bef3-8c9fdc6cb948&start=2026-09-05T03:35:00+0000&duration=PT25M from server.
Fetching https://www.freeview.co.uk/api/program?sid=13&nid=64403&pid=crid://csi.digitaluk.co.uk/d854a8ac-958f-4919-9eb6-00f47abd8276&start=2026-09-05T04:00:00+0000&duration=PT1H from server.
Fetching https://www.freeview.co.uk/api/program?sid=13&nid=64403&pid=crid://movida.bebanjo.net/mas/version/79413/003/ALLTIMES/C&start=2026-09-05T05:00:00+0000&duration=PT1H10M from server.
Fetching https://www.freeview.co.uk/api/program?sid=13&nid=64403&pid=crid://movida.bebanjo.net/mas/version/77342/014/POSTWATERSHED2100/C&start=2026-09-05T06:10:00+0000&duration=PT55M from server.
Fetching https://www.freeview.co.uk/api/program?sid=13&nid=64403&pid=crid://movida.bebanjo.net/mas/version/77342/015/POSTWATERSHED2100/C&start=2026-09-05T07:05:00+0000&duration=PT1H from server.
Fetching https://www.freeview.co.uk/api/program?sid=13&nid=64403&pid=crid://csi.digitaluk.co.uk/5b2170f5-a40d-4153-87f1-917dd8ce5c50&start=2026-09-05T08:05:00+0000&duration=PT1H from server.
Fetching https://www.freeview.co.uk/api/program?sid=13&nid=64403&pid=crid://csi.digitaluk.co.uk/6a24e686-deec-413c-9685-8428ae3b8274&start=2026-09-05T09:05:00+0000&duration=PT1H from server.
Fetching https://www.freeview.co.uk/api/program?sid=13&nid=64403&pid=crid://csi.digitaluk.co.uk/7fdea12b-2747-435e-b54d-d1678536f4da&start=2026-09-05T10:05:00+0000&duration=PT1H5M from server.
Fetching https://www.freeview.co.uk/api/program?sid=13&nid=64403&pid=crid://csi.digitaluk.co.uk/d45c685c-ce87-4c85-b4e7-0fe341bb40ce&start=2026-09-05T11:10:00+0000&duration=PT2H from server.
Fetching https://www.freeview.co.uk/api/program?sid=13&nid=64403&pid=crid://csi.digitaluk.co.uk/273f52c7-3c47-47de-afe5-f4aee05a57d6&start=2026-09-05T13:10:00+0000&duration=PT2H20M from server.
Fetching https://www.freeview.co.uk/api/program?sid=13&nid=64403&pid=crid://csi.digitaluk.co.uk/419b9ab6-0978-4283-87b5-f6ece9e311fb&start=2026-09-05T15:30:00+0000&duration=PT30M from server.
Fetching https://www.freeview.co.uk/api/program?sid=13&nid=64403&pid=crid://csi.digitaluk.co.uk/3062484a-27e0-4e14-8978-ec06a340ee9b&start=2026-09-05T16:00:00+0000&duration=PT30M from server.
Fetching https://www.freeview.co.uk/api/program?sid=13&nid=64403&pid=crid://csi.digitaluk.co.uk/5200ed14-8ce3-469e-915b-4c13805374f3&start=2026-09-05T16:30:00+0000&duration=PT30M from server.
Fetching https://www.freeview.co.uk/api/program?sid=13&nid=64403&pid=crid://csi.digitaluk.co.uk/e2f9d0c7-79dd-4911-b956-9d1be7e2773b&start=2026-09-05T17:00:00+0000&duration=PT30M from server.
Fetching https://www.freeview.co.uk/api/program?sid=13&nid=64403&pid=crid://csi.digitaluk.co.uk/5fd86762-79dc-4157-9919-73c65963570f&start=2026-09-05T17:30:00+0000&duration=PT30M from server.
Fetching https://www.freeview.co.uk/api/program?sid=13&nid=64403&pid=crid://csi.digitaluk.co.uk/d9e1f9e2-9a24-4786-9ee7-abfc0651a31a&start=2026-09-05T18:00:00+0000&duration=PT30M from server.
Fetching https://www.freeview.co.uk/api/program?sid=13&nid=64403&pid=crid://csi.digitaluk.co.uk/71dcddac-87fc-4cfb-a6e7-506a42e9d946&start=2026-09-05T18:30:00+0000&duration=PT30M from server.
Fetching https://www.freeview.co.uk/api/program?sid=13&nid=64403&pid=crid://csi.digitaluk.co.uk/824fe080-11a3-45e8-88f1-803db43926f9&start=2026-09-05T19:00:00+0000&duration=PT30M from server.
Fetching https://www.freeview.co.uk/api/program?sid=13&nid=64403&pid=crid://csi.digitaluk.co.uk/45c1754f-dc94-4354-a0ab-963b2c580cf4&start=2026-09-05T19:30:00+0000&duration=PT30M from server.
Fetching https://www.freeview.co.uk/api/program?sid=13&nid=64403&pid=crid://csi.digitaluk.co.uk/80a554bd-2025-4564-a0b9-d34269c4e0e5&start=2026-09-05T20:00:00+0000&duration=PT1H from server.
Fetching https://www.freeview.co.uk/api/program?sid=13&nid=64403&pid=crid://csi.digitaluk.co.uk/de968c8d-bc1f-4cf6-ab25-32ab2f144c17&start=2026-09-05T21:00:00+0000&duration=PT1H5M from server.
Fetching https://www.freeview.co.uk/api/program?sid=13&nid=64403&pid=crid://csi.digitaluk.co.uk/6264c6a8-28b4-471d-ba10-6bc2fed1c3ae&start=2026-09-05T22:05:00+0000&duration=PT1H from server.
Fetching https://www.freeview.co.uk/api/program?sid=13&nid=64403&pid=crid://csi.digitaluk.co.uk/20623efc-f3eb-4fb0-894c-3704c896ef2e&start=2026-09-05T23:05:00+0000&duration=PT1H5M from server.
### Wanted 8385 
Fetching https://www.freeview.co.uk/api/program?sid=14&nid=64403&pid=crid://csi.digitaluk.co.uk/5fe0fdd9-26c4-4701-8fdc-704979e8d16d&start=2026-09-05T00:30:00+0000&duration=PT1H55M from server.
Fetching https://www.freeview.co.uk/api/program?sid=14&nid=64403&pid=crid://csi.digitaluk.co.uk/6af1152a-bebb-48ea-9c68-390d1ae7504b&start=2026-09-05T02:25:00+0000&duration=PT3H35M from server.
Fetching https://www.freeview.co.uk/api/program?sid=14&nid=64403&pid=crid://csi.digitaluk.co.uk/371b8829-08c6-4a10-8718-24cd654eb8fc&start=2026-09-05T06:00:00+0000&duration=PT4H from server.
Fetching https://www.freeview.co.uk/api/program?sid=14&nid=64403&pid=crid://movida.bebanjo.net/mas/version/11577/001/ALLTIMES/C&start=2026-09-05T10:00:00+0000&duration=PT1H45M from server.
Fetching https://www.freeview.co.uk/api/program?sid=14&nid=64403&pid=crid://movida.bebanjo.net/mas/version/43729/001/ALLTIMESSWC/C&start=2026-09-05T11:45:00+0000&duration=PT1H45M from server.
Fetching https://www.freeview.co.uk/api/program?sid=14&nid=64403&pid=crid://csi.digitaluk.co.uk/a900ea4c-d0c1-420c-8e3c-c3ec15c442f7&start=2026-09-05T13:30:00+0000&duration=PT2H5M from server.
Fetching https://www.freeview.co.uk/api/program?sid=14&nid=64403&pid=crid://csi.digitaluk.co.uk/33b8cdc2-e9c9-456f-8453-1c531c117fb8&start=2026-09-05T15:35:00+0000&duration=PT2H5M from server.
Fetching https://www.freeview.co.uk/api/program?sid=14&nid=64403&pid=crid://csi.digitaluk.co.uk/d20436f7-fa05-4524-82cc-c160c8e0c13a&start=2026-09-05T17:40:00+0000&duration=PT2H10M from server.
Fetching https://www.freeview.co.uk/api/program?sid=14&nid=64403&pid=crid://csi.digitaluk.co.uk/da0554c2-3d73-467b-9df6-e1f413679338&start=2026-09-05T19:50:00+0000&duration=PT10M from server.
Fetching https://www.freeview.co.uk/api/program?sid=14&nid=64403&pid=crid://movida.bebanjo.net/mas/version/76647/001/POSTWATERSHED2100/C&start=2026-09-05T20:00:00+0000&duration=PT2H45M from server.
Fetching https://www.freeview.co.uk/api/program?sid=14&nid=64403&pid=crid://csi.digitaluk.co.uk/9b6901ea-396d-4369-b251-89561f463ad8&start=2026-09-05T22:45:00+0000&duration=PT3H40M from server.
## Wanted 27328 
Fetching https://www.freeview.co.uk/api/program?sid=17&nid=64403&pid=crid://csi.digitaluk.co.uk/b748f375-e6d0-464f-879c-f59523158275&start=2026-09-05T00:00:00+0000&duration=PT1H from server.
Fetching https://www.freeview.co.uk/api/program?sid=17&nid=64403&pid=crid://csi.digitaluk.co.uk/436b9802-8b91-48b5-87cc-22dda067fdf1&start=2026-09-05T01:00:00+0000&duration=PT1H from server.
Fetching https://www.freeview.co.uk/api/program?sid=17&nid=64403&pid=crid://csi.digitaluk.co.uk/31377ea3-dfd1-4636-b84c-683e68af59c3&start=2026-09-05T02:00:00+0000&duration=PT1H from server.
Fetching https://www.freeview.co.uk/api/program?sid=17&nid=64403&pid=crid://csi.digitaluk.co.uk/05219d03-52ce-4883-9ca5-b2555bd3d8ab&start=2026-09-05T03:00:00+0000&duration=PT30M from server.
Fetching https://www.freeview.co.uk/api/program?sid=17&nid=64403&pid=crid://csi.digitaluk.co.uk/ea2f3832-2f50-4fc3-873c-a02d62fb4dfe&start=2026-09-05T03:30:00+0000&duration=PT30M from server.
Fetching https://www.freeview.co.uk/api/program?sid=17&nid=64403&pid=crid://csi.digitaluk.co.uk/c8fd41b8-971f-4849-b2de-0a5285c45967&start=2026-09-05T04:00:00+0000&duration=PT30M from server.
Fetching https://www.freeview.co.uk/api/program?sid=17&nid=64403&pid=crid://csi.digitaluk.co.uk/a3cb597a-a201-4381-b859-10b971e93284&start=2026-09-05T04:30:00+0000&duration=PT30M from server.
Fetching https://www.freeview.co.uk/api/program?sid=17&nid=64403&pid=crid://csi.digitaluk.co.uk/4b922d4d-ca70-4ea1-b422-0c601572bd1d&start=2026-09-05T05:00:00+0000&duration=PT1H from server.
Fetching https://www.freeview.co.uk/api/program?sid=17&nid=64403&pid=crid://csi.digitaluk.co.uk/6adc3d93-787f-41a4-842c-c59298a625f4&start=2026-09-05T06:00:00+0000&duration=PT1H from server.
Fetching https://www.freeview.co.uk/api/program?sid=17&nid=64403&pid=crid://csi.digitaluk.co.uk/2389942c-cf45-423f-9764-6ce250c3f697&start=2026-09-05T07:00:00+0000&duration=PT1H from server.
Fetching https://www.freeview.co.uk/api/program?sid=17&nid=64403&pid=crid://csi.digitaluk.co.uk/6fd5a8f6-1b24-41fd-b4a8-c059daf51d92&start=2026-09-05T08:00:00+0000&duration=PT1H from server.
Fetching https://www.freeview.co.uk/api/program?sid=17&nid=64403&pid=crid://csi.digitaluk.co.uk/7f0124d8-f462-4a6b-bf25-45ff58ec8a3f&start=2026-09-05T09:00:00+0000&duration=PT1H from server.
Fetching https://www.freeview.co.uk/api/program?sid=17&nid=64403&pid=crid://csi.digitaluk.co.uk/e69e95ab-c5ba-4988-902b-2fbdd225901c&start=2026-09-05T10:00:00+0000&duration=PT1H from server.
Fetching https://www.freeview.co.uk/api/program?sid=17&nid=64403&pid=crid://csi.digitaluk.co.uk/b17e4af4-cd1a-4852-b8cf-3251ecb92c8c&start=2026-09-05T11:00:00+0000&duration=PT1H from server.
Fetching https://www.freeview.co.uk/api/program?sid=17&nid=64403&pid=crid://csi.digitaluk.co.uk/32ea7cd5-8d7b-43f0-92f7-e06a5d3df039&start=2026-09-05T12:00:00+0000&duration=PT1H from server.
Fetching https://www.freeview.co.uk/api/program?sid=17&nid=64403&pid=crid://csi.digitaluk.co.uk/cf9300d3-3e68-4faf-9586-c2ca8e09d216&start=2026-09-05T13:00:00+0000&duration=PT1H from server.
Fetching https://www.freeview.co.uk/api/program?sid=17&nid=64403&pid=crid://csi.digitaluk.co.uk/24c250b0-0d48-4a72-b4c3-adc6f87e72e8&start=2026-09-05T14:00:00+0000&duration=PT1H from server.
Fetching https://www.freeview.co.uk/api/program?sid=17&nid=64403&pid=crid://csi.digitaluk.co.uk/e405e792-d7e9-444b-9180-da8f90c48a7c&start=2026-09-05T15:00:00+0000&duration=PT1H from server.
Fetching https://www.freeview.co.uk/api/program?sid=17&nid=64403&pid=crid://csi.digitaluk.co.uk/5e5fe7b5-47c4-4b4f-bcf0-a5c500676910&start=2026-09-05T16:00:00+0000&duration=PT2H from server.
Fetching https://www.freeview.co.uk/api/program?sid=17&nid=64403&pid=crid://csi.digitaluk.co.uk/ba9760b7-7840-47e7-bcad-804b5c70df21&start=2026-09-05T18:00:00+0000&duration=PT1H from server.
Fetching https://www.freeview.co.uk/api/program?sid=17&nid=64403&pid=crid://csi.digitaluk.co.uk/cbe70822-75ee-4556-af23-e199f72c2254&start=2026-09-05T19:00:00+0000&duration=PT1H from server.
Fetching https://www.freeview.co.uk/api/program?sid=17&nid=64403&pid=crid://csi.digitaluk.co.uk/e3db88d6-784b-4394-9f2d-82e87efbf5cd&start=2026-09-05T20:00:00+0000&duration=PT1H from server.
Fetching https://www.freeview.co.uk/api/program?sid=17&nid=64403&pid=crid://csi.digitaluk.co.uk/3404a3ce-a8bb-401f-8d12-3ab2273ae66d&start=2026-09-05T21:00:00+0000&duration=PT1H from server.
Fetching https://www.freeview.co.uk/api/program?sid=17&nid=64403&pid=crid://csi.digitaluk.co.uk/6035a707-7728-4311-8219-1d1b78df19ef&start=2026-09-05T22:00:00+0000&duration=PT1H from server.
Fetching https://www.freeview.co.uk/api/program?sid=17&nid=64403&pid=crid://csi.digitaluk.co.uk/edb596c3-4528-4c93-8158-123c99c6e99f&start=2026-09-05T23:00:00+0000&duration=PT1H from server.
### Wanted 8442 
Fetching https://www.freeview.co.uk/api/program?sid=18&nid=64403&pid=crid://csi.digitaluk.co.uk/f66892bb-e68a-4a3b-a85e-52216c623efe&start=2026-09-05T00:20:00+0000&duration=PT1H from server.
Fetching https://www.freeview.co.uk/api/program?sid=18&nid=64403&pid=crid://csi.digitaluk.co.uk/c9c08267-ab37-44df-958b-904056274cda&start=2026-09-05T01:20:00+0000&duration=PT1H5M from server.
Fetching https://www.freeview.co.uk/api/program?sid=18&nid=64403&pid=crid://csi.digitaluk.co.uk/72a2f47b-6e61-4ad8-94a2-9470d125dd49&start=2026-09-05T02:25:00+0000&duration=PT30M from server.
Fetching https://www.freeview.co.uk/api/program?sid=18&nid=64403&pid=crid://csi.digitaluk.co.uk/689914a4-ea92-4512-b4ac-5896dc2c58ad&start=2026-09-05T02:55:00+0000&duration=PT3H5M from server.
Fetching https://www.freeview.co.uk/api/program?sid=18&nid=64403&pid=crid://csi.digitaluk.co.uk/ecb077d3-ad55-444c-a27e-bb51a1d1730d&start=2026-09-05T06:00:00+0000&duration=PT1H55M from server.
Fetching https://www.freeview.co.uk/api/program?sid=18&nid=64403&pid=crid://csi.digitaluk.co.uk/c8703877-e908-4404-b07d-7ae2098a9459&start=2026-09-05T07:55:00+0000&duration=PT35M from server.
Fetching https://www.freeview.co.uk/api/program?sid=18&nid=64403&pid=crid://csi.digitaluk.co.uk/ad173d60-1b98-4b0d-a50e-b4e679128e1e&start=2026-09-05T08:30:00+0000&duration=PT25M from server.
Fetching https://www.freeview.co.uk/api/program?sid=18&nid=64403&pid=crid://csi.digitaluk.co.uk/ca830dba-851b-42f9-971b-8a6af532888e&start=2026-09-05T08:55:00+0000&duration=PT35M from server.
Fetching https://www.freeview.co.uk/api/program?sid=18&nid=64403&pid=crid://csi.digitaluk.co.uk/d551e740-8f3a-4959-bf6e-2c40ec0ed572&start=2026-09-05T09:30:00+0000&duration=PT30M from server.
Fetching https://www.freeview.co.uk/api/program?sid=18&nid=64403&pid=crid://csi.digitaluk.co.uk/5b3982e0-105e-4504-9e04-b474a3a02289&start=2026-09-05T10:00:00+0000&duration=PT35M from server.
Fetching https://www.freeview.co.uk/api/program?sid=18&nid=64403&pid=crid://csi.digitaluk.co.uk/e030e717-314f-46db-806f-61cfd1130a06&start=2026-09-05T10:35:00+0000&duration=PT1H from server.
Fetching https://www.freeview.co.uk/api/program?sid=18&nid=64403&pid=crid://csi.digitaluk.co.uk/73f41c58-1ebc-48f3-994c-9df4367b21ac&start=2026-09-05T11:35:00+0000&duration=PT1H5M from server.
Fetching https://www.freeview.co.uk/api/program?sid=18&nid=64403&pid=crid://csi.digitaluk.co.uk/dc23dfed-ed99-4dfd-a7e7-426352b5efdb&start=2026-09-05T12:40:00+0000&duration=PT1H from server.
Fetching https://www.freeview.co.uk/api/program?sid=18&nid=64403&pid=crid://csi.digitaluk.co.uk/cfe2b6cc-ed40-4eb7-ad60-06aef0b0765d&start=2026-09-05T13:40:00+0000&duration=PT35M from server.
Fetching https://www.freeview.co.uk/api/program?sid=18&nid=64403&pid=crid://csi.digitaluk.co.uk/520fb75c-9605-40fe-8250-d4b0aab784cc&start=2026-09-05T14:15:00+0000&duration=PT35M from server.
Fetching https://www.freeview.co.uk/api/program?sid=18&nid=64403&pid=crid://csi.digitaluk.co.uk/1de12ec7-91c3-47e5-bae1-36ffb494786d&start=2026-09-05T14:50:00+0000&duration=PT30M from server.
Fetching https://www.freeview.co.uk/api/program?sid=18&nid=64403&pid=crid://csi.digitaluk.co.uk/9000fc73-f593-4810-8274-22e0066f4cd4&start=2026-09-05T15:20:00+0000&duration=PT30M from server.
Fetching https://www.freeview.co.uk/api/program?sid=18&nid=64403&pid=crid://csi.digitaluk.co.uk/e2208212-c4be-4ffa-9104-40609214698d&start=2026-09-05T15:50:00+0000&duration=PT30M from server.
Fetching https://www.freeview.co.uk/api/program?sid=18&nid=64403&pid=crid://csi.digitaluk.co.uk/3b0c3d5c-46ca-4b17-8efe-1ef507d190f4&start=2026-09-05T16:20:00+0000&duration=PT35M from server.
Fetching https://www.freeview.co.uk/api/program?sid=18&nid=64403&pid=crid://csi.digitaluk.co.uk/7bea6af9-d6f1-45d9-9f79-2a4199d48cb5&start=2026-09-05T16:55:00+0000&duration=PT30M from server.
Fetching https://www.freeview.co.uk/api/program?sid=18&nid=64403&pid=crid://csi.digitaluk.co.uk/e2d9840a-7802-4f57-b46d-508844fd2503&start=2026-09-05T17:25:00+0000&duration=PT30M from server.
Fetching https://www.freeview.co.uk/api/program?sid=18&nid=64403&pid=crid://csi.digitaluk.co.uk/75609b21-9b64-437d-91c4-a0c05e7a0bea&start=2026-09-05T17:55:00+0000&duration=PT30M from server.
Fetching https://www.freeview.co.uk/api/program?sid=18&nid=64403&pid=crid://csi.digitaluk.co.uk/bfb8a153-54ed-4526-a2fe-30cad030a47d&start=2026-09-05T18:25:00+0000&duration=PT35M from server.
Fetching https://www.freeview.co.uk/api/program?sid=18&nid=64403&pid=crid://csi.digitaluk.co.uk/d7f2814c-f93b-4119-91e2-ccbb249de358&start=2026-09-05T19:00:00+0000&duration=PT1H from server.
Fetching https://www.freeview.co.uk/api/program?sid=18&nid=64403&pid=crid://csi.digitaluk.co.uk/6e03d53e-f33c-4f24-b3ad-ae20fe674181&start=2026-09-05T20:00:00+0000&duration=PT1H from server.
Fetching https://www.freeview.co.uk/api/program?sid=18&nid=64403&pid=crid://csi.digitaluk.co.uk/390b2ca5-9823-49c6-8c2e-e0144250d13f&start=2026-09-05T21:00:00+0000&duration=PT1H5M from server.
Fetching https://www.freeview.co.uk/api/program?sid=18&nid=64403&pid=crid://csi.digitaluk.co.uk/a956071f-aa59-4b87-b078-d6d321c1bad4&start=2026-09-05T22:05:00+0000&duration=PT1H from server.
Fetching https://www.freeview.co.uk/api/program?sid=18&nid=64403&pid=crid://csi.digitaluk.co.uk/dfba9691-4bf4-435a-a0fd-250918a42494&start=2026-09-05T23:05:00+0000&duration=PT1H5M from server.
## Wanted 12992 
Fetching https://www.freeview.co.uk/api/program?sid=21&nid=64403&pid=crid://csi.digitaluk.co.uk/b1cc0436-2f8c-48a1-9562-0e9c32d316a1&start=2026-09-05T00:55:00+0000&duration=PT55M from server.
Fetching https://www.freeview.co.uk/api/program?sid=21&nid=64403&pid=crid://panorama.five.tv/versions/C5501660003A&start=2026-09-05T01:50:00+0000&duration=PT1H from server.
Fetching https://www.freeview.co.uk/api/program?sid=21&nid=64403&pid=crid://panorama.five.tv/versions/C5522700037A&start=2026-09-05T02:50:00+0000&duration=PT10M from server.
Fetching https://www.freeview.co.uk/api/program?sid=21&nid=64403&pid=crid://panorama.five.tv/versions/C5266540001A&start=2026-09-05T03:00:00+0000&duration=PT2H from server.
Fetching https://www.freeview.co.uk/api/program?sid=21&nid=64403&pid=crid://panorama.five.tv/versions/C5474060001A&start=2026-09-05T05:00:00+0000&duration=PT3H from server.
Fetching https://www.freeview.co.uk/api/program?sid=21&nid=64403&pid=crid://panorama.five.tv/versions/C5526200023A&start=2026-09-05T08:00:00+0000&duration=PT20M from server.
Fetching https://www.freeview.co.uk/api/program?sid=21&nid=64403&pid=crid://panorama.five.tv/versions/C5479940013A&start=2026-09-05T08:20:00+0000&duration=PT50M from server.
Fetching https://www.freeview.co.uk/api/program?sid=21&nid=64403&pid=crid://panorama.five.tv/versions/C5479940014A&start=2026-09-05T09:10:00+0000&duration=PT1H from server.
Fetching https://www.freeview.co.uk/api/program?sid=21&nid=64403&pid=crid://panorama.five.tv/versions/C5522780001B&start=2026-09-05T10:10:00+0000&duration=PT1H from server.
Fetching https://www.freeview.co.uk/api/program?sid=21&nid=64403&pid=crid://panorama.five.tv/versions/C5522780002A&start=2026-09-05T11:10:00+0000&duration=PT55M from server.
Fetching https://www.freeview.co.uk/api/program?sid=21&nid=64403&pid=crid://panorama.five.tv/versions/C5522780003A&start=2026-09-05T12:05:00+0000&duration=PT1H from server.
Fetching https://www.freeview.co.uk/api/program?sid=21&nid=64403&pid=crid://panorama.five.tv/versions/C5539240006A&start=2026-09-05T13:05:00+0000&duration=PT1H from server.
Fetching https://www.freeview.co.uk/api/program?sid=21&nid=64403&pid=crid://panorama.five.tv/versions/C5539240007A&start=2026-09-05T14:05:00+0000&duration=PT55M from server.
Fetching https://www.freeview.co.uk/api/program?sid=21&nid=64403&pid=crid://panorama.five.tv/versions/C5539240008A&start=2026-09-05T15:00:00+0000&duration=PT1H from server.
Fetching https://www.freeview.co.uk/api/program?sid=21&nid=64403&pid=crid://panorama.five.tv/versions/C5539240009A&start=2026-09-05T16:00:00+0000&duration=PT1H from server.
Fetching https://www.freeview.co.uk/api/program?sid=21&nid=64403&pid=crid://panorama.five.tv/versions/C5539240010A&start=2026-09-05T17:00:00+0000&duration=PT1H from server.
Fetching https://www.freeview.co.uk/api/program?sid=21&nid=64403&pid=crid://panorama.five.tv/versions/C5539240011A&start=2026-09-05T18:00:00+0000&duration=PT1H from server.
Fetching https://www.freeview.co.uk/api/program?sid=21&nid=64403&pid=crid://panorama.five.tv/versions/C5539240012A&start=2026-09-05T19:00:00+0000&duration=PT1H from server.
Fetching https://www.freeview.co.uk/api/program?sid=21&nid=64403&pid=crid://panorama.five.tv/versions/C5526260020A&start=2026-09-05T20:00:00+0000&duration=PT1H from server.
Fetching https://www.freeview.co.uk/api/program?sid=21&nid=64403&pid=crid://panorama.five.tv/versions/C5368420005A&start=2026-09-05T21:00:00+0000&duration=PT1H from server.
Fetching https://www.freeview.co.uk/api/program?sid=21&nid=64403&pid=crid://panorama.five.tv/versions/C5368420006B&start=2026-09-05T22:00:00+0000&duration=PT1H from server.
Fetching https://www.freeview.co.uk/api/program?sid=21&nid=64403&pid=crid://panorama.five.tv/versions/C5300450017A&start=2026-09-05T23:00:00+0000&duration=PT55M from server.
Fetching https://www.freeview.co.uk/api/program?sid=21&nid=64403&pid=crid://panorama.five.tv/versions/C5300450018A&start=2026-09-05T23:55:00+0000&duration=PT1H from server.
### Wanted 12928 
Fetching https://www.freeview.co.uk/api/program?sid=32&nid=64403&pid=crid://panorama.five.tv/versions/C5493680007B&start=2026-09-05T00:00:00+0000&duration=PT1H from server.
Fetching https://www.freeview.co.uk/api/program?sid=32&nid=64403&pid=crid://panorama.five.tv/versions/C5394740002C&start=2026-09-05T01:00:00+0000&duration=PT45M from server.
Fetching https://www.freeview.co.uk/api/program?sid=32&nid=64403&pid=crid://panorama.five.tv/versions/C5525380005A&start=2026-09-05T01:45:00+0000&duration=PT50M from server.
Fetching https://www.freeview.co.uk/api/program?sid=32&nid=64403&pid=crid://panorama.five.tv/versions/C5255320017A&start=2026-09-05T02:35:00+0000&duration=PT25M from server.
Fetching https://www.freeview.co.uk/api/program?sid=32&nid=64403&pid=crid://panorama.five.tv/versions/C5266540001A&start=2026-09-05T03:00:00+0000&duration=PT2H from server.
Fetching https://www.freeview.co.uk/api/program?sid=32&nid=64403&pid=crid://panorama.five.tv/versions/C5266540001A&start=2026-09-05T05:00:00+0000&duration=PT1H from server.
Fetching https://www.freeview.co.uk/api/program?sid=32&nid=64403&pid=crid://panorama.five.tv/versions/C5326820001A&start=2026-09-05T06:00:00+0000&duration=PT30M from server.
Fetching https://www.freeview.co.uk/api/program?sid=32&nid=64403&pid=crid://panorama.five.tv/versions/C5266540001A&start=2026-09-05T06:30:00+0000&duration=PT30M from server.
Fetching https://www.freeview.co.uk/api/program?sid=32&nid=64403&pid=crid://panorama.five.tv/versions/C5508810001A&start=2026-09-05T07:00:00+0000&duration=PT1H from server.
Fetching https://www.freeview.co.uk/api/program?sid=32&nid=64403&pid=crid://panorama.five.tv/versions/C5508810002A&start=2026-09-05T08:00:00+0000&duration=PT1H from server.
Fetching https://www.freeview.co.uk/api/program?sid=32&nid=64403&pid=crid://panorama.five.tv/versions/C5488960001A&start=2026-09-05T09:00:00+0000&duration=PT1H from server.
Fetching https://www.freeview.co.uk/api/program?sid=32&nid=64403&pid=crid://panorama.five.tv/versions/C5350870001F&start=2026-09-05T10:00:00+0000&duration=PT1H from server.
Fetching https://www.freeview.co.uk/api/program?sid=32&nid=64403&pid=crid://panorama.five.tv/versions/C5350870002E&start=2026-09-05T11:00:00+0000&duration=PT1H from server.
Fetching https://www.freeview.co.uk/api/program?sid=32&nid=64403&pid=crid://panorama.five.tv/versions/C5350870003F&start=2026-09-05T12:00:00+0000&duration=PT1H from server.
Fetching https://www.freeview.co.uk/api/program?sid=32&nid=64403&pid=crid://panorama.five.tv/versions/C5350870004F&start=2026-09-05T13:00:00+0000&duration=PT1H from server.
Fetching https://www.freeview.co.uk/api/program?sid=32&nid=64403&pid=crid://panorama.five.tv/versions/C5350870005F&start=2026-09-05T14:00:00+0000&duration=PT1H from server.
Fetching https://www.freeview.co.uk/api/program?sid=32&nid=64403&pid=crid://panorama.five.tv/versions/C5399060001F&start=2026-09-05T15:00:00+0000&duration=PT1H from server.
Fetching https://www.freeview.co.uk/api/program?sid=32&nid=64403&pid=crid://panorama.five.tv/versions/C5399060002H&start=2026-09-05T16:00:00+0000&duration=PT1H from server.
Fetching https://www.freeview.co.uk/api/program?sid=32&nid=64403&pid=crid://panorama.five.tv/versions/C5399060003E&start=2026-09-05T17:00:00+0000&duration=PT1H from server.
Fetching https://www.freeview.co.uk/api/program?sid=32&nid=64403&pid=crid://panorama.five.tv/versions/C5399060004D&start=2026-09-05T18:00:00+0000&duration=PT1H from server.
Fetching https://www.freeview.co.uk/api/program?sid=32&nid=64403&pid=crid://panorama.five.tv/versions/C5399060005C&start=2026-09-05T19:00:00+0000&duration=PT1H from server.
Fetching https://www.freeview.co.uk/api/program?sid=32&nid=64403&pid=crid://panorama.five.tv/versions/C5167600001A&start=2026-09-05T20:00:00+0000&duration=PT1H5M from server.
Fetching https://www.freeview.co.uk/api/program?sid=32&nid=64403&pid=crid://csi.digitaluk.co.uk/f921e86c-4c90-4a57-b783-bd676730660c&start=2026-09-05T21:05:00+0000&duration=PT5M from server.
Fetching https://www.freeview.co.uk/api/program?sid=32&nid=64403&pid=crid://panorama.five.tv/versions/C5167600001A&start=2026-09-05T21:10:00+0000&duration=PT1H40M from server.
Fetching https://www.freeview.co.uk/api/program?sid=32&nid=64403&pid=crid://panorama.five.tv/versions/C5527200033A&start=2026-09-05T22:50:00+0000&duration=PT2H from server.
## Wanted 16112 
Fetching https://www.freeview.co.uk/api/program?sid=33&nid=64403&pid=crid://panorama.five.tv/versions/C5435880009A&start=2026-09-05T00:25:00+0000&duration=PT1H from server.
Fetching https://www.freeview.co.uk/api/program?sid=33&nid=64403&pid=crid://panorama.five.tv/versions/C5254350010A&start=2026-09-05T01:25:00+0000&duration=PT1H from server.
Fetching https://www.freeview.co.uk/api/program?sid=33&nid=64403&pid=crid://csi.digitaluk.co.uk/ca2d5667-4ba0-49ee-918d-b85901d77f1f&start=2026-09-05T02:25:00+0000&duration=PT25M from server.
Fetching https://www.freeview.co.uk/api/program?sid=33&nid=64403&pid=crid://panorama.five.tv/versions/C5522700036A&start=2026-09-05T02:50:00+0000&duration=PT10M from server.
Fetching https://www.freeview.co.uk/api/program?sid=33&nid=64403&pid=crid://panorama.five.tv/versions/C5340000001A&start=2026-09-05T03:00:00+0000&duration=PT2H from server.
Fetching https://www.freeview.co.uk/api/program?sid=33&nid=64403&pid=crid://panorama.five.tv/versions/C5266540001A&start=2026-09-05T05:00:00+0000&duration=PT1H from server.
Fetching https://www.freeview.co.uk/api/program?sid=33&nid=64403&pid=crid://panorama.five.tv/versions/C5349600001A&start=2026-09-05T06:00:00+0000&duration=PT1H from server.
Fetching https://www.freeview.co.uk/api/program?sid=33&nid=64403&pid=crid://panorama.five.tv/versions/C5349600001A&start=2026-09-05T07:00:00+0000&duration=PT1H from server.
Fetching https://www.freeview.co.uk/api/program?sid=33&nid=64403&pid=crid://panorama.five.tv/versions/C5269250004D&start=2026-09-05T08:00:00+0000&duration=PT55M from server.
Fetching https://www.freeview.co.uk/api/program?sid=33&nid=64403&pid=crid://panorama.five.tv/versions/C5526800004A&start=2026-09-05T08:55:00+0000&duration=PT1H5M from server.
Fetching https://www.freeview.co.uk/api/program?sid=33&nid=64403&pid=crid://panorama.five.tv/versions/C5526800005A&start=2026-09-05T10:00:00+0000&duration=PT1H from server.
Fetching https://www.freeview.co.uk/api/program?sid=33&nid=64403&pid=crid://panorama.five.tv/versions/C5526800008A&start=2026-09-05T11:00:00+0000&duration=PT1H from server.
Fetching https://www.freeview.co.uk/api/program?sid=33&nid=64403&pid=crid://panorama.five.tv/versions/C5526800007A&start=2026-09-05T12:00:00+0000&duration=PT55M from server.
Fetching https://www.freeview.co.uk/api/program?sid=33&nid=64403&pid=crid://panorama.five.tv/versions/C5526800006A&start=2026-09-05T12:55:00+0000&duration=PT1H from server.
Fetching https://www.freeview.co.uk/api/program?sid=33&nid=64403&pid=crid://panorama.five.tv/versions/C5510920001A&start=2026-09-05T13:55:00+0000&duration=PT1H from server.
Fetching https://www.freeview.co.uk/api/program?sid=33&nid=64403&pid=crid://csi.digitaluk.co.uk/e40a0157-b609-4782-b718-cd83a5220d44&start=2026-09-05T14:55:00+0000&duration=PT5M from server.
Fetching https://www.freeview.co.uk/api/program?sid=33&nid=64403&pid=crid://panorama.five.tv/versions/C5510920001A&start=2026-09-05T15:00:00+0000&duration=PT1H from server.
Fetching https://www.freeview.co.uk/api/program?sid=33&nid=64403&pid=crid://panorama.five.tv/versions/C5263630001B&start=2026-09-05T16:00:00+0000&duration=PT1H5M from server.
Fetching https://www.freeview.co.uk/api/program?sid=33&nid=64403&pid=crid://csi.digitaluk.co.uk/864fb537-4a00-41e5-b843-f3e9cc5b154f&start=2026-09-05T17:05:00+0000&duration=PT5M from server.
Fetching https://www.freeview.co.uk/api/program?sid=33&nid=64403&pid=crid://panorama.five.tv/versions/C5263630001B&start=2026-09-05T17:10:00+0000&duration=PT50M from server.
Fetching https://www.freeview.co.uk/api/program?sid=33&nid=64403&pid=crid://csi.digitaluk.co.uk/5192fdd2-4c17-4cef-916b-e49541075cff&start=2026-09-05T18:00:00+0000&duration=PT1H from server.
Fetching https://www.freeview.co.uk/api/program?sid=33&nid=64403&pid=crid://panorama.five.tv/versions/C5526220032B&start=2026-09-05T19:00:00+0000&duration=PT30M from server.
Fetching https://www.freeview.co.uk/api/program?sid=33&nid=64403&pid=crid://panorama.five.tv/versions/C5526220033B&start=2026-09-05T19:30:00+0000&duration=PT30M from server.
Fetching https://www.freeview.co.uk/api/program?sid=33&nid=64403&pid=crid://panorama.five.tv/versions/C5056630001F&start=2026-09-05T20:00:00+0000&duration=PT1H from server.
Fetching https://www.freeview.co.uk/api/program?sid=33&nid=64403&pid=crid://csi.digitaluk.co.uk/8aa300e0-70db-4bfb-bf7f-fc7c7de4b76e&start=2026-09-05T21:00:00+0000&duration=PT5M from server.
Fetching https://www.freeview.co.uk/api/program?sid=33&nid=64403&pid=crid://panorama.five.tv/versions/C5056630001F&start=2026-09-05T21:05:00+0000&duration=PT1H35M from server.
Fetching https://www.freeview.co.uk/api/program?sid=33&nid=64403&pid=crid://panorama.five.tv/versions/C5213580010B&start=2026-09-05T22:40:00+0000&duration=PT1H from server.
Fetching https://www.freeview.co.uk/api/program?sid=33&nid=64403&pid=crid://panorama.five.tv/versions/C5213580011A&start=2026-09-05T23:40:00+0000&duration=PT55M from server.
### Wanted 8373 
Fetching https://www.freeview.co.uk/api/program?sid=35&nid=64403&pid=crid://csi.digitaluk.co.uk/1461f144-c1d2-4849-a876-cf80265a6ce1&start=2026-09-05T00:10:00+0000&duration=PT2H50M from server.
Fetching https://www.freeview.co.uk/api/program?sid=35&nid=64403&pid=crid://csi.digitaluk.co.uk/0c3ad1d2-6b55-4b00-af77-ba9bd698b036&start=2026-09-05T03:00:00+0000&duration=PT1H10M from server.
Fetching https://www.freeview.co.uk/api/program?sid=35&nid=64403&pid=crid://csi.digitaluk.co.uk/00fbfd0a-9218-498c-99b5-4ddf9e7cee5d&start=2026-09-05T04:10:00+0000&duration=PT50M from server.
Fetching https://www.freeview.co.uk/api/program?sid=35&nid=64403&pid=crid://csi.digitaluk.co.uk/8b4bbd04-294e-4c9e-a927-e83eb24aa13b&start=2026-09-05T05:00:00+0000&duration=PT1H from server.
Fetching https://www.freeview.co.uk/api/program?sid=35&nid=64403&pid=crid://csi.digitaluk.co.uk/e94d30e8-53bc-40db-b042-fa6e1e5586fa&start=2026-09-05T06:00:00+0000&duration=PT2H25M from server.
Fetching https://www.freeview.co.uk/api/program?sid=35&nid=64403&pid=crid://csi.digitaluk.co.uk/c136fb68-006c-41a0-9290-33f1e080773f&start=2026-09-05T08:25:00+0000&duration=PT1H from server.
Fetching https://www.freeview.co.uk/api/program?sid=35&nid=64403&pid=crid://csi.digitaluk.co.uk/b3ece71e-99e4-4451-817b-da0e1cd9b82b&start=2026-09-05T09:25:00+0000&duration=PT5M from server.
Fetching https://www.freeview.co.uk/api/program?sid=35&nid=64403&pid=crid://csi.digitaluk.co.uk/d8d37fc8-db18-44e0-9ec9-e3c39f5b8857&start=2026-09-05T09:30:00+0000&duration=PT2H30M from server.
Fetching https://www.freeview.co.uk/api/program?sid=35&nid=64403&pid=crid://www.stv.tv/programInformation/233821&start=2026-09-05T12:00:00+0000&duration=PT30M from server.
Fetching https://www.freeview.co.uk/api/program?sid=35&nid=64403&pid=crid://csi.digitaluk.co.uk/68d5a030-018d-43d9-8d44-57cab0e62311&start=2026-09-05T12:30:00+0000&duration=PT30M from server.
Fetching https://www.freeview.co.uk/api/program?sid=35&nid=64403&pid=crid://csi.digitaluk.co.uk/d85c4e1c-0c87-4544-b787-292095a9c31b&start=2026-09-05T13:00:00+0000&duration=PT15M from server.
Fetching https://www.freeview.co.uk/api/program?sid=35&nid=64403&pid=crid://csi.digitaluk.co.uk/a9f0de6a-e465-4e02-83c6-d3ed36af985b&start=2026-09-05T13:15:00+0000&duration=PT2H45M from server.
Fetching https://www.freeview.co.uk/api/program?sid=35&nid=64403&pid=crid://csi.digitaluk.co.uk/b31913e7-29c6-472e-bab0-32e945ec403d&start=2026-09-05T16:00:00+0000&duration=PT25M from server.
Fetching https://www.freeview.co.uk/api/program?sid=35&nid=64403&pid=crid://csi.digitaluk.co.uk/502823a0-4bbf-431f-8d56-915c34fdd7ae&start=2026-09-05T16:25:00+0000&duration=PT15M from server.
Fetching https://www.freeview.co.uk/api/program?sid=35&nid=64403&pid=crid://csi.digitaluk.co.uk/688d89d7-7344-4f30-8a06-5522dd3f6abd&start=2026-09-05T16:40:00+0000&duration=PT10M from server.
Fetching https://www.freeview.co.uk/api/program?sid=35&nid=64403&pid=crid://csi.digitaluk.co.uk/ecf7b263-679e-4d11-9634-ad72916c8110&start=2026-09-05T16:50:00+0000&duration=PT2H10M from server.
Fetching https://www.freeview.co.uk/api/program?sid=35&nid=64403&pid=crid://www.stv.tv/programInformation/233822&start=2026-09-05T19:00:00+0000&duration=PT1H15M from server.
Fetching https://www.freeview.co.uk/api/program?sid=35&nid=64403&pid=crid://www.stv.tv/programInformation/233826&start=2026-09-05T20:15:00+0000&duration=PT1H from server.
Fetching https://www.freeview.co.uk/api/program?sid=35&nid=64403&pid=crid://csi.digitaluk.co.uk/5479c281-c3cd-49eb-9c6c-88ac074dc378&start=2026-09-05T21:15:00+0000&duration=PT1H from server.
Fetching https://www.freeview.co.uk/api/program?sid=35&nid=64403&pid=crid://csi.digitaluk.co.uk/dc6dc6e4-6cb3-440f-93aa-80880c623f37&start=2026-09-05T22:15:00+0000&duration=PT15M from server.
Fetching https://www.freeview.co.uk/api/program?sid=35&nid=64403&pid=crid://csi.digitaluk.co.uk/a0b917d0-8308-439e-ae89-e53867251d77&start=2026-09-05T22:30:00+0000&duration=PT1H40M from server.
## Wanted 27680 
Fetching https://www.freeview.co.uk/api/program?sid=39&nid=64403&pid=crid://csi.digitaluk.co.uk/828d1068-a288-420e-8d05-a97c651b41e0&start=2026-09-05T00:00:00+0000&duration=PT1H from server.
Fetching https://www.freeview.co.uk/api/program?sid=39&nid=64403&pid=crid://csi.digitaluk.co.uk/9e514311-5082-4d6a-b976-a867e11efd1c&start=2026-09-05T01:00:00+0000&duration=PT30M from server.
Fetching https://www.freeview.co.uk/api/program?sid=39&nid=64403&pid=crid://csi.digitaluk.co.uk/a106b7d4-aa32-4f7d-a0a4-7be5d2886d55&start=2026-09-05T01:30:00+0000&duration=PT30M from server.
Fetching https://www.freeview.co.uk/api/program?sid=39&nid=64403&pid=crid://csi.digitaluk.co.uk/82480a83-380a-4050-9b7e-3d8547ea8315&start=2026-09-05T02:00:00+0000&duration=PT30M from server.
Fetching https://www.freeview.co.uk/api/program?sid=39&nid=64403&pid=crid://csi.digitaluk.co.uk/6266ab30-ffc2-46f3-b58b-d5cf10dd8d14&start=2026-09-05T02:30:00+0000&duration=PT30M from server.
Fetching https://www.freeview.co.uk/api/program?sid=39&nid=64403&pid=crid://csi.digitaluk.co.uk/8302e52a-cc72-4841-bd35-b3e303384d95&start=2026-09-05T03:00:00+0000&duration=PT30M from server.
Fetching https://www.freeview.co.uk/api/program?sid=39&nid=64403&pid=crid://csi.digitaluk.co.uk/90d8ee8c-805b-4ea3-80e6-7ebd41546df0&start=2026-09-05T03:30:00+0000&duration=PT30M from server.
Fetching https://www.freeview.co.uk/api/program?sid=39&nid=64403&pid=crid://csi.digitaluk.co.uk/ce2eec98-367c-4c62-9de8-a9255718ea28&start=2026-09-05T04:00:00+0000&duration=PT30M from server.
Fetching https://www.freeview.co.uk/api/program?sid=39&nid=64403&pid=crid://csi.digitaluk.co.uk/779bad48-8dd4-419d-8d2d-02ab48296c5c&start=2026-09-05T04:30:00+0000&duration=PT30M from server.
Fetching https://www.freeview.co.uk/api/program?sid=39&nid=64403&pid=crid://csi.digitaluk.co.uk/a96eeecb-1610-496e-8864-96fdbcc10c35&start=2026-09-05T05:00:00+0000&duration=PT1H from server.
Fetching https://www.freeview.co.uk/api/program?sid=39&nid=64403&pid=crid://csi.digitaluk.co.uk/f771a260-eb8e-46c3-bf18-cf43ad1c56fb&start=2026-09-05T06:00:00+0000&duration=PT1H from server.
Fetching https://www.freeview.co.uk/api/program?sid=39&nid=64403&pid=crid://csi.digitaluk.co.uk/e035364c-cb50-4c66-ab22-6a4374e70a0f&start=2026-09-05T07:00:00+0000&duration=PT1H from server.
Fetching https://www.freeview.co.uk/api/program?sid=39&nid=64403&pid=crid://csi.digitaluk.co.uk/e33b7e25-ca4d-4afd-a353-b6b0daf722ff&start=2026-09-05T08:00:00+0000&duration=PT1H from server.
Fetching https://www.freeview.co.uk/api/program?sid=39&nid=64403&pid=crid://csi.digitaluk.co.uk/6ca90b78-74a1-49cb-8309-0164078e0895&start=2026-09-05T09:00:00+0000&duration=PT1H from server.
Fetching https://www.freeview.co.uk/api/program?sid=39&nid=64403&pid=crid://csi.digitaluk.co.uk/ede0c222-8d38-4065-b62c-f1a9150c089d&start=2026-09-05T10:00:00+0000&duration=PT1H from server.
Fetching https://www.freeview.co.uk/api/program?sid=39&nid=64403&pid=crid://csi.digitaluk.co.uk/a7ed0f44-e98e-4c58-8d7c-b107334273d9&start=2026-09-05T11:00:00+0000&duration=PT1H from server.
Fetching https://www.freeview.co.uk/api/program?sid=39&nid=64403&pid=crid://csi.digitaluk.co.uk/02d01d60-9e6a-4e4f-93a5-6d07a472ec8f&start=2026-09-05T12:00:00+0000&duration=PT1H from server.
Fetching https://www.freeview.co.uk/api/program?sid=39&nid=64403&pid=crid://csi.digitaluk.co.uk/2b4e1889-1a48-4c46-aca1-03dce76b5412&start=2026-09-05T13:00:00+0000&duration=PT1H from server.
Fetching https://www.freeview.co.uk/api/program?sid=39&nid=64403&pid=crid://csi.digitaluk.co.uk/40a766bb-6c25-4f5f-a27d-78bd09e18a1b&start=2026-09-05T14:00:00+0000&duration=PT1H from server.
Fetching https://www.freeview.co.uk/api/program?sid=39&nid=64403&pid=crid://csi.digitaluk.co.uk/fa6e2f1a-09f8-40e9-bc12-47dd3b05c78c&start=2026-09-05T15:00:00+0000&duration=PT1H from server.
Fetching https://www.freeview.co.uk/api/program?sid=39&nid=64403&pid=crid://csi.digitaluk.co.uk/fba9a322-ce65-4535-aa3b-d772ca30c38c&start=2026-09-05T16:00:00+0000&duration=PT1H from server.
Fetching https://www.freeview.co.uk/api/program?sid=39&nid=64403&pid=crid://csi.digitaluk.co.uk/7f1dca7d-9a55-422f-ba3a-2cd430179abe&start=2026-09-05T17:00:00+0000&duration=PT1H from server.
Fetching https://www.freeview.co.uk/api/program?sid=39&nid=64403&pid=crid://csi.digitaluk.co.uk/1fa76227-7d12-405d-9331-8a712a2222e2&start=2026-09-05T18:00:00+0000&duration=PT1H from server.
Fetching https://www.freeview.co.uk/api/program?sid=39&nid=64403&pid=crid://csi.digitaluk.co.uk/bd70b413-86d1-4a3f-929c-e69d7262b299&start=2026-09-05T19:00:00+0000&duration=PT1H from server.
Fetching https://www.freeview.co.uk/api/program?sid=39&nid=64403&pid=crid://csi.digitaluk.co.uk/7822bab5-f8ad-4db6-a07c-9dda439cf4c6&start=2026-09-05T20:00:00+0000&duration=PT1H from server.
Fetching https://www.freeview.co.uk/api/program?sid=39&nid=64403&pid=crid://csi.digitaluk.co.uk/8ca750a8-a099-4c69-8deb-a8830e5e8c96&start=2026-09-05T21:00:00+0000&duration=PT1H from server.
Fetching https://www.freeview.co.uk/api/program?sid=39&nid=64403&pid=crid://csi.digitaluk.co.uk/46a35082-8a78-4a88-b14a-f8b8962fd467&start=2026-09-05T22:00:00+0000&duration=PT1H from server.
Fetching https://www.freeview.co.uk/api/program?sid=39&nid=64403&pid=crid://csi.digitaluk.co.uk/834d33c4-9aa5-47e0-9d22-376487a12540&start=2026-09-05T23:00:00+0000&duration=PT1H from server.
### Wanted 23744 
Fetching https://www.freeview.co.uk/api/program?sid=40&nid=64403&pid=crid://csi.digitaluk.co.uk/62ed734a-bccb-475c-9f3d-e99d520ae6bd&start=2026-09-05T00:00:00+0000&duration=PT1H from server.
Fetching https://www.freeview.co.uk/api/program?sid=40&nid=64403&pid=crid://csi.digitaluk.co.uk/a6f85524-13a6-44fa-9b30-b48d96e1cadb&start=2026-09-05T01:00:00+0000&duration=PT1H from server.
Fetching https://www.freeview.co.uk/api/program?sid=40&nid=64403&pid=crid://csi.digitaluk.co.uk/0b4586d6-66f9-4c76-be96-73cc9d2f0da4&start=2026-09-05T02:00:00+0000&duration=PT1H from server.
Fetching https://www.freeview.co.uk/api/program?sid=40&nid=64403&pid=crid://csi.digitaluk.co.uk/9fa1e29a-2931-45e1-a019-19f8af4b1666&start=2026-09-05T03:00:00+0000&duration=PT30M from server.
Fetching https://www.freeview.co.uk/api/program?sid=40&nid=64403&pid=crid://csi.digitaluk.co.uk/08b96f7d-d453-4efb-ade4-6c6ec9bca902&start=2026-09-05T03:30:00+0000&duration=PT30M from server.
Fetching https://www.freeview.co.uk/api/program?sid=40&nid=64403&pid=crid://csi.digitaluk.co.uk/fd450974-08de-4268-8461-e5cf4f2edf36&start=2026-09-05T04:00:00+0000&duration=PT30M from server.
Fetching https://www.freeview.co.uk/api/program?sid=40&nid=64403&pid=crid://csi.digitaluk.co.uk/3e43391d-3c78-4d9b-a999-448362ba3691&start=2026-09-05T04:30:00+0000&duration=PT30M from server.
Fetching https://www.freeview.co.uk/api/program?sid=40&nid=64403&pid=crid://csi.digitaluk.co.uk/288fa0f9-9267-462b-ad69-3d135cd00d9f&start=2026-09-05T05:00:00+0000&duration=PT30M from server.
Fetching https://www.freeview.co.uk/api/program?sid=40&nid=64403&pid=crid://csi.digitaluk.co.uk/b0321966-7e9c-477b-bd9d-f74788213d59&start=2026-09-05T05:30:00+0000&duration=PT30M from server.
Fetching https://www.freeview.co.uk/api/program?sid=40&nid=64403&pid=crid://csi.digitaluk.co.uk/6288459b-743a-45cf-a8ad-1467add2a056&start=2026-09-05T06:00:00+0000&duration=PT30M from server.
Fetching https://www.freeview.co.uk/api/program?sid=40&nid=64403&pid=crid://csi.digitaluk.co.uk/38b2c966-47a8-44a6-9772-cc52e2f60bd5&start=2026-09-05T06:30:00+0000&duration=PT30M from server.
Fetching https://www.freeview.co.uk/api/program?sid=40&nid=64403&pid=crid://csi.digitaluk.co.uk/28a8f5ea-a422-4709-9462-8036b628e1cf&start=2026-09-05T07:00:00+0000&duration=PT1H from server.
Fetching https://www.freeview.co.uk/api/program?sid=40&nid=64403&pid=crid://csi.digitaluk.co.uk/54649a42-890d-41fb-a4e7-37a373f4214f&start=2026-09-05T08:00:00+0000&duration=PT1H from server.
Fetching https://www.freeview.co.uk/api/program?sid=40&nid=64403&pid=crid://csi.digitaluk.co.uk/4fbf856a-971c-4f4c-80d3-9093e9de7f73&start=2026-09-05T09:00:00+0000&duration=PT1H from server.
Fetching https://www.freeview.co.uk/api/program?sid=40&nid=64403&pid=crid://csi.digitaluk.co.uk/d4ac853e-9647-4e62-a3e2-f9230603e26a&start=2026-09-05T10:00:00+0000&duration=PT1H from server.
Fetching https://www.freeview.co.uk/api/program?sid=40&nid=64403&pid=crid://csi.digitaluk.co.uk/61712bfb-d741-483d-aebc-a41c26577c4e&start=2026-09-05T11:00:00+0000&duration=PT1H from server.
Fetching https://www.freeview.co.uk/api/program?sid=40&nid=64403&pid=crid://csi.digitaluk.co.uk/9bceab38-349c-4fc8-8738-19b02f6e321f&start=2026-09-05T12:00:00+0000&duration=PT1H from server.
Fetching https://www.freeview.co.uk/api/program?sid=40&nid=64403&pid=crid://csi.digitaluk.co.uk/be5f4fc4-c31b-4151-8616-ee87e3112354&start=2026-09-05T13:00:00+0000&duration=PT1H from server.
Fetching https://www.freeview.co.uk/api/program?sid=40&nid=64403&pid=crid://csi.digitaluk.co.uk/55901235-c43f-4982-a988-eddddd3233f5&start=2026-09-05T14:00:00+0000&duration=PT30M from server.
Fetching https://www.freeview.co.uk/api/program?sid=40&nid=64403&pid=crid://csi.digitaluk.co.uk/390e914f-440b-4514-9c37-0c404d9fe694&start=2026-09-05T14:30:00+0000&duration=PT30M from server.
Fetching https://www.freeview.co.uk/api/program?sid=40&nid=64403&pid=crid://csi.digitaluk.co.uk/5cdc25fd-7587-47a7-a1ee-7ea3a8e0a85d&start=2026-09-05T15:00:00+0000&duration=PT30M from server.
Fetching https://www.freeview.co.uk/api/program?sid=40&nid=64403&pid=crid://csi.digitaluk.co.uk/c8329249-b479-463f-95e8-5ab6fafd7eb7&start=2026-09-05T15:30:00+0000&duration=PT30M from server.
Fetching https://www.freeview.co.uk/api/program?sid=40&nid=64403&pid=crid://csi.digitaluk.co.uk/34c74360-3a6f-4306-a3cb-f96b220040e7&start=2026-09-05T16:00:00+0000&duration=PT30M from server.
Fetching https://www.freeview.co.uk/api/program?sid=40&nid=64403&pid=crid://csi.digitaluk.co.uk/19c66134-5e96-4cc9-ae2d-5814f3b41900&start=2026-09-05T16:30:00+0000&duration=PT30M from server.
Fetching https://www.freeview.co.uk/api/program?sid=40&nid=64403&pid=crid://csi.digitaluk.co.uk/ec7b586a-8c68-48b4-95df-1e610bc5f663&start=2026-09-05T17:00:00+0000&duration=PT30M from server.
Fetching https://www.freeview.co.uk/api/program?sid=40&nid=64403&pid=crid://csi.digitaluk.co.uk/711819fc-cd70-4928-aa87-be2b8edbf2e3&start=2026-09-05T17:30:00+0000&duration=PT30M from server.
Fetching https://www.freeview.co.uk/api/program?sid=40&nid=64403&pid=crid://csi.digitaluk.co.uk/dd74cc46-dcf2-4f19-af87-57853e4555ee&start=2026-09-05T18:00:00+0000&duration=PT30M from server.
Fetching https://www.freeview.co.uk/api/program?sid=40&nid=64403&pid=crid://csi.digitaluk.co.uk/a897e86b-d68f-433b-8395-1b1d7bd11263&start=2026-09-05T18:30:00+0000&duration=PT30M from server.
Fetching https://www.freeview.co.uk/api/program?sid=40&nid=64403&pid=crid://csi.digitaluk.co.uk/ce45a9ed-8b6b-41b0-9204-627fc7381ade&start=2026-09-05T19:00:00+0000&duration=PT30M from server.
Fetching https://www.freeview.co.uk/api/program?sid=40&nid=64403&pid=crid://csi.digitaluk.co.uk/f7441642-b7a0-490b-9201-f1dcf1ae4443&start=2026-09-05T19:30:00+0000&duration=PT30M from server.
Fetching https://www.freeview.co.uk/api/program?sid=40&nid=64403&pid=crid://csi.digitaluk.co.uk/7b2b0883-1b36-4de6-95e1-e63ad5ba728b&start=2026-09-05T20:00:00+0000&duration=PT1H from server.
Fetching https://www.freeview.co.uk/api/program?sid=40&nid=64403&pid=crid://csi.digitaluk.co.uk/693729a4-a198-467d-8e53-ebf6c9b34525&start=2026-09-05T21:00:00+0000&duration=PT1H from server.
Fetching https://www.freeview.co.uk/api/program?sid=40&nid=64403&pid=crid://csi.digitaluk.co.uk/7301d706-38f9-4474-a1a1-3160accc2b51&start=2026-09-05T22:00:00+0000&duration=PT1H from server.
Fetching https://www.freeview.co.uk/api/program?sid=40&nid=64403&pid=crid://csi.digitaluk.co.uk/58dd2a0c-1ad7-41db-b89d-5f0c8a58fc94&start=2026-09-05T23:00:00+0000&duration=PT1H from server.
## Wanted 23040 
Fetching https://www.freeview.co.uk/api/program?sid=43&nid=64403&pid=crid://csi.digitaluk.co.uk/319c9da1-4b69-4625-b2e2-016d0ed222ba&start=2026-09-05T00:00:00+0000&duration=PT30M from server.
Fetching https://www.freeview.co.uk/api/program?sid=43&nid=64403&pid=crid://csi.digitaluk.co.uk/b04ee9ed-4c56-45f3-979a-3331ece88208&start=2026-09-05T00:30:00+0000&duration=PT30M from server.
Fetching https://www.freeview.co.uk/api/program?sid=43&nid=64403&pid=crid://csi.digitaluk.co.uk/33ea0bd4-5ec5-443f-b97f-bfbb712965b3&start=2026-09-05T01:00:00+0000&duration=PT30M from server.
Fetching https://www.freeview.co.uk/api/program?sid=43&nid=64403&pid=crid://csi.digitaluk.co.uk/135bd0d5-8e59-459a-8c2b-ab00e4017a1e&start=2026-09-05T01:30:00+0000&duration=PT30M from server.
Fetching https://www.freeview.co.uk/api/program?sid=43&nid=64403&pid=crid://csi.digitaluk.co.uk/0e1df08d-a98b-4e9c-b1f5-473282e8a6df&start=2026-09-05T02:00:00+0000&duration=PT30M from server.
Fetching https://www.freeview.co.uk/api/program?sid=43&nid=64403&pid=crid://csi.digitaluk.co.uk/a7c16bc0-87f0-419c-99c7-f64778753cde&start=2026-09-05T02:30:00+0000&duration=PT30M from server.
Fetching https://www.freeview.co.uk/api/program?sid=43&nid=64403&pid=crid://csi.digitaluk.co.uk/5bef752b-7c84-4ae6-a955-930643b358e7&start=2026-09-05T03:00:00+0000&duration=PT30M from server.
Fetching https://www.freeview.co.uk/api/program?sid=43&nid=64403&pid=crid://csi.digitaluk.co.uk/227a49be-83fa-45d5-b9be-a4f1c9665041&start=2026-09-05T03:30:00+0000&duration=PT30M from server.
Fetching https://www.freeview.co.uk/api/program?sid=43&nid=64403&pid=crid://csi.digitaluk.co.uk/53855e47-6212-4f22-be24-2e60876ec25c&start=2026-09-05T04:00:00+0000&duration=PT30M from server.
Fetching https://www.freeview.co.uk/api/program?sid=43&nid=64403&pid=crid://csi.digitaluk.co.uk/1837513c-b598-4fd1-8d5e-efc4787faa11&start=2026-09-05T04:30:00+0000&duration=PT30M from server.
Fetching https://www.freeview.co.uk/api/program?sid=43&nid=64403&pid=crid://csi.digitaluk.co.uk/8fe94f76-b1c3-4700-9963-d3c5c3858855&start=2026-09-05T05:00:00+0000&duration=PT30M from server.
Fetching https://www.freeview.co.uk/api/program?sid=43&nid=64403&pid=crid://csi.digitaluk.co.uk/10e88edd-de13-494f-baff-e41a612bc831&start=2026-09-05T05:30:00+0000&duration=PT30M from server.
Fetching https://www.freeview.co.uk/api/program?sid=43&nid=64403&pid=crid://csi.digitaluk.co.uk/d15dc4bf-7650-4dc1-9774-48833ff97c99&start=2026-09-05T06:00:00+0000&duration=PT30M from server.
Fetching https://www.freeview.co.uk/api/program?sid=43&nid=64403&pid=crid://csi.digitaluk.co.uk/da1c9e82-c6e0-409d-b187-08d46c35dca5&start=2026-09-05T06:30:00+0000&duration=PT30M from server.
Fetching https://www.freeview.co.uk/api/program?sid=43&nid=64403&pid=crid://csi.digitaluk.co.uk/1fcbeccc-5911-40c5-91ae-8d7903ce1fd5&start=2026-09-05T07:00:00+0000&duration=PT30M from server.
Fetching https://www.freeview.co.uk/api/program?sid=43&nid=64403&pid=crid://csi.digitaluk.co.uk/2d2f870a-6e2e-498f-bc37-c31394bd8423&start=2026-09-05T07:30:00+0000&duration=PT30M from server.
Fetching https://www.freeview.co.uk/api/program?sid=43&nid=64403&pid=crid://csi.digitaluk.co.uk/3a44b55a-2918-4531-8d7e-5471e736bf0c&start=2026-09-05T08:00:00+0000&duration=PT30M from server.
Fetching https://www.freeview.co.uk/api/program?sid=43&nid=64403&pid=crid://csi.digitaluk.co.uk/82e33da4-d419-4614-a201-113c6743418a&start=2026-09-05T08:30:00+0000&duration=PT30M from server.
Fetching https://www.freeview.co.uk/api/program?sid=43&nid=64403&pid=crid://csi.digitaluk.co.uk/876687d5-6d41-42e4-947e-1921836a6ce7&start=2026-09-05T09:00:00+0000&duration=PT30M from server.
Fetching https://www.freeview.co.uk/api/program?sid=43&nid=64403&pid=crid://csi.digitaluk.co.uk/01b289cc-ab60-4c56-b69f-5bf0930e79be&start=2026-09-05T09:30:00+0000&duration=PT30M from server.
Fetching https://www.freeview.co.uk/api/program?sid=43&nid=64403&pid=crid://csi.digitaluk.co.uk/b29e4e1a-d8ac-4fc1-bf19-7a01f5fe4508&start=2026-09-05T10:00:00+0000&duration=PT1H from server.
Fetching https://www.freeview.co.uk/api/program?sid=43&nid=64403&pid=crid://csi.digitaluk.co.uk/d780271e-f038-4be1-9d04-1d5d172c7fce&start=2026-09-05T11:00:00+0000&duration=PT1H from server.
Fetching https://www.freeview.co.uk/api/program?sid=43&nid=64403&pid=crid://csi.digitaluk.co.uk/fb6960d7-2fe3-4cb7-ac3b-8b94affc8f92&start=2026-09-05T12:00:00+0000&duration=PT30M from server.
Fetching https://www.freeview.co.uk/api/program?sid=43&nid=64403&pid=crid://csi.digitaluk.co.uk/069492ed-9b49-45ac-9ead-f818f6ca1e6a&start=2026-09-05T12:30:00+0000&duration=PT30M from server.
Fetching https://www.freeview.co.uk/api/program?sid=43&nid=64403&pid=crid://csi.digitaluk.co.uk/7252f757-c460-45a7-a616-8ceca5d609cb&start=2026-09-05T13:00:00+0000&duration=PT30M from server.
Fetching https://www.freeview.co.uk/api/program?sid=43&nid=64403&pid=crid://csi.digitaluk.co.uk/a776a9aa-46d0-4141-a3a8-05533dc8ff36&start=2026-09-05T13:30:00+0000&duration=PT30M from server.
Fetching https://www.freeview.co.uk/api/program?sid=43&nid=64403&pid=crid://csi.digitaluk.co.uk/1ca0f5b5-4dd7-4c03-b752-975d6e969da5&start=2026-09-05T14:00:00+0000&duration=PT30M from server.
Fetching https://www.freeview.co.uk/api/program?sid=43&nid=64403&pid=crid://csi.digitaluk.co.uk/c2174172-5964-4b85-9626-50af2aac7dc8&start=2026-09-05T14:30:00+0000&duration=PT30M from server.
Fetching https://www.freeview.co.uk/api/program?sid=43&nid=64403&pid=crid://csi.digitaluk.co.uk/3a7d9c29-cee9-47cc-b8a8-ef6f558660e5&start=2026-09-05T15:00:00+0000&duration=PT30M from server.
Fetching https://www.freeview.co.uk/api/program?sid=43&nid=64403&pid=crid://csi.digitaluk.co.uk/35d17534-111c-4b55-a27d-f30fe65417ba&start=2026-09-05T15:30:00+0000&duration=PT30M from server.
Fetching https://www.freeview.co.uk/api/program?sid=43&nid=64403&pid=crid://csi.digitaluk.co.uk/f852d17c-9506-432a-b5c5-a14802202ff0&start=2026-09-05T16:00:00+0000&duration=PT30M from server.
Fetching https://www.freeview.co.uk/api/program?sid=43&nid=64403&pid=crid://csi.digitaluk.co.uk/dc0052ee-9d01-4119-93ac-90db7e3efcf7&start=2026-09-05T16:30:00+0000&duration=PT30M from server.
Fetching https://www.freeview.co.uk/api/program?sid=43&nid=64403&pid=crid://csi.digitaluk.co.uk/623120a9-9574-477e-bafa-40d36632c8a5&start=2026-09-05T17:00:00+0000&duration=PT30M from server.
Fetching https://www.freeview.co.uk/api/program?sid=43&nid=64403&pid=crid://csi.digitaluk.co.uk/42768e3c-eef1-47f9-9a6d-874665987edd&start=2026-09-05T17:30:00+0000&duration=PT30M from server.
Fetching https://www.freeview.co.uk/api/program?sid=43&nid=64403&pid=crid://csi.digitaluk.co.uk/165bed6e-74a9-42d7-9e42-d189a6cadf5d&start=2026-09-05T18:00:00+0000&duration=PT30M from server.
Fetching https://www.freeview.co.uk/api/program?sid=43&nid=64403&pid=crid://csi.digitaluk.co.uk/a9760a93-67c5-4767-a77e-883b99bc9f72&start=2026-09-05T18:30:00+0000&duration=PT30M from server.
Fetching https://www.freeview.co.uk/api/program?sid=43&nid=64403&pid=crid://csi.digitaluk.co.uk/d1b84cfd-8c4b-411a-b9a9-432896c17259&start=2026-09-05T19:00:00+0000&duration=PT1H from server.
Fetching https://www.freeview.co.uk/api/program?sid=43&nid=64403&pid=crid://csi.digitaluk.co.uk/4527f7f4-39ba-46cc-af58-140616465299&start=2026-09-05T20:00:00+0000&duration=PT30M from server.
Fetching https://www.freeview.co.uk/api/program?sid=43&nid=64403&pid=crid://csi.digitaluk.co.uk/2449096b-9de2-4c5d-9bb5-7f49d69e8998&start=2026-09-05T20:30:00+0000&duration=PT30M from server.
Fetching https://www.freeview.co.uk/api/program?sid=43&nid=64403&pid=crid://csi.digitaluk.co.uk/113e7996-09ae-4beb-b4f2-6daf800b5a77&start=2026-09-05T21:00:00+0000&duration=PT30M from server.
Fetching https://www.freeview.co.uk/api/program?sid=43&nid=64403&pid=crid://csi.digitaluk.co.uk/f6f4983f-52ee-4afd-9cd6-571592b46d79&start=2026-09-05T21:30:00+0000&duration=PT30M from server.
Fetching https://www.freeview.co.uk/api/program?sid=43&nid=64403&pid=crid://csi.digitaluk.co.uk/c1034c6e-f77d-4323-8a77-196694f340e5&start=2026-09-05T22:00:00+0000&duration=PT30M from server.
Fetching https://www.freeview.co.uk/api/program?sid=43&nid=64403&pid=crid://csi.digitaluk.co.uk/ff5f884d-665f-4d48-8c7d-61c7d3db30c9&start=2026-09-05T22:30:00+0000&duration=PT30M from server.
Fetching https://www.freeview.co.uk/api/program?sid=43&nid=64403&pid=crid://csi.digitaluk.co.uk/d354e2a8-0195-4cca-a186-fd0c0bc092e8&start=2026-09-05T23:00:00+0000&duration=PT30M from server.
Fetching https://www.freeview.co.uk/api/program?sid=43&nid=64403&pid=crid://csi.digitaluk.co.uk/2732b7cc-5add-4000-83d3-47596dc51f50&start=2026-09-05T23:30:00+0000&duration=PT30M from server.
### Wanted 23712 
Fetching https://www.freeview.co.uk/api/program?sid=44&nid=64403&pid=crid://csi.digitaluk.co.uk/7ea30389-a23d-4090-9234-c4a8b5a952ee&start=2026-09-05T00:00:00+0000&duration=PT1H from server.
Fetching https://www.freeview.co.uk/api/program?sid=44&nid=64403&pid=crid://csi.digitaluk.co.uk/78fc47e5-795b-407c-9536-b845d3e65f63&start=2026-09-05T01:00:00+0000&duration=PT2H from server.
Fetching https://www.freeview.co.uk/api/program?sid=44&nid=64403&pid=crid://csi.digitaluk.co.uk/43be4778-7b41-47f4-8659-f5242359be60&start=2026-09-05T03:00:00+0000&duration=PT1H from server.
Fetching https://www.freeview.co.uk/api/program?sid=44&nid=64403&pid=crid://csi.digitaluk.co.uk/3211501f-3a48-4a6d-afab-5110bd7d8dd6&start=2026-09-05T04:00:00+0000&duration=PT1H from server.
Fetching https://www.freeview.co.uk/api/program?sid=44&nid=64403&pid=crid://csi.digitaluk.co.uk/b20149fe-bfda-470c-a896-7825609dc449&start=2026-09-05T05:00:00+0000&duration=PT1H from server.
Fetching https://www.freeview.co.uk/api/program?sid=44&nid=64403&pid=crid://csi.digitaluk.co.uk/1273b897-0587-4260-af36-260ce5dba741&start=2026-09-05T06:00:00+0000&duration=PT1H from server.
Fetching https://www.freeview.co.uk/api/program?sid=44&nid=64403&pid=crid://csi.digitaluk.co.uk/eee8d0e3-8686-4a07-846d-29a6382c4bec&start=2026-09-05T07:00:00+0000&duration=PT1H from server.
Fetching https://www.freeview.co.uk/api/program?sid=44&nid=64403&pid=crid://csi.digitaluk.co.uk/e7578b0a-4d45-4e2e-9588-6111b69b201b&start=2026-09-05T08:00:00+0000&duration=PT1H from server.
Fetching https://www.freeview.co.uk/api/program?sid=44&nid=64403&pid=crid://csi.digitaluk.co.uk/5c39b775-9c28-4fd2-92d6-2e1bb3138112&start=2026-09-05T09:00:00+0000&duration=PT1H from server.
Fetching https://www.freeview.co.uk/api/program?sid=44&nid=64403&pid=crid://csi.digitaluk.co.uk/f5b11733-2335-4e37-9965-5d3e33c06260&start=2026-09-05T10:00:00+0000&duration=PT1H from server.
Fetching https://www.freeview.co.uk/api/program?sid=44&nid=64403&pid=crid://csi.digitaluk.co.uk/2dade1f7-65fd-4f22-9378-f3a4db94853f&start=2026-09-05T11:00:00+0000&duration=PT1H from server.
Fetching https://www.freeview.co.uk/api/program?sid=44&nid=64403&pid=crid://csi.digitaluk.co.uk/c5882cfa-98fb-4518-af8d-dd30167fc5a1&start=2026-09-05T12:00:00+0000&duration=PT1H from server.
Fetching https://www.freeview.co.uk/api/program?sid=44&nid=64403&pid=crid://csi.digitaluk.co.uk/79abb0ff-fa86-409d-9898-f5fcaabac730&start=2026-09-05T13:00:00+0000&duration=PT1H from server.
Fetching https://www.freeview.co.uk/api/program?sid=44&nid=64403&pid=crid://csi.digitaluk.co.uk/95818436-1107-44f9-a40f-e9d8dcac1076&start=2026-09-05T14:00:00+0000&duration=PT1H from server.
Fetching https://www.freeview.co.uk/api/program?sid=44&nid=64403&pid=crid://csi.digitaluk.co.uk/480a07ec-b12d-4c3b-99a1-ea17e5c7618f&start=2026-09-05T15:00:00+0000&duration=PT1H from server.
Fetching https://www.freeview.co.uk/api/program?sid=44&nid=64403&pid=crid://csi.digitaluk.co.uk/e0f2b1d9-8092-4e1f-a7e8-a1fc66d70e6b&start=2026-09-05T16:00:00+0000&duration=PT1H from server.
Fetching https://www.freeview.co.uk/api/program?sid=44&nid=64403&pid=crid://csi.digitaluk.co.uk/bb66c134-9fd4-4ff3-b98a-7dbf7862a816&start=2026-09-05T17:00:00+0000&duration=PT1H from server.
Fetching https://www.freeview.co.uk/api/program?sid=44&nid=64403&pid=crid://csi.digitaluk.co.uk/eeb749cb-3032-4ec7-b7f8-1acac708b7c6&start=2026-09-05T18:00:00+0000&duration=PT1H from server.
Fetching https://www.freeview.co.uk/api/program?sid=44&nid=64403&pid=crid://csi.digitaluk.co.uk/94ee8d91-7565-4bef-9965-8deee68eed5b&start=2026-09-05T19:00:00+0000&duration=PT1H from server.
Fetching https://www.freeview.co.uk/api/program?sid=44&nid=64403&pid=crid://csi.digitaluk.co.uk/f120e051-1868-4198-80fe-8a67899e7610&start=2026-09-05T20:00:00+0000&duration=PT1H from server.
Fetching https://www.freeview.co.uk/api/program?sid=44&nid=64403&pid=crid://csi.digitaluk.co.uk/43dbd13b-04e2-4049-abda-e28f9e4c9ade&start=2026-09-05T21:00:00+0000&duration=PT2H from server.
Fetching https://www.freeview.co.uk/api/program?sid=44&nid=64403&pid=crid://csi.digitaluk.co.uk/2131f35a-dfec-4bb3-b6b2-41916e163402&start=2026-09-05T23:00:00+0000&duration=PT1H from server.
## Wanted 20256 
Fetching https://www.freeview.co.uk/api/program?sid=46&nid=64403&pid=crid://panorama.five.tv/versions/C5495960004A&start=2026-09-05T00:10:00+0000&duration=PT1H from server.
Fetching https://www.freeview.co.uk/api/program?sid=46&nid=64403&pid=crid://panorama.five.tv/versions/C5495960005A&start=2026-09-05T01:10:00+0000&duration=PT1H from server.
Fetching https://www.freeview.co.uk/api/program?sid=46&nid=64403&pid=crid://panorama.five.tv/versions/C5514410011B&start=2026-09-05T02:10:00+0000&duration=PT50M from server.
Fetching https://www.freeview.co.uk/api/program?sid=46&nid=64403&pid=crid://panorama.five.tv/versions/C5266540001A&start=2026-09-05T03:00:00+0000&duration=PT2H from server.
Fetching https://www.freeview.co.uk/api/program?sid=46&nid=64403&pid=crid://panorama.five.tv/versions/C5480340001A&start=2026-09-05T05:00:00+0000&duration=PT30M from server.
Fetching https://www.freeview.co.uk/api/program?sid=46&nid=64403&pid=crid://panorama.five.tv/versions/C5326820001A&start=2026-09-05T05:30:00+0000&duration=PT30M from server.
Fetching https://www.freeview.co.uk/api/program?sid=46&nid=64403&pid=crid://panorama.five.tv/versions/C5349600001A&start=2026-09-05T06:00:00+0000&duration=PT1H from server.
Fetching https://www.freeview.co.uk/api/program?sid=46&nid=64403&pid=crid://panorama.five.tv/versions/C5349600001A&start=2026-09-05T07:00:00+0000&duration=PT1H from server.
Fetching https://www.freeview.co.uk/api/program?sid=46&nid=64403&pid=crid://panorama.five.tv/versions/C5348680008A&start=2026-09-05T08:00:00+0000&duration=PT1H from server.
Fetching https://www.freeview.co.uk/api/program?sid=46&nid=64403&pid=crid://panorama.five.tv/versions/C5348680009B&start=2026-09-05T09:00:00+0000&duration=PT1H from server.
Fetching https://www.freeview.co.uk/api/program?sid=46&nid=64403&pid=crid://panorama.five.tv/versions/C5348680010A&start=2026-09-05T10:00:00+0000&duration=PT1H from server.
Fetching https://www.freeview.co.uk/api/program?sid=46&nid=64403&pid=crid://panorama.five.tv/versions/C5348680011A&start=2026-09-05T11:00:00+0000&duration=PT1H from server.
Fetching https://www.freeview.co.uk/api/program?sid=46&nid=64403&pid=crid://panorama.five.tv/versions/C5348680012A&start=2026-09-05T12:00:00+0000&duration=PT1H from server.
Fetching https://www.freeview.co.uk/api/program?sid=46&nid=64403&pid=crid://panorama.five.tv/versions/C5348680013B&start=2026-09-05T13:00:00+0000&duration=PT1H from server.
Fetching https://www.freeview.co.uk/api/program?sid=46&nid=64403&pid=crid://panorama.five.tv/versions/C5348680014B&start=2026-09-05T14:00:00+0000&duration=PT1H from server.
Fetching https://www.freeview.co.uk/api/program?sid=46&nid=64403&pid=crid://panorama.five.tv/versions/C5348680015A&start=2026-09-05T15:00:00+0000&duration=PT1H from server.
Fetching https://www.freeview.co.uk/api/program?sid=46&nid=64403&pid=crid://panorama.five.tv/versions/C5348680016A&start=2026-09-05T16:00:00+0000&duration=PT1H from server.
Fetching https://www.freeview.co.uk/api/program?sid=46&nid=64403&pid=crid://panorama.five.tv/versions/C5348680017A&start=2026-09-05T17:00:00+0000&duration=PT1H from server.
Fetching https://www.freeview.co.uk/api/program?sid=46&nid=64403&pid=crid://panorama.five.tv/versions/C5537920006A&start=2026-09-05T18:00:00+0000&duration=PT1H from server.
Fetching https://www.freeview.co.uk/api/program?sid=46&nid=64403&pid=crid://panorama.five.tv/versions/C5472860006B&start=2026-09-05T19:00:00+0000&duration=PT1H from server.
Fetching https://www.freeview.co.uk/api/program?sid=46&nid=64403&pid=crid://panorama.five.tv/versions/C5395680001B&start=2026-09-05T20:00:00+0000&duration=PT1H from server.
Fetching https://www.freeview.co.uk/api/program?sid=46&nid=64403&pid=crid://panorama.five.tv/versions/C5395680002A&start=2026-09-05T21:00:00+0000&duration=PT1H from server.
Fetching https://www.freeview.co.uk/api/program?sid=46&nid=64403&pid=crid://panorama.five.tv/versions/C5395680003A&start=2026-09-05T22:00:00+0000&duration=PT1H from server.
Fetching https://www.freeview.co.uk/api/program?sid=46&nid=64403&pid=crid://panorama.five.tv/versions/C5468300078A&start=2026-09-05T23:00:00+0000&duration=PT1H from server.
### Wanted 8460 
Fetching https://www.freeview.co.uk/api/program?sid=49&nid=64403&pid=crid://csi.digitaluk.co.uk/9b34a7ee-9c3f-4d91-9f5e-1f2bde8a881b&start=2026-09-05T00:20:00+0000&duration=PT1H from server.
Fetching https://www.freeview.co.uk/api/program?sid=49&nid=64403&pid=crid://movida.bebanjo.net/mas/version/79049/001/ASDELIVERED/C&start=2026-09-05T01:20:00+0000&duration=PT1H5M from server.
Fetching https://www.freeview.co.uk/api/program?sid=49&nid=64403&pid=crid://movida.bebanjo.net/mas/version/75214/023/ASDELIVERED/C&start=2026-09-05T02:25:00+0000&duration=PT50M from server.
Fetching https://www.freeview.co.uk/api/program?sid=49&nid=64403&pid=crid://csi.digitaluk.co.uk/c80e14f6-006f-4e75-be82-e7d0fd91b1fb&start=2026-09-05T03:15:00+0000&duration=PT30M from server.
Fetching https://www.freeview.co.uk/api/program?sid=49&nid=64403&pid=crid://csi.digitaluk.co.uk/d2085ca2-f885-4212-8809-0e543401bc4b&start=2026-09-05T03:45:00+0000&duration=PT2H15M from server.
Fetching https://www.freeview.co.uk/api/program?sid=49&nid=64403&pid=crid://csi.digitaluk.co.uk/b696349e-09c2-4516-b4c2-a8ae40b61c1f&start=2026-09-05T06:00:00+0000&duration=PT2H from server.
Fetching https://www.freeview.co.uk/api/program?sid=49&nid=64403&pid=crid://csi.digitaluk.co.uk/4a7e08ef-0266-473b-9340-7b4fb163f20b&start=2026-09-05T08:00:00+0000&duration=PT35M from server.
Fetching https://www.freeview.co.uk/api/program?sid=49&nid=64403&pid=crid://csi.digitaluk.co.uk/566bb288-3f87-48f1-a489-54d5a2b97472&start=2026-09-05T08:35:00+0000&duration=PT1H from server.
Fetching https://www.freeview.co.uk/api/program?sid=49&nid=64403&pid=crid://csi.digitaluk.co.uk/b2b34a02-0bd4-4b41-b1de-8b85f8b0fc27&start=2026-09-05T09:35:00+0000&duration=PT55M from server.
Fetching https://www.freeview.co.uk/api/program?sid=49&nid=64403&pid=crid://csi.digitaluk.co.uk/246d3152-fdfd-4f12-a18f-5cc90936d2b8&start=2026-09-05T10:30:00+0000&duration=PT30M from server.
Fetching https://www.freeview.co.uk/api/program?sid=49&nid=64403&pid=crid://csi.digitaluk.co.uk/7b0598e2-7475-4be0-810e-f11f0cf2a7ee&start=2026-09-05T11:00:00+0000&duration=PT30M from server.
Fetching https://www.freeview.co.uk/api/program?sid=49&nid=64403&pid=crid://csi.digitaluk.co.uk/7f786f07-6db2-4cf0-933d-c33e52f8c811&start=2026-09-05T11:30:00+0000&duration=PT30M from server.
Fetching https://www.freeview.co.uk/api/program?sid=49&nid=64403&pid=crid://csi.digitaluk.co.uk/ed6bf220-6f61-489a-90e4-a611bab3e814&start=2026-09-05T12:00:00+0000&duration=PT30M from server.
Fetching https://www.freeview.co.uk/api/program?sid=49&nid=64403&pid=crid://csi.digitaluk.co.uk/dd9e2a5a-1644-4cf1-ad81-d6b377600a2f&start=2026-09-05T12:30:00+0000&duration=PT30M from server.
Fetching https://www.freeview.co.uk/api/program?sid=49&nid=64403&pid=crid://csi.digitaluk.co.uk/8e4c0cad-299d-460a-bb89-8c565fab90a0&start=2026-09-05T13:00:00+0000&duration=PT3H5M from server.
Fetching https://www.freeview.co.uk/api/program?sid=49&nid=64403&pid=crid://csi.digitaluk.co.uk/020423b6-3d76-4f5d-985f-7c7d33f6ba03&start=2026-09-05T16:05:00+0000&duration=PT1H from server.
Fetching https://www.freeview.co.uk/api/program?sid=49&nid=64403&pid=crid://csi.digitaluk.co.uk/4b4a8b75-4b6f-428d-9f29-fda7c4e2eec6&start=2026-09-05T17:05:00+0000&duration=PT55M from server.
Fetching https://www.freeview.co.uk/api/program?sid=49&nid=64403&pid=crid://csi.digitaluk.co.uk/c5049d02-7f5d-4738-8149-effefacd63f7&start=2026-09-05T18:00:00+0000&duration=PT1H from server.
Fetching https://www.freeview.co.uk/api/program?sid=49&nid=64403&pid=crid://movida.bebanjo.net/mas/version/77321/004/ASDELIVERED/C&start=2026-09-05T19:00:00+0000&duration=PT1H from server.
Fetching https://www.freeview.co.uk/api/program?sid=49&nid=64403&pid=crid://csi.digitaluk.co.uk/7e2f0ef7-090c-4cff-836c-86b520c802af&start=2026-09-05T20:00:00+0000&duration=PT1H from server.
Fetching https://www.freeview.co.uk/api/program?sid=49&nid=64403&pid=crid://movida.bebanjo.net/mas/version/79008/001/POSTWATERSHED2100/C&start=2026-09-05T21:00:00+0000&duration=PT1H from server.
Fetching https://www.freeview.co.uk/api/program?sid=49&nid=64403&pid=crid://movida.bebanjo.net/mas/version/79008/002/ASDELIVERED/C&start=2026-09-05T22:00:00+0000&duration=PT1H from server.
Fetching https://www.freeview.co.uk/api/program?sid=49&nid=64403&pid=crid://movida.bebanjo.net/mas/version/74978/001/POST2200/C&start=2026-09-05T23:00:00+0000&duration=PT1H5M from server.
## Wanted 14384 
Fetching https://www.freeview.co.uk/api/program?sid=64&nid=64403&pid=crid://csi.digitaluk.co.uk/9b373a2b-f2de-4376-83cd-66e87a97d2af&start=2026-09-05T00:00:00+0000&duration=PT30M from server.
Fetching https://www.freeview.co.uk/api/program?sid=64&nid=64403&pid=crid://csi.digitaluk.co.uk/500a338a-c4a0-4ae4-8035-80ad49e184a4&start=2026-09-05T00:30:00+0000&duration=PT30M from server.
Fetching https://www.freeview.co.uk/api/program?sid=64&nid=64403&pid=crid://csi.digitaluk.co.uk/058108ec-05d7-4fca-aa1b-e78e2554f71f&start=2026-09-05T01:00:00+0000&duration=PT1H from server.
Fetching https://www.freeview.co.uk/api/program?sid=64&nid=64403&pid=crid://csi.digitaluk.co.uk/36e3693e-2890-499a-b2cf-345ec54579b6&start=2026-09-05T02:00:00+0000&duration=PT45M from server.
Fetching https://www.freeview.co.uk/api/program?sid=64&nid=64403&pid=crid://csi.digitaluk.co.uk/470afdbf-fef5-4417-bb9f-89bb0fbe29a1&start=2026-09-05T02:45:00+0000&duration=PT25M from server.
Fetching https://www.freeview.co.uk/api/program?sid=64&nid=64403&pid=crid://csi.digitaluk.co.uk/d5af4480-1355-44ef-b83d-6983ef7b6c2f&start=2026-09-05T03:10:00+0000&duration=PT25M from server.
Fetching https://www.freeview.co.uk/api/program?sid=64&nid=64403&pid=crid://csi.digitaluk.co.uk/1e401898-6628-492d-bf00-12454ae3c1cc&start=2026-09-05T03:35:00+0000&duration=PT25M from server.
Fetching https://www.freeview.co.uk/api/program?sid=64&nid=64403&pid=crid://csi.digitaluk.co.uk/21a4aa0c-6300-4336-9b1d-eae3c5272837&start=2026-09-05T04:00:00+0000&duration=PT1H from server.
Fetching https://www.freeview.co.uk/api/program?sid=64&nid=64403&pid=crid://csi.digitaluk.co.uk/3c73f6d8-6149-4f8f-853c-5f02f9f65fa3&start=2026-09-05T05:00:00+0000&duration=PT20M from server.
Fetching https://www.freeview.co.uk/api/program?sid=64&nid=64403&pid=crid://csi.digitaluk.co.uk/347db615-005a-47e4-93c7-a26299213628&start=2026-09-05T05:20:00+0000&duration=PT25M from server.
Fetching https://www.freeview.co.uk/api/program?sid=64&nid=64403&pid=crid://csi.digitaluk.co.uk/283c93ff-e45f-48fc-bae7-b79289ca39c1&start=2026-09-05T05:45:00+0000&duration=PT25M from server.
Fetching https://www.freeview.co.uk/api/program?sid=64&nid=64403&pid=crid://csi.digitaluk.co.uk/eebf9dc0-936c-451d-b750-ac6e96cc0479&start=2026-09-05T06:10:00+0000&duration=PT20M from server.
Fetching https://www.freeview.co.uk/api/program?sid=64&nid=64403&pid=crid://csi.digitaluk.co.uk/4818d020-5233-429d-8731-d6fb517d3825&start=2026-09-05T06:30:00+0000&duration=PT25M from server.
Fetching https://www.freeview.co.uk/api/program?sid=64&nid=64403&pid=crid://csi.digitaluk.co.uk/e41fe742-b535-42ea-bb27-05969f1dd9e1&start=2026-09-05T06:55:00+0000&duration=PT25M from server.
Fetching https://www.freeview.co.uk/api/program?sid=64&nid=64403&pid=crid://csi.digitaluk.co.uk/d549b6cf-1e6d-4d2b-909e-b942f2c8aaee&start=2026-09-05T07:20:00+0000&duration=PT55M from server.
Fetching https://www.freeview.co.uk/api/program?sid=64&nid=64403&pid=crid://csi.digitaluk.co.uk/91c0df51-5f55-4f7a-86c9-bac7a3bd77ed&start=2026-09-05T08:15:00+0000&duration=PT55M from server.
Fetching https://www.freeview.co.uk/api/program?sid=64&nid=64403&pid=crid://csi.digitaluk.co.uk/884b83d0-f07f-4f89-a3d6-c7ca910c4fa2&start=2026-09-05T09:10:00+0000&duration=PT30M from server.
Fetching https://www.freeview.co.uk/api/program?sid=64&nid=64403&pid=crid://csi.digitaluk.co.uk/42dffee8-54a9-472a-bd5e-9731adbb31ef&start=2026-09-05T09:40:00+0000&duration=PT30M from server.
Fetching https://www.freeview.co.uk/api/program?sid=64&nid=64403&pid=crid://csi.digitaluk.co.uk/e93509c6-6b9f-458f-9d4e-122148f76f9a&start=2026-09-05T10:10:00+0000&duration=PT30M from server.
Fetching https://www.freeview.co.uk/api/program?sid=64&nid=64403&pid=crid://csi.digitaluk.co.uk/e8dedb67-1c0c-41f7-8a0b-7ac18f312095&start=2026-09-05T10:40:00+0000&duration=PT25M from server.
Fetching https://www.freeview.co.uk/api/program?sid=64&nid=64403&pid=crid://csi.digitaluk.co.uk/e40aca45-e326-49c9-a941-eb7fb3b4745a&start=2026-09-05T11:05:00+0000&duration=PT1H from server.
Fetching https://www.freeview.co.uk/api/program?sid=64&nid=64403&pid=crid://csi.digitaluk.co.uk/c335a534-ee4b-494c-9dec-c56f85ef1cbb&start=2026-09-05T12:05:00+0000&duration=PT1H from server.
Fetching https://www.freeview.co.uk/api/program?sid=64&nid=64403&pid=crid://csi.digitaluk.co.uk/870c056a-1f39-4c95-bebd-72acd5d11742&start=2026-09-05T13:05:00+0000&duration=PT1H from server.
Fetching https://www.freeview.co.uk/api/program?sid=64&nid=64403&pid=crid://csi.digitaluk.co.uk/884d0880-a2b1-4f10-8573-1e60fb8b49f1&start=2026-09-05T14:05:00+0000&duration=PT1H from server.
Fetching https://www.freeview.co.uk/api/program?sid=64&nid=64403&pid=crid://csi.digitaluk.co.uk/3d522150-2ef1-472b-b2d5-b0df04af18c3&start=2026-09-05T15:05:00+0000&duration=PT1H from server.
Fetching https://www.freeview.co.uk/api/program?sid=64&nid=64403&pid=crid://csi.digitaluk.co.uk/2c725f09-b437-4d32-98a9-d6ba4767e19c&start=2026-09-05T16:05:00+0000&duration=PT55M from server.
Fetching https://www.freeview.co.uk/api/program?sid=64&nid=64403&pid=crid://csi.digitaluk.co.uk/665e321e-d3df-4440-90d4-fe260961406c&start=2026-09-05T17:00:00+0000&duration=PT1H from server.
Fetching https://www.freeview.co.uk/api/program?sid=64&nid=64403&pid=crid://csi.digitaluk.co.uk/b66401fb-f207-4bf1-b32d-def9209971ee&start=2026-09-05T18:00:00+0000&duration=PT1H from server.
Fetching https://www.freeview.co.uk/api/program?sid=64&nid=64403&pid=crid://csi.digitaluk.co.uk/0dfb5ae3-0b90-444b-9c20-6cd7f0714987&start=2026-09-05T19:00:00+0000&duration=PT1H from server.
Fetching https://www.freeview.co.uk/api/program?sid=64&nid=64403&pid=crid://csi.digitaluk.co.uk/601bd50c-60d6-4e29-a553-e83fd869de47&start=2026-09-05T20:00:00+0000&duration=PT1H from server.
Fetching https://www.freeview.co.uk/api/program?sid=64&nid=64403&pid=crid://csi.digitaluk.co.uk/93e92ed3-045d-46f7-8ec6-bdc0e740ab5e&start=2026-09-05T21:00:00+0000&duration=PT1H from server.
Fetching https://www.freeview.co.uk/api/program?sid=64&nid=64403&pid=crid://csi.digitaluk.co.uk/993c7211-2f7e-404c-afb1-4d8bbc8d0a9f&start=2026-09-05T22:00:00+0000&duration=PT1H from server.
Fetching https://www.freeview.co.uk/api/program?sid=64&nid=64403&pid=crid://csi.digitaluk.co.uk/f6a88ec3-632d-4f87-a547-773e067cebfb&start=2026-09-05T23:00:00+0000&duration=PT1H from server.
### Wanted 17856 
Fetching https://www.freeview.co.uk/api/program?sid=103&nid=64403&pid=crid://csi.digitaluk.co.uk/51e6b039-2043-48cb-973c-31db9cf75e36&start=2026-09-05T02:00:00+0000&duration=PT1H10M from server.
Fetching https://www.freeview.co.uk/api/program?sid=103&nid=64403&pid=crid://csi.digitaluk.co.uk/0ad74a7b-957d-4750-bb36-7676bd8547cb&start=2026-09-05T03:10:00+0000&duration=PT50M from server.
Fetching https://www.freeview.co.uk/api/program?sid=103&nid=64403&pid=crid://csi.digitaluk.co.uk/2befae40-25b2-47fe-8edc-5f9f79f0969b&start=2026-09-05T04:00:00+0000&duration=PT1H from server.
Fetching https://www.freeview.co.uk/api/program?sid=103&nid=64403&pid=crid://csi.digitaluk.co.uk/add3a0e0-e07b-4d71-8135-bc02dce286d7&start=2026-09-05T05:00:00+0000&duration=PT2H25M from server.
Fetching https://www.freeview.co.uk/api/program?sid=103&nid=64403&pid=crid://csi.digitaluk.co.uk/19c573b7-72b5-4ba6-95ab-a27c1b82b347&start=2026-09-05T07:25:00+0000&duration=PT1H from server.
Fetching https://www.freeview.co.uk/api/program?sid=103&nid=64403&pid=crid://csi.digitaluk.co.uk/e9aff15c-40f5-4b9c-a9c0-0627f3896a6a&start=2026-09-05T08:25:00+0000&duration=PT5M from server.
Fetching https://www.freeview.co.uk/api/program?sid=103&nid=64403&pid=crid://csi.digitaluk.co.uk/a5031967-79c7-41ea-97e5-eb2034e38570&start=2026-09-05T08:30:00+0000&duration=PT2H30M from server.
Fetching https://www.freeview.co.uk/api/program?sid=103&nid=64403&pid=crid://www.stv.tv/programInformation/233821&start=2026-09-05T11:00:00+0000&duration=PT30M from server.
Fetching https://www.freeview.co.uk/api/program?sid=103&nid=64403&pid=crid://csi.digitaluk.co.uk/fbe08b73-2ed9-4459-8b8a-e45401a4589a&start=2026-09-05T11:30:00+0000&duration=PT30M from server.
Fetching https://www.freeview.co.uk/api/program?sid=103&nid=64403&pid=crid://csi.digitaluk.co.uk/211382d9-35bc-4e62-b0a4-883877622318&start=2026-09-05T12:00:00+0000&duration=PT15M from server.
Fetching https://www.freeview.co.uk/api/program?sid=103&nid=64403&pid=crid://csi.digitaluk.co.uk/3543957a-3268-464b-9a8d-d1a82b70ca7a&start=2026-09-05T12:15:00+0000&duration=PT2H45M from server.
Fetching https://www.freeview.co.uk/api/program?sid=103&nid=64403&pid=crid://csi.digitaluk.co.uk/d07f3277-5ef5-4ced-ae99-f7c82510290d&start=2026-09-05T15:00:00+0000&duration=PT25M from server.
Fetching https://www.freeview.co.uk/api/program?sid=103&nid=64403&pid=crid://csi.digitaluk.co.uk/d1dd76f2-e594-4c3c-871f-7774aff64d8e&start=2026-09-05T15:25:00+0000&duration=PT15M from server.
Fetching https://www.freeview.co.uk/api/program?sid=103&nid=64403&pid=crid://csi.digitaluk.co.uk/ed7d05ff-2dd1-4a7d-9892-1ec4012f62ee&start=2026-09-05T15:40:00+0000&duration=PT10M from server.
Fetching https://www.freeview.co.uk/api/program?sid=103&nid=64403&pid=crid://csi.digitaluk.co.uk/5a281603-b419-4761-8409-0d560faba718&start=2026-09-05T15:50:00+0000&duration=PT2H10M from server.
Fetching https://www.freeview.co.uk/api/program?sid=103&nid=64403&pid=crid://www.stv.tv/programInformation/233822&start=2026-09-05T18:00:00+0000&duration=PT1H15M from server.
Fetching https://www.freeview.co.uk/api/program?sid=103&nid=64403&pid=crid://www.stv.tv/programInformation/233826&start=2026-09-05T19:15:00+0000&duration=PT1H from server.
Fetching https://www.freeview.co.uk/api/program?sid=103&nid=64403&pid=crid://csi.digitaluk.co.uk/d9dd3868-1525-45cb-8fb7-d1d1045f12ba&start=2026-09-05T20:15:00+0000&duration=PT1H from server.
Fetching https://www.freeview.co.uk/api/program?sid=103&nid=64403&pid=crid://csi.digitaluk.co.uk/e6d7ca15-68b1-4a65-8c5c-c443226d359f&start=2026-09-05T21:15:00+0000&duration=PT15M from server.
Fetching https://www.freeview.co.uk/api/program?sid=103&nid=64403&pid=crid://csi.digitaluk.co.uk/5159966d-a5e8-4d7c-bf75-82225f743115&start=2026-09-05T21:30:00+0000&duration=PT1H40M from server.
Fetching https://www.freeview.co.uk/api/program?sid=103&nid=64403&pid=crid://csi.digitaluk.co.uk/264d1e10-29fd-487d-8ba5-bf457ef5d094&start=2026-09-05T23:10:00+0000&duration=PT1H20M from server.
## Wanted 22080 
Fetching https://www.freeview.co.uk/api/program?sid=233&nid=64403&pid=crid://csi.digitaluk.co.uk/e028573d-1063-4c24-ad5d-b3ec2029c983&start=2026-09-05T00:00:00+0000&duration=PT1H from server.
Fetching https://www.freeview.co.uk/api/program?sid=233&nid=64403&pid=crid://csi.digitaluk.co.uk/0e416edb-68e4-4ecf-8464-2630d0226503&start=2026-09-05T01:00:00+0000&duration=PT1H from server.
Fetching https://www.freeview.co.uk/api/program?sid=233&nid=64403&pid=crid://csi.digitaluk.co.uk/ffa38296-5781-48e3-a9d9-c087389efe9c&start=2026-09-05T02:00:00+0000&duration=PT1H from server.
Fetching https://www.freeview.co.uk/api/program?sid=233&nid=64403&pid=crid://csi.digitaluk.co.uk/65b3086c-5854-4621-a04d-d4447a9079cf&start=2026-09-05T03:00:00+0000&duration=PT1H from server.
Fetching https://www.freeview.co.uk/api/program?sid=233&nid=64403&pid=crid://csi.digitaluk.co.uk/f8744de9-6a3b-4be4-bcfd-3f14adc26264&start=2026-09-05T04:00:00+0000&duration=PT1H from server.
Fetching https://www.freeview.co.uk/api/program?sid=233&nid=64403&pid=crid://csi.digitaluk.co.uk/476cae5c-a4f8-4dc5-be41-b75dd1d1c57e&start=2026-09-05T05:00:00+0000&duration=PT30M from server.
Fetching https://www.freeview.co.uk/api/program?sid=233&nid=64403&pid=crid://csi.digitaluk.co.uk/4f569189-8fb0-4b69-98ca-9d7b6d64936e&start=2026-09-05T05:30:00+0000&duration=PT30M from server.
Fetching https://www.freeview.co.uk/api/program?sid=233&nid=64403&pid=crid://csi.digitaluk.co.uk/fb1c3a56-a2db-43ea-897e-85a9774a8654&start=2026-09-05T06:00:00+0000&duration=PT30M from server.
Fetching https://www.freeview.co.uk/api/program?sid=233&nid=64403&pid=crid://csi.digitaluk.co.uk/9a1a2176-b74a-4bc0-a712-9525f6140962&start=2026-09-05T06:30:00+0000&duration=PT30M from server.
Fetching https://www.freeview.co.uk/api/program?sid=233&nid=64403&pid=crid://csi.digitaluk.co.uk/52f80c20-f2ab-46c3-8b13-6db301cf513f&start=2026-09-05T07:00:00+0000&duration=PT30M from server.
Fetching https://www.freeview.co.uk/api/program?sid=233&nid=64403&pid=crid://csi.digitaluk.co.uk/2664c1e2-88de-4f28-b5f8-e58acda528d2&start=2026-09-05T07:30:00+0000&duration=PT30M from server.
Fetching https://www.freeview.co.uk/api/program?sid=233&nid=64403&pid=crid://csi.digitaluk.co.uk/6ae87a34-8059-47b6-baf9-0380ff6b7f10&start=2026-09-05T08:00:00+0000&duration=PT30M from server.
Fetching https://www.freeview.co.uk/api/program?sid=233&nid=64403&pid=crid://csi.digitaluk.co.uk/2c0ef57d-0882-4bed-9cc8-80991e06cc48&start=2026-09-05T08:30:00+0000&duration=PT30M from server.
Fetching https://www.freeview.co.uk/api/program?sid=233&nid=64403&pid=crid://csi.digitaluk.co.uk/9ec0c89b-b8ad-4571-b548-8b58af8b50dd&start=2026-09-05T09:00:00+0000&duration=PT30M from server.
Fetching https://www.freeview.co.uk/api/program?sid=233&nid=64403&pid=crid://csi.digitaluk.co.uk/0ca8691a-7a50-423e-9e63-62e286ede2cf&start=2026-09-05T09:30:00+0000&duration=PT30M from server.
Fetching https://www.freeview.co.uk/api/program?sid=233&nid=64403&pid=crid://csi.digitaluk.co.uk/d67261c0-1977-4497-9d4c-ccccb1e9cbe3&start=2026-09-05T10:00:00+0000&duration=PT30M from server.
Fetching https://www.freeview.co.uk/api/program?sid=233&nid=64403&pid=crid://csi.digitaluk.co.uk/6324d255-3ac3-480b-b1c5-769a70cbe8de&start=2026-09-05T10:30:00+0000&duration=PT30M from server.
Fetching https://www.freeview.co.uk/api/program?sid=233&nid=64403&pid=crid://csi.digitaluk.co.uk/6fc7faac-7138-41b1-a3b5-b08d810168ed&start=2026-09-05T11:00:00+0000&duration=PT30M from server.
Fetching https://www.freeview.co.uk/api/program?sid=233&nid=64403&pid=crid://csi.digitaluk.co.uk/f3171d55-b1eb-4ddf-9216-a129a3270906&start=2026-09-05T11:30:00+0000&duration=PT30M from server.
Fetching https://www.freeview.co.uk/api/program?sid=233&nid=64403&pid=crid://csi.digitaluk.co.uk/8c82bd0b-d4a3-4f32-b44f-798b6c9860f4&start=2026-09-05T12:00:00+0000&duration=PT30M from server.
Fetching https://www.freeview.co.uk/api/program?sid=233&nid=64403&pid=crid://csi.digitaluk.co.uk/b4f384e5-2ae6-42e7-a392-26fa8f10966d&start=2026-09-05T12:30:00+0000&duration=PT30M from server.
Fetching https://www.freeview.co.uk/api/program?sid=233&nid=64403&pid=crid://csi.digitaluk.co.uk/cc5aa10a-a50d-45c1-b25e-8fcc1a087655&start=2026-09-05T13:00:00+0000&duration=PT30M from server.
Fetching https://www.freeview.co.uk/api/program?sid=233&nid=64403&pid=crid://csi.digitaluk.co.uk/eac1f9d0-337f-4ea7-98a8-23aa62336edf&start=2026-09-05T13:30:00+0000&duration=PT30M from server.
Fetching https://www.freeview.co.uk/api/program?sid=233&nid=64403&pid=crid://csi.digitaluk.co.uk/38b75be7-1405-4de8-b56e-05614d666634&start=2026-09-05T14:00:00+0000&duration=PT30M from server.
Fetching https://www.freeview.co.uk/api/program?sid=233&nid=64403&pid=crid://csi.digitaluk.co.uk/f7ebd960-5c0d-4ec2-b873-2b5dbec9984f&start=2026-09-05T14:30:00+0000&duration=PT30M from server.
Fetching https://www.freeview.co.uk/api/program?sid=233&nid=64403&pid=crid://csi.digitaluk.co.uk/e65f687e-5269-4ac3-aaac-5c1e79b2daba&start=2026-09-05T15:00:00+0000&duration=PT30M from server.
Fetching https://www.freeview.co.uk/api/program?sid=233&nid=64403&pid=crid://csi.digitaluk.co.uk/a03e7f6f-58d5-4da2-b5aa-c7b1bad86568&start=2026-09-05T15:30:00+0000&duration=PT30M from server.
Fetching https://www.freeview.co.uk/api/program?sid=233&nid=64403&pid=crid://csi.digitaluk.co.uk/ba98f555-1f75-41de-8e1a-f99d3059a38c&start=2026-09-05T16:00:00+0000&duration=PT30M from server.
Fetching https://www.freeview.co.uk/api/program?sid=233&nid=64403&pid=crid://csi.digitaluk.co.uk/aee6eecf-d6e9-47c4-8b46-07b94b8a5ea1&start=2026-09-05T16:30:00+0000&duration=PT30M from server.
Fetching https://www.freeview.co.uk/api/program?sid=233&nid=64403&pid=crid://csi.digitaluk.co.uk/383c9dee-4a0f-44c2-8d77-d2db201ad7ff&start=2026-09-05T17:00:00+0000&duration=PT30M from server.
Fetching https://www.freeview.co.uk/api/program?sid=233&nid=64403&pid=crid://csi.digitaluk.co.uk/8455afbb-0fd0-4ca4-903f-3d9250fdfd98&start=2026-09-05T17:30:00+0000&duration=PT30M from server.
Fetching https://www.freeview.co.uk/api/program?sid=233&nid=64403&pid=crid://csi.digitaluk.co.uk/3d63850f-82e3-4e3e-bc7b-dfd4d1801060&start=2026-09-05T18:00:00+0000&duration=PT30M from server.
Fetching https://www.freeview.co.uk/api/program?sid=233&nid=64403&pid=crid://csi.digitaluk.co.uk/778aa6a8-7122-4dba-a49e-1797ef87de10&start=2026-09-05T18:30:00+0000&duration=PT30M from server.
Fetching https://www.freeview.co.uk/api/program?sid=233&nid=64403&pid=crid://csi.digitaluk.co.uk/50126a36-a3b5-41f6-a147-fa709b089d06&start=2026-09-05T19:00:00+0000&duration=PT30M from server.
Fetching https://www.freeview.co.uk/api/program?sid=233&nid=64403&pid=crid://csi.digitaluk.co.uk/fc07ab26-e89e-490e-b73b-f75c9ea43836&start=2026-09-05T19:30:00+0000&duration=PT30M from server.
Fetching https://www.freeview.co.uk/api/program?sid=233&nid=64403&pid=crid://csi.digitaluk.co.uk/8f8e3a44-0b5e-4d0a-af8a-126034198c4c&start=2026-09-05T20:00:00+0000&duration=PT30M from server.
Fetching https://www.freeview.co.uk/api/program?sid=233&nid=64403&pid=crid://csi.digitaluk.co.uk/033812cb-50fd-4b71-8dca-75962d5531c4&start=2026-09-05T20:30:00+0000&duration=PT30M from server.
Fetching https://www.freeview.co.uk/api/program?sid=233&nid=64403&pid=crid://csi.digitaluk.co.uk/380df4b2-f21d-4aef-bc48-96d05f5dd730&start=2026-09-05T21:00:00+0000&duration=PT30M from server.
Fetching https://www.freeview.co.uk/api/program?sid=233&nid=64403&pid=crid://csi.digitaluk.co.uk/78ff9711-1022-403f-908f-7ab56ec99e73&start=2026-09-05T21:30:00+0000&duration=PT30M from server.
Fetching https://www.freeview.co.uk/api/program?sid=233&nid=64403&pid=crid://csi.digitaluk.co.uk/413f6d54-0e06-4856-8941-a1f9c2dea3c0&start=2026-09-05T22:00:00+0000&duration=PT30M from server.
Fetching https://www.freeview.co.uk/api/program?sid=233&nid=64403&pid=crid://csi.digitaluk.co.uk/5f50f20f-5cbc-425b-86f9-8e88164f97c7&start=2026-09-05T22:30:00+0000&duration=PT30M from server.
Fetching https://www.freeview.co.uk/api/program?sid=233&nid=64403&pid=crid://csi.digitaluk.co.uk/afe3165d-07ba-4941-a1f0-e13945f3e349&start=2026-09-05T23:00:00+0000&duration=PT1H from server.
###
