tv_grab_uk_freeview, 2026-08-01 22:44:33
----------------------------------------
getting list of channels:  URL= https://www.freeview.co.uk/api/channel-list?nid=64403 
Fetching https://www.freeview.co.uk/api/channel-list?nid=64403 from server.
##################################################
using cache '/home/runner/work/xmltv/xmltv/scripts//.xmltv/cache' 
using channel format 'number' 
using region id '64403' 
using icon ch string '?w=160' 
using icon pg string '?w=800' 
fetch 20 channels 
start/end grab: 1786060800 1786147200 
getting listings:  URL= https://www.freeview.co.uk/api/tv-guide?nid=64403&start=1786060800 
Fetching https://www.freeview.co.uk/api/tv-guide?nid=64403&start=1786060800 from server.
 Wanted 8384 
Fetching https://www.freeview.co.uk/api/program?sid=4&nid=64403&pid=crid://movida.bebanjo.net/mas/version/78090/005/POSTWATERSHED2100/C&start=2026-08-07T00:00:00+0000&duration=PT55M from server.
Fetching https://www.freeview.co.uk/api/program?sid=4&nid=64403&pid=crid://csi.digitaluk.co.uk/efaf94f5-3b08-4aeb-8c75-b13150172841&start=2026-08-07T00:55:00+0000&duration=PT50M from server.
Fetching https://www.freeview.co.uk/api/program?sid=4&nid=64403&pid=crid://csi.digitaluk.co.uk/2643b6f7-8cb1-4b1c-97a3-714e3a69a1dd&start=2026-08-07T01:45:00+0000&duration=PT50M from server.
Fetching https://www.freeview.co.uk/api/program?sid=4&nid=64403&pid=crid://csi.digitaluk.co.uk/bbf99c4c-9114-4593-b1fa-23b46115f7ee&start=2026-08-07T02:35:00+0000&duration=PT55M from server.
Fetching https://www.freeview.co.uk/api/program?sid=4&nid=64403&pid=crid://csi.digitaluk.co.uk/4c6f0074-9d5e-46ce-8187-bd65e2d63536&start=2026-08-07T03:30:00+0000&duration=PT25M from server.
Fetching https://www.freeview.co.uk/api/program?sid=4&nid=64403&pid=crid://csi.digitaluk.co.uk/8c934e43-02fe-4014-9855-a3d95e41ccf6&start=2026-08-07T03:55:00+0000&duration=PT55M from server.
Fetching https://www.freeview.co.uk/api/program?sid=4&nid=64403&pid=crid://csi.digitaluk.co.uk/f899e17a-92ec-432b-9046-bf0194f9edee&start=2026-08-07T04:50:00+0000&duration=PT40M from server.
Fetching https://www.freeview.co.uk/api/program?sid=4&nid=64403&pid=crid://csi.digitaluk.co.uk/adfc6520-1efd-44f5-883f-99b087be2688&start=2026-08-07T05:30:00+0000&duration=PT25M from server.
Fetching https://www.freeview.co.uk/api/program?sid=4&nid=64403&pid=crid://csi.digitaluk.co.uk/4999690e-21b6-4ada-9995-c35efafd1759&start=2026-08-07T05:55:00+0000&duration=PT25M from server.
Fetching https://www.freeview.co.uk/api/program?sid=4&nid=64403&pid=crid://csi.digitaluk.co.uk/5a0a02b7-7597-4970-8ff9-bc3d53ca7c74&start=2026-08-07T06:20:00+0000&duration=PT25M from server.
Fetching https://www.freeview.co.uk/api/program?sid=4&nid=64403&pid=crid://csi.digitaluk.co.uk/e6a8c029-3345-49cc-a051-8f6cecaf7ffb&start=2026-08-07T06:45:00+0000&duration=PT25M from server.
Fetching https://www.freeview.co.uk/api/program?sid=4&nid=64403&pid=crid://csi.digitaluk.co.uk/62185b8f-24b1-4caf-98cc-c0e5eca4fbfb&start=2026-08-07T07:10:00+0000&duration=PT30M from server.
Fetching https://www.freeview.co.uk/api/program?sid=4&nid=64403&pid=crid://csi.digitaluk.co.uk/4779455c-4b01-4f40-8ca7-7b71f39f7d63&start=2026-08-07T07:40:00+0000&duration=PT30M from server.
Fetching https://www.freeview.co.uk/api/program?sid=4&nid=64403&pid=crid://csi.digitaluk.co.uk/69764202-13ac-48f0-abc9-c3993a1067b1&start=2026-08-07T08:10:00+0000&duration=PT30M from server.
Fetching https://www.freeview.co.uk/api/program?sid=4&nid=64403&pid=crid://csi.digitaluk.co.uk/f8510e1d-11a4-4044-a952-72c06c107684&start=2026-08-07T08:40:00+0000&duration=PT30M from server.
Fetching https://www.freeview.co.uk/api/program?sid=4&nid=64403&pid=crid://csi.digitaluk.co.uk/b14d0e75-74f3-454e-8fa9-3a86bc10ac0c&start=2026-08-07T09:10:00+0000&duration=PT30M from server.
Fetching https://www.freeview.co.uk/api/program?sid=4&nid=64403&pid=crid://csi.digitaluk.co.uk/9a468ef8-bb67-4760-b4ce-331a891d0142&start=2026-08-07T09:40:00+0000&duration=PT30M from server.
Fetching https://www.freeview.co.uk/api/program?sid=4&nid=64403&pid=crid://csi.digitaluk.co.uk/c566b8a5-e886-4ccb-8b52-d1244d3b991c&start=2026-08-07T10:10:00+0000&duration=PT55M from server.
Fetching https://www.freeview.co.uk/api/program?sid=4&nid=64403&pid=crid://csi.digitaluk.co.uk/fff68bc4-c79e-4d75-b17d-ea8dc2ad3b2b&start=2026-08-07T11:05:00+0000&duration=PT5M from server.
Fetching https://www.freeview.co.uk/api/program?sid=4&nid=64403&pid=crid://csi.digitaluk.co.uk/1abbc2b8-8cca-471b-97bb-1fe46ae6314e&start=2026-08-07T11:10:00+0000&duration=PT1H from server.
Fetching https://www.freeview.co.uk/api/program?sid=4&nid=64403&pid=crid://csi.digitaluk.co.uk/ef73d2bb-c7ea-4670-9381-17911d1f15e1&start=2026-08-07T12:10:00+0000&duration=PT1H from server.
Fetching https://www.freeview.co.uk/api/program?sid=4&nid=64403&pid=crid://csi.digitaluk.co.uk/c98ed80a-8cbc-4bb9-b4ea-c1a35bae1efe&start=2026-08-07T13:10:00+0000&duration=PT50M from server.
Fetching https://www.freeview.co.uk/api/program?sid=4&nid=64403&pid=crid://csi.digitaluk.co.uk/d228c977-d4dd-4e6c-9826-5d7de96b9762&start=2026-08-07T14:00:00+0000&duration=PT1H from server.
Fetching https://www.freeview.co.uk/api/program?sid=4&nid=64403&pid=crid://csi.digitaluk.co.uk/864d6b32-e318-45c7-a05f-1a3b9eea0772&start=2026-08-07T15:00:00+0000&duration=PT1H from server.
Fetching https://www.freeview.co.uk/api/program?sid=4&nid=64403&pid=crid://csi.digitaluk.co.uk/05e70da9-0c07-4212-9f13-dd4c183084ae&start=2026-08-07T16:00:00+0000&duration=PT1H from server.
Fetching https://www.freeview.co.uk/api/program?sid=4&nid=64403&pid=crid://csi.digitaluk.co.uk/03ab919b-caf8-4fee-9f2f-d46f7f0356e6&start=2026-08-07T17:00:00+0000&duration=PT1H from server.
Fetching https://www.freeview.co.uk/api/program?sid=4&nid=64403&pid=crid://csi.digitaluk.co.uk/49c45413-b310-4876-b2a8-85ca6989974c&start=2026-08-07T18:00:00+0000&duration=PT1H from server.
Fetching https://www.freeview.co.uk/api/program?sid=4&nid=64403&pid=crid://csi.digitaluk.co.uk/08796413-d2d8-4464-84c0-c0982ab2e71a&start=2026-08-07T19:00:00+0000&duration=PT1H from server.
Fetching https://www.freeview.co.uk/api/program?sid=4&nid=64403&pid=crid://csi.digitaluk.co.uk/29e782a7-de47-4b48-987a-9311d1a4b350&start=2026-08-07T20:00:00+0000&duration=PT1H from server.
Fetching https://www.freeview.co.uk/api/program?sid=4&nid=64403&pid=crid://movida.bebanjo.net/mas/version/78560/004/ASDELIVERED/C&start=2026-08-07T21:00:00+0000&duration=PT1H5M from server.
Fetching https://www.freeview.co.uk/api/program?sid=4&nid=64403&pid=crid://csi.digitaluk.co.uk/bef43ea0-5896-497c-82ab-d8f2b9a50370&start=2026-08-07T22:05:00+0000&duration=PT1H5M from server.
Fetching https://www.freeview.co.uk/api/program?sid=4&nid=64403&pid=crid://csi.digitaluk.co.uk/70bf490c-334f-41a7-a4fc-ceaaf40c2834&start=2026-08-07T23:10:00+0000&duration=PT55M from server.
## Wanted 8500 
Fetching https://www.freeview.co.uk/api/program?sid=5&nid=64403&pid=crid://panorama.five.tv/versions/C5349600001A&start=2026-08-07T00:00:00+0000&duration=PT1H from server.
Fetching https://www.freeview.co.uk/api/program?sid=5&nid=64403&pid=crid://csi.digitaluk.co.uk/1f6c06b8-2796-43b2-a1fc-365de3ad5dc8&start=2026-08-07T01:00:00+0000&duration=PT50M from server.
Fetching https://www.freeview.co.uk/api/program?sid=5&nid=64403&pid=crid://csi.digitaluk.co.uk/2afd9a6f-8f55-4e55-901f-b3c4bf695e3b&start=2026-08-07T01:50:00+0000&duration=PT50M from server.
Fetching https://www.freeview.co.uk/api/program?sid=5&nid=64403&pid=crid://csi.digitaluk.co.uk/3468be94-7c84-4cd6-ae60-5dbb4a097f87&start=2026-08-07T02:40:00+0000&duration=PT30M from server.
Fetching https://www.freeview.co.uk/api/program?sid=5&nid=64403&pid=crid://csi.digitaluk.co.uk/d1162fcd-f1de-4aad-8462-7d2be84700f0&start=2026-08-07T03:10:00+0000&duration=PT25M from server.
Fetching https://www.freeview.co.uk/api/program?sid=5&nid=64403&pid=crid://csi.digitaluk.co.uk/04d609ef-de00-4338-a260-9646e89a9a37&start=2026-08-07T03:35:00+0000&duration=PT50M from server.
Fetching https://www.freeview.co.uk/api/program?sid=5&nid=64403&pid=crid://panorama.five.tv/versions/C5522700032A&start=2026-08-07T04:25:00+0000&duration=PT10M from server.
Fetching https://www.freeview.co.uk/api/program?sid=5&nid=64403&pid=crid://csi.digitaluk.co.uk/10dabcf3-dd1c-43d6-a1a6-fb0c8802aa1c&start=2026-08-07T04:35:00+0000&duration=PT10M from server.
Fetching https://www.freeview.co.uk/api/program?sid=5&nid=64403&pid=crid://csi.digitaluk.co.uk/0262387b-5227-4d9e-ae47-da0bc2ef021e&start=2026-08-07T04:45:00+0000&duration=PT15M from server.
Fetching https://www.freeview.co.uk/api/program?sid=5&nid=64403&pid=crid://csi.digitaluk.co.uk/9d20b313-1fe6-45ac-8f24-2d7d797956cc&start=2026-08-07T05:00:00+0000&duration=PT5M from server.
Fetching https://www.freeview.co.uk/api/program?sid=5&nid=64403&pid=crid://csi.digitaluk.co.uk/bff205a5-e653-443a-8949-9ea4ba040e96&start=2026-08-07T05:05:00+0000&duration=PT5M from server.
Fetching https://www.freeview.co.uk/api/program?sid=5&nid=64403&pid=crid://panorama.five.tv/versions/C5392420035A&start=2026-08-07T05:10:00+0000&duration=PT5M from server.
Fetching https://www.freeview.co.uk/api/program?sid=5&nid=64403&pid=crid://csi.digitaluk.co.uk/00afe078-f715-4635-923d-a95aa96e05bb&start=2026-08-07T05:15:00+0000&duration=PT5M from server.
Fetching https://www.freeview.co.uk/api/program?sid=5&nid=64403&pid=crid://csi.digitaluk.co.uk/98505bc9-2b41-4818-bf4d-109ea00ef486&start=2026-08-07T05:20:00+0000&duration=PT15M from server.
Fetching https://www.freeview.co.uk/api/program?sid=5&nid=64403&pid=crid://csi.digitaluk.co.uk/362bbb21-70ea-44cd-b0f1-4eb25ff4e9b2&start=2026-08-07T05:35:00+0000&duration=PT10M from server.
Fetching https://www.freeview.co.uk/api/program?sid=5&nid=64403&pid=crid://csi.digitaluk.co.uk/3df838a5-8560-4b13-ba18-fdeaf453b7a2&start=2026-08-07T05:45:00+0000&duration=PT5M from server.
Fetching https://www.freeview.co.uk/api/program?sid=5&nid=64403&pid=crid://csi.digitaluk.co.uk/2b2501c2-c342-4437-b8e8-eda26a9625c0&start=2026-08-07T05:50:00+0000&duration=PT10M from server.
Fetching https://www.freeview.co.uk/api/program?sid=5&nid=64403&pid=crid://csi.digitaluk.co.uk/c4e52818-23e0-4aca-a35e-b2631ddfca34&start=2026-08-07T06:00:00+0000&duration=PT10M from server.
Fetching https://www.freeview.co.uk/api/program?sid=5&nid=64403&pid=crid://csi.digitaluk.co.uk/a9771ec0-b7a2-421f-8ac7-d72e77d6355f&start=2026-08-07T06:10:00+0000&duration=PT10M from server.
Fetching https://www.freeview.co.uk/api/program?sid=5&nid=64403&pid=crid://csi.digitaluk.co.uk/46487ed8-64c8-4885-9277-ea32533a5f28&start=2026-08-07T06:20:00+0000&duration=PT15M from server.
Fetching https://www.freeview.co.uk/api/program?sid=5&nid=64403&pid=crid://csi.digitaluk.co.uk/bafd79a2-35e2-4000-bba8-71ad9c30c88e&start=2026-08-07T06:35:00+0000&duration=PT5M from server.
Fetching https://www.freeview.co.uk/api/program?sid=5&nid=64403&pid=crid://csi.digitaluk.co.uk/8fea44cc-e27e-4316-9761-d5c25d0c4b44&start=2026-08-07T06:40:00+0000&duration=PT5M from server.
Fetching https://www.freeview.co.uk/api/program?sid=5&nid=64403&pid=crid://panorama.five.tv/versions/C5489560020A&start=2026-08-07T06:45:00+0000&duration=PT15M from server.
Fetching https://www.freeview.co.uk/api/program?sid=5&nid=64403&pid=crid://csi.digitaluk.co.uk/7a385a47-5aa1-466c-9b8d-4808a6d44743&start=2026-08-07T07:00:00+0000&duration=PT15M from server.
Fetching https://www.freeview.co.uk/api/program?sid=5&nid=64403&pid=crid://csi.digitaluk.co.uk/f6d30327-1ac6-4508-ae4d-806178f2d01f&start=2026-08-07T07:15:00+0000&duration=PT15M from server.
Fetching https://www.freeview.co.uk/api/program?sid=5&nid=64403&pid=crid://csi.digitaluk.co.uk/c5ba21a5-ae7d-4444-b795-615df71856d7&start=2026-08-07T07:30:00+0000&duration=PT10M from server.
Fetching https://www.freeview.co.uk/api/program?sid=5&nid=64403&pid=crid://csi.digitaluk.co.uk/c106945b-4831-484f-a974-e286a5c46fe4&start=2026-08-07T07:40:00+0000&duration=PT10M from server.
Fetching https://www.freeview.co.uk/api/program?sid=5&nid=64403&pid=crid://csi.digitaluk.co.uk/de6363d0-7ccd-4ed2-9927-b225827e5a84&start=2026-08-07T07:50:00+0000&duration=PT15M from server.
Fetching https://www.freeview.co.uk/api/program?sid=5&nid=64403&pid=crid://csi.digitaluk.co.uk/734a4423-5047-4f8c-bdab-4ccf83798c86&start=2026-08-07T08:05:00+0000&duration=PT5M from server.
Fetching https://www.freeview.co.uk/api/program?sid=5&nid=64403&pid=crid://csi.digitaluk.co.uk/bb6270ca-35f4-4259-b6d5-f3dc2f80d1fd&start=2026-08-07T08:10:00+0000&duration=PT5M from server.
Fetching https://www.freeview.co.uk/api/program?sid=5&nid=64403&pid=crid://csi.digitaluk.co.uk/9248bdf7-52c5-4e56-a187-6becc982ca7a&start=2026-08-07T08:15:00+0000&duration=PT2H15M from server.
Fetching https://www.freeview.co.uk/api/program?sid=5&nid=64403&pid=crid://csi.digitaluk.co.uk/617d97b3-4937-4b64-b8a0-d399cd679166&start=2026-08-07T10:30:00+0000&duration=PT1H15M from server.
Fetching https://www.freeview.co.uk/api/program?sid=5&nid=64403&pid=crid://csi.digitaluk.co.uk/cc75d1ed-1b15-4df7-be70-9612a52e8f82&start=2026-08-07T11:45:00+0000&duration=PT5M from server.
Fetching https://www.freeview.co.uk/api/program?sid=5&nid=64403&pid=crid://csi.digitaluk.co.uk/9fcacc73-a5b0-4f9c-a9d6-f661a3d2d70e&start=2026-08-07T11:50:00+0000&duration=PT1H30M from server.
Fetching https://www.freeview.co.uk/api/program?sid=5&nid=64403&pid=crid://csi.digitaluk.co.uk/8bf4c7d0-0631-4ede-973a-05ac5f6b7b3d&start=2026-08-07T13:20:00+0000&duration=PT1H40M from server.
Fetching https://www.freeview.co.uk/api/program?sid=5&nid=64403&pid=crid://csi.digitaluk.co.uk/394586a7-f238-4667-9dae-91f6cdbc7722&start=2026-08-07T15:00:00+0000&duration=PT55M from server.
Fetching https://www.freeview.co.uk/api/program?sid=5&nid=64403&pid=crid://csi.digitaluk.co.uk/1d4d8d98-ba50-4036-9ff1-11e3bae1cac2&start=2026-08-07T15:55:00+0000&duration=PT5M from server.
Fetching https://www.freeview.co.uk/api/program?sid=5&nid=64403&pid=crid://csi.digitaluk.co.uk/b05599f6-9a91-40c8-b02a-14148aa52836&start=2026-08-07T16:00:00+0000&duration=PT1H from server.
Fetching https://www.freeview.co.uk/api/program?sid=5&nid=64403&pid=crid://csi.digitaluk.co.uk/679d6039-185d-4cc7-b0cf-6ed6b0d1b44d&start=2026-08-07T17:00:00+0000&duration=PT1H from server.
Fetching https://www.freeview.co.uk/api/program?sid=5&nid=64403&pid=crid://panorama.five.tv/versions/C5504080001D&start=2026-08-07T18:00:00+0000&duration=PT1H from server.
Fetching https://www.freeview.co.uk/api/program?sid=5&nid=64403&pid=crid://csi.digitaluk.co.uk/ec8c2315-409c-4707-bfe5-83e2077fdd82&start=2026-08-07T19:00:00+0000&duration=PT1H from server.
Fetching https://www.freeview.co.uk/api/program?sid=5&nid=64403&pid=crid://csi.digitaluk.co.uk/844d8273-235c-4318-b20c-40860517ef99&start=2026-08-07T20:00:00+0000&duration=PT1H30M from server.
Fetching https://www.freeview.co.uk/api/program?sid=5&nid=64403&pid=crid://csi.digitaluk.co.uk/6c145400-e536-4a0d-8fce-d35a44202bba&start=2026-08-07T21:30:00+0000&duration=PT1H35M from server.
Fetching https://www.freeview.co.uk/api/program?sid=5&nid=64403&pid=crid://panorama.five.tv/versions/C5519620001A&start=2026-08-07T23:05:00+0000&duration=PT55M from server.
### Wanted 28000 
Fetching https://www.freeview.co.uk/api/program?sid=12&nid=64403&pid=crid://csi.digitaluk.co.uk/9ea3f6da-fc09-48e0-aa1a-8892ccd263dc&start=2026-08-07T00:00:00+0000&duration=PT30M from server.
Fetching https://www.freeview.co.uk/api/program?sid=12&nid=64403&pid=crid://csi.digitaluk.co.uk/50cb23fa-6d8b-4eea-a869-08531b63756c&start=2026-08-07T00:30:00+0000&duration=PT30M from server.
Fetching https://www.freeview.co.uk/api/program?sid=12&nid=64403&pid=crid://csi.digitaluk.co.uk/525980cf-3187-4f1d-ab88-5e31be96bf36&start=2026-08-07T01:00:00+0000&duration=PT30M from server.
Fetching https://www.freeview.co.uk/api/program?sid=12&nid=64403&pid=crid://csi.digitaluk.co.uk/2f50f494-0906-471a-9f07-a47be112f789&start=2026-08-07T01:30:00+0000&duration=PT1H from server.
Fetching https://www.freeview.co.uk/api/program?sid=12&nid=64403&pid=crid://csi.digitaluk.co.uk/f70be0d0-7250-4ce1-94f8-6b45fdf33199&start=2026-08-07T02:30:00+0000&duration=PT2H from server.
Fetching https://www.freeview.co.uk/api/program?sid=12&nid=64403&pid=crid://csi.digitaluk.co.uk/6ed3d379-d0f7-448c-a823-7e77805b1619&start=2026-08-07T04:30:00+0000&duration=PT30M from server.
Fetching https://www.freeview.co.uk/api/program?sid=12&nid=64403&pid=crid://csi.digitaluk.co.uk/5c592b73-36ed-47cf-927b-e68276442607&start=2026-08-07T05:00:00+0000&duration=PT30M from server.
Fetching https://www.freeview.co.uk/api/program?sid=12&nid=64403&pid=crid://csi.digitaluk.co.uk/df524276-7900-4438-baa3-4e943cc8d35f&start=2026-08-07T05:30:00+0000&duration=PT30M from server.
Fetching https://www.freeview.co.uk/api/program?sid=12&nid=64403&pid=crid://csi.digitaluk.co.uk/a617291d-40c4-4b85-8783-0f8413090896&start=2026-08-07T06:00:00+0000&duration=PT30M from server.
Fetching https://www.freeview.co.uk/api/program?sid=12&nid=64403&pid=crid://csi.digitaluk.co.uk/2ce31dd0-1625-4bb9-80ba-f05504a5fa07&start=2026-08-07T06:30:00+0000&duration=PT30M from server.
Fetching https://www.freeview.co.uk/api/program?sid=12&nid=64403&pid=crid://csi.digitaluk.co.uk/5b29dbc5-58d8-4e87-ab56-439d0aa73d83&start=2026-08-07T07:00:00+0000&duration=PT30M from server.
Fetching https://www.freeview.co.uk/api/program?sid=12&nid=64403&pid=crid://csi.digitaluk.co.uk/c70262c5-f35e-48be-814d-c982a7de82ce&start=2026-08-07T07:30:00+0000&duration=PT30M from server.
Fetching https://www.freeview.co.uk/api/program?sid=12&nid=64403&pid=crid://csi.digitaluk.co.uk/ff5b3d07-0a46-459e-af29-c6611c1f33db&start=2026-08-07T08:00:00+0000&duration=PT30M from server.
Fetching https://www.freeview.co.uk/api/program?sid=12&nid=64403&pid=crid://csi.digitaluk.co.uk/8708842b-c666-432b-b7bc-ee911d0cb5c1&start=2026-08-07T08:30:00+0000&duration=PT30M from server.
Fetching https://www.freeview.co.uk/api/program?sid=12&nid=64403&pid=crid://csi.digitaluk.co.uk/92ac3f2b-7058-40f2-bc57-e8bc4ffbbd0b&start=2026-08-07T09:00:00+0000&duration=PT30M from server.
Fetching https://www.freeview.co.uk/api/program?sid=12&nid=64403&pid=crid://csi.digitaluk.co.uk/f9fe6423-a81a-46ff-a98b-ba3b0075e854&start=2026-08-07T09:30:00+0000&duration=PT30M from server.
Fetching https://www.freeview.co.uk/api/program?sid=12&nid=64403&pid=crid://csi.digitaluk.co.uk/7572061f-a380-4d19-9bf8-cfb2fdf55d0a&start=2026-08-07T10:00:00+0000&duration=PT30M from server.
Fetching https://www.freeview.co.uk/api/program?sid=12&nid=64403&pid=crid://csi.digitaluk.co.uk/ca90b2c5-ddfd-4686-9a0d-cb4170f0c0f9&start=2026-08-07T10:30:00+0000&duration=PT30M from server.
Fetching https://www.freeview.co.uk/api/program?sid=12&nid=64403&pid=crid://csi.digitaluk.co.uk/f9988c3c-0f78-4fd1-9251-90af8cde4e39&start=2026-08-07T11:00:00+0000&duration=PT30M from server.
Fetching https://www.freeview.co.uk/api/program?sid=12&nid=64403&pid=crid://csi.digitaluk.co.uk/2e5b32a5-58ae-47cd-8a81-43aa05f7c2d3&start=2026-08-07T11:30:00+0000&duration=PT30M from server.
Fetching https://www.freeview.co.uk/api/program?sid=12&nid=64403&pid=crid://csi.digitaluk.co.uk/e86c4c56-d422-41ee-a17d-e5043ed8ef1e&start=2026-08-07T12:00:00+0000&duration=PT30M from server.
Fetching https://www.freeview.co.uk/api/program?sid=12&nid=64403&pid=crid://csi.digitaluk.co.uk/23782c6d-043e-451e-b3b1-32c0c00cbe93&start=2026-08-07T12:30:00+0000&duration=PT30M from server.
Fetching https://www.freeview.co.uk/api/program?sid=12&nid=64403&pid=crid://csi.digitaluk.co.uk/0d6f7c16-a9a1-4a80-b23f-24114ac874e3&start=2026-08-07T13:00:00+0000&duration=PT30M from server.
Fetching https://www.freeview.co.uk/api/program?sid=12&nid=64403&pid=crid://csi.digitaluk.co.uk/dc3adb04-d205-4d34-96e9-d6eaa58ca5d2&start=2026-08-07T13:30:00+0000&duration=PT30M from server.
Fetching https://www.freeview.co.uk/api/program?sid=12&nid=64403&pid=crid://csi.digitaluk.co.uk/d4bcbf50-6289-4cf5-b218-0b0188db17fa&start=2026-08-07T14:00:00+0000&duration=PT30M from server.
Fetching https://www.freeview.co.uk/api/program?sid=12&nid=64403&pid=crid://csi.digitaluk.co.uk/5956f661-d635-485b-9753-5ae44844c91c&start=2026-08-07T14:30:00+0000&duration=PT30M from server.
Fetching https://www.freeview.co.uk/api/program?sid=12&nid=64403&pid=crid://csi.digitaluk.co.uk/27052be7-c1c3-4b67-84c6-112aa64ebc9b&start=2026-08-07T15:00:00+0000&duration=PT30M from server.
Fetching https://www.freeview.co.uk/api/program?sid=12&nid=64403&pid=crid://csi.digitaluk.co.uk/5f2048db-104a-452a-b2b8-7eb364aa5504&start=2026-08-07T15:30:00+0000&duration=PT30M from server.
Fetching https://www.freeview.co.uk/api/program?sid=12&nid=64403&pid=crid://csi.digitaluk.co.uk/95fc616b-7872-40f5-98ce-3fd1915dc8f5&start=2026-08-07T16:00:00+0000&duration=PT30M from server.
Fetching https://www.freeview.co.uk/api/program?sid=12&nid=64403&pid=crid://csi.digitaluk.co.uk/3f673e4a-39c1-4a97-ac8a-b462415e72e3&start=2026-08-07T16:30:00+0000&duration=PT30M from server.
Fetching https://www.freeview.co.uk/api/program?sid=12&nid=64403&pid=crid://csi.digitaluk.co.uk/ae2804e2-2942-4d04-9994-011948c10189&start=2026-08-07T17:00:00+0000&duration=PT30M from server.
Fetching https://www.freeview.co.uk/api/program?sid=12&nid=64403&pid=crid://csi.digitaluk.co.uk/3f20020f-47af-4be2-ae1f-c40e467cda04&start=2026-08-07T17:30:00+0000&duration=PT30M from server.
Fetching https://www.freeview.co.uk/api/program?sid=12&nid=64403&pid=crid://csi.digitaluk.co.uk/13c708ff-5971-42de-aa60-70f1322d1c10&start=2026-08-07T18:00:00+0000&duration=PT30M from server.
Fetching https://www.freeview.co.uk/api/program?sid=12&nid=64403&pid=crid://csi.digitaluk.co.uk/f7347a79-9b90-4470-a6fc-55c223301ed8&start=2026-08-07T18:30:00+0000&duration=PT30M from server.
Fetching https://www.freeview.co.uk/api/program?sid=12&nid=64403&pid=crid://csi.digitaluk.co.uk/65b41a87-f2fc-4238-b87b-a8285efe7ad0&start=2026-08-07T19:00:00+0000&duration=PT30M from server.
Fetching https://www.freeview.co.uk/api/program?sid=12&nid=64403&pid=crid://csi.digitaluk.co.uk/bc435a19-115d-48ea-80c0-9fef1cf9c9ec&start=2026-08-07T19:30:00+0000&duration=PT30M from server.
Fetching https://www.freeview.co.uk/api/program?sid=12&nid=64403&pid=crid://csi.digitaluk.co.uk/0eef485f-b856-4272-8cea-e672f586c8e9&start=2026-08-07T20:00:00+0000&duration=PT2H from server.
Fetching https://www.freeview.co.uk/api/program?sid=12&nid=64403&pid=crid://csi.digitaluk.co.uk/c3af786f-9071-4eac-8446-28cde654d7d0&start=2026-08-07T22:00:00+0000&duration=PT1H from server.
Fetching https://www.freeview.co.uk/api/program?sid=12&nid=64403&pid=crid://csi.digitaluk.co.uk/5135a804-cc18-42af-8ab7-fc9a8efe8779&start=2026-08-07T23:00:00+0000&duration=PT30M from server.
Fetching https://www.freeview.co.uk/api/program?sid=12&nid=64403&pid=crid://csi.digitaluk.co.uk/357998e9-83db-4259-b42f-8fe8e018e3c8&start=2026-08-07T23:30:00+0000&duration=PT30M from server.
## Wanted 8448 
Fetching https://www.freeview.co.uk/api/program?sid=13&nid=64403&pid=crid://csi.digitaluk.co.uk/8974db80-60a5-4479-8c7b-251ffb85f1e8&start=2026-08-07T00:15:00+0000&duration=PT55M from server.
Fetching https://www.freeview.co.uk/api/program?sid=13&nid=64403&pid=crid://csi.digitaluk.co.uk/86229666-02d4-4ba4-9d8a-4d93531fa780&start=2026-08-07T01:10:00+0000&duration=PT55M from server.
Fetching https://www.freeview.co.uk/api/program?sid=13&nid=64403&pid=crid://csi.digitaluk.co.uk/6dae417e-270f-42fd-8b52-14e996b6f7bc&start=2026-08-07T02:05:00+0000&duration=PT50M from server.
Fetching https://www.freeview.co.uk/api/program?sid=13&nid=64403&pid=crid://csi.digitaluk.co.uk/460f607b-6506-4068-8574-750415153e59&start=2026-08-07T02:55:00+0000&duration=PT25M from server.
Fetching https://www.freeview.co.uk/api/program?sid=13&nid=64403&pid=crid://csi.digitaluk.co.uk/8604ad7c-a2b3-4190-a4c5-6eda6f6a6a65&start=2026-08-07T03:20:00+0000&duration=PT25M from server.
Fetching https://www.freeview.co.uk/api/program?sid=13&nid=64403&pid=crid://csi.digitaluk.co.uk/c6154279-d2dc-4302-8caf-7a2b9f12fd01&start=2026-08-07T03:45:00+0000&duration=PT25M from server.
Fetching https://www.freeview.co.uk/api/program?sid=13&nid=64403&pid=crid://csi.digitaluk.co.uk/a7adf02b-8541-4e1a-a328-4cc87b608cb4&start=2026-08-07T04:10:00+0000&duration=PT25M from server.
Fetching https://www.freeview.co.uk/api/program?sid=13&nid=64403&pid=crid://csi.digitaluk.co.uk/0840fbed-2936-46b6-8c17-a6ea9d11f7ae&start=2026-08-07T04:35:00+0000&duration=PT25M from server.
Fetching https://www.freeview.co.uk/api/program?sid=13&nid=64403&pid=crid://csi.digitaluk.co.uk/4ee4b909-bc73-44a7-8feb-d97681a2ee02&start=2026-08-07T05:00:00+0000&duration=PT30M from server.
Fetching https://www.freeview.co.uk/api/program?sid=13&nid=64403&pid=crid://csi.digitaluk.co.uk/c2fb2474-5a98-4165-bbbf-686fd2d53252&start=2026-08-07T05:30:00+0000&duration=PT25M from server.
Fetching https://www.freeview.co.uk/api/program?sid=13&nid=64403&pid=crid://csi.digitaluk.co.uk/cd90880c-a600-476f-b2b3-bc50d4af37ee&start=2026-08-07T05:55:00+0000&duration=PT5M from server.
Fetching https://www.freeview.co.uk/api/program?sid=13&nid=64403&pid=crid://csi.digitaluk.co.uk/7c039159-8a07-4fd5-abd2-85cea35e87b8&start=2026-08-07T06:00:00+0000&duration=PT1H from server.
Fetching https://www.freeview.co.uk/api/program?sid=13&nid=64403&pid=crid://csi.digitaluk.co.uk/50b253e7-a663-4e17-bfa7-c173dc3cf614&start=2026-08-07T07:00:00+0000&duration=PT1H from server.
Fetching https://www.freeview.co.uk/api/program?sid=13&nid=64403&pid=crid://csi.digitaluk.co.uk/1f2a4b49-490b-42cf-8dc8-dcf62a57f40f&start=2026-08-07T08:00:00+0000&duration=PT1H from server.
Fetching https://www.freeview.co.uk/api/program?sid=13&nid=64403&pid=crid://csi.digitaluk.co.uk/2c7003b4-e89a-417c-9a7f-ef3ef6e257f7&start=2026-08-07T09:00:00+0000&duration=PT1H from server.
Fetching https://www.freeview.co.uk/api/program?sid=13&nid=64403&pid=crid://movida.bebanjo.net/mas/version/79370/005/POST2000/C&start=2026-08-07T10:00:00+0000&duration=PT1H from server.
Fetching https://www.freeview.co.uk/api/program?sid=13&nid=64403&pid=crid://csi.digitaluk.co.uk/48bf11fd-f9fb-4db2-a5a1-4d620eabac4f&start=2026-08-07T11:00:00+0000&duration=PT30M from server.
Fetching https://www.freeview.co.uk/api/program?sid=13&nid=64403&pid=crid://csi.digitaluk.co.uk/66c12028-9f10-45a7-86a8-0131b404ea7c&start=2026-08-07T11:30:00+0000&duration=PT30M from server.
Fetching https://www.freeview.co.uk/api/program?sid=13&nid=64403&pid=crid://csi.digitaluk.co.uk/adaec2e2-07dc-4d04-836b-b0cb8526fac9&start=2026-08-07T12:00:00+0000&duration=PT30M from server.
Fetching https://www.freeview.co.uk/api/program?sid=13&nid=64403&pid=crid://csi.digitaluk.co.uk/5f99c34b-fc10-4cde-a8d6-3c0956975ffe&start=2026-08-07T12:30:00+0000&duration=PT30M from server.
Fetching https://www.freeview.co.uk/api/program?sid=13&nid=64403&pid=crid://csi.digitaluk.co.uk/95871513-22b2-4c80-906e-53e87f831f66&start=2026-08-07T13:00:00+0000&duration=PT30M from server.
Fetching https://www.freeview.co.uk/api/program?sid=13&nid=64403&pid=crid://csi.digitaluk.co.uk/a49674b1-45ca-49db-ab4e-ee942ffeba49&start=2026-08-07T13:30:00+0000&duration=PT30M from server.
Fetching https://www.freeview.co.uk/api/program?sid=13&nid=64403&pid=crid://csi.digitaluk.co.uk/6c64dccb-41a3-46f3-b96f-11086b5aea1d&start=2026-08-07T14:00:00+0000&duration=PT30M from server.
Fetching https://www.freeview.co.uk/api/program?sid=13&nid=64403&pid=crid://csi.digitaluk.co.uk/85ec91cc-717b-4d85-86b0-3dffac8b1ce3&start=2026-08-07T14:30:00+0000&duration=PT30M from server.
Fetching https://www.freeview.co.uk/api/program?sid=13&nid=64403&pid=crid://csi.digitaluk.co.uk/73c1d5bb-af7a-4479-a179-fa2d3960d22e&start=2026-08-07T15:00:00+0000&duration=PT30M from server.
Fetching https://www.freeview.co.uk/api/program?sid=13&nid=64403&pid=crid://csi.digitaluk.co.uk/75f2f50e-226a-42a2-84a7-ecf30f794f5b&start=2026-08-07T15:30:00+0000&duration=PT30M from server.
Fetching https://www.freeview.co.uk/api/program?sid=13&nid=64403&pid=crid://csi.digitaluk.co.uk/6739be21-1549-49b4-9581-a57fb72fb6e9&start=2026-08-07T16:00:00+0000&duration=PT30M from server.
Fetching https://www.freeview.co.uk/api/program?sid=13&nid=64403&pid=crid://csi.digitaluk.co.uk/098470d6-3adb-401b-88a4-f60fa0f7fbd5&start=2026-08-07T16:30:00+0000&duration=PT30M from server.
Fetching https://www.freeview.co.uk/api/program?sid=13&nid=64403&pid=crid://csi.digitaluk.co.uk/69d7d937-777e-49b2-a8a7-1dd1225f8fc5&start=2026-08-07T17:00:00+0000&duration=PT30M from server.
Fetching https://www.freeview.co.uk/api/program?sid=13&nid=64403&pid=crid://csi.digitaluk.co.uk/76c09091-4e71-49c1-aa9b-94cb89c49b72&start=2026-08-07T17:30:00+0000&duration=PT30M from server.
Fetching https://www.freeview.co.uk/api/program?sid=13&nid=64403&pid=crid://csi.digitaluk.co.uk/9b9aa5e3-da4d-43bb-a721-ff82442bb24b&start=2026-08-07T18:00:00+0000&duration=PT30M from server.
Fetching https://www.freeview.co.uk/api/program?sid=13&nid=64403&pid=crid://csi.digitaluk.co.uk/ae07c1c5-4daa-4477-9446-171e497d1a6c&start=2026-08-07T18:30:00+0000&duration=PT30M from server.
Fetching https://www.freeview.co.uk/api/program?sid=13&nid=64403&pid=crid://csi.digitaluk.co.uk/7ea96b71-3b12-4b4f-a8d1-9fd56a1fb790&start=2026-08-07T19:00:00+0000&duration=PT1H from server.
Fetching https://www.freeview.co.uk/api/program?sid=13&nid=64403&pid=crid://csi.digitaluk.co.uk/3cc1dca7-26d7-417b-8881-9337a254d89e&start=2026-08-07T20:00:00+0000&duration=PT1H from server.
Fetching https://www.freeview.co.uk/api/program?sid=13&nid=64403&pid=crid://csi.digitaluk.co.uk/71946825-7225-44ec-9f80-afd2cb4ea86e&start=2026-08-07T21:00:00+0000&duration=PT1H55M from server.
Fetching https://www.freeview.co.uk/api/program?sid=13&nid=64403&pid=crid://csi.digitaluk.co.uk/6bdc5cea-f413-4ea6-95b0-3c65e0e4b817&start=2026-08-07T22:55:00+0000&duration=PT1H5M from server.
### Wanted 8385 
Fetching https://www.freeview.co.uk/api/program?sid=14&nid=64403&pid=crid://csi.digitaluk.co.uk/d96d9a19-1ba7-4470-b057-1a8cfde8ba46&start=2026-08-07T00:45:00+0000&duration=PT2H10M from server.
Fetching https://www.freeview.co.uk/api/program?sid=14&nid=64403&pid=crid://csi.digitaluk.co.uk/7d8d4979-60f6-4fb5-abf4-466467fcb041&start=2026-08-07T02:55:00+0000&duration=PT3H5M from server.
Fetching https://www.freeview.co.uk/api/program?sid=14&nid=64403&pid=crid://csi.digitaluk.co.uk/abab4c69-5d90-4c7a-9e04-927e30058198&start=2026-08-07T06:00:00+0000&duration=PT4H from server.
Fetching https://www.freeview.co.uk/api/program?sid=14&nid=64403&pid=crid://csi.digitaluk.co.uk/ff02a2f0-3dbf-4082-a1b7-fd69c5edb957&start=2026-08-07T10:00:00+0000&duration=PT2H55M from server.
Fetching https://www.freeview.co.uk/api/program?sid=14&nid=64403&pid=crid://movida.bebanjo.net/mas/version/17701/001/ALLTIMES/C&start=2026-08-07T12:55:00+0000&duration=PT1H20M from server.
Fetching https://www.freeview.co.uk/api/program?sid=14&nid=64403&pid=crid://csi.digitaluk.co.uk/14c33634-4169-4556-adf9-de19e20b50dd&start=2026-08-07T14:15:00+0000&duration=PT1H35M from server.
Fetching https://www.freeview.co.uk/api/program?sid=14&nid=64403&pid=crid://csi.digitaluk.co.uk/d727bedf-1a0b-423b-9fda-8d4015db9bee&start=2026-08-07T15:50:00+0000&duration=PT1H50M from server.
Fetching https://www.freeview.co.uk/api/program?sid=14&nid=64403&pid=crid://csi.digitaluk.co.uk/e50b1b74-6b9d-4d9d-b995-41df0c106e62&start=2026-08-07T17:40:00+0000&duration=PT2H20M from server.
Fetching https://www.freeview.co.uk/api/program?sid=14&nid=64403&pid=crid://csi.digitaluk.co.uk/107ab957-877d-41fb-a8d7-3e35348fada9&start=2026-08-07T20:00:00+0000&duration=PT2H50M from server.
Fetching https://www.freeview.co.uk/api/program?sid=14&nid=64403&pid=crid://movida.bebanjo.net/mas/version/55003/001/POSTWATERSHED2100/C&start=2026-08-07T22:50:00+0000&duration=PT2H15M from server.
## Wanted 27328 
Fetching https://www.freeview.co.uk/api/program?sid=17&nid=64403&pid=crid://csi.digitaluk.co.uk/647b324f-71ac-41f2-bf10-3e40abe4c3e7&start=2026-08-07T00:00:00+0000&duration=PT1H from server.
Fetching https://www.freeview.co.uk/api/program?sid=17&nid=64403&pid=crid://csi.digitaluk.co.uk/b5d9d641-2c93-47f5-9ef6-8c17c27691e0&start=2026-08-07T01:00:00+0000&duration=PT1H from server.
Fetching https://www.freeview.co.uk/api/program?sid=17&nid=64403&pid=crid://csi.digitaluk.co.uk/e61bb2be-0031-41ec-bebf-0638be96c63a&start=2026-08-07T02:00:00+0000&duration=PT1H from server.
Fetching https://www.freeview.co.uk/api/program?sid=17&nid=64403&pid=crid://csi.digitaluk.co.uk/37e70daf-2a69-4583-b128-65ad8aaead21&start=2026-08-07T03:00:00+0000&duration=PT30M from server.
Fetching https://www.freeview.co.uk/api/program?sid=17&nid=64403&pid=crid://csi.digitaluk.co.uk/bea9cfcc-4229-40ff-b17d-fa42b59bd0d3&start=2026-08-07T03:30:00+0000&duration=PT30M from server.
Fetching https://www.freeview.co.uk/api/program?sid=17&nid=64403&pid=crid://csi.digitaluk.co.uk/50d42440-3f29-411b-959d-c455c1c0cec1&start=2026-08-07T04:00:00+0000&duration=PT30M from server.
Fetching https://www.freeview.co.uk/api/program?sid=17&nid=64403&pid=crid://csi.digitaluk.co.uk/8a81e368-3d65-434e-8fa3-01f2db9ceb66&start=2026-08-07T04:30:00+0000&duration=PT30M from server.
Fetching https://www.freeview.co.uk/api/program?sid=17&nid=64403&pid=crid://csi.digitaluk.co.uk/d99906ea-8e9c-4a02-a7ed-d38cf67fe5c7&start=2026-08-07T05:00:00+0000&duration=PT1H from server.
Fetching https://www.freeview.co.uk/api/program?sid=17&nid=64403&pid=crid://csi.digitaluk.co.uk/2009f56a-5dd7-4471-a838-7c80f36e1d23&start=2026-08-07T06:00:00+0000&duration=PT1H from server.
Fetching https://www.freeview.co.uk/api/program?sid=17&nid=64403&pid=crid://csi.digitaluk.co.uk/41018c31-2b75-4612-98cc-c343f07cc708&start=2026-08-07T07:00:00+0000&duration=PT1H from server.
Fetching https://www.freeview.co.uk/api/program?sid=17&nid=64403&pid=crid://csi.digitaluk.co.uk/0f649df1-057d-42d0-970b-f320baff6492&start=2026-08-07T08:00:00+0000&duration=PT1H from server.
Fetching https://www.freeview.co.uk/api/program?sid=17&nid=64403&pid=crid://csi.digitaluk.co.uk/8b06145f-bb87-4899-a62e-fe92422edd77&start=2026-08-07T09:00:00+0000&duration=PT1H from server.
Fetching https://www.freeview.co.uk/api/program?sid=17&nid=64403&pid=crid://csi.digitaluk.co.uk/23998615-6769-43bd-961f-c79522f4bc9e&start=2026-08-07T10:00:00+0000&duration=PT1H from server.
Fetching https://www.freeview.co.uk/api/program?sid=17&nid=64403&pid=crid://csi.digitaluk.co.uk/09b6f480-d05e-4217-adbf-c835d7715586&start=2026-08-07T11:00:00+0000&duration=PT1H from server.
Fetching https://www.freeview.co.uk/api/program?sid=17&nid=64403&pid=crid://csi.digitaluk.co.uk/fd9391c3-b44d-448a-811e-c4972630c6d6&start=2026-08-07T12:00:00+0000&duration=PT1H from server.
Fetching https://www.freeview.co.uk/api/program?sid=17&nid=64403&pid=crid://csi.digitaluk.co.uk/9bb3a6cf-1dd0-4b73-bb6a-2f9ffb6734df&start=2026-08-07T13:00:00+0000&duration=PT30M from server.
Fetching https://www.freeview.co.uk/api/program?sid=17&nid=64403&pid=crid://csi.digitaluk.co.uk/9fe19c7b-565a-4564-9cd4-d083842250e5&start=2026-08-07T13:30:00+0000&duration=PT30M from server.
Fetching https://www.freeview.co.uk/api/program?sid=17&nid=64403&pid=crid://csi.digitaluk.co.uk/f3b8ab76-84f8-4f09-a94c-ffd31b76eb60&start=2026-08-07T14:00:00+0000&duration=PT1H from server.
Fetching https://www.freeview.co.uk/api/program?sid=17&nid=64403&pid=crid://csi.digitaluk.co.uk/25dcc40b-4c3b-4562-86c0-b157745e3d14&start=2026-08-07T15:00:00+0000&duration=PT1H from server.
Fetching https://www.freeview.co.uk/api/program?sid=17&nid=64403&pid=crid://csi.digitaluk.co.uk/5f4d1939-b4b0-4820-91cb-ba25de455971&start=2026-08-07T16:00:00+0000&duration=PT1H from server.
Fetching https://www.freeview.co.uk/api/program?sid=17&nid=64403&pid=crid://csi.digitaluk.co.uk/7e2f144f-4762-4b65-b8e7-c4e9e4ffa0c6&start=2026-08-07T17:00:00+0000&duration=PT1H from server.
Fetching https://www.freeview.co.uk/api/program?sid=17&nid=64403&pid=crid://csi.digitaluk.co.uk/e18963d3-ac4f-46d8-b59d-da9c8cd1374f&start=2026-08-07T18:00:00+0000&duration=PT1H from server.
Fetching https://www.freeview.co.uk/api/program?sid=17&nid=64403&pid=crid://csi.digitaluk.co.uk/a313eb4b-61ed-4660-8de1-593284ff8e09&start=2026-08-07T19:00:00+0000&duration=PT1H from server.
Fetching https://www.freeview.co.uk/api/program?sid=17&nid=64403&pid=crid://csi.digitaluk.co.uk/2b41cf8a-1744-46df-a356-038151f81220&start=2026-08-07T20:00:00+0000&duration=PT1H from server.
Fetching https://www.freeview.co.uk/api/program?sid=17&nid=64403&pid=crid://csi.digitaluk.co.uk/1d2b339c-9330-461f-abb6-6da3b0139d70&start=2026-08-07T21:00:00+0000&duration=PT1H from server.
Fetching https://www.freeview.co.uk/api/program?sid=17&nid=64403&pid=crid://csi.digitaluk.co.uk/abf4b751-2f1b-47cf-8ae6-b84c00fe5206&start=2026-08-07T22:00:00+0000&duration=PT30M from server.
Fetching https://www.freeview.co.uk/api/program?sid=17&nid=64403&pid=crid://csi.digitaluk.co.uk/9cdc1c88-45f0-4c5e-a8d3-69d8544b140b&start=2026-08-07T22:30:00+0000&duration=PT30M from server.
Fetching https://www.freeview.co.uk/api/program?sid=17&nid=64403&pid=crid://csi.digitaluk.co.uk/3b323482-c4a5-4b62-8213-fd6108013e9a&start=2026-08-07T23:00:00+0000&duration=PT30M from server.
Fetching https://www.freeview.co.uk/api/program?sid=17&nid=64403&pid=crid://csi.digitaluk.co.uk/d695c401-9a33-4a8d-8802-a3a5a8e2ca0f&start=2026-08-07T23:30:00+0000&duration=PT30M from server.
### Wanted 8442 
Fetching https://www.freeview.co.uk/api/program?sid=18&nid=64403&pid=crid://csi.digitaluk.co.uk/e3f15bef-9e22-4cf2-97f1-cfa9ed227e57&start=2026-08-07T00:15:00+0000&duration=PT1H5M from server.
Fetching https://www.freeview.co.uk/api/program?sid=18&nid=64403&pid=crid://csi.digitaluk.co.uk/0d20bea8-c0a5-4dd0-94c5-1b9fd00e6aca&start=2026-08-07T01:20:00+0000&duration=PT1H5M from server.
Fetching https://www.freeview.co.uk/api/program?sid=18&nid=64403&pid=crid://csi.digitaluk.co.uk/03e03958-46e2-4707-935e-eab9e6977a67&start=2026-08-07T02:25:00+0000&duration=PT30M from server.
Fetching https://www.freeview.co.uk/api/program?sid=18&nid=64403&pid=crid://csi.digitaluk.co.uk/2a583f5f-d444-4dac-8909-6c7d9ec72b5b&start=2026-08-07T02:55:00+0000&duration=PT3H5M from server.
Fetching https://www.freeview.co.uk/api/program?sid=18&nid=64403&pid=crid://csi.digitaluk.co.uk/132d6660-130d-45d0-a534-e6370b42c396&start=2026-08-07T06:00:00+0000&duration=PT1H55M from server.
Fetching https://www.freeview.co.uk/api/program?sid=18&nid=64403&pid=crid://csi.digitaluk.co.uk/5047326a-07c3-4cac-8e7a-cde5556b178a&start=2026-08-07T07:55:00+0000&duration=PT1H5M from server.
Fetching https://www.freeview.co.uk/api/program?sid=18&nid=64403&pid=crid://csi.digitaluk.co.uk/fcec470f-e31b-40c5-ac53-aff106f32bc3&start=2026-08-07T09:00:00+0000&duration=PT35M from server.
Fetching https://www.freeview.co.uk/api/program?sid=18&nid=64403&pid=crid://csi.digitaluk.co.uk/810884da-990e-44b4-b329-11ac0593c3f6&start=2026-08-07T09:35:00+0000&duration=PT30M from server.
Fetching https://www.freeview.co.uk/api/program?sid=18&nid=64403&pid=crid://csi.digitaluk.co.uk/395c1687-b6c6-42b9-a755-0d517fdf2e1b&start=2026-08-07T10:05:00+0000&duration=PT30M from server.
Fetching https://www.freeview.co.uk/api/program?sid=18&nid=64403&pid=crid://csi.digitaluk.co.uk/519a6491-0939-4463-beb5-e44a3c9750f7&start=2026-08-07T10:35:00+0000&duration=PT35M from server.
Fetching https://www.freeview.co.uk/api/program?sid=18&nid=64403&pid=crid://csi.digitaluk.co.uk/11399142-a1b3-4305-a6a8-04a628efec2f&start=2026-08-07T11:10:00+0000&duration=PT30M from server.
Fetching https://www.freeview.co.uk/api/program?sid=18&nid=64403&pid=crid://csi.digitaluk.co.uk/1988d45b-bc2f-46c9-ad45-db46f91f9b3e&start=2026-08-07T11:40:00+0000&duration=PT30M from server.
Fetching https://www.freeview.co.uk/api/program?sid=18&nid=64403&pid=crid://csi.digitaluk.co.uk/016926fe-d9e6-4b34-8312-3e87433c1f33&start=2026-08-07T12:10:00+0000&duration=PT30M from server.
Fetching https://www.freeview.co.uk/api/program?sid=18&nid=64403&pid=crid://csi.digitaluk.co.uk/d7714dd3-14b3-48fa-89cf-4e087885e0d8&start=2026-08-07T12:40:00+0000&duration=PT35M from server.
Fetching https://www.freeview.co.uk/api/program?sid=18&nid=64403&pid=crid://csi.digitaluk.co.uk/f29d7ca9-57df-48a4-b077-b18ba85d734e&start=2026-08-07T13:15:00+0000&duration=PT35M from server.
Fetching https://www.freeview.co.uk/api/program?sid=18&nid=64403&pid=crid://csi.digitaluk.co.uk/0324147b-546d-487a-be14-53b05f063e88&start=2026-08-07T13:50:00+0000&duration=PT30M from server.
Fetching https://www.freeview.co.uk/api/program?sid=18&nid=64403&pid=crid://csi.digitaluk.co.uk/7ac21c9e-1853-4475-9ae1-fa362e1921a7&start=2026-08-07T14:20:00+0000&duration=PT30M from server.
Fetching https://www.freeview.co.uk/api/program?sid=18&nid=64403&pid=crid://csi.digitaluk.co.uk/90597a05-e520-4fb0-85d2-402e509f6085&start=2026-08-07T14:50:00+0000&duration=PT30M from server.
Fetching https://www.freeview.co.uk/api/program?sid=18&nid=64403&pid=crid://csi.digitaluk.co.uk/3cfbcadb-4aff-45b2-bf11-4620508a7d23&start=2026-08-07T15:20:00+0000&duration=PT30M from server.
Fetching https://www.freeview.co.uk/api/program?sid=18&nid=64403&pid=crid://csi.digitaluk.co.uk/46780ac8-5324-40e7-8c92-86bdb167fa7a&start=2026-08-07T15:50:00+0000&duration=PT30M from server.
Fetching https://www.freeview.co.uk/api/program?sid=18&nid=64403&pid=crid://csi.digitaluk.co.uk/741e32c0-983c-472a-af8a-611275128d3d&start=2026-08-07T16:20:00+0000&duration=PT30M from server.
Fetching https://www.freeview.co.uk/api/program?sid=18&nid=64403&pid=crid://csi.digitaluk.co.uk/2326ad5a-eb96-4898-b67f-30d787e3fa80&start=2026-08-07T16:50:00+0000&duration=PT1H from server.
Fetching https://www.freeview.co.uk/api/program?sid=18&nid=64403&pid=crid://csi.digitaluk.co.uk/e590c5b5-2d40-4855-9513-bcdf15980a44&start=2026-08-07T17:50:00+0000&duration=PT1H5M from server.
Fetching https://www.freeview.co.uk/api/program?sid=18&nid=64403&pid=crid://csi.digitaluk.co.uk/a9ea7758-5dc3-4b1a-a829-33f691a6b1d2&start=2026-08-07T18:55:00+0000&duration=PT1H5M from server.
Fetching https://www.freeview.co.uk/api/program?sid=18&nid=64403&pid=crid://csi.digitaluk.co.uk/a332de78-7b79-4fa3-b6c6-755b3eadc894&start=2026-08-07T20:00:00+0000&duration=PT1H5M from server.
Fetching https://www.freeview.co.uk/api/program?sid=18&nid=64403&pid=crid://csi.digitaluk.co.uk/589d108d-522f-4253-96ae-f9f5f2be0673&start=2026-08-07T21:05:00+0000&duration=PT1H5M from server.
Fetching https://www.freeview.co.uk/api/program?sid=18&nid=64403&pid=crid://csi.digitaluk.co.uk/cf2361b1-1936-485b-94d6-875245c8dd17&start=2026-08-07T22:10:00+0000&duration=PT1H5M from server.
Fetching https://www.freeview.co.uk/api/program?sid=18&nid=64403&pid=crid://csi.digitaluk.co.uk/5b298c06-8663-4c18-8c16-664d4ff8d3ff&start=2026-08-07T23:15:00+0000&duration=PT1H from server.
## Wanted 12992 
Fetching https://www.freeview.co.uk/api/program?sid=21&nid=64403&pid=crid://csi.digitaluk.co.uk/b48b2019-035e-4262-90c8-0f80c8a3217f&start=2026-08-07T00:00:00+0000&duration=PT1H from server.
Fetching https://www.freeview.co.uk/api/program?sid=21&nid=64403&pid=crid://panorama.five.tv/versions/C5526240009A&start=2026-08-07T01:00:00+0000&duration=PT55M from server.
Fetching https://www.freeview.co.uk/api/program?sid=21&nid=64403&pid=crid://csi.digitaluk.co.uk/543b6ead-24f8-46c3-b488-e4a4a12569e4&start=2026-08-07T01:55:00+0000&duration=PT55M from server.
Fetching https://www.freeview.co.uk/api/program?sid=21&nid=64403&pid=crid://panorama.five.tv/versions/C5522700032A&start=2026-08-07T02:50:00+0000&duration=PT10M from server.
Fetching https://www.freeview.co.uk/api/program?sid=21&nid=64403&pid=crid://panorama.five.tv/versions/C5266540001A&start=2026-08-07T03:00:00+0000&duration=PT2H from server.
Fetching https://www.freeview.co.uk/api/program?sid=21&nid=64403&pid=crid://panorama.five.tv/versions/C5474060001A&start=2026-08-07T05:00:00+0000&duration=PT3H from server.
Fetching https://www.freeview.co.uk/api/program?sid=21&nid=64403&pid=crid://panorama.five.tv/versions/C5522700032A&start=2026-08-07T08:00:00+0000&duration=PT10M from server.
Fetching https://www.freeview.co.uk/api/program?sid=21&nid=64403&pid=crid://csi.digitaluk.co.uk/376459f9-31c9-4971-83f1-9ec305281df4&start=2026-08-07T08:10:00+0000&duration=PT50M from server.
Fetching https://www.freeview.co.uk/api/program?sid=21&nid=64403&pid=crid://csi.digitaluk.co.uk/dd2e2f26-624a-4930-b0e3-e2ba48a6c41a&start=2026-08-07T09:00:00+0000&duration=PT1H from server.
Fetching https://www.freeview.co.uk/api/program?sid=21&nid=64403&pid=crid://csi.digitaluk.co.uk/e427ded1-008d-4d1f-9eff-0639d0accbf1&start=2026-08-07T10:00:00+0000&duration=PT1H from server.
Fetching https://www.freeview.co.uk/api/program?sid=21&nid=64403&pid=crid://csi.digitaluk.co.uk/df35b78d-6b70-48c5-8f24-4832e281620b&start=2026-08-07T11:00:00+0000&duration=PT1H from server.
Fetching https://www.freeview.co.uk/api/program?sid=21&nid=64403&pid=crid://csi.digitaluk.co.uk/3a4e0054-567d-41bf-98bc-62f9199c8273&start=2026-08-07T12:00:00+0000&duration=PT1H from server.
Fetching https://www.freeview.co.uk/api/program?sid=21&nid=64403&pid=crid://csi.digitaluk.co.uk/0823935f-fa23-44cf-9a2f-cbfdd0853830&start=2026-08-07T13:00:00+0000&duration=PT1H from server.
Fetching https://www.freeview.co.uk/api/program?sid=21&nid=64403&pid=crid://csi.digitaluk.co.uk/7e8869d2-463a-4b72-9faf-40b95d7b8cd0&start=2026-08-07T14:00:00+0000&duration=PT1H from server.
Fetching https://www.freeview.co.uk/api/program?sid=21&nid=64403&pid=crid://csi.digitaluk.co.uk/1f12442c-a076-4685-a0ba-4661284ef281&start=2026-08-07T15:00:00+0000&duration=PT1H from server.
Fetching https://www.freeview.co.uk/api/program?sid=21&nid=64403&pid=crid://csi.digitaluk.co.uk/7e9cf798-d43b-4a12-8cf7-e8f74c3ce59e&start=2026-08-07T16:00:00+0000&duration=PT1H from server.
Fetching https://www.freeview.co.uk/api/program?sid=21&nid=64403&pid=crid://csi.digitaluk.co.uk/2faaf571-ed77-4902-b80c-6d0f46069499&start=2026-08-07T17:00:00+0000&duration=PT1H from server.
Fetching https://www.freeview.co.uk/api/program?sid=21&nid=64403&pid=crid://csi.digitaluk.co.uk/16abc835-1351-4b86-999e-9791bce0fd3c&start=2026-08-07T18:00:00+0000&duration=PT1H from server.
Fetching https://www.freeview.co.uk/api/program?sid=21&nid=64403&pid=crid://csi.digitaluk.co.uk/1158727f-866a-4e68-ac75-5c19c7e254f6&start=2026-08-07T19:00:00+0000&duration=PT1H from server.
Fetching https://www.freeview.co.uk/api/program?sid=21&nid=64403&pid=crid://csi.digitaluk.co.uk/29d4a201-1359-4540-9f90-0feb63d4a054&start=2026-08-07T20:00:00+0000&duration=PT1H from server.
Fetching https://www.freeview.co.uk/api/program?sid=21&nid=64403&pid=crid://csi.digitaluk.co.uk/b6345f38-3149-40a8-a13d-dcb6a224cf01&start=2026-08-07T21:00:00+0000&duration=PT1H from server.
Fetching https://www.freeview.co.uk/api/program?sid=21&nid=64403&pid=crid://csi.digitaluk.co.uk/60a10c08-7d19-4259-b1b5-6c867684694f&start=2026-08-07T22:00:00+0000&duration=PT1H from server.
Fetching https://www.freeview.co.uk/api/program?sid=21&nid=64403&pid=crid://csi.digitaluk.co.uk/6b534a5d-e66e-4622-b549-144293bf8ab5&start=2026-08-07T23:00:00+0000&duration=PT55M from server.
Fetching https://www.freeview.co.uk/api/program?sid=21&nid=64403&pid=crid://csi.digitaluk.co.uk/b5b14418-b363-4d27-9d81-c4f7306b8cbd&start=2026-08-07T23:55:00+0000&duration=PT1H from server.
### Wanted 12928 
Fetching https://www.freeview.co.uk/api/program?sid=32&nid=64403&pid=crid://panorama.five.tv/versions/C5370280004A&start=2026-08-07T00:00:00+0000&duration=PT1H from server.
Fetching https://www.freeview.co.uk/api/program?sid=32&nid=64403&pid=crid://panorama.five.tv/versions/C5328650008B&start=2026-08-07T01:00:00+0000&duration=PT50M from server.
Fetching https://www.freeview.co.uk/api/program?sid=32&nid=64403&pid=crid://panorama.five.tv/versions/C5477820004A&start=2026-08-07T01:50:00+0000&duration=PT45M from server.
Fetching https://www.freeview.co.uk/api/program?sid=32&nid=64403&pid=crid://panorama.five.tv/versions/C5255310006B&start=2026-08-07T02:35:00+0000&duration=PT25M from server.
Fetching https://www.freeview.co.uk/api/program?sid=32&nid=64403&pid=crid://panorama.five.tv/versions/C5266540001A&start=2026-08-07T03:00:00+0000&duration=PT2H from server.
Fetching https://www.freeview.co.uk/api/program?sid=32&nid=64403&pid=crid://panorama.five.tv/versions/C5266540001A&start=2026-08-07T05:00:00+0000&duration=PT1H from server.
Fetching https://www.freeview.co.uk/api/program?sid=32&nid=64403&pid=crid://panorama.five.tv/versions/C5538100001A&start=2026-08-07T06:00:00+0000&duration=PT30M from server.
Fetching https://www.freeview.co.uk/api/program?sid=32&nid=64403&pid=crid://panorama.five.tv/versions/C5503740001A&start=2026-08-07T06:30:00+0000&duration=PT30M from server.
Fetching https://www.freeview.co.uk/api/program?sid=32&nid=64403&pid=crid://panorama.five.tv/versions/C5495570049A&start=2026-08-07T07:00:00+0000&duration=PT1H from server.
Fetching https://www.freeview.co.uk/api/program?sid=32&nid=64403&pid=crid://panorama.five.tv/versions/C5495570050A&start=2026-08-07T08:00:00+0000&duration=PT1H from server.
Fetching https://www.freeview.co.uk/api/program?sid=32&nid=64403&pid=crid://panorama.five.tv/versions/C5231760011C&start=2026-08-07T09:00:00+0000&duration=PT1H from server.
Fetching https://www.freeview.co.uk/api/program?sid=32&nid=64403&pid=crid://panorama.five.tv/versions/C5223390012D&start=2026-08-07T10:00:00+0000&duration=PT1H from server.
Fetching https://www.freeview.co.uk/api/program?sid=32&nid=64403&pid=crid://panorama.five.tv/versions/C5223390015H&start=2026-08-07T11:00:00+0000&duration=PT1H from server.
Fetching https://www.freeview.co.uk/api/program?sid=32&nid=64403&pid=crid://panorama.five.tv/versions/C5223390016C&start=2026-08-07T12:00:00+0000&duration=PT1H from server.
Fetching https://www.freeview.co.uk/api/program?sid=32&nid=64403&pid=crid://panorama.five.tv/versions/C5141380013F&start=2026-08-07T13:00:00+0000&duration=PT1H from server.
Fetching https://www.freeview.co.uk/api/program?sid=32&nid=64403&pid=crid://panorama.five.tv/versions/C5141380014G&start=2026-08-07T14:00:00+0000&duration=PT1H from server.
Fetching https://www.freeview.co.uk/api/program?sid=32&nid=64403&pid=crid://panorama.five.tv/versions/C5156740001E&start=2026-08-07T15:00:00+0000&duration=PT1H from server.
Fetching https://www.freeview.co.uk/api/program?sid=32&nid=64403&pid=crid://panorama.five.tv/versions/C5429820015B&start=2026-08-07T16:00:00+0000&duration=PT1H from server.
Fetching https://www.freeview.co.uk/api/program?sid=32&nid=64403&pid=crid://panorama.five.tv/versions/C5164553155A&start=2026-08-07T17:00:00+0000&duration=PT30M from server.
Fetching https://www.freeview.co.uk/api/program?sid=32&nid=64403&pid=crid://panorama.five.tv/versions/C5164553156A&start=2026-08-07T17:30:00+0000&duration=PT30M from server.
Fetching https://www.freeview.co.uk/api/program?sid=32&nid=64403&pid=crid://panorama.five.tv/versions/C5415800025A&start=2026-08-07T18:00:00+0000&duration=PT1H from server.
Fetching https://www.freeview.co.uk/api/program?sid=32&nid=64403&pid=crid://panorama.five.tv/versions/C5394740003B&start=2026-08-07T19:00:00+0000&duration=PT1H from server.
Fetching https://www.freeview.co.uk/api/program?sid=32&nid=64403&pid=crid://panorama.five.tv/versions/C5273320001C&start=2026-08-07T20:00:00+0000&duration=PT1H from server.
Fetching https://www.freeview.co.uk/api/program?sid=32&nid=64403&pid=crid://panorama.five.tv/versions/C5411400002A&start=2026-08-07T21:00:00+0000&duration=PT1H from server.
Fetching https://www.freeview.co.uk/api/program?sid=32&nid=64403&pid=crid://panorama.five.tv/versions/C5462240006A&start=2026-08-07T22:00:00+0000&duration=PT1H from server.
Fetching https://www.freeview.co.uk/api/program?sid=32&nid=64403&pid=crid://panorama.five.tv/versions/C5477820008A&start=2026-08-07T23:00:00+0000&duration=PT1H from server.
## Wanted 16112 
Fetching https://www.freeview.co.uk/api/program?sid=33&nid=64403&pid=crid://panorama.five.tv/versions/C5435860001A&start=2026-08-07T00:00:00+0000&duration=PT1H from server.
Fetching https://www.freeview.co.uk/api/program?sid=33&nid=64403&pid=crid://panorama.five.tv/versions/C5473240008A&start=2026-08-07T01:00:00+0000&duration=PT1H from server.
Fetching https://www.freeview.co.uk/api/program?sid=33&nid=64403&pid=crid://panorama.five.tv/versions/C5473240009B&start=2026-08-07T02:00:00+0000&duration=PT50M from server.
Fetching https://www.freeview.co.uk/api/program?sid=33&nid=64403&pid=crid://panorama.five.tv/versions/C5522700032A&start=2026-08-07T02:50:00+0000&duration=PT10M from server.
Fetching https://www.freeview.co.uk/api/program?sid=33&nid=64403&pid=crid://panorama.five.tv/versions/C5340000001A&start=2026-08-07T03:00:00+0000&duration=PT2H from server.
Fetching https://www.freeview.co.uk/api/program?sid=33&nid=64403&pid=crid://panorama.five.tv/versions/C5266540001A&start=2026-08-07T05:00:00+0000&duration=PT1H from server.
Fetching https://www.freeview.co.uk/api/program?sid=33&nid=64403&pid=crid://panorama.five.tv/versions/C5349600001A&start=2026-08-07T06:00:00+0000&duration=PT1H from server.
Fetching https://www.freeview.co.uk/api/program?sid=33&nid=64403&pid=crid://panorama.five.tv/versions/C5349600001A&start=2026-08-07T07:00:00+0000&duration=PT1H from server.
Fetching https://www.freeview.co.uk/api/program?sid=33&nid=64403&pid=crid://panorama.five.tv/versions/C5406840026A&start=2026-08-07T08:00:00+0000&duration=PT35M from server.
Fetching https://www.freeview.co.uk/api/program?sid=33&nid=64403&pid=crid://panorama.five.tv/versions/C5141380001H&start=2026-08-07T08:35:00+0000&duration=PT1H from server.
Fetching https://www.freeview.co.uk/api/program?sid=33&nid=64403&pid=crid://panorama.five.tv/versions/C5533920025A&start=2026-08-07T09:35:00+0000&duration=PT1H5M from server.
Fetching https://www.freeview.co.uk/api/program?sid=33&nid=64403&pid=crid://panorama.five.tv/versions/C5522340001A&start=2026-08-07T10:40:00+0000&duration=PT1H from server.
Fetching https://www.freeview.co.uk/api/program?sid=33&nid=64403&pid=crid://csi.digitaluk.co.uk/d779ed72-3569-4865-9176-7799f2bd1290&start=2026-08-07T11:40:00+0000&duration=PT5M from server.
Fetching https://www.freeview.co.uk/api/program?sid=33&nid=64403&pid=crid://panorama.five.tv/versions/C5522340001A&start=2026-08-07T11:45:00+0000&duration=PT1H20M from server.
Fetching https://www.freeview.co.uk/api/program?sid=33&nid=64403&pid=crid://panorama.five.tv/versions/C5309020001B&start=2026-08-07T13:05:00+0000&duration=PT1H5M from server.
Fetching https://www.freeview.co.uk/api/program?sid=33&nid=64403&pid=crid://csi.digitaluk.co.uk/74f845a9-e32d-4036-a949-b343139a1928&start=2026-08-07T14:10:00+0000&duration=PT5M from server.
Fetching https://www.freeview.co.uk/api/program?sid=33&nid=64403&pid=crid://panorama.five.tv/versions/C5309020001B&start=2026-08-07T14:15:00+0000&duration=PT45M from server.
Fetching https://www.freeview.co.uk/api/program?sid=33&nid=64403&pid=crid://panorama.five.tv/versions/C5444000010B&start=2026-08-07T15:00:00+0000&duration=PT1H from server.
Fetching https://www.freeview.co.uk/api/program?sid=33&nid=64403&pid=crid://panorama.five.tv/versions/C5407200001D&start=2026-08-07T16:00:00+0000&duration=PT1H from server.
Fetching https://www.freeview.co.uk/api/program?sid=33&nid=64403&pid=crid://panorama.five.tv/versions/C5234830009F&start=2026-08-07T17:00:00+0000&duration=PT1H from server.
Fetching https://www.freeview.co.uk/api/program?sid=33&nid=64403&pid=crid://panorama.five.tv/versions/C5234830010F&start=2026-08-07T18:00:00+0000&duration=PT1H from server.
Fetching https://www.freeview.co.uk/api/program?sid=33&nid=64403&pid=crid://panorama.five.tv/versions/C5407200006D&start=2026-08-07T19:00:00+0000&duration=PT1H from server.
Fetching https://www.freeview.co.uk/api/program?sid=33&nid=64403&pid=crid://panorama.five.tv/versions/C5311270009B&start=2026-08-07T20:00:00+0000&duration=PT1H from server.
Fetching https://www.freeview.co.uk/api/program?sid=33&nid=64403&pid=crid://panorama.five.tv/versions/C5526220024A&start=2026-08-07T21:00:00+0000&duration=PT30M from server.
Fetching https://www.freeview.co.uk/api/program?sid=33&nid=64403&pid=crid://panorama.five.tv/versions/C5526220025A&start=2026-08-07T21:30:00+0000&duration=PT30M from server.
Fetching https://www.freeview.co.uk/api/program?sid=33&nid=64403&pid=crid://panorama.five.tv/versions/C5211860014A&start=2026-08-07T22:00:00+0000&duration=PT1H from server.
Fetching https://www.freeview.co.uk/api/program?sid=33&nid=64403&pid=crid://panorama.five.tv/versions/C5459600001A&start=2026-08-07T23:00:00+0000&duration=PT1H from server.
### Wanted 8373 
Fetching https://www.freeview.co.uk/api/program?sid=35&nid=64403&pid=crid://csi.digitaluk.co.uk/490d39e6-41a5-4940-8d6f-a2046cde7341&start=2026-08-07T01:10:00+0000&duration=PT1H50M from server.
Fetching https://www.freeview.co.uk/api/program?sid=35&nid=64403&pid=crid://csi.digitaluk.co.uk/f4640b1a-8d94-4082-bebc-19745fc4d02e&start=2026-08-07T03:00:00+0000&duration=PT50M from server.
Fetching https://www.freeview.co.uk/api/program?sid=35&nid=64403&pid=crid://csi.digitaluk.co.uk/b92c9f35-8b24-45a3-93aa-7ba306f97359&start=2026-08-07T03:50:00+0000&duration=PT1H15M from server.
Fetching https://www.freeview.co.uk/api/program?sid=35&nid=64403&pid=crid://csi.digitaluk.co.uk/d5b6a8c2-d476-450e-9544-f43e29ba6f57&start=2026-08-07T05:05:00+0000&duration=PT55M from server.
Fetching https://www.freeview.co.uk/api/program?sid=35&nid=64403&pid=crid://csi.digitaluk.co.uk/50be4b3a-0a9d-4f6a-abdd-3d478afac0cc&start=2026-08-07T06:00:00+0000&duration=PT4H from server.
Fetching https://www.freeview.co.uk/api/program?sid=35&nid=64403&pid=crid://csi.digitaluk.co.uk/57c23ecf-f2ac-496f-82ca-40a7c8b01125&start=2026-08-07T10:00:00+0000&duration=PT3H30M from server.
Fetching https://www.freeview.co.uk/api/program?sid=35&nid=64403&pid=crid://csi.digitaluk.co.uk/436cd2e4-7c4d-4f90-9190-b05ff5c26a46&start=2026-08-07T13:30:00+0000&duration=PT25M from server.
Fetching https://www.freeview.co.uk/api/program?sid=35&nid=64403&pid=crid://csi.digitaluk.co.uk/418fbbe2-4058-4b91-adf6-ec5d42b8cf4a&start=2026-08-07T13:55:00+0000&duration=PT5M from server.
Fetching https://www.freeview.co.uk/api/program?sid=35&nid=64403&pid=crid://csi.digitaluk.co.uk/40f7e018-143e-4a8e-9978-84fe897c0dc6&start=2026-08-07T14:00:00+0000&duration=PT1H from server.
Fetching https://www.freeview.co.uk/api/program?sid=35&nid=64403&pid=crid://csi.digitaluk.co.uk/7e31557c-d06e-493d-8723-a321f114c442&start=2026-08-07T15:00:00+0000&duration=PT1H from server.
Fetching https://www.freeview.co.uk/api/program?sid=35&nid=64403&pid=crid://csi.digitaluk.co.uk/bd18848d-331d-4687-ba4a-ab141537aab3&start=2026-08-07T16:00:00+0000&duration=PT1H from server.
Fetching https://www.freeview.co.uk/api/program?sid=35&nid=64403&pid=crid://csi.digitaluk.co.uk/9493fd38-0bf4-4b34-bc2d-0fe19e6dc384&start=2026-08-07T17:00:00+0000&duration=PT1H from server.
Fetching https://www.freeview.co.uk/api/program?sid=35&nid=64403&pid=crid://csi.digitaluk.co.uk/47722889-127d-4893-9a44-1a03668534fc&start=2026-08-07T18:00:00+0000&duration=PT30M from server.
Fetching https://www.freeview.co.uk/api/program?sid=35&nid=64403&pid=crid://csi.digitaluk.co.uk/604a370f-f755-4676-ba94-8dad1c4dff08&start=2026-08-07T18:30:00+0000&duration=PT30M from server.
Fetching https://www.freeview.co.uk/api/program?sid=35&nid=64403&pid=crid://csi.digitaluk.co.uk/e4903244-e680-4b5c-9ef6-357e3fe5a8eb&start=2026-08-07T19:00:00+0000&duration=PT30M from server.
Fetching https://www.freeview.co.uk/api/program?sid=35&nid=64403&pid=crid://csi.digitaluk.co.uk/33fb4182-4a3c-446a-84bd-16d24e4e723a&start=2026-08-07T19:30:00+0000&duration=PT2H55M from server.
Fetching https://www.freeview.co.uk/api/program?sid=35&nid=64403&pid=crid://csi.digitaluk.co.uk/d83af8b4-5745-412f-865b-d0f4accd1375&start=2026-08-07T22:25:00+0000&duration=PT30M from server.
Fetching https://www.freeview.co.uk/api/program?sid=35&nid=64403&pid=crid://csi.digitaluk.co.uk/2d18a0ae-3c87-4336-8ca1-47afe96a0e1d&start=2026-08-07T22:55:00+0000&duration=PT20M from server.
Fetching https://www.freeview.co.uk/api/program?sid=35&nid=64403&pid=crid://csi.digitaluk.co.uk/d93bd1d6-80b3-4b40-9144-298ae7f48a11&start=2026-08-07T23:15:00+0000&duration=PT1H55M from server.
## Wanted 27680 
Fetching https://www.freeview.co.uk/api/program?sid=39&nid=64403&pid=crid://csi.digitaluk.co.uk/65f6a31a-8331-48cb-b3f8-9bef1fa1bfb6&start=2026-08-07T00:00:00+0000&duration=PT1H from server.
Fetching https://www.freeview.co.uk/api/program?sid=39&nid=64403&pid=crid://csi.digitaluk.co.uk/aca13354-8d3f-4f78-802e-867170641b09&start=2026-08-07T01:00:00+0000&duration=PT30M from server.
Fetching https://www.freeview.co.uk/api/program?sid=39&nid=64403&pid=crid://csi.digitaluk.co.uk/cf3ca19a-863f-420b-a598-8fb80aed958e&start=2026-08-07T01:30:00+0000&duration=PT30M from server.
Fetching https://www.freeview.co.uk/api/program?sid=39&nid=64403&pid=crid://csi.digitaluk.co.uk/b6944d1a-3de7-4917-8ee8-f276162ea5a6&start=2026-08-07T02:00:00+0000&duration=PT30M from server.
Fetching https://www.freeview.co.uk/api/program?sid=39&nid=64403&pid=crid://csi.digitaluk.co.uk/f09dcb42-c1eb-4247-a7f9-13738627b7f9&start=2026-08-07T02:30:00+0000&duration=PT30M from server.
Fetching https://www.freeview.co.uk/api/program?sid=39&nid=64403&pid=crid://csi.digitaluk.co.uk/c02bc1a3-fdd9-4c79-8b64-792a7e320e02&start=2026-08-07T03:00:00+0000&duration=PT30M from server.
Fetching https://www.freeview.co.uk/api/program?sid=39&nid=64403&pid=crid://csi.digitaluk.co.uk/1d25d920-92a9-460b-9447-0bf7f1acaba6&start=2026-08-07T03:30:00+0000&duration=PT30M from server.
Fetching https://www.freeview.co.uk/api/program?sid=39&nid=64403&pid=crid://csi.digitaluk.co.uk/4cadc1b1-e8fc-400c-a555-6b3316a2f6d9&start=2026-08-07T04:00:00+0000&duration=PT30M from server.
Fetching https://www.freeview.co.uk/api/program?sid=39&nid=64403&pid=crid://csi.digitaluk.co.uk/3d653314-1b72-4fe2-8c12-50b50d92ef0c&start=2026-08-07T04:30:00+0000&duration=PT30M from server.
Fetching https://www.freeview.co.uk/api/program?sid=39&nid=64403&pid=crid://csi.digitaluk.co.uk/a6b640b6-f607-4893-b47e-3b3486a8b5e0&start=2026-08-07T05:00:00+0000&duration=PT1H from server.
Fetching https://www.freeview.co.uk/api/program?sid=39&nid=64403&pid=crid://csi.digitaluk.co.uk/31504eed-eba4-45e8-9732-1a84c77a369a&start=2026-08-07T06:00:00+0000&duration=PT1H from server.
Fetching https://www.freeview.co.uk/api/program?sid=39&nid=64403&pid=crid://csi.digitaluk.co.uk/0103398d-4bc4-4fae-8cad-cbe4f602e8ee&start=2026-08-07T07:00:00+0000&duration=PT1H from server.
Fetching https://www.freeview.co.uk/api/program?sid=39&nid=64403&pid=crid://csi.digitaluk.co.uk/cb3ab85e-1add-4dca-bbca-92770e0c2c41&start=2026-08-07T08:00:00+0000&duration=PT1H from server.
Fetching https://www.freeview.co.uk/api/program?sid=39&nid=64403&pid=crid://csi.digitaluk.co.uk/adae7818-7781-4f47-b162-62d55f24471c&start=2026-08-07T09:00:00+0000&duration=PT1H from server.
Fetching https://www.freeview.co.uk/api/program?sid=39&nid=64403&pid=crid://csi.digitaluk.co.uk/80f969cf-9870-4688-87eb-5c840a8c1aca&start=2026-08-07T10:00:00+0000&duration=PT1H from server.
Fetching https://www.freeview.co.uk/api/program?sid=39&nid=64403&pid=crid://csi.digitaluk.co.uk/f4d4ce24-d5f2-4879-b24d-e08359f2c6dc&start=2026-08-07T11:00:00+0000&duration=PT1H from server.
Fetching https://www.freeview.co.uk/api/program?sid=39&nid=64403&pid=crid://csi.digitaluk.co.uk/657fd2f6-8999-45cf-8b40-bea42410a0e9&start=2026-08-07T12:00:00+0000&duration=PT1H from server.
Fetching https://www.freeview.co.uk/api/program?sid=39&nid=64403&pid=crid://csi.digitaluk.co.uk/eee3d4fc-3e2b-4e0b-b5e5-5bd1794b2f81&start=2026-08-07T13:00:00+0000&duration=PT1H from server.
Fetching https://www.freeview.co.uk/api/program?sid=39&nid=64403&pid=crid://csi.digitaluk.co.uk/7b62b2d7-f4b7-4dd4-ac13-0d9426ae2b42&start=2026-08-07T14:00:00+0000&duration=PT2H from server.
Fetching https://www.freeview.co.uk/api/program?sid=39&nid=64403&pid=crid://csi.digitaluk.co.uk/2b5ef647-b7cd-48cf-979c-a4e444840820&start=2026-08-07T16:00:00+0000&duration=PT1H from server.
Fetching https://www.freeview.co.uk/api/program?sid=39&nid=64403&pid=crid://csi.digitaluk.co.uk/51b2a836-e548-41c4-9d5f-36e77ed5976a&start=2026-08-07T17:00:00+0000&duration=PT1H from server.
Fetching https://www.freeview.co.uk/api/program?sid=39&nid=64403&pid=crid://csi.digitaluk.co.uk/dd8277f8-dd2c-43c3-8545-885106794fe7&start=2026-08-07T18:00:00+0000&duration=PT1H from server.
Fetching https://www.freeview.co.uk/api/program?sid=39&nid=64403&pid=crid://csi.digitaluk.co.uk/3a3f1a78-e5bc-475a-8f38-5adf01181560&start=2026-08-07T19:00:00+0000&duration=PT1H from server.
Fetching https://www.freeview.co.uk/api/program?sid=39&nid=64403&pid=crid://csi.digitaluk.co.uk/cb67df11-954c-47c8-b5a8-131930af6447&start=2026-08-07T20:00:00+0000&duration=PT1H from server.
Fetching https://www.freeview.co.uk/api/program?sid=39&nid=64403&pid=crid://csi.digitaluk.co.uk/abbfde00-8273-4b74-9a6f-10bfa8614716&start=2026-08-07T21:00:00+0000&duration=PT1H from server.
Fetching https://www.freeview.co.uk/api/program?sid=39&nid=64403&pid=crid://csi.digitaluk.co.uk/f1c387db-dbee-458d-a119-5e793aea3f2d&start=2026-08-07T22:00:00+0000&duration=PT1H from server.
Fetching https://www.freeview.co.uk/api/program?sid=39&nid=64403&pid=crid://csi.digitaluk.co.uk/d5e9377e-0ccf-4840-9bb8-eec454ab6adc&start=2026-08-07T23:00:00+0000&duration=PT2H from server.
### Wanted 23744 
Fetching https://www.freeview.co.uk/api/program?sid=40&nid=64403&pid=crid://csi.digitaluk.co.uk/1fc86327-addf-4f6d-a0e6-e746e54440e9&start=2026-08-07T00:00:00+0000&duration=PT1H from server.
Fetching https://www.freeview.co.uk/api/program?sid=40&nid=64403&pid=crid://csi.digitaluk.co.uk/7bfd76dc-043a-41c0-aaa9-ec11a1b11a4d&start=2026-08-07T01:00:00+0000&duration=PT1H from server.
Fetching https://www.freeview.co.uk/api/program?sid=40&nid=64403&pid=crid://csi.digitaluk.co.uk/6db59fba-f39c-4334-ad0d-65166fb4a66e&start=2026-08-07T02:00:00+0000&duration=PT1H from server.
Fetching https://www.freeview.co.uk/api/program?sid=40&nid=64403&pid=crid://csi.digitaluk.co.uk/71cbe7b9-6c73-47bb-b55f-8e995b566d85&start=2026-08-07T03:00:00+0000&duration=PT30M from server.
Fetching https://www.freeview.co.uk/api/program?sid=40&nid=64403&pid=crid://csi.digitaluk.co.uk/05fded48-7a6a-41d6-a56b-3692ea310524&start=2026-08-07T03:30:00+0000&duration=PT30M from server.
Fetching https://www.freeview.co.uk/api/program?sid=40&nid=64403&pid=crid://csi.digitaluk.co.uk/89d03bf7-d7b4-4fcf-8257-10abf8baef60&start=2026-08-07T04:00:00+0000&duration=PT30M from server.
Fetching https://www.freeview.co.uk/api/program?sid=40&nid=64403&pid=crid://csi.digitaluk.co.uk/371989e0-3dd3-4b45-8feb-a265c40b5061&start=2026-08-07T04:30:00+0000&duration=PT30M from server.
Fetching https://www.freeview.co.uk/api/program?sid=40&nid=64403&pid=crid://csi.digitaluk.co.uk/9536e687-6764-470c-b0c6-3c5cc251fa07&start=2026-08-07T05:00:00+0000&duration=PT30M from server.
Fetching https://www.freeview.co.uk/api/program?sid=40&nid=64403&pid=crid://csi.digitaluk.co.uk/a7f21c16-4dfa-44b2-bdeb-62a589a37de5&start=2026-08-07T05:30:00+0000&duration=PT30M from server.
Fetching https://www.freeview.co.uk/api/program?sid=40&nid=64403&pid=crid://csi.digitaluk.co.uk/5281f663-5f42-4991-aee2-3208f9aba175&start=2026-08-07T06:00:00+0000&duration=PT30M from server.
Fetching https://www.freeview.co.uk/api/program?sid=40&nid=64403&pid=crid://csi.digitaluk.co.uk/6a36d3ff-3927-4d02-9cbf-6592f94c005c&start=2026-08-07T06:30:00+0000&duration=PT30M from server.
Fetching https://www.freeview.co.uk/api/program?sid=40&nid=64403&pid=crid://csi.digitaluk.co.uk/4d54ea13-cb52-4b06-8a67-47fa6109a437&start=2026-08-07T07:00:00+0000&duration=PT30M from server.
Fetching https://www.freeview.co.uk/api/program?sid=40&nid=64403&pid=crid://csi.digitaluk.co.uk/c31809a6-ffde-4946-a5e9-99e561b5fb2d&start=2026-08-07T07:30:00+0000&duration=PT30M from server.
Fetching https://www.freeview.co.uk/api/program?sid=40&nid=64403&pid=crid://csi.digitaluk.co.uk/a5d464b9-faf1-4140-9ab0-f4b765cd9e57&start=2026-08-07T08:00:00+0000&duration=PT30M from server.
Fetching https://www.freeview.co.uk/api/program?sid=40&nid=64403&pid=crid://csi.digitaluk.co.uk/48d93a48-4190-4903-8801-e7db4bd8564d&start=2026-08-07T08:30:00+0000&duration=PT30M from server.
Fetching https://www.freeview.co.uk/api/program?sid=40&nid=64403&pid=crid://csi.digitaluk.co.uk/c8b1aaf4-9e77-46b4-87fb-8d2ffff26e16&start=2026-08-07T09:00:00+0000&duration=PT1H from server.
Fetching https://www.freeview.co.uk/api/program?sid=40&nid=64403&pid=crid://csi.digitaluk.co.uk/34a8451d-e719-4c1b-b62c-19158e120a0f&start=2026-08-07T10:00:00+0000&duration=PT1H from server.
Fetching https://www.freeview.co.uk/api/program?sid=40&nid=64403&pid=crid://csi.digitaluk.co.uk/e82e4230-2951-4fb0-bbf3-9b74e75dbc22&start=2026-08-07T11:00:00+0000&duration=PT1H from server.
Fetching https://www.freeview.co.uk/api/program?sid=40&nid=64403&pid=crid://csi.digitaluk.co.uk/baaaa940-bc42-44b5-b048-537006274406&start=2026-08-07T12:00:00+0000&duration=PT1H from server.
Fetching https://www.freeview.co.uk/api/program?sid=40&nid=64403&pid=crid://csi.digitaluk.co.uk/caa65e8b-bccd-4a5c-b46f-7b8c01e342ae&start=2026-08-07T13:00:00+0000&duration=PT1H from server.
Fetching https://www.freeview.co.uk/api/program?sid=40&nid=64403&pid=crid://csi.digitaluk.co.uk/48c80fd0-bfa4-44f8-90a9-19e8a66c5759&start=2026-08-07T14:00:00+0000&duration=PT1H from server.
Fetching https://www.freeview.co.uk/api/program?sid=40&nid=64403&pid=crid://csi.digitaluk.co.uk/e6ab4bee-7315-4f4e-9398-6c56e5cde1b3&start=2026-08-07T15:00:00+0000&duration=PT1H from server.
Fetching https://www.freeview.co.uk/api/program?sid=40&nid=64403&pid=crid://csi.digitaluk.co.uk/f67a3dce-a424-4935-bfc7-eba893def54e&start=2026-08-07T16:00:00+0000&duration=PT1H from server.
Fetching https://www.freeview.co.uk/api/program?sid=40&nid=64403&pid=crid://csi.digitaluk.co.uk/91f4c9cd-420a-406b-887b-bca2e0946654&start=2026-08-07T17:00:00+0000&duration=PT1H from server.
Fetching https://www.freeview.co.uk/api/program?sid=40&nid=64403&pid=crid://csi.digitaluk.co.uk/80c3fcff-0919-48f0-9e3d-1d39ce669b3a&start=2026-08-07T18:00:00+0000&duration=PT1H from server.
Fetching https://www.freeview.co.uk/api/program?sid=40&nid=64403&pid=crid://csi.digitaluk.co.uk/40f400ab-df13-47bf-97fc-6240adcf6a17&start=2026-08-07T19:00:00+0000&duration=PT1H from server.
Fetching https://www.freeview.co.uk/api/program?sid=40&nid=64403&pid=crid://csi.digitaluk.co.uk/f24993fc-c250-43d7-adb9-0472bffa799e&start=2026-08-07T20:00:00+0000&duration=PT2H from server.
Fetching https://www.freeview.co.uk/api/program?sid=40&nid=64403&pid=crid://csi.digitaluk.co.uk/aaf0fd5b-6806-453f-8196-48617f2573da&start=2026-08-07T22:00:00+0000&duration=PT1H from server.
Fetching https://www.freeview.co.uk/api/program?sid=40&nid=64403&pid=crid://csi.digitaluk.co.uk/bb9f7018-5ed0-4c26-ac43-d838b575f258&start=2026-08-07T23:00:00+0000&duration=PT1H from server.
## Wanted 23040 
Fetching https://www.freeview.co.uk/api/program?sid=43&nid=64403&pid=crid://csi.digitaluk.co.uk/4c4ae2be-966b-4ca8-ac9b-1d7390d4da88&start=2026-08-07T00:00:00+0000&duration=PT30M from server.
Fetching https://www.freeview.co.uk/api/program?sid=43&nid=64403&pid=crid://csi.digitaluk.co.uk/0cd94088-8791-44aa-b7c2-1bf5d39147ae&start=2026-08-07T00:30:00+0000&duration=PT30M from server.
Fetching https://www.freeview.co.uk/api/program?sid=43&nid=64403&pid=crid://csi.digitaluk.co.uk/b4d87dd3-3bdb-4cf4-b5e9-2d89a2a17317&start=2026-08-07T01:00:00+0000&duration=PT30M from server.
Fetching https://www.freeview.co.uk/api/program?sid=43&nid=64403&pid=crid://csi.digitaluk.co.uk/55047559-70fe-4b64-afd0-bbdd742660a7&start=2026-08-07T01:30:00+0000&duration=PT30M from server.
Fetching https://www.freeview.co.uk/api/program?sid=43&nid=64403&pid=crid://csi.digitaluk.co.uk/8ec993be-7144-4379-8774-c7dedc16d500&start=2026-08-07T02:00:00+0000&duration=PT30M from server.
Fetching https://www.freeview.co.uk/api/program?sid=43&nid=64403&pid=crid://csi.digitaluk.co.uk/6a977525-3390-48f2-a304-28ee32d6b818&start=2026-08-07T02:30:00+0000&duration=PT30M from server.
Fetching https://www.freeview.co.uk/api/program?sid=43&nid=64403&pid=crid://csi.digitaluk.co.uk/082977aa-666f-47b8-8e5a-4e65e9e7625f&start=2026-08-07T03:00:00+0000&duration=PT30M from server.
Fetching https://www.freeview.co.uk/api/program?sid=43&nid=64403&pid=crid://csi.digitaluk.co.uk/9cc4b8b2-3c94-41ff-b456-4b9689b78e98&start=2026-08-07T03:30:00+0000&duration=PT30M from server.
Fetching https://www.freeview.co.uk/api/program?sid=43&nid=64403&pid=crid://csi.digitaluk.co.uk/46fd4aff-08d7-47d4-8699-763fc272ee27&start=2026-08-07T04:00:00+0000&duration=PT30M from server.
Fetching https://www.freeview.co.uk/api/program?sid=43&nid=64403&pid=crid://csi.digitaluk.co.uk/af830bd8-4a0b-434d-8093-d6d32f3c1ccb&start=2026-08-07T04:30:00+0000&duration=PT30M from server.
Fetching https://www.freeview.co.uk/api/program?sid=43&nid=64403&pid=crid://csi.digitaluk.co.uk/056624e4-3523-46a0-b782-9a1e84d4abe6&start=2026-08-07T05:00:00+0000&duration=PT30M from server.
Fetching https://www.freeview.co.uk/api/program?sid=43&nid=64403&pid=crid://csi.digitaluk.co.uk/8fcce268-db9a-4d7c-a0e1-ba78044a46bf&start=2026-08-07T05:30:00+0000&duration=PT30M from server.
Fetching https://www.freeview.co.uk/api/program?sid=43&nid=64403&pid=crid://csi.digitaluk.co.uk/37fb8d2f-256a-4afd-ba49-0f5eb0f3bfca&start=2026-08-07T06:00:00+0000&duration=PT1H from server.
Fetching https://www.freeview.co.uk/api/program?sid=43&nid=64403&pid=crid://csi.digitaluk.co.uk/317fd6bb-a239-4ed1-83f3-5dd5d0ad31cb&start=2026-08-07T07:00:00+0000&duration=PT30M from server.
Fetching https://www.freeview.co.uk/api/program?sid=43&nid=64403&pid=crid://csi.digitaluk.co.uk/fa17d262-b43d-4555-83df-91e3f486b1bc&start=2026-08-07T07:30:00+0000&duration=PT30M from server.
Fetching https://www.freeview.co.uk/api/program?sid=43&nid=64403&pid=crid://csi.digitaluk.co.uk/3c6d3250-b2ce-4164-b4f5-d87bf6ad7eae&start=2026-08-07T08:00:00+0000&duration=PT30M from server.
Fetching https://www.freeview.co.uk/api/program?sid=43&nid=64403&pid=crid://csi.digitaluk.co.uk/861ae55a-a8a7-48cb-9fcc-55d8f130b345&start=2026-08-07T08:30:00+0000&duration=PT30M from server.
Fetching https://www.freeview.co.uk/api/program?sid=43&nid=64403&pid=crid://csi.digitaluk.co.uk/8d086b3a-ef03-424c-ac6d-e755d4806fb9&start=2026-08-07T09:00:00+0000&duration=PT30M from server.
Fetching https://www.freeview.co.uk/api/program?sid=43&nid=64403&pid=crid://csi.digitaluk.co.uk/9f612ebf-be5f-4c8c-8b50-7b3f16e109f7&start=2026-08-07T09:30:00+0000&duration=PT30M from server.
Fetching https://www.freeview.co.uk/api/program?sid=43&nid=64403&pid=crid://csi.digitaluk.co.uk/b9196b28-12e6-4a1d-9cdf-196adbf54754&start=2026-08-07T10:00:00+0000&duration=PT1H from server.
Fetching https://www.freeview.co.uk/api/program?sid=43&nid=64403&pid=crid://csi.digitaluk.co.uk/23a5aab7-cf80-43db-bfd6-a393cb42648e&start=2026-08-07T11:00:00+0000&duration=PT1H from server.
Fetching https://www.freeview.co.uk/api/program?sid=43&nid=64403&pid=crid://csi.digitaluk.co.uk/0c1e668b-be2c-4b2d-9077-ef7b71f54bae&start=2026-08-07T12:00:00+0000&duration=PT1H from server.
Fetching https://www.freeview.co.uk/api/program?sid=43&nid=64403&pid=crid://csi.digitaluk.co.uk/49bd3435-d535-4383-b394-79a677f41dd0&start=2026-08-07T13:00:00+0000&duration=PT1H from server.
Fetching https://www.freeview.co.uk/api/program?sid=43&nid=64403&pid=crid://csi.digitaluk.co.uk/2956675c-3ca0-4890-9faa-cc5dbc8e21db&start=2026-08-07T14:00:00+0000&duration=PT1H from server.
Fetching https://www.freeview.co.uk/api/program?sid=43&nid=64403&pid=crid://csi.digitaluk.co.uk/0ade059e-334d-41a5-8c45-47903bed44ad&start=2026-08-07T15:00:00+0000&duration=PT30M from server.
Fetching https://www.freeview.co.uk/api/program?sid=43&nid=64403&pid=crid://csi.digitaluk.co.uk/7bd80f81-5fdd-48d7-a480-f94ceaf94275&start=2026-08-07T15:30:00+0000&duration=PT30M from server.
Fetching https://www.freeview.co.uk/api/program?sid=43&nid=64403&pid=crid://csi.digitaluk.co.uk/a9306c82-74b4-4b87-a57a-4131e115bc99&start=2026-08-07T16:00:00+0000&duration=PT30M from server.
Fetching https://www.freeview.co.uk/api/program?sid=43&nid=64403&pid=crid://csi.digitaluk.co.uk/134a8463-5143-495f-aec4-d38de0b62343&start=2026-08-07T16:30:00+0000&duration=PT30M from server.
Fetching https://www.freeview.co.uk/api/program?sid=43&nid=64403&pid=crid://csi.digitaluk.co.uk/43e84db5-2884-407a-81a5-f2f4bca12fb4&start=2026-08-07T17:00:00+0000&duration=PT1H from server.
Fetching https://www.freeview.co.uk/api/program?sid=43&nid=64403&pid=crid://csi.digitaluk.co.uk/0f34cfa8-1be2-4faa-a2dd-8f181bfef4a3&start=2026-08-07T18:00:00+0000&duration=PT1H from server.
Fetching https://www.freeview.co.uk/api/program?sid=43&nid=64403&pid=crid://csi.digitaluk.co.uk/2c962352-8b66-4edc-96df-9e8f6e489b0e&start=2026-08-07T19:00:00+0000&duration=PT1H from server.
Fetching https://www.freeview.co.uk/api/program?sid=43&nid=64403&pid=crid://csi.digitaluk.co.uk/03dc8162-462b-4bc7-8ee6-cb645b7f9541&start=2026-08-07T20:00:00+0000&duration=PT1H from server.
Fetching https://www.freeview.co.uk/api/program?sid=43&nid=64403&pid=crid://csi.digitaluk.co.uk/468a286d-156a-4a68-9422-d996a8dd8b01&start=2026-08-07T21:00:00+0000&duration=PT30M from server.
Fetching https://www.freeview.co.uk/api/program?sid=43&nid=64403&pid=crid://csi.digitaluk.co.uk/587fbdc6-f6cf-4963-ab46-735ddfcbe663&start=2026-08-07T21:30:00+0000&duration=PT30M from server.
Fetching https://www.freeview.co.uk/api/program?sid=43&nid=64403&pid=crid://csi.digitaluk.co.uk/421f972e-5a2c-4b28-a7aa-ab686a2657bf&start=2026-08-07T22:00:00+0000&duration=PT30M from server.
Fetching https://www.freeview.co.uk/api/program?sid=43&nid=64403&pid=crid://csi.digitaluk.co.uk/ec9cbad4-0295-4d49-a449-5e367867acd9&start=2026-08-07T22:30:00+0000&duration=PT30M from server.
Fetching https://www.freeview.co.uk/api/program?sid=43&nid=64403&pid=crid://csi.digitaluk.co.uk/182b9d61-1316-4f9d-9e61-d1bae93e84b8&start=2026-08-07T23:00:00+0000&duration=PT30M from server.
Fetching https://www.freeview.co.uk/api/program?sid=43&nid=64403&pid=crid://csi.digitaluk.co.uk/75cc087f-3b86-4b9f-bb40-7eadba67f6da&start=2026-08-07T23:30:00+0000&duration=PT30M from server.
### Wanted 23712 
Fetching https://www.freeview.co.uk/api/program?sid=44&nid=64403&pid=crid://csi.digitaluk.co.uk/5c2ca4df-a0a7-4e37-b299-833a382b0fdc&start=2026-08-07T00:00:00+0000&duration=PT1H from server.
Fetching https://www.freeview.co.uk/api/program?sid=44&nid=64403&pid=crid://csi.digitaluk.co.uk/503649a0-53b9-4661-a3ed-c3a214baf7fc&start=2026-08-07T01:00:00+0000&duration=PT2H from server.
Fetching https://www.freeview.co.uk/api/program?sid=44&nid=64403&pid=crid://csi.digitaluk.co.uk/8fe6e2c9-97a5-4d04-a48b-085fd221d8ff&start=2026-08-07T03:00:00+0000&duration=PT1H from server.
Fetching https://www.freeview.co.uk/api/program?sid=44&nid=64403&pid=crid://csi.digitaluk.co.uk/0871fea0-689c-4485-baec-896e94aeb292&start=2026-08-07T04:00:00+0000&duration=PT1H from server.
Fetching https://www.freeview.co.uk/api/program?sid=44&nid=64403&pid=crid://csi.digitaluk.co.uk/a152486a-61f9-4ab9-a73b-79e9fd41b9a7&start=2026-08-07T05:00:00+0000&duration=PT1H from server.
Fetching https://www.freeview.co.uk/api/program?sid=44&nid=64403&pid=crid://csi.digitaluk.co.uk/780c76b6-aa20-4337-bda1-5b58b11626dc&start=2026-08-07T06:00:00+0000&duration=PT1H from server.
Fetching https://www.freeview.co.uk/api/program?sid=44&nid=64403&pid=crid://csi.digitaluk.co.uk/00dff380-9b71-49b2-8e57-807cd95556f6&start=2026-08-07T07:00:00+0000&duration=PT1H from server.
Fetching https://www.freeview.co.uk/api/program?sid=44&nid=64403&pid=crid://csi.digitaluk.co.uk/2f4c77b3-c1f0-47a3-aa5d-90de7ec32e95&start=2026-08-07T08:00:00+0000&duration=PT1H from server.
Fetching https://www.freeview.co.uk/api/program?sid=44&nid=64403&pid=crid://csi.digitaluk.co.uk/2fdeaa08-c0f7-4d4b-b444-b0630f292f61&start=2026-08-07T09:00:00+0000&duration=PT1H from server.
Fetching https://www.freeview.co.uk/api/program?sid=44&nid=64403&pid=crid://csi.digitaluk.co.uk/c98e46ff-0420-4faf-8070-a71c76cb3f49&start=2026-08-07T10:00:00+0000&duration=PT1H from server.
Fetching https://www.freeview.co.uk/api/program?sid=44&nid=64403&pid=crid://csi.digitaluk.co.uk/bd2de6e3-3ffe-42bd-a612-dc1688c44a74&start=2026-08-07T11:00:00+0000&duration=PT1H from server.
Fetching https://www.freeview.co.uk/api/program?sid=44&nid=64403&pid=crid://csi.digitaluk.co.uk/0bc139c1-966b-44d8-b0d4-becd06359c49&start=2026-08-07T12:00:00+0000&duration=PT1H from server.
Fetching https://www.freeview.co.uk/api/program?sid=44&nid=64403&pid=crid://csi.digitaluk.co.uk/a06f3ebe-0774-4338-b08b-018d5c1d881c&start=2026-08-07T13:00:00+0000&duration=PT1H from server.
Fetching https://www.freeview.co.uk/api/program?sid=44&nid=64403&pid=crid://csi.digitaluk.co.uk/7ba2c667-209c-4be2-909b-0176531c439e&start=2026-08-07T14:00:00+0000&duration=PT1H from server.
Fetching https://www.freeview.co.uk/api/program?sid=44&nid=64403&pid=crid://csi.digitaluk.co.uk/da9e0a3c-28d3-4c85-a5e0-522cf6c92df4&start=2026-08-07T15:00:00+0000&duration=PT1H from server.
Fetching https://www.freeview.co.uk/api/program?sid=44&nid=64403&pid=crid://csi.digitaluk.co.uk/33299a44-aab1-400d-8089-5aca85a16c17&start=2026-08-07T16:00:00+0000&duration=PT1H from server.
Fetching https://www.freeview.co.uk/api/program?sid=44&nid=64403&pid=crid://csi.digitaluk.co.uk/0a7153d3-e78f-437b-97f0-4cca578733a1&start=2026-08-07T17:00:00+0000&duration=PT1H from server.
Fetching https://www.freeview.co.uk/api/program?sid=44&nid=64403&pid=crid://csi.digitaluk.co.uk/3ae76a71-c0cb-427f-adff-075e0f233d4e&start=2026-08-07T18:00:00+0000&duration=PT1H from server.
Fetching https://www.freeview.co.uk/api/program?sid=44&nid=64403&pid=crid://csi.digitaluk.co.uk/ef907185-ce63-40c0-861f-4c34db29940a&start=2026-08-07T19:00:00+0000&duration=PT1H from server.
Fetching https://www.freeview.co.uk/api/program?sid=44&nid=64403&pid=crid://csi.digitaluk.co.uk/85e71c77-c960-49f5-9388-a50af421dbb0&start=2026-08-07T20:00:00+0000&duration=PT30M from server.
Fetching https://www.freeview.co.uk/api/program?sid=44&nid=64403&pid=crid://csi.digitaluk.co.uk/8513296f-7afd-4625-9c05-271a41971f99&start=2026-08-07T20:30:00+0000&duration=PT30M from server.
Fetching https://www.freeview.co.uk/api/program?sid=44&nid=64403&pid=crid://csi.digitaluk.co.uk/c332ead5-a71d-44fb-88d9-fe8dad9eb6f0&start=2026-08-07T21:00:00+0000&duration=PT1H from server.
Fetching https://www.freeview.co.uk/api/program?sid=44&nid=64403&pid=crid://csi.digitaluk.co.uk/08d116a1-5c7a-4dd3-95cf-5753e857f7b2&start=2026-08-07T22:00:00+0000&duration=PT1H from server.
Fetching https://www.freeview.co.uk/api/program?sid=44&nid=64403&pid=crid://csi.digitaluk.co.uk/083fea25-25d4-4201-b9a0-950ef7d56608&start=2026-08-07T23:00:00+0000&duration=PT1H from server.
## Wanted 20256 
Fetching https://www.freeview.co.uk/api/program?sid=46&nid=64403&pid=crid://panorama.five.tv/versions/C5269380015B&start=2026-08-07T00:10:00+0000&duration=PT1H from server.
Fetching https://www.freeview.co.uk/api/program?sid=46&nid=64403&pid=crid://panorama.five.tv/versions/C5269380016A&start=2026-08-07T01:10:00+0000&duration=PT1H from server.
Fetching https://www.freeview.co.uk/api/program?sid=46&nid=64403&pid=crid://panorama.five.tv/versions/C5243200003A&start=2026-08-07T02:10:00+0000&duration=PT50M from server.
Fetching https://www.freeview.co.uk/api/program?sid=46&nid=64403&pid=crid://panorama.five.tv/versions/C5266540001A&start=2026-08-07T03:00:00+0000&duration=PT2H from server.
Fetching https://www.freeview.co.uk/api/program?sid=46&nid=64403&pid=crid://panorama.five.tv/versions/C5480340001A&start=2026-08-07T05:00:00+0000&duration=PT30M from server.
Fetching https://www.freeview.co.uk/api/program?sid=46&nid=64403&pid=crid://panorama.five.tv/versions/C5326820001A&start=2026-08-07T05:30:00+0000&duration=PT30M from server.
Fetching https://www.freeview.co.uk/api/program?sid=46&nid=64403&pid=crid://panorama.five.tv/versions/C5349600001A&start=2026-08-07T06:00:00+0000&duration=PT1H from server.
Fetching https://www.freeview.co.uk/api/program?sid=46&nid=64403&pid=crid://panorama.five.tv/versions/C5349600001A&start=2026-08-07T07:00:00+0000&duration=PT1H from server.
Fetching https://www.freeview.co.uk/api/program?sid=46&nid=64403&pid=crid://panorama.five.tv/versions/C5522700032A&start=2026-08-07T08:00:00+0000&duration=PT10M from server.
Fetching https://www.freeview.co.uk/api/program?sid=46&nid=64403&pid=crid://panorama.five.tv/versions/C5266050007A&start=2026-08-07T08:10:00+0000&duration=PT1H from server.
Fetching https://www.freeview.co.uk/api/program?sid=46&nid=64403&pid=crid://panorama.five.tv/versions/C5266050008C&start=2026-08-07T09:10:00+0000&duration=PT55M from server.
Fetching https://www.freeview.co.uk/api/program?sid=46&nid=64403&pid=crid://panorama.five.tv/versions/C5513340006B&start=2026-08-07T10:05:00+0000&duration=PT1H from server.
Fetching https://www.freeview.co.uk/api/program?sid=46&nid=64403&pid=crid://panorama.five.tv/versions/C5474820002A&start=2026-08-07T11:05:00+0000&duration=PT1H from server.
Fetching https://www.freeview.co.uk/api/program?sid=46&nid=64403&pid=crid://panorama.five.tv/versions/C5348640019A&start=2026-08-07T12:05:00+0000&duration=PT1H from server.
Fetching https://www.freeview.co.uk/api/program?sid=46&nid=64403&pid=crid://panorama.five.tv/versions/C5348640020A&start=2026-08-07T13:05:00+0000&duration=PT1H from server.
Fetching https://www.freeview.co.uk/api/program?sid=46&nid=64403&pid=crid://panorama.five.tv/versions/C5084380001C&start=2026-08-07T14:05:00+0000&duration=PT1H55M from server.
Fetching https://www.freeview.co.uk/api/program?sid=46&nid=64403&pid=crid://panorama.five.tv/versions/C5458440001A&start=2026-08-07T16:00:00+0000&duration=PT1H from server.
Fetching https://www.freeview.co.uk/api/program?sid=46&nid=64403&pid=crid://panorama.five.tv/versions/C5243200005A&start=2026-08-07T17:00:00+0000&duration=PT1H from server.
Fetching https://www.freeview.co.uk/api/program?sid=46&nid=64403&pid=crid://panorama.five.tv/versions/C5163360001D&start=2026-08-07T18:00:00+0000&duration=PT1H from server.
Fetching https://www.freeview.co.uk/api/program?sid=46&nid=64403&pid=crid://panorama.five.tv/versions/C5169110002E&start=2026-08-07T19:00:00+0000&duration=PT1H from server.
Fetching https://www.freeview.co.uk/api/program?sid=46&nid=64403&pid=crid://panorama.five.tv/versions/C5517780002A&start=2026-08-07T20:00:00+0000&duration=PT2H10M from server.
Fetching https://www.freeview.co.uk/api/program?sid=46&nid=64403&pid=crid://panorama.five.tv/versions/C5505740001A&start=2026-08-07T22:10:00+0000&duration=PT1H30M from server.
Fetching https://www.freeview.co.uk/api/program?sid=46&nid=64403&pid=crid://panorama.five.tv/versions/C5269380017A&start=2026-08-07T23:40:00+0000&duration=PT1H5M from server.
### Wanted 8460 
Fetching https://www.freeview.co.uk/api/program?sid=49&nid=64403&pid=crid://movida.bebanjo.net/mas/version/77665/001/ASDELIVERED/C&start=2026-08-07T00:10:00+0000&duration=PT1H from server.
Fetching https://www.freeview.co.uk/api/program?sid=49&nid=64403&pid=crid://movida.bebanjo.net/mas/version/77665/002/ASDELIVERED/C&start=2026-08-07T01:10:00+0000&duration=PT1H from server.
Fetching https://www.freeview.co.uk/api/program?sid=49&nid=64403&pid=crid://csi.digitaluk.co.uk/72c5c970-f83b-4ac0-8070-a53312a97e79&start=2026-08-07T02:10:00+0000&duration=PT1H from server.
Fetching https://www.freeview.co.uk/api/program?sid=49&nid=64403&pid=crid://movida.bebanjo.net/mas/version/77980/011/ASDELIVERED/C&start=2026-08-07T03:10:00+0000&duration=PT50M from server.
Fetching https://www.freeview.co.uk/api/program?sid=49&nid=64403&pid=crid://csi.digitaluk.co.uk/310002a9-2771-4ec9-9a83-101a0acfb1e9&start=2026-08-07T04:00:00+0000&duration=PT2H from server.
Fetching https://www.freeview.co.uk/api/program?sid=49&nid=64403&pid=crid://csi.digitaluk.co.uk/afd8fd3a-7887-450a-90e7-712b09d61795&start=2026-08-07T06:00:00+0000&duration=PT2H from server.
Fetching https://www.freeview.co.uk/api/program?sid=49&nid=64403&pid=crid://csi.digitaluk.co.uk/92d47e76-734e-4f23-b98a-cd03120c6ce9&start=2026-08-07T08:00:00+0000&duration=PT1H from server.
Fetching https://www.freeview.co.uk/api/program?sid=49&nid=64403&pid=crid://csi.digitaluk.co.uk/06a54111-3d7e-4503-b06b-3e94f9617018&start=2026-08-07T09:00:00+0000&duration=PT1H from server.
Fetching https://www.freeview.co.uk/api/program?sid=49&nid=64403&pid=crid://csi.digitaluk.co.uk/555503f7-c9bf-4a97-a2c3-fb0c145c92be&start=2026-08-07T10:00:00+0000&duration=PT1H from server.
Fetching https://www.freeview.co.uk/api/program?sid=49&nid=64403&pid=crid://csi.digitaluk.co.uk/227ed826-c73f-4768-a044-f2a886af0de4&start=2026-08-07T11:00:00+0000&duration=PT1H from server.
Fetching https://www.freeview.co.uk/api/program?sid=49&nid=64403&pid=crid://csi.digitaluk.co.uk/c9cd0635-ba85-4561-a7e0-69aebb2321d1&start=2026-08-07T12:00:00+0000&duration=PT1H from server.
Fetching https://www.freeview.co.uk/api/program?sid=49&nid=64403&pid=crid://csi.digitaluk.co.uk/9e03a8a1-6f58-41d2-8b0f-fb505ebf7524&start=2026-08-07T13:00:00+0000&duration=PT1H from server.
Fetching https://www.freeview.co.uk/api/program?sid=49&nid=64403&pid=crid://csi.digitaluk.co.uk/61c073ea-350c-4972-83fb-7f41182ea5ca&start=2026-08-07T14:00:00+0000&duration=PT30M from server.
Fetching https://www.freeview.co.uk/api/program?sid=49&nid=64403&pid=crid://csi.digitaluk.co.uk/0f900e25-1cc9-4518-94c4-367b4d79e13d&start=2026-08-07T14:30:00+0000&duration=PT30M from server.
Fetching https://www.freeview.co.uk/api/program?sid=49&nid=64403&pid=crid://csi.digitaluk.co.uk/cd3e17d8-f3e1-47a6-bf75-dd567a44a84f&start=2026-08-07T15:00:00+0000&duration=PT30M from server.
Fetching https://www.freeview.co.uk/api/program?sid=49&nid=64403&pid=crid://csi.digitaluk.co.uk/750760f3-c009-4b5c-9acf-cd9eea4b8285&start=2026-08-07T15:30:00+0000&duration=PT30M from server.
Fetching https://www.freeview.co.uk/api/program?sid=49&nid=64403&pid=crid://csi.digitaluk.co.uk/b330ab8f-75ae-4192-b9ee-1852e595bd31&start=2026-08-07T16:00:00+0000&duration=PT35M from server.
Fetching https://www.freeview.co.uk/api/program?sid=49&nid=64403&pid=crid://csi.digitaluk.co.uk/8936ca69-da24-4786-a95b-4a0b73014fab&start=2026-08-07T16:35:00+0000&duration=PT25M from server.
Fetching https://www.freeview.co.uk/api/program?sid=49&nid=64403&pid=crid://csi.digitaluk.co.uk/f3aed3fd-d643-49f4-a71e-954018dbb1c6&start=2026-08-07T17:00:00+0000&duration=PT1H from server.
Fetching https://www.freeview.co.uk/api/program?sid=49&nid=64403&pid=crid://movida.bebanjo.net/mas/version/78540/007/ASDELIVERED/C&start=2026-08-07T18:00:00+0000&duration=PT1H from server.
Fetching https://www.freeview.co.uk/api/program?sid=49&nid=64403&pid=crid://movida.bebanjo.net/mas/version/77221/002/ASDELIVERED/C&start=2026-08-07T19:00:00+0000&duration=PT1H from server.
Fetching https://www.freeview.co.uk/api/program?sid=49&nid=64403&pid=crid://csi.digitaluk.co.uk/10384c63-e80f-4506-89bf-88dc0407ef94&start=2026-08-07T20:00:00+0000&duration=PT1H from server.
Fetching https://www.freeview.co.uk/api/program?sid=49&nid=64403&pid=crid://csi.digitaluk.co.uk/df08b2db-8426-448f-9ba3-558c71a0df80&start=2026-08-07T21:00:00+0000&duration=PT1H5M from server.
Fetching https://www.freeview.co.uk/api/program?sid=49&nid=64403&pid=crid://csi.digitaluk.co.uk/f6ed2d87-7bdc-4323-aac7-de1ebc81de9b&start=2026-08-07T22:05:00+0000&duration=PT1H from server.
Fetching https://www.freeview.co.uk/api/program?sid=49&nid=64403&pid=crid://csi.digitaluk.co.uk/6f4468be-3b5d-4997-86ec-f5a8eaaebeeb&start=2026-08-07T23:05:00+0000&duration=PT1H from server.
## Wanted 14384 
Fetching https://www.freeview.co.uk/api/program?sid=64&nid=64403&pid=crid://csi.digitaluk.co.uk/d5257d08-f3c4-4b3e-9813-8cbc321b7231&start=2026-08-07T00:00:00+0000&duration=PT1H from server.
Fetching https://www.freeview.co.uk/api/program?sid=64&nid=64403&pid=crid://csi.digitaluk.co.uk/466122da-0f97-4919-870c-ccf606fbe00e&start=2026-08-07T01:00:00+0000&duration=PT1H from server.
Fetching https://www.freeview.co.uk/api/program?sid=64&nid=64403&pid=crid://csi.digitaluk.co.uk/552abd06-f51e-4bdd-b523-f4bdd1512a60&start=2026-08-07T02:00:00+0000&duration=PT25M from server.
Fetching https://www.freeview.co.uk/api/program?sid=64&nid=64403&pid=crid://csi.digitaluk.co.uk/c0b3c9f6-c2ce-45c6-81d9-0a85a5125381&start=2026-08-07T02:25:00+0000&duration=PT20M from server.
Fetching https://www.freeview.co.uk/api/program?sid=64&nid=64403&pid=crid://csi.digitaluk.co.uk/f2bd1e7d-da9a-44b7-8205-386d48220767&start=2026-08-07T02:45:00+0000&duration=PT25M from server.
Fetching https://www.freeview.co.uk/api/program?sid=64&nid=64403&pid=crid://csi.digitaluk.co.uk/3f7f1da4-3743-49d9-877e-0c720918cfd5&start=2026-08-07T03:10:00+0000&duration=PT25M from server.
Fetching https://www.freeview.co.uk/api/program?sid=64&nid=64403&pid=crid://csi.digitaluk.co.uk/e51daeb9-cfc5-4ec1-b1f2-62523bfab789&start=2026-08-07T03:35:00+0000&duration=PT25M from server.
Fetching https://www.freeview.co.uk/api/program?sid=64&nid=64403&pid=crid://csi.digitaluk.co.uk/c578b7cd-0c4e-4c6f-b0ab-4b01b65573ff&start=2026-08-07T04:00:00+0000&duration=PT1H from server.
Fetching https://www.freeview.co.uk/api/program?sid=64&nid=64403&pid=crid://csi.digitaluk.co.uk/f9569040-8d01-4442-828b-a36553608afb&start=2026-08-07T05:00:00+0000&duration=PT45M from server.
Fetching https://www.freeview.co.uk/api/program?sid=64&nid=64403&pid=crid://csi.digitaluk.co.uk/d435fcd7-2482-429c-b1fe-958033d8fe7c&start=2026-08-07T05:45:00+0000&duration=PT45M from server.
Fetching https://www.freeview.co.uk/api/program?sid=64&nid=64403&pid=crid://csi.digitaluk.co.uk/7832fe11-04df-4884-bf87-33c979ab9a0f&start=2026-08-07T06:30:00+0000&duration=PT55M from server.
Fetching https://www.freeview.co.uk/api/program?sid=64&nid=64403&pid=crid://csi.digitaluk.co.uk/5a7f630e-891d-4dcb-b67f-25ae7fe745f9&start=2026-08-07T07:25:00+0000&duration=PT30M from server.
Fetching https://www.freeview.co.uk/api/program?sid=64&nid=64403&pid=crid://csi.digitaluk.co.uk/2ba0e45d-bc06-4475-b50f-1894b7a0982c&start=2026-08-07T07:55:00+0000&duration=PT25M from server.
Fetching https://www.freeview.co.uk/api/program?sid=64&nid=64403&pid=crid://csi.digitaluk.co.uk/6895da62-0fde-427b-b3cd-f111309d3e12&start=2026-08-07T08:20:00+0000&duration=PT25M from server.
Fetching https://www.freeview.co.uk/api/program?sid=64&nid=64403&pid=crid://csi.digitaluk.co.uk/53be3e31-bdd2-4518-b87d-bb034fcab12e&start=2026-08-07T08:45:00+0000&duration=PT30M from server.
Fetching https://www.freeview.co.uk/api/program?sid=64&nid=64403&pid=crid://csi.digitaluk.co.uk/717302aa-bba2-49d7-a64b-952b28c8fad0&start=2026-08-07T09:15:00+0000&duration=PT25M from server.
Fetching https://www.freeview.co.uk/api/program?sid=64&nid=64403&pid=crid://csi.digitaluk.co.uk/705a7ad0-9b91-4b67-beb5-a83a01425f03&start=2026-08-07T09:40:00+0000&duration=PT30M from server.
Fetching https://www.freeview.co.uk/api/program?sid=64&nid=64403&pid=crid://csi.digitaluk.co.uk/885f6a8d-54af-416a-9f40-0f2598ae928c&start=2026-08-07T10:10:00+0000&duration=PT30M from server.
Fetching https://www.freeview.co.uk/api/program?sid=64&nid=64403&pid=crid://csi.digitaluk.co.uk/a2ca1ea4-48d8-47dc-82fa-f02611d53b73&start=2026-08-07T10:40:00+0000&duration=PT30M from server.
Fetching https://www.freeview.co.uk/api/program?sid=64&nid=64403&pid=crid://csi.digitaluk.co.uk/1e9d99a7-b03c-40ee-bc1a-7b70982d80d0&start=2026-08-07T11:10:00+0000&duration=PT25M from server.
Fetching https://www.freeview.co.uk/api/program?sid=64&nid=64403&pid=crid://csi.digitaluk.co.uk/bc0cde55-56a7-401d-a51e-3f9cfd0be1f7&start=2026-08-07T11:35:00+0000&duration=PT30M from server.
Fetching https://www.freeview.co.uk/api/program?sid=64&nid=64403&pid=crid://csi.digitaluk.co.uk/5095aad4-8881-412c-b500-3bfa97cde074&start=2026-08-07T12:05:00+0000&duration=PT1H from server.
Fetching https://www.freeview.co.uk/api/program?sid=64&nid=64403&pid=crid://csi.digitaluk.co.uk/8a11d9bf-74c3-4620-a41a-9676295f44ae&start=2026-08-07T13:05:00+0000&duration=PT1H from server.
Fetching https://www.freeview.co.uk/api/program?sid=64&nid=64403&pid=crid://csi.digitaluk.co.uk/3d95fb59-d358-4f68-a286-f53d89df7377&start=2026-08-07T14:05:00+0000&duration=PT30M from server.
Fetching https://www.freeview.co.uk/api/program?sid=64&nid=64403&pid=crid://csi.digitaluk.co.uk/ebe4c0f2-f086-4357-815a-258ee52037a7&start=2026-08-07T14:35:00+0000&duration=PT30M from server.
Fetching https://www.freeview.co.uk/api/program?sid=64&nid=64403&pid=crid://csi.digitaluk.co.uk/e3fc7c2a-2e03-41ce-a65c-dfa24c58e27a&start=2026-08-07T15:05:00+0000&duration=PT55M from server.
Fetching https://www.freeview.co.uk/api/program?sid=64&nid=64403&pid=crid://csi.digitaluk.co.uk/8345ae0c-eda9-4ee6-b19e-ca758079c312&start=2026-08-07T16:00:00+0000&duration=PT1H from server.
Fetching https://www.freeview.co.uk/api/program?sid=64&nid=64403&pid=crid://csi.digitaluk.co.uk/3885117c-4d16-4f19-a4b7-557d6e3a0810&start=2026-08-07T17:00:00+0000&duration=PT30M from server.
Fetching https://www.freeview.co.uk/api/program?sid=64&nid=64403&pid=crid://csi.digitaluk.co.uk/14440eb3-c046-44cb-a378-e1ed72935544&start=2026-08-07T17:30:00+0000&duration=PT30M from server.
Fetching https://www.freeview.co.uk/api/program?sid=64&nid=64403&pid=crid://csi.digitaluk.co.uk/80721a3b-af61-42dd-9712-657844386f22&start=2026-08-07T18:00:00+0000&duration=PT1H from server.
Fetching https://www.freeview.co.uk/api/program?sid=64&nid=64403&pid=crid://csi.digitaluk.co.uk/b6ce3f68-668e-424b-8549-2cc538588af4&start=2026-08-07T19:00:00+0000&duration=PT1H from server.
Fetching https://www.freeview.co.uk/api/program?sid=64&nid=64403&pid=crid://csi.digitaluk.co.uk/0e051135-58a4-4b50-a74d-85ad1c4ac2c0&start=2026-08-07T20:00:00+0000&duration=PT1H from server.
Fetching https://www.freeview.co.uk/api/program?sid=64&nid=64403&pid=crid://csi.digitaluk.co.uk/816773eb-757e-4c99-a2b0-ca02805071a8&start=2026-08-07T21:00:00+0000&duration=PT1H from server.
Fetching https://www.freeview.co.uk/api/program?sid=64&nid=64403&pid=crid://csi.digitaluk.co.uk/9b3f0aad-8458-4a40-973f-d3ae618f3d54&start=2026-08-07T22:00:00+0000&duration=PT1H from server.
Fetching https://www.freeview.co.uk/api/program?sid=64&nid=64403&pid=crid://csi.digitaluk.co.uk/b31e46c2-8990-40de-9e38-9ac45cd9d241&start=2026-08-07T23:00:00+0000&duration=PT1H from server.
### Wanted 17856 
Fetching https://www.freeview.co.uk/api/program?sid=103&nid=64403&pid=crid://csi.digitaluk.co.uk/8456d997-e86b-4e80-8c72-2eda700d02e1&start=2026-08-07T00:10:00+0000&duration=PT1H50M from server.
Fetching https://www.freeview.co.uk/api/program?sid=103&nid=64403&pid=crid://csi.digitaluk.co.uk/712af563-41d1-4bc4-8169-f08430e50293&start=2026-08-07T02:00:00+0000&duration=PT50M from server.
Fetching https://www.freeview.co.uk/api/program?sid=103&nid=64403&pid=crid://csi.digitaluk.co.uk/13498273-6f0a-4237-a32a-b8aedd991fd8&start=2026-08-07T02:50:00+0000&duration=PT1H15M from server.
Fetching https://www.freeview.co.uk/api/program?sid=103&nid=64403&pid=crid://csi.digitaluk.co.uk/b271e2b1-dec4-432f-be0a-05681e9e897a&start=2026-08-07T04:05:00+0000&duration=PT55M from server.
Fetching https://www.freeview.co.uk/api/program?sid=103&nid=64403&pid=crid://csi.digitaluk.co.uk/c9aa5064-2f43-4717-ae72-2ceabcfa25a1&start=2026-08-07T05:00:00+0000&duration=PT4H from server.
Fetching https://www.freeview.co.uk/api/program?sid=103&nid=64403&pid=crid://csi.digitaluk.co.uk/94cb50eb-2ab5-403e-bb70-a54e8fbab2a2&start=2026-08-07T09:00:00+0000&duration=PT3H30M from server.
Fetching https://www.freeview.co.uk/api/program?sid=103&nid=64403&pid=crid://csi.digitaluk.co.uk/326519b7-882e-43de-8a29-01d7e052b19d&start=2026-08-07T12:30:00+0000&duration=PT25M from server.
Fetching https://www.freeview.co.uk/api/program?sid=103&nid=64403&pid=crid://csi.digitaluk.co.uk/56d19478-a0d3-4a21-a85a-19aa1b700e88&start=2026-08-07T12:55:00+0000&duration=PT5M from server.
Fetching https://www.freeview.co.uk/api/program?sid=103&nid=64403&pid=crid://csi.digitaluk.co.uk/0836efdd-45b9-4b43-a653-eb0307ae04fe&start=2026-08-07T13:00:00+0000&duration=PT1H from server.
Fetching https://www.freeview.co.uk/api/program?sid=103&nid=64403&pid=crid://csi.digitaluk.co.uk/07d1f9cc-5842-4518-b5d1-3614f6e3ab99&start=2026-08-07T14:00:00+0000&duration=PT1H from server.
Fetching https://www.freeview.co.uk/api/program?sid=103&nid=64403&pid=crid://csi.digitaluk.co.uk/9f593546-7075-4a4d-bedd-02317351cc07&start=2026-08-07T15:00:00+0000&duration=PT1H from server.
Fetching https://www.freeview.co.uk/api/program?sid=103&nid=64403&pid=crid://csi.digitaluk.co.uk/f6a58a26-4a66-4392-89b0-987677c3bf60&start=2026-08-07T16:00:00+0000&duration=PT1H from server.
Fetching https://www.freeview.co.uk/api/program?sid=103&nid=64403&pid=crid://csi.digitaluk.co.uk/419b231d-cfc6-401a-83cf-cd378028b482&start=2026-08-07T17:00:00+0000&duration=PT30M from server.
Fetching https://www.freeview.co.uk/api/program?sid=103&nid=64403&pid=crid://csi.digitaluk.co.uk/e943a17a-9428-44bb-85d2-916d6bc4e85b&start=2026-08-07T17:30:00+0000&duration=PT30M from server.
Fetching https://www.freeview.co.uk/api/program?sid=103&nid=64403&pid=crid://csi.digitaluk.co.uk/5e521062-1520-4f63-8196-c30877e7c173&start=2026-08-07T18:00:00+0000&duration=PT30M from server.
Fetching https://www.freeview.co.uk/api/program?sid=103&nid=64403&pid=crid://csi.digitaluk.co.uk/293dcf25-a084-4d4c-8402-b1fb5a4bb5d9&start=2026-08-07T18:30:00+0000&duration=PT2H55M from server.
Fetching https://www.freeview.co.uk/api/program?sid=103&nid=64403&pid=crid://csi.digitaluk.co.uk/78a53c36-b633-4877-afda-5f114fe363c3&start=2026-08-07T21:25:00+0000&duration=PT30M from server.
Fetching https://www.freeview.co.uk/api/program?sid=103&nid=64403&pid=crid://csi.digitaluk.co.uk/7dbdfa2c-8098-4914-9f3e-37514beb7929&start=2026-08-07T21:55:00+0000&duration=PT20M from server.
Fetching https://www.freeview.co.uk/api/program?sid=103&nid=64403&pid=crid://csi.digitaluk.co.uk/9c0f5c27-7a90-47f2-b383-b0d639ab0f6a&start=2026-08-07T22:15:00+0000&duration=PT1H55M from server.
## Wanted 22080 
Fetching https://www.freeview.co.uk/api/program?sid=233&nid=64403&pid=crid://csi.digitaluk.co.uk/2935ee22-6dca-481f-a3e6-f49e03712841&start=2026-08-07T00:00:00+0000&duration=PT1H from server.
Fetching https://www.freeview.co.uk/api/program?sid=233&nid=64403&pid=crid://csi.digitaluk.co.uk/fae6f23e-4a79-46d0-8832-731eeffb327e&start=2026-08-07T01:00:00+0000&duration=PT1H from server.
Fetching https://www.freeview.co.uk/api/program?sid=233&nid=64403&pid=crid://csi.digitaluk.co.uk/fff37add-8586-4596-9b20-674d57445dd2&start=2026-08-07T02:00:00+0000&duration=PT1H from server.
Fetching https://www.freeview.co.uk/api/program?sid=233&nid=64403&pid=crid://csi.digitaluk.co.uk/569f725f-457f-4f1c-b174-ae4202f638fe&start=2026-08-07T03:00:00+0000&duration=PT1H from server.
Fetching https://www.freeview.co.uk/api/program?sid=233&nid=64403&pid=crid://csi.digitaluk.co.uk/59950c06-d836-4ea4-8959-b981370c8f00&start=2026-08-07T04:00:00+0000&duration=PT1H from server.
Fetching https://www.freeview.co.uk/api/program?sid=233&nid=64403&pid=crid://csi.digitaluk.co.uk/9d738b5b-22bb-44f8-892a-0b20252818d3&start=2026-08-07T05:00:00+0000&duration=PT30M from server.
Fetching https://www.freeview.co.uk/api/program?sid=233&nid=64403&pid=crid://csi.digitaluk.co.uk/19e0cf0a-8ada-4888-8a02-f74859e3a6d2&start=2026-08-07T05:30:00+0000&duration=PT30M from server.
Fetching https://www.freeview.co.uk/api/program?sid=233&nid=64403&pid=crid://csi.digitaluk.co.uk/8bb8db98-dd39-4307-9974-679a7c1d8d25&start=2026-08-07T06:00:00+0000&duration=PT30M from server.
Fetching https://www.freeview.co.uk/api/program?sid=233&nid=64403&pid=crid://csi.digitaluk.co.uk/89fde55e-077d-4dc9-af7f-614580194272&start=2026-08-07T06:30:00+0000&duration=PT30M from server.
Fetching https://www.freeview.co.uk/api/program?sid=233&nid=64403&pid=crid://csi.digitaluk.co.uk/31ede376-8256-4781-8d34-45e9ff984c5d&start=2026-08-07T07:00:00+0000&duration=PT30M from server.
Fetching https://www.freeview.co.uk/api/program?sid=233&nid=64403&pid=crid://csi.digitaluk.co.uk/24199a34-09fc-4d3c-8869-a761e13aa6bc&start=2026-08-07T07:30:00+0000&duration=PT30M from server.
Fetching https://www.freeview.co.uk/api/program?sid=233&nid=64403&pid=crid://csi.digitaluk.co.uk/9f6a7543-e1c7-44cc-8586-f5d09bc65494&start=2026-08-07T08:00:00+0000&duration=PT30M from server.
Fetching https://www.freeview.co.uk/api/program?sid=233&nid=64403&pid=crid://csi.digitaluk.co.uk/de8d3f05-d368-4a4b-a72b-006391f9b590&start=2026-08-07T08:30:00+0000&duration=PT30M from server.
Fetching https://www.freeview.co.uk/api/program?sid=233&nid=64403&pid=crid://csi.digitaluk.co.uk/492e72d4-58de-4eb6-b8bb-e71d4e4ca592&start=2026-08-07T09:00:00+0000&duration=PT30M from server.
Fetching https://www.freeview.co.uk/api/program?sid=233&nid=64403&pid=crid://csi.digitaluk.co.uk/70f8b4c8-448f-4ecb-883a-e5a3e6916f2a&start=2026-08-07T09:30:00+0000&duration=PT30M from server.
Fetching https://www.freeview.co.uk/api/program?sid=233&nid=64403&pid=crid://csi.digitaluk.co.uk/9955da9e-3212-46c7-8947-88ada880e63f&start=2026-08-07T10:00:00+0000&duration=PT30M from server.
Fetching https://www.freeview.co.uk/api/program?sid=233&nid=64403&pid=crid://csi.digitaluk.co.uk/80971110-d764-49be-a60d-f7519307d927&start=2026-08-07T10:30:00+0000&duration=PT30M from server.
Fetching https://www.freeview.co.uk/api/program?sid=233&nid=64403&pid=crid://csi.digitaluk.co.uk/aed696d0-46bd-41f7-ae2d-d88d2ad36822&start=2026-08-07T11:00:00+0000&duration=PT30M from server.
Fetching https://www.freeview.co.uk/api/program?sid=233&nid=64403&pid=crid://csi.digitaluk.co.uk/5cce94ea-5714-49b3-b9a8-358e5a5c10ad&start=2026-08-07T11:30:00+0000&duration=PT30M from server.
Fetching https://www.freeview.co.uk/api/program?sid=233&nid=64403&pid=crid://csi.digitaluk.co.uk/54651a13-94e4-4870-b205-237f20780ea2&start=2026-08-07T12:00:00+0000&duration=PT30M from server.
Fetching https://www.freeview.co.uk/api/program?sid=233&nid=64403&pid=crid://csi.digitaluk.co.uk/7ea89915-3c40-4db5-b15f-998c8181746b&start=2026-08-07T12:30:00+0000&duration=PT30M from server.
Fetching https://www.freeview.co.uk/api/program?sid=233&nid=64403&pid=crid://csi.digitaluk.co.uk/bbd41ab5-c488-40d4-b277-381037f10d6e&start=2026-08-07T13:00:00+0000&duration=PT30M from server.
Fetching https://www.freeview.co.uk/api/program?sid=233&nid=64403&pid=crid://csi.digitaluk.co.uk/7cd100ce-407e-4f4c-831b-f8b6eeacf88d&start=2026-08-07T13:30:00+0000&duration=PT30M from server.
Fetching https://www.freeview.co.uk/api/program?sid=233&nid=64403&pid=crid://csi.digitaluk.co.uk/6590ce2f-eaae-45b6-b0c9-b32b4f66e43e&start=2026-08-07T14:00:00+0000&duration=PT30M from server.
Fetching https://www.freeview.co.uk/api/program?sid=233&nid=64403&pid=crid://csi.digitaluk.co.uk/78409f6e-e1d4-4e46-b315-588c491df2c0&start=2026-08-07T14:30:00+0000&duration=PT30M from server.
Fetching https://www.freeview.co.uk/api/program?sid=233&nid=64403&pid=crid://csi.digitaluk.co.uk/e7e9330b-7fac-429f-bcfe-04a86e55edf6&start=2026-08-07T15:00:00+0000&duration=PT30M from server.
Fetching https://www.freeview.co.uk/api/program?sid=233&nid=64403&pid=crid://csi.digitaluk.co.uk/9a279dc2-6c6a-4a95-bdfb-e5c917505b1a&start=2026-08-07T15:30:00+0000&duration=PT30M from server.
Fetching https://www.freeview.co.uk/api/program?sid=233&nid=64403&pid=crid://csi.digitaluk.co.uk/b1a3031e-a4de-4d4f-8705-5d4ddac616d3&start=2026-08-07T16:00:00+0000&duration=PT30M from server.
Fetching https://www.freeview.co.uk/api/program?sid=233&nid=64403&pid=crid://csi.digitaluk.co.uk/bc10dcf9-175e-4b6b-add1-28ffc854cb94&start=2026-08-07T16:30:00+0000&duration=PT30M from server.
Fetching https://www.freeview.co.uk/api/program?sid=233&nid=64403&pid=crid://csi.digitaluk.co.uk/d184b09e-b919-40fc-9cd4-27ecaca0c77b&start=2026-08-07T17:00:00+0000&duration=PT30M from server.
Fetching https://www.freeview.co.uk/api/program?sid=233&nid=64403&pid=crid://csi.digitaluk.co.uk/90eb31c4-13d4-4aa2-883b-b49d35ef9f37&start=2026-08-07T17:30:00+0000&duration=PT30M from server.
Fetching https://www.freeview.co.uk/api/program?sid=233&nid=64403&pid=crid://csi.digitaluk.co.uk/8764a3ef-aa3b-4bf9-839a-69d13808caec&start=2026-08-07T18:00:00+0000&duration=PT30M from server.
Fetching https://www.freeview.co.uk/api/program?sid=233&nid=64403&pid=crid://csi.digitaluk.co.uk/b4f8c0b6-a2d9-4c0c-b284-0c6f69c91211&start=2026-08-07T18:30:00+0000&duration=PT30M from server.
Fetching https://www.freeview.co.uk/api/program?sid=233&nid=64403&pid=crid://csi.digitaluk.co.uk/4756562c-369c-4999-9e1b-c7fecf9f37b1&start=2026-08-07T19:00:00+0000&duration=PT30M from server.
Fetching https://www.freeview.co.uk/api/program?sid=233&nid=64403&pid=crid://csi.digitaluk.co.uk/960c1497-7a2f-4a8d-88a2-e9945a69b50e&start=2026-08-07T19:30:00+0000&duration=PT30M from server.
Fetching https://www.freeview.co.uk/api/program?sid=233&nid=64403&pid=crid://csi.digitaluk.co.uk/c2bf1e5c-67a3-4a53-9b26-01114f3e4650&start=2026-08-07T20:00:00+0000&duration=PT30M from server.
Fetching https://www.freeview.co.uk/api/program?sid=233&nid=64403&pid=crid://csi.digitaluk.co.uk/fd4e04e1-c27f-4a49-8ff1-1efc43ec7839&start=2026-08-07T20:30:00+0000&duration=PT30M from server.
Fetching https://www.freeview.co.uk/api/program?sid=233&nid=64403&pid=crid://csi.digitaluk.co.uk/888a90a0-880c-4bd5-87a1-a7119adb6721&start=2026-08-07T21:00:00+0000&duration=PT30M from server.
Fetching https://www.freeview.co.uk/api/program?sid=233&nid=64403&pid=crid://csi.digitaluk.co.uk/05c7a047-9bda-4e44-9f36-c2d90ddd41a8&start=2026-08-07T21:30:00+0000&duration=PT30M from server.
Fetching https://www.freeview.co.uk/api/program?sid=233&nid=64403&pid=crid://csi.digitaluk.co.uk/e7fdc8a5-29b9-4006-af21-d08630830586&start=2026-08-07T22:00:00+0000&duration=PT30M from server.
Fetching https://www.freeview.co.uk/api/program?sid=233&nid=64403&pid=crid://csi.digitaluk.co.uk/4548ba03-64c4-4fd3-a3b2-13f1bdbbe660&start=2026-08-07T22:30:00+0000&duration=PT30M from server.
Fetching https://www.freeview.co.uk/api/program?sid=233&nid=64403&pid=crid://csi.digitaluk.co.uk/48e505b6-5438-41ea-baa0-558be8ca1f88&start=2026-08-07T23:00:00+0000&duration=PT1H from server.
###
