tv_grab_uk_freeview, 2026-10-08 01:26:58
----------------------------------------
getting list of channels:  URL= https://www.freeview.co.uk/api/channel-list?nid=64403 
Fetching https://www.freeview.co.uk/api/channel-list?nid=64403 from server.
##################################################
using cache '/home/runner/work/xmltv/xmltv/scripts//.xmltv/cache' 
using channel format 'number' 
using region id '64403' 
using icon ch string '?w=160' 
using icon pg string '?w=800' 
fetch 20 channels 
start/end grab: 1791763200 1791849600 
getting listings:  URL= https://www.freeview.co.uk/api/tv-guide?nid=64403&start=1791763200 
Fetching https://www.freeview.co.uk/api/tv-guide?nid=64403&start=1791763200 from server.
 Wanted 8384 
Fetching https://www.freeview.co.uk/api/program?sid=4&nid=64403&pid=crid://csi.digitaluk.co.uk/155f7ca5-87de-4f3d-946b-4e7bc7a5283f&start=2026-10-12T00:10:00+0000&duration=PT50M from server.
Fetching https://www.freeview.co.uk/api/program?sid=4&nid=64403&pid=crid://csi.digitaluk.co.uk/f4a57136-caf8-4387-8c51-706f78e809dd&start=2026-10-12T01:00:00+0000&duration=PT50M from server.
Fetching https://www.freeview.co.uk/api/program?sid=4&nid=64403&pid=crid://csi.digitaluk.co.uk/5443dac1-7108-43d1-85c2-7554cfec7ab6&start=2026-10-12T01:50:00+0000&duration=PT1H30M from server.
Fetching https://www.freeview.co.uk/api/program?sid=4&nid=64403&pid=crid://csi.digitaluk.co.uk/0f4e150b-1fff-4e93-87a4-9ad6b8be2dac&start=2026-10-12T03:20:00+0000&duration=PT40M from server.
Fetching https://www.freeview.co.uk/api/program?sid=4&nid=64403&pid=crid://csi.digitaluk.co.uk/1f1d6096-4d35-4e9c-9525-ed5975823748&start=2026-10-12T04:00:00+0000&duration=PT25M from server.
Fetching https://www.freeview.co.uk/api/program?sid=4&nid=64403&pid=crid://csi.digitaluk.co.uk/aa8fd8e0-9c89-4fd3-8971-8244a54cd451&start=2026-10-12T04:25:00+0000&duration=PT25M from server.
Fetching https://www.freeview.co.uk/api/program?sid=4&nid=64403&pid=crid://movida.bebanjo.net/mas/version/77002/135/ASDELIVERED/C&start=2026-10-12T04:50:00+0000&duration=PT40M from server.
Fetching https://www.freeview.co.uk/api/program?sid=4&nid=64403&pid=crid://csi.digitaluk.co.uk/c754be0d-5d48-42e1-83c8-030ab4d3e689&start=2026-10-12T05:30:00+0000&duration=PT25M from server.
Fetching https://www.freeview.co.uk/api/program?sid=4&nid=64403&pid=crid://csi.digitaluk.co.uk/08640e06-0029-4ab8-9731-8e760ed62121&start=2026-10-12T05:55:00+0000&duration=PT25M from server.
Fetching https://www.freeview.co.uk/api/program?sid=4&nid=64403&pid=crid://csi.digitaluk.co.uk/5c1980db-81be-4b84-afc6-d5defbd2d4a0&start=2026-10-12T06:20:00+0000&duration=PT25M from server.
Fetching https://www.freeview.co.uk/api/program?sid=4&nid=64403&pid=crid://csi.digitaluk.co.uk/53a9e701-6dbc-4ab0-8228-a43313f69e6e&start=2026-10-12T06:45:00+0000&duration=PT25M from server.
Fetching https://www.freeview.co.uk/api/program?sid=4&nid=64403&pid=crid://csi.digitaluk.co.uk/27798061-2e40-4f79-948a-6c4fba0f54f9&start=2026-10-12T07:10:00+0000&duration=PT30M from server.
Fetching https://www.freeview.co.uk/api/program?sid=4&nid=64403&pid=crid://csi.digitaluk.co.uk/e8597838-ef4c-441c-a5d7-6904fb2e1047&start=2026-10-12T07:40:00+0000&duration=PT30M from server.
Fetching https://www.freeview.co.uk/api/program?sid=4&nid=64403&pid=crid://csi.digitaluk.co.uk/e5add5ce-907b-462c-bc05-d08445fc1558&start=2026-10-12T08:10:00+0000&duration=PT30M from server.
Fetching https://www.freeview.co.uk/api/program?sid=4&nid=64403&pid=crid://csi.digitaluk.co.uk/e9661a6a-25eb-4c74-86b1-75e6d1a9e305&start=2026-10-12T08:40:00+0000&duration=PT30M from server.
Fetching https://www.freeview.co.uk/api/program?sid=4&nid=64403&pid=crid://csi.digitaluk.co.uk/ab2bb989-8478-4472-b14d-b26e15e4f6cd&start=2026-10-12T09:10:00+0000&duration=PT30M from server.
Fetching https://www.freeview.co.uk/api/program?sid=4&nid=64403&pid=crid://csi.digitaluk.co.uk/5da01a3e-10a9-405a-ae16-2f74f64d2a29&start=2026-10-12T09:40:00+0000&duration=PT30M from server.
Fetching https://www.freeview.co.uk/api/program?sid=4&nid=64403&pid=crid://csi.digitaluk.co.uk/7ca297ce-3cbc-4670-b7d8-a7a29e666dde&start=2026-10-12T10:10:00+0000&duration=PT55M from server.
Fetching https://www.freeview.co.uk/api/program?sid=4&nid=64403&pid=crid://csi.digitaluk.co.uk/7ae1a7e2-7692-4a0a-a0af-0b57f31c2416&start=2026-10-12T11:05:00+0000&duration=PT5M from server.
Fetching https://www.freeview.co.uk/api/program?sid=4&nid=64403&pid=crid://csi.digitaluk.co.uk/d6d96645-4292-4624-a158-9ec13b47f9e9&start=2026-10-12T11:10:00+0000&duration=PT1H from server.
Fetching https://www.freeview.co.uk/api/program?sid=4&nid=64403&pid=crid://csi.digitaluk.co.uk/f77aceba-1a4d-48d7-bb2c-bd253f81f5f8&start=2026-10-12T12:10:00+0000&duration=PT1H from server.
Fetching https://www.freeview.co.uk/api/program?sid=4&nid=64403&pid=crid://csi.digitaluk.co.uk/8dc39f78-f12f-4445-83c7-3e1da249055b&start=2026-10-12T13:10:00+0000&duration=PT50M from server.
Fetching https://www.freeview.co.uk/api/program?sid=4&nid=64403&pid=crid://csi.digitaluk.co.uk/52ec7852-5d2f-414f-b1ea-3a4e34d1330f&start=2026-10-12T14:00:00+0000&duration=PT1H from server.
Fetching https://www.freeview.co.uk/api/program?sid=4&nid=64403&pid=crid://movida.bebanjo.net/mas/version/77004/026/ASDELIVERED/C&start=2026-10-12T15:00:00+0000&duration=PT1H from server.
Fetching https://www.freeview.co.uk/api/program?sid=4&nid=64403&pid=crid://csi.digitaluk.co.uk/012a4bd4-c937-4ad9-8fed-b37c0096dcf6&start=2026-10-12T16:00:00+0000&duration=PT30M from server.
Fetching https://www.freeview.co.uk/api/program?sid=4&nid=64403&pid=crid://csi.digitaluk.co.uk/ec75085e-cf7f-4283-9a48-78c4dd04fe85&start=2026-10-12T16:30:00+0000&duration=PT30M from server.
Fetching https://www.freeview.co.uk/api/program?sid=4&nid=64403&pid=crid://csi.digitaluk.co.uk/32f700c5-141e-41b9-b82a-2f865fd05b36&start=2026-10-12T17:00:00+0000&duration=PT1H from server.
Fetching https://www.freeview.co.uk/api/program?sid=4&nid=64403&pid=crid://csi.digitaluk.co.uk/72580c2e-e882-40eb-93ac-16ec20fb528c&start=2026-10-12T18:00:00+0000&duration=PT55M from server.
Fetching https://www.freeview.co.uk/api/program?sid=4&nid=64403&pid=crid://csi.digitaluk.co.uk/cb4c454c-a1e5-4449-8aee-c2e6bcb835bc&start=2026-10-12T18:55:00+0000&duration=PT5M from server.
Fetching https://www.freeview.co.uk/api/program?sid=4&nid=64403&pid=crid://csi.digitaluk.co.uk/feb3868f-d75b-4094-bffd-d0983bb07d36&start=2026-10-12T19:00:00+0000&duration=PT1H from server.
Fetching https://www.freeview.co.uk/api/program?sid=4&nid=64403&pid=crid://csi.digitaluk.co.uk/d9875a8a-50b0-4618-9692-779e324c4e4b&start=2026-10-12T20:00:00+0000&duration=PT1H5M from server.
Fetching https://www.freeview.co.uk/api/program?sid=4&nid=64403&pid=crid://csi.digitaluk.co.uk/66de5271-a095-4dcc-a91c-b543703c24a2&start=2026-10-12T21:05:00+0000&duration=PT1H from server.
Fetching https://www.freeview.co.uk/api/program?sid=4&nid=64403&pid=crid://csi.digitaluk.co.uk/0251b67f-23c6-4b08-804a-8095f3b922fa&start=2026-10-12T22:05:00+0000&duration=PT1H30M from server.
Fetching https://www.freeview.co.uk/api/program?sid=4&nid=64403&pid=crid://csi.digitaluk.co.uk/d9ec376c-36df-4f39-9cad-40d4f80fb7e0&start=2026-10-12T23:35:00+0000&duration=PT55M from server.
## Wanted 8500 
Fetching https://www.freeview.co.uk/api/program?sid=5&nid=64403&pid=crid://panorama.five.tv/versions/C5522900200A&start=2026-10-12T00:55:00+0000&duration=PT5M from server.
Fetching https://www.freeview.co.uk/api/program?sid=5&nid=64403&pid=crid://panorama.five.tv/versions/C5544480002A&start=2026-10-12T01:00:00+0000&duration=PT2H from server.
Fetching https://www.freeview.co.uk/api/program?sid=5&nid=64403&pid=crid://panorama.five.tv/versions/C5434620012D&start=2026-10-12T03:00:00+0000&duration=PT45M from server.
Fetching https://www.freeview.co.uk/api/program?sid=5&nid=64403&pid=crid://panorama.five.tv/versions/C5511220004A&start=2026-10-12T03:45:00+0000&duration=PT45M from server.
Fetching https://www.freeview.co.uk/api/program?sid=5&nid=64403&pid=crid://panorama.five.tv/versions/C5522900200A&start=2026-10-12T04:30:00+0000&duration=PT5M from server.
Fetching https://www.freeview.co.uk/api/program?sid=5&nid=64403&pid=crid://panorama.five.tv/versions/C5457060035A&start=2026-10-12T04:35:00+0000&duration=PT10M from server.
Fetching https://www.freeview.co.uk/api/program?sid=5&nid=64403&pid=crid://panorama.five.tv/versions/C5457060036A&start=2026-10-12T04:45:00+0000&duration=PT15M from server.
Fetching https://www.freeview.co.uk/api/program?sid=5&nid=64403&pid=crid://panorama.five.tv/versions/C5265570011B&start=2026-10-12T05:00:00+0000&duration=PT5M from server.
Fetching https://www.freeview.co.uk/api/program?sid=5&nid=64403&pid=crid://panorama.five.tv/versions/C5265570012C&start=2026-10-12T05:05:00+0000&duration=PT5M from server.
Fetching https://www.freeview.co.uk/api/program?sid=5&nid=64403&pid=crid://panorama.five.tv/versions/C5392420002A&start=2026-10-12T05:10:00+0000&duration=PT5M from server.
Fetching https://www.freeview.co.uk/api/program?sid=5&nid=64403&pid=crid://panorama.five.tv/versions/C5285600039A&start=2026-10-12T05:15:00+0000&duration=PT5M from server.
Fetching https://www.freeview.co.uk/api/program?sid=5&nid=64403&pid=crid://panorama.five.tv/versions/C5229750004A&start=2026-10-12T05:20:00+0000&duration=PT15M from server.
Fetching https://www.freeview.co.uk/api/program?sid=5&nid=64403&pid=crid://panorama.five.tv/versions/C5457140001A&start=2026-10-12T05:35:00+0000&duration=PT10M from server.
Fetching https://www.freeview.co.uk/api/program?sid=5&nid=64403&pid=crid://panorama.five.tv/versions/C5474560006A&start=2026-10-12T05:45:00+0000&duration=PT5M from server.
Fetching https://www.freeview.co.uk/api/program?sid=5&nid=64403&pid=crid://panorama.five.tv/versions/C5285620018A&start=2026-10-12T05:50:00+0000&duration=PT5M from server.
Fetching https://www.freeview.co.uk/api/program?sid=5&nid=64403&pid=crid://panorama.five.tv/versions/C5463820035A&start=2026-10-12T05:55:00+0000&duration=PT15M from server.
Fetching https://www.freeview.co.uk/api/program?sid=5&nid=64403&pid=crid://panorama.five.tv/versions/C5491450035A&start=2026-10-12T06:10:00+0000&duration=PT10M from server.
Fetching https://www.freeview.co.uk/api/program?sid=5&nid=64403&pid=crid://panorama.five.tv/versions/C5537020006B&start=2026-10-12T06:20:00+0000&duration=PT10M from server.
Fetching https://www.freeview.co.uk/api/program?sid=5&nid=64403&pid=crid://panorama.five.tv/versions/C5144870040C&start=2026-10-12T06:30:00+0000&duration=PT10M from server.
Fetching https://www.freeview.co.uk/api/program?sid=5&nid=64403&pid=crid://panorama.five.tv/versions/C5144870041C&start=2026-10-12T06:40:00+0000&duration=PT5M from server.
Fetching https://www.freeview.co.uk/api/program?sid=5&nid=64403&pid=crid://panorama.five.tv/versions/C5489560005A&start=2026-10-12T06:45:00+0000&duration=PT10M from server.
Fetching https://www.freeview.co.uk/api/program?sid=5&nid=64403&pid=crid://panorama.five.tv/versions/C5285680043A&start=2026-10-12T06:55:00+0000&duration=PT20M from server.
Fetching https://www.freeview.co.uk/api/program?sid=5&nid=64403&pid=crid://panorama.five.tv/versions/C5536940008A&start=2026-10-12T07:15:00+0000&duration=PT10M from server.
Fetching https://www.freeview.co.uk/api/program?sid=5&nid=64403&pid=crid://panorama.five.tv/versions/C5285580026A&start=2026-10-12T07:25:00+0000&duration=PT15M from server.
Fetching https://www.freeview.co.uk/api/program?sid=5&nid=64403&pid=crid://panorama.five.tv/versions/C5115230027C&start=2026-10-12T07:40:00+0000&duration=PT5M from server.
Fetching https://www.freeview.co.uk/api/program?sid=5&nid=64403&pid=crid://panorama.five.tv/versions/C5115230028C&start=2026-10-12T07:45:00+0000&duration=PT5M from server.
Fetching https://www.freeview.co.uk/api/program?sid=5&nid=64403&pid=crid://panorama.five.tv/versions/C5115230029C&start=2026-10-12T07:50:00+0000&duration=PT5M from server.
Fetching https://www.freeview.co.uk/api/program?sid=5&nid=64403&pid=crid://panorama.five.tv/versions/C5165010032A&start=2026-10-12T07:55:00+0000&duration=PT10M from server.
Fetching https://www.freeview.co.uk/api/program?sid=5&nid=64403&pid=crid://panorama.five.tv/versions/C5540840006A&start=2026-10-12T08:05:00+0000&duration=PT10M from server.
Use of uninitialized value $content in numeric eq (==) at /home/runner/work/xmltv/xmltv/scripts/tv_grab_uk_freeview/tv_grab_uk_freeview line 534.
no content - creating empty file
Fetching https://www.freeview.co.uk/api/program?sid=5&nid=64403&pid=crid://panorama.five.tv/versions/C5524340201A&start=2026-10-12T08:15:00+0000&duration=PT2H15M from server.
Fetching https://www.freeview.co.uk/api/program?sid=5&nid=64403&pid=crid://panorama.five.tv/versions/C5524360201A&start=2026-10-12T10:30:00+0000&duration=PT1H15M from server.
Fetching https://www.freeview.co.uk/api/program?sid=5&nid=64403&pid=crid://panorama.five.tv/versions/C5524440196A&start=2026-10-12T11:45:00+0000&duration=PT5M from server.
Fetching https://www.freeview.co.uk/api/program?sid=5&nid=64403&pid=crid://panorama.five.tv/versions/C5526780196A&start=2026-10-12T11:50:00+0000&duration=PT1H30M from server.
Fetching https://www.freeview.co.uk/api/program?sid=5&nid=64403&pid=crid://panorama.five.tv/versions/C5464040001B&start=2026-10-12T13:20:00+0000&duration=PT1H40M from server.
Fetching https://www.freeview.co.uk/api/program?sid=5&nid=64403&pid=crid://panorama.five.tv/versions/C5495570011A&start=2026-10-12T15:00:00+0000&duration=PT1H from server.
Fetching https://www.freeview.co.uk/api/program?sid=5&nid=64403&pid=crid://panorama.five.tv/versions/C5524400200A&start=2026-10-12T16:00:00+0000&duration=PT1H from server.
Fetching https://www.freeview.co.uk/api/program?sid=5&nid=64403&pid=crid://panorama.five.tv/versions/C5524580002A&start=2026-10-12T17:00:00+0000&duration=PT1H from server.
Fetching https://www.freeview.co.uk/api/program?sid=5&nid=64403&pid=crid://panorama.five.tv/versions/C5372680006F&start=2026-10-12T18:00:00+0000&duration=PT1H from server.
Fetching https://www.freeview.co.uk/api/program?sid=5&nid=64403&pid=crid://panorama.five.tv/versions/C5524560003B&start=2026-10-12T19:00:00+0000&duration=PT1H from server.
Fetching https://www.freeview.co.uk/api/program?sid=5&nid=64403&pid=crid://panorama.five.tv/versions/C5525340003A&start=2026-10-12T20:00:00+0000&duration=PT55M from server.
Fetching https://www.freeview.co.uk/api/program?sid=5&nid=64403&pid=crid://csi.digitaluk.co.uk/bb15b317-19a7-4cce-a5e2-f14170e27fef&start=2026-10-12T20:55:00+0000&duration=PT10M from server.
Fetching https://www.freeview.co.uk/api/program?sid=5&nid=64403&pid=crid://panorama.five.tv/versions/C5416420003A&start=2026-10-12T21:05:00+0000&duration=PT1H30M from server.
Fetching https://www.freeview.co.uk/api/program?sid=5&nid=64403&pid=crid://panorama.five.tv/versions/C5507600003C&start=2026-10-12T22:35:00+0000&duration=PT1H25M from server.
### Wanted 28000 
Fetching https://www.freeview.co.uk/api/program?sid=12&nid=64403&pid=crid://csi.digitaluk.co.uk/11087712-a0ed-4d0a-8c69-04c3239f94ee&start=2026-10-12T00:30:00+0000&duration=PT1H from server.
Fetching https://www.freeview.co.uk/api/program?sid=12&nid=64403&pid=crid://csi.digitaluk.co.uk/555f58e8-c1b3-4bb0-9414-b88e64905696&start=2026-10-12T01:30:00+0000&duration=PT2H from server.
Fetching https://www.freeview.co.uk/api/program?sid=12&nid=64403&pid=crid://csi.digitaluk.co.uk/541ca59a-8633-4519-8656-dabd1c4ed6cb&start=2026-10-12T03:30:00+0000&duration=PT30M from server.
Fetching https://www.freeview.co.uk/api/program?sid=12&nid=64403&pid=crid://csi.digitaluk.co.uk/07c71f7a-8971-441d-98f6-91ca9ee600e7&start=2026-10-12T04:00:00+0000&duration=PT30M from server.
Fetching https://www.freeview.co.uk/api/program?sid=12&nid=64403&pid=crid://csi.digitaluk.co.uk/ef7f8289-bc4d-4694-b11d-ec0eaaad9c53&start=2026-10-12T04:30:00+0000&duration=PT30M from server.
Fetching https://www.freeview.co.uk/api/program?sid=12&nid=64403&pid=crid://csi.digitaluk.co.uk/c625a50a-4e7c-4d3a-aa95-e5e01c59429d&start=2026-10-12T05:00:00+0000&duration=PT30M from server.
Fetching https://www.freeview.co.uk/api/program?sid=12&nid=64403&pid=crid://csi.digitaluk.co.uk/382f8069-8b9d-484a-aa89-c5b7c17420c0&start=2026-10-12T05:30:00+0000&duration=PT30M from server.
Fetching https://www.freeview.co.uk/api/program?sid=12&nid=64403&pid=crid://csi.digitaluk.co.uk/569320ba-65ff-4b46-944b-57dd3c3d84ca&start=2026-10-12T06:00:00+0000&duration=PT30M from server.
Fetching https://www.freeview.co.uk/api/program?sid=12&nid=64403&pid=crid://csi.digitaluk.co.uk/e2faacd0-55b3-434c-a6e9-76c635aca869&start=2026-10-12T06:30:00+0000&duration=PT30M from server.
Fetching https://www.freeview.co.uk/api/program?sid=12&nid=64403&pid=crid://csi.digitaluk.co.uk/264f2b7f-83ed-4a3e-963b-de6472cc207e&start=2026-10-12T07:00:00+0000&duration=PT30M from server.
Fetching https://www.freeview.co.uk/api/program?sid=12&nid=64403&pid=crid://csi.digitaluk.co.uk/1e07dc39-8812-4cfd-88d5-1976bd7f11f9&start=2026-10-12T07:30:00+0000&duration=PT30M from server.
Fetching https://www.freeview.co.uk/api/program?sid=12&nid=64403&pid=crid://csi.digitaluk.co.uk/c198ab09-a393-4d07-81c4-8160e93ab3b9&start=2026-10-12T08:00:00+0000&duration=PT30M from server.
Fetching https://www.freeview.co.uk/api/program?sid=12&nid=64403&pid=crid://csi.digitaluk.co.uk/386f9423-3f12-4f7f-8bc4-3b796e535142&start=2026-10-12T08:30:00+0000&duration=PT30M from server.
Fetching https://www.freeview.co.uk/api/program?sid=12&nid=64403&pid=crid://csi.digitaluk.co.uk/7358ea63-01af-459d-b875-1a5747b11204&start=2026-10-12T09:00:00+0000&duration=PT30M from server.
Fetching https://www.freeview.co.uk/api/program?sid=12&nid=64403&pid=crid://csi.digitaluk.co.uk/db7a85b2-f8c5-4f61-9d39-c28716d1d77f&start=2026-10-12T09:30:00+0000&duration=PT30M from server.
Fetching https://www.freeview.co.uk/api/program?sid=12&nid=64403&pid=crid://csi.digitaluk.co.uk/b3bcac52-1f97-4160-9098-6bfcbbf6618f&start=2026-10-12T10:00:00+0000&duration=PT30M from server.
Fetching https://www.freeview.co.uk/api/program?sid=12&nid=64403&pid=crid://csi.digitaluk.co.uk/8f0e62c9-cfcf-4d9b-8a45-7336a26192e3&start=2026-10-12T10:30:00+0000&duration=PT30M from server.
Fetching https://www.freeview.co.uk/api/program?sid=12&nid=64403&pid=crid://csi.digitaluk.co.uk/d9ecbc12-3075-4671-b030-6f4421a7dfea&start=2026-10-12T11:00:00+0000&duration=PT30M from server.
Fetching https://www.freeview.co.uk/api/program?sid=12&nid=64403&pid=crid://csi.digitaluk.co.uk/8a04a85d-6a05-4abe-935d-37d547088253&start=2026-10-12T11:30:00+0000&duration=PT30M from server.
Fetching https://www.freeview.co.uk/api/program?sid=12&nid=64403&pid=crid://csi.digitaluk.co.uk/c5d90002-1e19-4b9d-81d7-a9b2c9afd4b8&start=2026-10-12T12:00:00+0000&duration=PT30M from server.
Fetching https://www.freeview.co.uk/api/program?sid=12&nid=64403&pid=crid://csi.digitaluk.co.uk/9031b6d6-77ff-4014-9514-75aca54b7f28&start=2026-10-12T12:30:00+0000&duration=PT30M from server.
Fetching https://www.freeview.co.uk/api/program?sid=12&nid=64403&pid=crid://csi.digitaluk.co.uk/d7f030e8-91b8-4843-a2f4-7c79e19dc425&start=2026-10-12T13:00:00+0000&duration=PT30M from server.
Fetching https://www.freeview.co.uk/api/program?sid=12&nid=64403&pid=crid://csi.digitaluk.co.uk/b61527cb-efd0-40ff-8c68-e53a728a68ac&start=2026-10-12T13:30:00+0000&duration=PT30M from server.
Fetching https://www.freeview.co.uk/api/program?sid=12&nid=64403&pid=crid://csi.digitaluk.co.uk/45eb26f7-8cd0-459a-af7b-a32d287d1b72&start=2026-10-12T14:00:00+0000&duration=PT30M from server.
Fetching https://www.freeview.co.uk/api/program?sid=12&nid=64403&pid=crid://csi.digitaluk.co.uk/991cc36a-39d2-404a-9687-a84c2a5865a1&start=2026-10-12T14:30:00+0000&duration=PT30M from server.
Fetching https://www.freeview.co.uk/api/program?sid=12&nid=64403&pid=crid://csi.digitaluk.co.uk/62ce3635-1d78-4c7f-8b70-5b54fddab320&start=2026-10-12T15:00:00+0000&duration=PT30M from server.
Fetching https://www.freeview.co.uk/api/program?sid=12&nid=64403&pid=crid://csi.digitaluk.co.uk/032d154e-3424-4c00-81e9-ec3fa4bf0665&start=2026-10-12T15:30:00+0000&duration=PT30M from server.
Fetching https://www.freeview.co.uk/api/program?sid=12&nid=64403&pid=crid://csi.digitaluk.co.uk/6435a2ba-beb0-4d7a-8b95-c213a6894a1e&start=2026-10-12T16:00:00+0000&duration=PT30M from server.
Fetching https://www.freeview.co.uk/api/program?sid=12&nid=64403&pid=crid://csi.digitaluk.co.uk/f6ea12ad-cfbe-44d7-8bf9-32c61d3ea379&start=2026-10-12T16:30:00+0000&duration=PT30M from server.
Fetching https://www.freeview.co.uk/api/program?sid=12&nid=64403&pid=crid://csi.digitaluk.co.uk/68ee33c5-e263-46c9-9b8a-8046235778ca&start=2026-10-12T17:00:00+0000&duration=PT30M from server.
Fetching https://www.freeview.co.uk/api/program?sid=12&nid=64403&pid=crid://csi.digitaluk.co.uk/da0455cc-7d2b-45bc-ad54-39b22f912dab&start=2026-10-12T17:30:00+0000&duration=PT30M from server.
Fetching https://www.freeview.co.uk/api/program?sid=12&nid=64403&pid=crid://csi.digitaluk.co.uk/7f6445bf-acf0-4c01-ab6f-9fcea32b0796&start=2026-10-12T18:00:00+0000&duration=PT30M from server.
Fetching https://www.freeview.co.uk/api/program?sid=12&nid=64403&pid=crid://csi.digitaluk.co.uk/57fe9b8e-0106-40c9-8ded-b3faa716662d&start=2026-10-12T18:30:00+0000&duration=PT30M from server.
Fetching https://www.freeview.co.uk/api/program?sid=12&nid=64403&pid=crid://csi.digitaluk.co.uk/888df05c-ba77-471b-9206-f863b041c5fe&start=2026-10-12T19:00:00+0000&duration=PT30M from server.
Fetching https://www.freeview.co.uk/api/program?sid=12&nid=64403&pid=crid://csi.digitaluk.co.uk/f363e9da-f926-4555-961b-027f5434b8dd&start=2026-10-12T19:30:00+0000&duration=PT30M from server.
Fetching https://www.freeview.co.uk/api/program?sid=12&nid=64403&pid=crid://csi.digitaluk.co.uk/211ee40d-c66e-43d5-8b72-06e78d8538ad&start=2026-10-12T20:00:00+0000&duration=PT1H from server.
Fetching https://www.freeview.co.uk/api/program?sid=12&nid=64403&pid=crid://csi.digitaluk.co.uk/f0895d42-72b0-4de1-84ae-5dc46618fb84&start=2026-10-12T21:00:00+0000&duration=PT3H from server.
## Wanted 8448 
Fetching https://www.freeview.co.uk/api/program?sid=13&nid=64403&pid=crid://csi.digitaluk.co.uk/be5ec336-21d5-46d3-8e73-407ced2e7264&start=2026-10-12T00:20:00+0000&duration=PT1H5M from server.
Fetching https://www.freeview.co.uk/api/program?sid=13&nid=64403&pid=crid://movida.bebanjo.net/mas/version/80555/013/POST2000/C&start=2026-10-12T01:25:00+0000&duration=PT45M from server.
Fetching https://www.freeview.co.uk/api/program?sid=13&nid=64403&pid=crid://movida.bebanjo.net/mas/version/80555/014/POST2000/C&start=2026-10-12T02:10:00+0000&duration=PT45M from server.
Fetching https://www.freeview.co.uk/api/program?sid=13&nid=64403&pid=crid://csi.digitaluk.co.uk/0619a51a-ca62-40de-9b81-b70bd3f3bbce&start=2026-10-12T02:55:00+0000&duration=PT25M from server.
Fetching https://www.freeview.co.uk/api/program?sid=13&nid=64403&pid=crid://csi.digitaluk.co.uk/f21e86df-d287-4f25-9656-db7a7d0b1a52&start=2026-10-12T03:20:00+0000&duration=PT1H40M from server.
Fetching https://www.freeview.co.uk/api/program?sid=13&nid=64403&pid=crid://movida.bebanjo.net/mas/version/76930/119/ASDELIVERED/C&start=2026-10-12T05:00:00+0000&duration=PT30M from server.
Fetching https://www.freeview.co.uk/api/program?sid=13&nid=64403&pid=crid://movida.bebanjo.net/mas/version/76930/120/ASDELIVERED/C&start=2026-10-12T05:30:00+0000&duration=PT25M from server.
Fetching https://www.freeview.co.uk/api/program?sid=13&nid=64403&pid=crid://csi.digitaluk.co.uk/7b0b7f56-d475-49ba-9ca8-c1be1a0f0047&start=2026-10-12T05:55:00+0000&duration=PT5M from server.
Fetching https://www.freeview.co.uk/api/program?sid=13&nid=64403&pid=crid://csi.digitaluk.co.uk/9c03e4c0-27a0-4f78-9d2c-2b85f609457e&start=2026-10-12T06:00:00+0000&duration=PT1H from server.
Fetching https://www.freeview.co.uk/api/program?sid=13&nid=64403&pid=crid://csi.digitaluk.co.uk/c52d95fc-6bfe-46fb-b5df-6f4d1f9b6101&start=2026-10-12T07:00:00+0000&duration=PT1H from server.
Fetching https://www.freeview.co.uk/api/program?sid=13&nid=64403&pid=crid://csi.digitaluk.co.uk/4edd6f3b-a653-49f7-b6b1-4d1571d3d8b3&start=2026-10-12T08:00:00+0000&duration=PT1H from server.
Fetching https://www.freeview.co.uk/api/program?sid=13&nid=64403&pid=crid://csi.digitaluk.co.uk/8f82383c-6b20-4404-b575-42ef6c497cb8&start=2026-10-12T09:00:00+0000&duration=PT1H from server.
Fetching https://www.freeview.co.uk/api/program?sid=13&nid=64403&pid=crid://csi.digitaluk.co.uk/fa8b62ba-90c9-4780-bc04-53f911a85766&start=2026-10-12T10:00:00+0000&duration=PT30M from server.
Fetching https://www.freeview.co.uk/api/program?sid=13&nid=64403&pid=crid://csi.digitaluk.co.uk/a0f2563b-857c-4c91-b83f-ce558afe0d36&start=2026-10-12T10:30:00+0000&duration=PT30M from server.
Fetching https://www.freeview.co.uk/api/program?sid=13&nid=64403&pid=crid://csi.digitaluk.co.uk/2582141e-2f4b-4540-a009-fd3e8d9514a9&start=2026-10-12T11:00:00+0000&duration=PT30M from server.
Fetching https://www.freeview.co.uk/api/program?sid=13&nid=64403&pid=crid://csi.digitaluk.co.uk/459cfc8e-ce55-4dfb-8d4c-1a8b5f537948&start=2026-10-12T11:30:00+0000&duration=PT30M from server.
Fetching https://www.freeview.co.uk/api/program?sid=13&nid=64403&pid=crid://csi.digitaluk.co.uk/53158fb9-26a5-4de0-b11b-16e794fa810f&start=2026-10-12T12:00:00+0000&duration=PT30M from server.
Fetching https://www.freeview.co.uk/api/program?sid=13&nid=64403&pid=crid://csi.digitaluk.co.uk/7a81987b-9318-46be-952c-74fd1aec5af0&start=2026-10-12T12:30:00+0000&duration=PT30M from server.
Fetching https://www.freeview.co.uk/api/program?sid=13&nid=64403&pid=crid://csi.digitaluk.co.uk/c0351233-269e-4f4c-842a-2a5e010e5579&start=2026-10-12T13:00:00+0000&duration=PT30M from server.
Fetching https://www.freeview.co.uk/api/program?sid=13&nid=64403&pid=crid://csi.digitaluk.co.uk/e1ee273f-e2e0-4b8b-96dc-8553330858e5&start=2026-10-12T13:30:00+0000&duration=PT30M from server.
Fetching https://www.freeview.co.uk/api/program?sid=13&nid=64403&pid=crid://csi.digitaluk.co.uk/5f6f7d8b-e6d3-4a0f-b0b0-4ff54bc1ea22&start=2026-10-12T14:00:00+0000&duration=PT30M from server.
Fetching https://www.freeview.co.uk/api/program?sid=13&nid=64403&pid=crid://csi.digitaluk.co.uk/8bca18b7-5e6d-464c-996a-3afabbe88176&start=2026-10-12T14:30:00+0000&duration=PT30M from server.
Fetching https://www.freeview.co.uk/api/program?sid=13&nid=64403&pid=crid://csi.digitaluk.co.uk/f73da609-001e-465d-8bf8-dc847ab64754&start=2026-10-12T15:00:00+0000&duration=PT30M from server.
Fetching https://www.freeview.co.uk/api/program?sid=13&nid=64403&pid=crid://csi.digitaluk.co.uk/4e03d6f4-cc16-4ffa-908c-24703f8c645e&start=2026-10-12T15:30:00+0000&duration=PT30M from server.
Fetching https://www.freeview.co.uk/api/program?sid=13&nid=64403&pid=crid://csi.digitaluk.co.uk/c2601f22-5a15-4fec-8f0d-cfde17de5034&start=2026-10-12T16:00:00+0000&duration=PT30M from server.
Fetching https://www.freeview.co.uk/api/program?sid=13&nid=64403&pid=crid://csi.digitaluk.co.uk/d63bcdb3-8b92-45d6-bcf0-311812a399cb&start=2026-10-12T16:30:00+0000&duration=PT30M from server.
Fetching https://www.freeview.co.uk/api/program?sid=13&nid=64403&pid=crid://csi.digitaluk.co.uk/d58f409e-cd46-42bb-a3bd-6a8058b0cf47&start=2026-10-12T17:00:00+0000&duration=PT30M from server.
Fetching https://www.freeview.co.uk/api/program?sid=13&nid=64403&pid=crid://csi.digitaluk.co.uk/eae13444-cdf0-4a74-b432-ec0be6835763&start=2026-10-12T17:30:00+0000&duration=PT30M from server.
Fetching https://www.freeview.co.uk/api/program?sid=13&nid=64403&pid=crid://csi.digitaluk.co.uk/60f76333-98b7-417d-9534-d584384e2d33&start=2026-10-12T18:00:00+0000&duration=PT30M from server.
Fetching https://www.freeview.co.uk/api/program?sid=13&nid=64403&pid=crid://csi.digitaluk.co.uk/9572c4dc-e7be-40a1-8c6b-be4dc4a70061&start=2026-10-12T18:30:00+0000&duration=PT30M from server.
Fetching https://www.freeview.co.uk/api/program?sid=13&nid=64403&pid=crid://csi.digitaluk.co.uk/88fffe4f-2455-4fce-999a-d513f70f8cee&start=2026-10-12T19:00:00+0000&duration=PT1H from server.
Fetching https://www.freeview.co.uk/api/program?sid=13&nid=64403&pid=crid://csi.digitaluk.co.uk/da39e636-f808-41ab-8e1b-eb9b1568da78&start=2026-10-12T20:00:00+0000&duration=PT1H from server.
Fetching https://www.freeview.co.uk/api/program?sid=13&nid=64403&pid=crid://csi.digitaluk.co.uk/d294e30a-53d1-47ad-b8c3-5c51176a8157&start=2026-10-12T21:00:00+0000&duration=PT1H5M from server.
Fetching https://www.freeview.co.uk/api/program?sid=13&nid=64403&pid=crid://csi.digitaluk.co.uk/f990b10f-3074-43a3-aa8f-9e52bae2c65d&start=2026-10-12T22:05:00+0000&duration=PT1H5M from server.
Fetching https://www.freeview.co.uk/api/program?sid=13&nid=64403&pid=crid://csi.digitaluk.co.uk/340c8bd5-6830-406a-b677-720cc8ebf3a3&start=2026-10-12T23:10:00+0000&duration=PT1H from server.
### Wanted 8385 
Fetching https://www.freeview.co.uk/api/program?sid=14&nid=64403&pid=crid://movida.bebanjo.net/mas/version/70744/001/POSTWATERSHED2100/C&start=2026-10-12T00:00:00+0000&duration=PT2H from server.
Fetching https://www.freeview.co.uk/api/program?sid=14&nid=64403&pid=crid://csi.digitaluk.co.uk/b1c448d4-25d4-4e4a-99ff-37711550fc59&start=2026-10-12T02:00:00+0000&duration=PT4H from server.
Fetching https://www.freeview.co.uk/api/program?sid=14&nid=64403&pid=crid://csi.digitaluk.co.uk/0ac5b7ef-9076-46d8-b4d5-6be46b5f1e1e&start=2026-10-12T06:00:00+0000&duration=PT1H from server.
Fetching https://www.freeview.co.uk/api/program?sid=14&nid=64403&pid=crid://csi.digitaluk.co.uk/e024ecbb-be63-41d6-9e07-dc78957b42d2&start=2026-10-12T07:00:00+0000&duration=PT30M from server.
Fetching https://www.freeview.co.uk/api/program?sid=14&nid=64403&pid=crid://csi.digitaluk.co.uk/e2b337d0-21fc-4281-8ecb-26cdf9b7873e&start=2026-10-12T07:30:00+0000&duration=PT2H30M from server.
Fetching https://www.freeview.co.uk/api/program?sid=14&nid=64403&pid=crid://csi.digitaluk.co.uk/850ad62d-e70c-483e-b118-2e0979a3534d&start=2026-10-12T10:00:00+0000&duration=PT2H15M from server.
Fetching https://www.freeview.co.uk/api/program?sid=14&nid=64403&pid=crid://csi.digitaluk.co.uk/628b0cd0-4b42-4083-b5f2-a10bb6519424&start=2026-10-12T12:15:00+0000&duration=PT1H50M from server.
Fetching https://www.freeview.co.uk/api/program?sid=14&nid=64403&pid=crid://csi.digitaluk.co.uk/be11b05c-6396-46c4-b5c3-3562611d74ed&start=2026-10-12T14:05:00+0000&duration=PT5M from server.
Fetching https://www.freeview.co.uk/api/program?sid=14&nid=64403&pid=crid://csi.digitaluk.co.uk/f26ce5ed-6b2d-469c-ab8e-7df880d9d4e1&start=2026-10-12T14:10:00+0000&duration=PT2H35M from server.
Fetching https://www.freeview.co.uk/api/program?sid=14&nid=64403&pid=crid://csi.digitaluk.co.uk/e40d05f6-aa6d-423c-b282-b1b476bd32c9&start=2026-10-12T16:45:00+0000&duration=PT3H15M from server.
Fetching https://www.freeview.co.uk/api/program?sid=14&nid=64403&pid=crid://csi.digitaluk.co.uk/33e37ccd-c9ad-44e8-9ed7-9d8d9ea678ff&start=2026-10-12T20:00:00+0000&duration=PT2H35M from server.
Fetching https://www.freeview.co.uk/api/program?sid=14&nid=64403&pid=crid://movida.bebanjo.net/mas/version/75572/001/POSTWATERSHED2100/C&start=2026-10-12T22:35:00+0000&duration=PT2H45M from server.
## Wanted 27328 
Fetching https://www.freeview.co.uk/api/program?sid=17&nid=64403&pid=crid://csi.digitaluk.co.uk/d3d3a5f3-2585-4958-bd45-a6927b3178c7&start=2026-10-12T00:00:00+0000&duration=PT1H from server.
Fetching https://www.freeview.co.uk/api/program?sid=17&nid=64403&pid=crid://csi.digitaluk.co.uk/c15f6aa1-c545-4a82-acc4-e517f667a3af&start=2026-10-12T01:00:00+0000&duration=PT1H from server.
Fetching https://www.freeview.co.uk/api/program?sid=17&nid=64403&pid=crid://csi.digitaluk.co.uk/e3c86d7a-2b75-4e73-83e9-ff4dbc1d9291&start=2026-10-12T02:00:00+0000&duration=PT1H from server.
Fetching https://www.freeview.co.uk/api/program?sid=17&nid=64403&pid=crid://csi.digitaluk.co.uk/80ea029c-091b-4764-8ad3-32b0e7f9249f&start=2026-10-12T03:00:00+0000&duration=PT30M from server.
Fetching https://www.freeview.co.uk/api/program?sid=17&nid=64403&pid=crid://csi.digitaluk.co.uk/b2e2bec1-5c26-4382-a3fd-e55e0f0a4705&start=2026-10-12T03:30:00+0000&duration=PT30M from server.
Fetching https://www.freeview.co.uk/api/program?sid=17&nid=64403&pid=crid://csi.digitaluk.co.uk/3e12c8de-fcfe-4bf2-bf39-e41a8769ee42&start=2026-10-12T04:00:00+0000&duration=PT30M from server.
Fetching https://www.freeview.co.uk/api/program?sid=17&nid=64403&pid=crid://csi.digitaluk.co.uk/ab34a895-f04a-4d73-822b-a7c14842d1ea&start=2026-10-12T04:30:00+0000&duration=PT30M from server.
Fetching https://www.freeview.co.uk/api/program?sid=17&nid=64403&pid=crid://csi.digitaluk.co.uk/6fa34255-e92a-41b2-bdd2-720eda95a115&start=2026-10-12T05:00:00+0000&duration=PT1H from server.
Fetching https://www.freeview.co.uk/api/program?sid=17&nid=64403&pid=crid://csi.digitaluk.co.uk/132df3a0-4fa3-4898-97be-b672d8dff235&start=2026-10-12T06:00:00+0000&duration=PT1H from server.
Fetching https://www.freeview.co.uk/api/program?sid=17&nid=64403&pid=crid://csi.digitaluk.co.uk/cc8d2493-4de6-437d-9d6e-eb1c5626b371&start=2026-10-12T07:00:00+0000&duration=PT1H from server.
Fetching https://www.freeview.co.uk/api/program?sid=17&nid=64403&pid=crid://csi.digitaluk.co.uk/c30f679f-2ce6-4106-bce1-da051a5497df&start=2026-10-12T08:00:00+0000&duration=PT1H from server.
Fetching https://www.freeview.co.uk/api/program?sid=17&nid=64403&pid=crid://csi.digitaluk.co.uk/e34c28f3-78c3-4a69-85be-11afe4212c19&start=2026-10-12T09:00:00+0000&duration=PT1H from server.
Fetching https://www.freeview.co.uk/api/program?sid=17&nid=64403&pid=crid://csi.digitaluk.co.uk/cad5079c-1e73-47cb-a264-30c91c9e6a9a&start=2026-10-12T10:00:00+0000&duration=PT1H from server.
Fetching https://www.freeview.co.uk/api/program?sid=17&nid=64403&pid=crid://csi.digitaluk.co.uk/88a52458-55a8-45ca-867d-5dbaf8e06ee2&start=2026-10-12T11:00:00+0000&duration=PT1H from server.
Fetching https://www.freeview.co.uk/api/program?sid=17&nid=64403&pid=crid://csi.digitaluk.co.uk/9a83fc70-53ca-42f2-aa19-e533ab9a3c5c&start=2026-10-12T12:00:00+0000&duration=PT1H from server.
Fetching https://www.freeview.co.uk/api/program?sid=17&nid=64403&pid=crid://csi.digitaluk.co.uk/c6616631-6083-40b7-8a0e-f5a624a69b18&start=2026-10-12T13:00:00+0000&duration=PT30M from server.
Fetching https://www.freeview.co.uk/api/program?sid=17&nid=64403&pid=crid://csi.digitaluk.co.uk/a8e66c2b-799b-4946-a0ef-e5914a200089&start=2026-10-12T13:30:00+0000&duration=PT30M from server.
Fetching https://www.freeview.co.uk/api/program?sid=17&nid=64403&pid=crid://csi.digitaluk.co.uk/edbb4acb-9682-49b7-8ca0-e4f21eb93afc&start=2026-10-12T14:00:00+0000&duration=PT30M from server.
Fetching https://www.freeview.co.uk/api/program?sid=17&nid=64403&pid=crid://csi.digitaluk.co.uk/93f9cb81-9e14-488c-afd3-407676b27b5c&start=2026-10-12T14:30:00+0000&duration=PT30M from server.
Fetching https://www.freeview.co.uk/api/program?sid=17&nid=64403&pid=crid://csi.digitaluk.co.uk/58b09b5b-3594-4fd2-90a0-b479bd8fa038&start=2026-10-12T15:00:00+0000&duration=PT1H from server.
Fetching https://www.freeview.co.uk/api/program?sid=17&nid=64403&pid=crid://csi.digitaluk.co.uk/ddf86a35-786d-4c74-b0c3-6875fe88600b&start=2026-10-12T16:00:00+0000&duration=PT1H from server.
Fetching https://www.freeview.co.uk/api/program?sid=17&nid=64403&pid=crid://csi.digitaluk.co.uk/34082648-720b-4487-bc83-c68c30f16c44&start=2026-10-12T17:00:00+0000&duration=PT1H from server.
Fetching https://www.freeview.co.uk/api/program?sid=17&nid=64403&pid=crid://csi.digitaluk.co.uk/177f05ab-5d2b-4598-89cf-fb545667408c&start=2026-10-12T18:00:00+0000&duration=PT1H from server.
Fetching https://www.freeview.co.uk/api/program?sid=17&nid=64403&pid=crid://csi.digitaluk.co.uk/a36e5bcd-2e9f-4b14-a03b-93f458f1fc7b&start=2026-10-12T19:00:00+0000&duration=PT1H from server.
Fetching https://www.freeview.co.uk/api/program?sid=17&nid=64403&pid=crid://csi.digitaluk.co.uk/2e3d6697-9b56-4c3c-a8f1-7492387175eb&start=2026-10-12T20:00:00+0000&duration=PT1H from server.
Fetching https://www.freeview.co.uk/api/program?sid=17&nid=64403&pid=crid://csi.digitaluk.co.uk/efcc0309-f20a-465f-b3e7-4ed3a886a553&start=2026-10-12T21:00:00+0000&duration=PT1H from server.
Fetching https://www.freeview.co.uk/api/program?sid=17&nid=64403&pid=crid://csi.digitaluk.co.uk/d769b689-5ede-4386-acab-c35af55b8a05&start=2026-10-12T22:00:00+0000&duration=PT30M from server.
Fetching https://www.freeview.co.uk/api/program?sid=17&nid=64403&pid=crid://csi.digitaluk.co.uk/f2a5af87-0034-47b8-8909-5b3805d28945&start=2026-10-12T22:30:00+0000&duration=PT30M from server.
Fetching https://www.freeview.co.uk/api/program?sid=17&nid=64403&pid=crid://csi.digitaluk.co.uk/117143d5-3c33-46bc-a8e3-d594f5120967&start=2026-10-12T23:00:00+0000&duration=PT30M from server.
Fetching https://www.freeview.co.uk/api/program?sid=17&nid=64403&pid=crid://csi.digitaluk.co.uk/fefb83fa-a4e7-41f3-8915-b3a4354b6e1e&start=2026-10-12T23:30:00+0000&duration=PT30M from server.
### Wanted 8442 
Fetching https://www.freeview.co.uk/api/program?sid=18&nid=64403&pid=crid://csi.digitaluk.co.uk/e793a82a-6d3b-49bf-8a06-d71aa03a8c5d&start=2026-10-12T00:10:00+0000&duration=PT1H5M from server.
Fetching https://www.freeview.co.uk/api/program?sid=18&nid=64403&pid=crid://csi.digitaluk.co.uk/fd784620-9215-406a-8f99-a4c82a91f96c&start=2026-10-12T01:15:00+0000&duration=PT1H5M from server.
Fetching https://www.freeview.co.uk/api/program?sid=18&nid=64403&pid=crid://csi.digitaluk.co.uk/52ccee90-0403-4616-8ac2-ee019f175034&start=2026-10-12T02:20:00+0000&duration=PT30M from server.
Fetching https://www.freeview.co.uk/api/program?sid=18&nid=64403&pid=crid://csi.digitaluk.co.uk/ec649af4-4e7a-4dff-ba21-3630219caaae&start=2026-10-12T02:50:00+0000&duration=PT3H10M from server.
Fetching https://www.freeview.co.uk/api/program?sid=18&nid=64403&pid=crid://csi.digitaluk.co.uk/55c48dbe-9b9e-4504-884c-f20291e2edd1&start=2026-10-12T06:00:00+0000&duration=PT1H55M from server.
Fetching https://www.freeview.co.uk/api/program?sid=18&nid=64403&pid=crid://csi.digitaluk.co.uk/7ce331c5-be1c-4b35-a85d-d1c4816af519&start=2026-10-12T07:55:00+0000&duration=PT35M from server.
Fetching https://www.freeview.co.uk/api/program?sid=18&nid=64403&pid=crid://csi.digitaluk.co.uk/a31a2c16-d6e4-4d49-9b3d-74b664b008d0&start=2026-10-12T08:30:00+0000&duration=PT30M from server.
Fetching https://www.freeview.co.uk/api/program?sid=18&nid=64403&pid=crid://csi.digitaluk.co.uk/468f93e9-dad4-4a06-b64f-8fd6f4133d8e&start=2026-10-12T09:00:00+0000&duration=PT30M from server.
Fetching https://www.freeview.co.uk/api/program?sid=18&nid=64403&pid=crid://csi.digitaluk.co.uk/f853907a-ec07-43cb-ac0d-120c3c9a0642&start=2026-10-12T09:30:00+0000&duration=PT35M from server.
Fetching https://www.freeview.co.uk/api/program?sid=18&nid=64403&pid=crid://csi.digitaluk.co.uk/e41917ce-9972-42c4-9e79-647d4d27bd82&start=2026-10-12T10:05:00+0000&duration=PT30M from server.
Fetching https://www.freeview.co.uk/api/program?sid=18&nid=64403&pid=crid://csi.digitaluk.co.uk/866ea016-d514-4f2d-bdd6-96dbfcf0354e&start=2026-10-12T10:35:00+0000&duration=PT30M from server.
Fetching https://www.freeview.co.uk/api/program?sid=18&nid=64403&pid=crid://csi.digitaluk.co.uk/9c9d76e6-4109-438c-af00-bf443879b048&start=2026-10-12T11:05:00+0000&duration=PT30M from server.
Fetching https://www.freeview.co.uk/api/program?sid=18&nid=64403&pid=crid://csi.digitaluk.co.uk/0e3bd459-b0e2-4354-a52f-e00c14a70d6b&start=2026-10-12T11:35:00+0000&duration=PT30M from server.
Fetching https://www.freeview.co.uk/api/program?sid=18&nid=64403&pid=crid://csi.digitaluk.co.uk/023ceaab-f250-4e77-9d22-25b9e23d0f8a&start=2026-10-12T12:05:00+0000&duration=PT35M from server.
Fetching https://www.freeview.co.uk/api/program?sid=18&nid=64403&pid=crid://csi.digitaluk.co.uk/9af914d7-82e1-4012-9a2c-1a589b0838f5&start=2026-10-12T12:40:00+0000&duration=PT35M from server.
Fetching https://www.freeview.co.uk/api/program?sid=18&nid=64403&pid=crid://csi.digitaluk.co.uk/812dc192-f9bf-4030-8398-762aa7d4ba70&start=2026-10-12T13:15:00+0000&duration=PT35M from server.
Fetching https://www.freeview.co.uk/api/program?sid=18&nid=64403&pid=crid://csi.digitaluk.co.uk/31a5df0b-672a-4fbf-ae6c-cec326b20fc6&start=2026-10-12T13:50:00+0000&duration=PT30M from server.
Fetching https://www.freeview.co.uk/api/program?sid=18&nid=64403&pid=crid://csi.digitaluk.co.uk/362f10d1-b1a8-4cbe-ae33-88b197c00f43&start=2026-10-12T14:20:00+0000&duration=PT30M from server.
Fetching https://www.freeview.co.uk/api/program?sid=18&nid=64403&pid=crid://csi.digitaluk.co.uk/3e4c9b71-1c4b-4f2a-b3a0-160a3816f7b5&start=2026-10-12T14:50:00+0000&duration=PT30M from server.
Fetching https://www.freeview.co.uk/api/program?sid=18&nid=64403&pid=crid://csi.digitaluk.co.uk/41c00d76-edeb-4434-ad0b-51352affee4d&start=2026-10-12T15:20:00+0000&duration=PT30M from server.
Fetching https://www.freeview.co.uk/api/program?sid=18&nid=64403&pid=crid://csi.digitaluk.co.uk/af40475a-4a17-4952-865c-99015d0bf3f3&start=2026-10-12T15:50:00+0000&duration=PT1H from server.
Fetching https://www.freeview.co.uk/api/program?sid=18&nid=64403&pid=crid://csi.digitaluk.co.uk/64cd0742-0cb3-4ea6-8710-61909f73b607&start=2026-10-12T16:50:00+0000&duration=PT1H from server.
Fetching https://www.freeview.co.uk/api/program?sid=18&nid=64403&pid=crid://csi.digitaluk.co.uk/e0cb67a8-9d34-40b1-bb99-b0e9dcce9609&start=2026-10-12T17:50:00+0000&duration=PT1H5M from server.
Fetching https://www.freeview.co.uk/api/program?sid=18&nid=64403&pid=crid://csi.digitaluk.co.uk/7a58a4d2-1b60-4265-b3ae-1b1b4d22551b&start=2026-10-12T18:55:00+0000&duration=PT1H5M from server.
Fetching https://www.freeview.co.uk/api/program?sid=18&nid=64403&pid=crid://csi.digitaluk.co.uk/95981ac0-aaf3-4b01-bcb4-87520face922&start=2026-10-12T20:00:00+0000&duration=PT1H from server.
Fetching https://www.freeview.co.uk/api/program?sid=18&nid=64403&pid=crid://csi.digitaluk.co.uk/eb69cffb-01ea-42eb-8743-de9e98e65adf&start=2026-10-12T21:00:00+0000&duration=PT1H5M from server.
Fetching https://www.freeview.co.uk/api/program?sid=18&nid=64403&pid=crid://csi.digitaluk.co.uk/6229dee3-8dbe-4471-9106-363e1225c6be&start=2026-10-12T22:05:00+0000&duration=PT1H from server.
Fetching https://www.freeview.co.uk/api/program?sid=18&nid=64403&pid=crid://csi.digitaluk.co.uk/d012b1cf-c7a6-4729-8c62-ceb7cfb16e97&start=2026-10-12T23:05:00+0000&duration=PT1H5M from server.
## Wanted 12992 
Fetching https://www.freeview.co.uk/api/program?sid=21&nid=64403&pid=crid://panorama.five.tv/versions/C5463880008A&start=2026-10-12T00:00:00+0000&duration=PT55M from server.
Fetching https://www.freeview.co.uk/api/program?sid=21&nid=64403&pid=crid://panorama.five.tv/versions/C5539260011A&start=2026-10-12T00:55:00+0000&duration=PT1H from server.
Fetching https://www.freeview.co.uk/api/program?sid=21&nid=64403&pid=crid://panorama.five.tv/versions/C5539260012A&start=2026-10-12T01:55:00+0000&duration=PT55M from server.
Fetching https://www.freeview.co.uk/api/program?sid=21&nid=64403&pid=crid://panorama.five.tv/versions/C5522700042A&start=2026-10-12T02:50:00+0000&duration=PT10M from server.
Fetching https://www.freeview.co.uk/api/program?sid=21&nid=64403&pid=crid://panorama.five.tv/versions/C5266540001A&start=2026-10-12T03:00:00+0000&duration=PT2H from server.
Fetching https://www.freeview.co.uk/api/program?sid=21&nid=64403&pid=crid://panorama.five.tv/versions/C5474060001A&start=2026-10-12T05:00:00+0000&duration=PT3H from server.
Fetching https://www.freeview.co.uk/api/program?sid=21&nid=64403&pid=crid://panorama.five.tv/versions/C5522700042A&start=2026-10-12T08:00:00+0000&duration=PT10M from server.
Fetching https://www.freeview.co.uk/api/program?sid=21&nid=64403&pid=crid://panorama.five.tv/versions/C5145930023E&start=2026-10-12T08:10:00+0000&duration=PT50M from server.
Fetching https://www.freeview.co.uk/api/program?sid=21&nid=64403&pid=crid://panorama.five.tv/versions/C5145930024D&start=2026-10-12T09:00:00+0000&duration=PT1H from server.
Fetching https://www.freeview.co.uk/api/program?sid=21&nid=64403&pid=crid://panorama.five.tv/versions/C5145930025E&start=2026-10-12T10:00:00+0000&duration=PT1H from server.
Fetching https://www.freeview.co.uk/api/program?sid=21&nid=64403&pid=crid://panorama.five.tv/versions/C5133440010D&start=2026-10-12T11:00:00+0000&duration=PT1H from server.
Fetching https://www.freeview.co.uk/api/program?sid=21&nid=64403&pid=crid://panorama.five.tv/versions/C5133440011D&start=2026-10-12T12:00:00+0000&duration=PT1H from server.
Fetching https://www.freeview.co.uk/api/program?sid=21&nid=64403&pid=crid://panorama.five.tv/versions/C5133440012D&start=2026-10-12T13:00:00+0000&duration=PT1H from server.
Fetching https://www.freeview.co.uk/api/program?sid=21&nid=64403&pid=crid://panorama.five.tv/versions/C5133450001D&start=2026-10-12T14:00:00+0000&duration=PT1H from server.
Fetching https://www.freeview.co.uk/api/program?sid=21&nid=64403&pid=crid://panorama.five.tv/versions/C5133450002D&start=2026-10-12T15:00:00+0000&duration=PT1H from server.
Fetching https://www.freeview.co.uk/api/program?sid=21&nid=64403&pid=crid://panorama.five.tv/versions/C5133450003D&start=2026-10-12T16:00:00+0000&duration=PT1H from server.
Fetching https://www.freeview.co.uk/api/program?sid=21&nid=64403&pid=crid://panorama.five.tv/versions/C5153970013D&start=2026-10-12T17:00:00+0000&duration=PT1H from server.
Fetching https://www.freeview.co.uk/api/program?sid=21&nid=64403&pid=crid://panorama.five.tv/versions/C5153970014D&start=2026-10-12T18:00:00+0000&duration=PT1H from server.
Fetching https://www.freeview.co.uk/api/program?sid=21&nid=64403&pid=crid://panorama.five.tv/versions/C5153970015D&start=2026-10-12T19:00:00+0000&duration=PT1H from server.
Fetching https://www.freeview.co.uk/api/program?sid=21&nid=64403&pid=crid://panorama.five.tv/versions/C5501660009A&start=2026-10-12T20:00:00+0000&duration=PT1H from server.
Fetching https://www.freeview.co.uk/api/program?sid=21&nid=64403&pid=crid://panorama.five.tv/versions/C5463880021A&start=2026-10-12T21:00:00+0000&duration=PT1H from server.
Fetching https://www.freeview.co.uk/api/program?sid=21&nid=64403&pid=crid://panorama.five.tv/versions/C5463880022A&start=2026-10-12T22:00:00+0000&duration=PT1H from server.
Fetching https://www.freeview.co.uk/api/program?sid=21&nid=64403&pid=crid://panorama.five.tv/versions/C5463880009A&start=2026-10-12T23:00:00+0000&duration=PT1H from server.
### Wanted 12928 
Fetching https://www.freeview.co.uk/api/program?sid=32&nid=64403&pid=crid://panorama.five.tv/versions/C5439060008A&start=2026-10-12T00:00:00+0000&duration=PT1H from server.
Fetching https://www.freeview.co.uk/api/program?sid=32&nid=64403&pid=crid://panorama.five.tv/versions/C5392360007A&start=2026-10-12T01:00:00+0000&duration=PT44M59S from server.
Fetching https://www.freeview.co.uk/api/program?sid=32&nid=64403&pid=crid://panorama.five.tv/versions/C5239940006A&start=2026-10-12T01:45:00+0000&duration=PT50M from server.
Fetching https://www.freeview.co.uk/api/program?sid=32&nid=64403&pid=crid://panorama.five.tv/versions/C5164553197A&start=2026-10-12T02:35:00+0000&duration=PT25M from server.
Fetching https://www.freeview.co.uk/api/program?sid=32&nid=64403&pid=crid://panorama.five.tv/versions/C5266540001A&start=2026-10-12T03:00:00+0000&duration=PT2H from server.
Fetching https://www.freeview.co.uk/api/program?sid=32&nid=64403&pid=crid://panorama.five.tv/versions/C5266540001A&start=2026-10-12T05:00:00+0000&duration=PT1H from server.
Fetching https://www.freeview.co.uk/api/program?sid=32&nid=64403&pid=crid://panorama.five.tv/versions/C5538100001A&start=2026-10-12T06:00:00+0000&duration=PT30M from server.
Fetching https://www.freeview.co.uk/api/program?sid=32&nid=64403&pid=crid://panorama.five.tv/versions/C5538120001A&start=2026-10-12T06:30:00+0000&duration=PT30M from server.
Fetching https://www.freeview.co.uk/api/program?sid=32&nid=64403&pid=crid://panorama.five.tv/versions/C5495570061B&start=2026-10-12T07:00:00+0000&duration=PT1H from server.
Fetching https://www.freeview.co.uk/api/program?sid=32&nid=64403&pid=crid://panorama.five.tv/versions/C5495570062A&start=2026-10-12T08:00:00+0000&duration=PT1H from server.
Fetching https://www.freeview.co.uk/api/program?sid=32&nid=64403&pid=crid://panorama.five.tv/versions/C5176450003C&start=2026-10-12T09:00:00+0000&duration=PT1H from server.
Fetching https://www.freeview.co.uk/api/program?sid=32&nid=64403&pid=crid://panorama.five.tv/versions/C5372780002D&start=2026-10-12T10:00:00+0000&duration=PT1H from server.
Fetching https://www.freeview.co.uk/api/program?sid=32&nid=64403&pid=crid://panorama.five.tv/versions/C5372780003C&start=2026-10-12T11:00:00+0000&duration=PT1H from server.
Fetching https://www.freeview.co.uk/api/program?sid=32&nid=64403&pid=crid://panorama.five.tv/versions/C5372780004B&start=2026-10-12T12:00:00+0000&duration=PT1H from server.
Fetching https://www.freeview.co.uk/api/program?sid=32&nid=64403&pid=crid://panorama.five.tv/versions/C5311250007D&start=2026-10-12T13:00:00+0000&duration=PT1H from server.
Fetching https://www.freeview.co.uk/api/program?sid=32&nid=64403&pid=crid://panorama.five.tv/versions/C5311250009D&start=2026-10-12T14:00:00+0000&duration=PT1H from server.
Fetching https://www.freeview.co.uk/api/program?sid=32&nid=64403&pid=crid://panorama.five.tv/versions/C5311250014B&start=2026-10-12T15:00:00+0000&duration=PT1H from server.
Fetching https://www.freeview.co.uk/api/program?sid=32&nid=64403&pid=crid://panorama.five.tv/versions/C5526980011A&start=2026-10-12T16:00:00+0000&duration=PT1H from server.
Fetching https://www.freeview.co.uk/api/program?sid=32&nid=64403&pid=crid://panorama.five.tv/versions/C5164553201A&start=2026-10-12T17:00:00+0000&duration=PT30M from server.
Fetching https://www.freeview.co.uk/api/program?sid=32&nid=64403&pid=crid://panorama.five.tv/versions/C5164553202A&start=2026-10-12T17:30:00+0000&duration=PT30M from server.
Fetching https://www.freeview.co.uk/api/program?sid=32&nid=64403&pid=crid://panorama.five.tv/versions/C5239940011A&start=2026-10-12T18:00:00+0000&duration=PT1H from server.
Fetching https://www.freeview.co.uk/api/program?sid=32&nid=64403&pid=crid://panorama.five.tv/versions/C5487360014A&start=2026-10-12T19:00:00+0000&duration=PT1H from server.
Fetching https://www.freeview.co.uk/api/program?sid=32&nid=64403&pid=crid://panorama.five.tv/versions/C5434600008A&start=2026-10-12T20:00:00+0000&duration=PT1H from server.
Fetching https://www.freeview.co.uk/api/program?sid=32&nid=64403&pid=crid://panorama.five.tv/versions/C5488630003B&start=2026-10-12T21:00:00+0000&duration=PT1H from server.
Fetching https://www.freeview.co.uk/api/program?sid=32&nid=64403&pid=crid://panorama.five.tv/versions/C5392360012A&start=2026-10-12T22:00:00+0000&duration=PT1H from server.
Fetching https://www.freeview.co.uk/api/program?sid=32&nid=64403&pid=crid://panorama.five.tv/versions/C5524680006A&start=2026-10-12T23:00:00+0000&duration=PT1H from server.
## Wanted 16112 
Fetching https://www.freeview.co.uk/api/program?sid=33&nid=64403&pid=crid://panorama.five.tv/versions/C5498000002B&start=2026-10-12T01:25:00+0000&duration=PT1H30M from server.
Fetching https://www.freeview.co.uk/api/program?sid=33&nid=64403&pid=crid://panorama.five.tv/versions/C5522880041A&start=2026-10-12T02:55:00+0000&duration=PT5M from server.
Fetching https://www.freeview.co.uk/api/program?sid=33&nid=64403&pid=crid://panorama.five.tv/versions/C5340000001A&start=2026-10-12T03:00:00+0000&duration=PT2H from server.
Fetching https://www.freeview.co.uk/api/program?sid=33&nid=64403&pid=crid://panorama.five.tv/versions/C5266540001A&start=2026-10-12T05:00:00+0000&duration=PT1H from server.
Fetching https://www.freeview.co.uk/api/program?sid=33&nid=64403&pid=crid://panorama.five.tv/versions/C5349600001A&start=2026-10-12T06:00:00+0000&duration=PT1H from server.
Fetching https://www.freeview.co.uk/api/program?sid=33&nid=64403&pid=crid://panorama.five.tv/versions/C5349600001A&start=2026-10-12T07:00:00+0000&duration=PT1H from server.
Fetching https://www.freeview.co.uk/api/program?sid=33&nid=64403&pid=crid://panorama.five.tv/versions/C5522700041A&start=2026-10-12T08:00:00+0000&duration=PT20M from server.
Fetching https://www.freeview.co.uk/api/program?sid=33&nid=64403&pid=crid://panorama.five.tv/versions/C5168190006F&start=2026-10-12T08:20:00+0000&duration=PT1H from server.
Fetching https://www.freeview.co.uk/api/program?sid=33&nid=64403&pid=crid://panorama.five.tv/versions/C5174550002D&start=2026-10-12T09:20:00+0000&duration=PT1H from server.
Fetching https://www.freeview.co.uk/api/program?sid=33&nid=64403&pid=crid://panorama.five.tv/versions/C5522140001C&start=2026-10-12T10:20:00+0000&duration=PT1H from server.
Fetching https://www.freeview.co.uk/api/program?sid=33&nid=64403&pid=crid://csi.digitaluk.co.uk/5cdd4f81-f85c-4601-8bda-a19821185ec5&start=2026-10-12T11:20:00+0000&duration=PT5M from server.
Fetching https://www.freeview.co.uk/api/program?sid=33&nid=64403&pid=crid://panorama.five.tv/versions/C5522140001C&start=2026-10-12T11:25:00+0000&duration=PT1H30M from server.
Fetching https://www.freeview.co.uk/api/program?sid=33&nid=64403&pid=crid://panorama.five.tv/versions/C5517160001D&start=2026-10-12T12:55:00+0000&duration=PT1H from server.
Fetching https://www.freeview.co.uk/api/program?sid=33&nid=64403&pid=crid://csi.digitaluk.co.uk/db53f677-7158-4733-9628-5a31f63673bc&start=2026-10-12T13:55:00+0000&duration=PT5M from server.
Fetching https://www.freeview.co.uk/api/program?sid=33&nid=64403&pid=crid://panorama.five.tv/versions/C5517160001D&start=2026-10-12T14:00:00+0000&duration=PT1H from server.
Fetching https://www.freeview.co.uk/api/program?sid=33&nid=64403&pid=crid://panorama.five.tv/versions/C5253860001B&start=2026-10-12T15:00:00+0000&duration=PT1H from server.
Fetching https://www.freeview.co.uk/api/program?sid=33&nid=64403&pid=crid://panorama.five.tv/versions/C5453540009B&start=2026-10-12T16:00:00+0000&duration=PT1H from server.
Fetching https://www.freeview.co.uk/api/program?sid=33&nid=64403&pid=crid://panorama.five.tv/versions/C5151070013F&start=2026-10-12T17:00:00+0000&duration=PT1H from server.
Fetching https://www.freeview.co.uk/api/program?sid=33&nid=64403&pid=crid://panorama.five.tv/versions/C5151070014F&start=2026-10-12T18:00:00+0000&duration=PT1H from server.
Fetching https://www.freeview.co.uk/api/program?sid=33&nid=64403&pid=crid://panorama.five.tv/versions/C5490240002B&start=2026-10-12T19:00:00+0000&duration=PT1H from server.
Fetching https://www.freeview.co.uk/api/program?sid=33&nid=64403&pid=crid://panorama.five.tv/versions/C5490220018B&start=2026-10-12T20:00:00+0000&duration=PT1H from server.
Fetching https://www.freeview.co.uk/api/program?sid=33&nid=64403&pid=crid://panorama.five.tv/versions/C5526840005A&start=2026-10-12T21:00:00+0000&duration=PT1H from server.
Fetching https://www.freeview.co.uk/api/program?sid=33&nid=64403&pid=crid://panorama.five.tv/versions/C5213950018A&start=2026-10-12T22:00:00+0000&duration=PT1H from server.
Fetching https://www.freeview.co.uk/api/program?sid=33&nid=64403&pid=crid://panorama.five.tv/versions/C5498000003A&start=2026-10-12T23:00:00+0000&duration=PT1H from server.
### Wanted 8373 
Fetching https://www.freeview.co.uk/api/program?sid=35&nid=64403&pid=crid://csi.digitaluk.co.uk/111b31d1-dd50-476d-8b47-b2c91eca8bdf&start=2026-10-12T00:45:00+0000&duration=PT2H15M from server.
Fetching https://www.freeview.co.uk/api/program?sid=35&nid=64403&pid=crid://csi.digitaluk.co.uk/ff5faa55-9ea8-4362-acad-84f9e776f2f2&start=2026-10-12T03:00:00+0000&duration=PT50M from server.
Fetching https://www.freeview.co.uk/api/program?sid=35&nid=64403&pid=crid://csi.digitaluk.co.uk/48d9303e-6e91-4f0a-a7c8-b9b7af4d6932&start=2026-10-12T03:50:00+0000&duration=PT1H15M from server.
Fetching https://www.freeview.co.uk/api/program?sid=35&nid=64403&pid=crid://csi.digitaluk.co.uk/421083ac-f482-443a-b7a8-e90f50ede681&start=2026-10-12T05:05:00+0000&duration=PT55M from server.
Fetching https://www.freeview.co.uk/api/program?sid=35&nid=64403&pid=crid://csi.digitaluk.co.uk/d05f4b28-b102-4776-8491-6f2661b3fefe&start=2026-10-12T06:00:00+0000&duration=PT3H30M from server.
Fetching https://www.freeview.co.uk/api/program?sid=35&nid=64403&pid=crid://csi.digitaluk.co.uk/0ffa7e69-f8e3-4f60-aba7-8a50563e953d&start=2026-10-12T09:30:00+0000&duration=PT30M from server.
Fetching https://www.freeview.co.uk/api/program?sid=35&nid=64403&pid=crid://csi.digitaluk.co.uk/bae1146a-0c2d-4e08-97cb-1b0f7bda191e&start=2026-10-12T10:00:00+0000&duration=PT2H30M from server.
Fetching https://www.freeview.co.uk/api/program?sid=35&nid=64403&pid=crid://csi.digitaluk.co.uk/31d61f1f-87e1-49a6-80e8-1a0a1714828b&start=2026-10-12T12:30:00+0000&duration=PT1H from server.
Fetching https://www.freeview.co.uk/api/program?sid=35&nid=64403&pid=crid://csi.digitaluk.co.uk/1fe53784-9ff7-4c69-82bf-5855c704ecd8&start=2026-10-12T13:30:00+0000&duration=PT25M from server.
Fetching https://www.freeview.co.uk/api/program?sid=35&nid=64403&pid=crid://csi.digitaluk.co.uk/704ec2de-9c17-4613-8901-aa19842967d4&start=2026-10-12T13:55:00+0000&duration=PT5M from server.
Fetching https://www.freeview.co.uk/api/program?sid=35&nid=64403&pid=crid://csi.digitaluk.co.uk/8cddc660-c938-41db-b4ca-47e58282fe59&start=2026-10-12T14:00:00+0000&duration=PT1H from server.
Fetching https://www.freeview.co.uk/api/program?sid=35&nid=64403&pid=crid://csi.digitaluk.co.uk/4683be11-ca77-4c93-a5a7-569d6f804509&start=2026-10-12T15:00:00+0000&duration=PT1H from server.
Fetching https://www.freeview.co.uk/api/program?sid=35&nid=64403&pid=crid://csi.digitaluk.co.uk/57a93c02-bd7b-4981-80b9-b25634e5c2cc&start=2026-10-12T16:00:00+0000&duration=PT1H from server.
Fetching https://www.freeview.co.uk/api/program?sid=35&nid=64403&pid=crid://csi.digitaluk.co.uk/de09d18f-ea0e-4658-bbb5-295992cb6438&start=2026-10-12T17:00:00+0000&duration=PT1H from server.
Fetching https://www.freeview.co.uk/api/program?sid=35&nid=64403&pid=crid://csi.digitaluk.co.uk/0fb15e8e-34b0-474a-8509-e4d012b9520f&start=2026-10-12T18:00:00+0000&duration=PT30M from server.
Fetching https://www.freeview.co.uk/api/program?sid=35&nid=64403&pid=crid://csi.digitaluk.co.uk/86df855c-4f50-47d2-900f-b5b02138c248&start=2026-10-12T18:30:00+0000&duration=PT1H from server.
Fetching https://www.freeview.co.uk/api/program?sid=35&nid=64403&pid=crid://csi.digitaluk.co.uk/9befef3f-3b1d-407f-8952-7d33cb1e0db5&start=2026-10-12T19:30:00+0000&duration=PT30M from server.
Fetching https://www.freeview.co.uk/api/program?sid=35&nid=64403&pid=crid://www.stv.tv/programInformation/234760&start=2026-10-12T20:00:00+0000&duration=PT30M from server.
Fetching https://www.freeview.co.uk/api/program?sid=35&nid=64403&pid=crid://www.stv.tv/programInformation/234753&start=2026-10-12T20:30:00+0000&duration=PT30M from server.
Fetching https://www.freeview.co.uk/api/program?sid=35&nid=64403&pid=crid://csi.digitaluk.co.uk/2f3cd1b7-c7c1-4f7f-acaf-40737b39e4f1&start=2026-10-12T21:00:00+0000&duration=PT1H from server.
Fetching https://www.freeview.co.uk/api/program?sid=35&nid=64403&pid=crid://csi.digitaluk.co.uk/9cd4dfda-d330-47da-9609-5d6e022ee480&start=2026-10-12T22:00:00+0000&duration=PT30M from server.
Fetching https://www.freeview.co.uk/api/program?sid=35&nid=64403&pid=crid://csi.digitaluk.co.uk/42d5f2fe-7b5b-4af9-93b5-079186597841&start=2026-10-12T22:30:00+0000&duration=PT10M from server.
Fetching https://www.freeview.co.uk/api/program?sid=35&nid=64403&pid=crid://csi.digitaluk.co.uk/a239f762-7201-4f5c-9bbd-608a74d92018&start=2026-10-12T22:40:00+0000&duration=PT25M from server.
Fetching https://www.freeview.co.uk/api/program?sid=35&nid=64403&pid=crid://csi.digitaluk.co.uk/1c99b26f-2eae-4f42-934b-5e5123b17f77&start=2026-10-12T23:05:00+0000&duration=PT55M from server.
## Wanted 27680 
Fetching https://www.freeview.co.uk/api/program?sid=39&nid=64403&pid=crid://csi.digitaluk.co.uk/62a3632d-2a19-4aa9-8f70-8085fedcfad1&start=2026-10-12T00:00:00+0000&duration=PT1H from server.
Fetching https://www.freeview.co.uk/api/program?sid=39&nid=64403&pid=crid://csi.digitaluk.co.uk/f018eec2-3f30-428a-90c3-f0613831054f&start=2026-10-12T01:00:00+0000&duration=PT30M from server.
Fetching https://www.freeview.co.uk/api/program?sid=39&nid=64403&pid=crid://csi.digitaluk.co.uk/c7285222-bc95-410c-9a2a-64096cd7a1d4&start=2026-10-12T01:30:00+0000&duration=PT30M from server.
Fetching https://www.freeview.co.uk/api/program?sid=39&nid=64403&pid=crid://csi.digitaluk.co.uk/d903d6da-b8eb-4038-9f35-0500ddfee54c&start=2026-10-12T02:00:00+0000&duration=PT30M from server.
Fetching https://www.freeview.co.uk/api/program?sid=39&nid=64403&pid=crid://csi.digitaluk.co.uk/652bd577-6a3d-4b92-a590-c285d17f8404&start=2026-10-12T02:30:00+0000&duration=PT30M from server.
Fetching https://www.freeview.co.uk/api/program?sid=39&nid=64403&pid=crid://csi.digitaluk.co.uk/260cf347-3b13-4092-b30a-151725df2a76&start=2026-10-12T03:00:00+0000&duration=PT30M from server.
Fetching https://www.freeview.co.uk/api/program?sid=39&nid=64403&pid=crid://csi.digitaluk.co.uk/743b5874-50f7-43d7-a702-8cd656b71806&start=2026-10-12T03:30:00+0000&duration=PT30M from server.
Fetching https://www.freeview.co.uk/api/program?sid=39&nid=64403&pid=crid://csi.digitaluk.co.uk/e3578cf6-a124-41b7-8be3-9cf52a0bba30&start=2026-10-12T04:00:00+0000&duration=PT30M from server.
Fetching https://www.freeview.co.uk/api/program?sid=39&nid=64403&pid=crid://csi.digitaluk.co.uk/e8e1cc9b-ab71-4a66-bed3-11ebbd5f7eb3&start=2026-10-12T04:30:00+0000&duration=PT30M from server.
Fetching https://www.freeview.co.uk/api/program?sid=39&nid=64403&pid=crid://csi.digitaluk.co.uk/24d6a1d9-8dcf-4854-a791-c661dfb2feab&start=2026-10-12T05:00:00+0000&duration=PT1H from server.
Fetching https://www.freeview.co.uk/api/program?sid=39&nid=64403&pid=crid://csi.digitaluk.co.uk/2278c1f7-668d-48bc-8c21-5e45549d7c16&start=2026-10-12T06:00:00+0000&duration=PT1H from server.
Fetching https://www.freeview.co.uk/api/program?sid=39&nid=64403&pid=crid://csi.digitaluk.co.uk/4d18b03d-5858-4c13-8039-d1bfad314fdf&start=2026-10-12T07:00:00+0000&duration=PT1H from server.
Fetching https://www.freeview.co.uk/api/program?sid=39&nid=64403&pid=crid://csi.digitaluk.co.uk/4a513747-24c9-4ea3-aa7d-8ff8365a988d&start=2026-10-12T08:00:00+0000&duration=PT1H from server.
Fetching https://www.freeview.co.uk/api/program?sid=39&nid=64403&pid=crid://csi.digitaluk.co.uk/6308e64c-abb6-43aa-817b-dbb8415c5455&start=2026-10-12T09:00:00+0000&duration=PT1H from server.
Fetching https://www.freeview.co.uk/api/program?sid=39&nid=64403&pid=crid://csi.digitaluk.co.uk/121449a9-9d8d-4af1-b235-b81a8310b047&start=2026-10-12T10:00:00+0000&duration=PT1H from server.
Fetching https://www.freeview.co.uk/api/program?sid=39&nid=64403&pid=crid://csi.digitaluk.co.uk/709a4bd6-765c-45a5-b9d1-132ee3ef6269&start=2026-10-12T11:00:00+0000&duration=PT1H from server.
Fetching https://www.freeview.co.uk/api/program?sid=39&nid=64403&pid=crid://csi.digitaluk.co.uk/b173a744-38e3-4e44-97fd-79c76d5be947&start=2026-10-12T12:00:00+0000&duration=PT1H from server.
Fetching https://www.freeview.co.uk/api/program?sid=39&nid=64403&pid=crid://csi.digitaluk.co.uk/8efac414-113a-4617-a53f-9cb707af6920&start=2026-10-12T13:00:00+0000&duration=PT1H from server.
Fetching https://www.freeview.co.uk/api/program?sid=39&nid=64403&pid=crid://csi.digitaluk.co.uk/5a136e4c-15fd-4d77-9ca1-7f5a7cc89d49&start=2026-10-12T14:00:00+0000&duration=PT2H from server.
Fetching https://www.freeview.co.uk/api/program?sid=39&nid=64403&pid=crid://csi.digitaluk.co.uk/ab641c06-c09f-4999-85f2-422d1fc39b5e&start=2026-10-12T16:00:00+0000&duration=PT1H from server.
Fetching https://www.freeview.co.uk/api/program?sid=39&nid=64403&pid=crid://csi.digitaluk.co.uk/112d3771-b47b-4776-80ab-698cc67047a1&start=2026-10-12T17:00:00+0000&duration=PT1H from server.
Fetching https://www.freeview.co.uk/api/program?sid=39&nid=64403&pid=crid://csi.digitaluk.co.uk/2bbdf4f6-fb76-47b5-abe2-ead38519b85d&start=2026-10-12T18:00:00+0000&duration=PT1H from server.
Fetching https://www.freeview.co.uk/api/program?sid=39&nid=64403&pid=crid://csi.digitaluk.co.uk/649950ad-c2d5-448e-a7d0-0ec40c7bd221&start=2026-10-12T19:00:00+0000&duration=PT1H from server.
Fetching https://www.freeview.co.uk/api/program?sid=39&nid=64403&pid=crid://csi.digitaluk.co.uk/a67d4917-582e-4196-9971-4acba2199def&start=2026-10-12T20:00:00+0000&duration=PT30M from server.
Fetching https://www.freeview.co.uk/api/program?sid=39&nid=64403&pid=crid://csi.digitaluk.co.uk/81bfd70e-0c0f-4ce9-bf02-e63b09223036&start=2026-10-12T20:30:00+0000&duration=PT30M from server.
Fetching https://www.freeview.co.uk/api/program?sid=39&nid=64403&pid=crid://csi.digitaluk.co.uk/67ba1602-3164-4a2c-9b4a-5a89607cd770&start=2026-10-12T21:00:00+0000&duration=PT1H from server.
Fetching https://www.freeview.co.uk/api/program?sid=39&nid=64403&pid=crid://csi.digitaluk.co.uk/579581e0-2bae-41bd-bf6a-c20da432a58b&start=2026-10-12T22:00:00+0000&duration=PT1H from server.
Fetching https://www.freeview.co.uk/api/program?sid=39&nid=64403&pid=crid://csi.digitaluk.co.uk/ea7ddd27-33fd-40db-bcf0-531fae069060&start=2026-10-12T23:00:00+0000&duration=PT1H from server.
### Wanted 23744 
Fetching https://www.freeview.co.uk/api/program?sid=40&nid=64403&pid=crid://csi.digitaluk.co.uk/0a96a439-09a8-424d-b64a-e3b31d32e9f0&start=2026-10-12T00:00:00+0000&duration=PT1H from server.
Fetching https://www.freeview.co.uk/api/program?sid=40&nid=64403&pid=crid://csi.digitaluk.co.uk/3209bfd4-7e99-409c-85d1-83c0f9920609&start=2026-10-12T01:00:00+0000&duration=PT1H from server.
Fetching https://www.freeview.co.uk/api/program?sid=40&nid=64403&pid=crid://csi.digitaluk.co.uk/40167a00-1b1a-4952-9605-efa5c33c16b3&start=2026-10-12T02:00:00+0000&duration=PT1H from server.
Fetching https://www.freeview.co.uk/api/program?sid=40&nid=64403&pid=crid://csi.digitaluk.co.uk/fe25f499-b983-4a46-a510-c0b663f73243&start=2026-10-12T03:00:00+0000&duration=PT30M from server.
Fetching https://www.freeview.co.uk/api/program?sid=40&nid=64403&pid=crid://csi.digitaluk.co.uk/19fdc6c9-5502-4b30-ae49-e162a2c85eec&start=2026-10-12T03:30:00+0000&duration=PT30M from server.
Fetching https://www.freeview.co.uk/api/program?sid=40&nid=64403&pid=crid://csi.digitaluk.co.uk/1caf5422-c099-469f-98de-6f896e844f96&start=2026-10-12T04:00:00+0000&duration=PT30M from server.
Fetching https://www.freeview.co.uk/api/program?sid=40&nid=64403&pid=crid://csi.digitaluk.co.uk/d4923399-c19b-43ad-8275-0fea00ff433e&start=2026-10-12T04:30:00+0000&duration=PT30M from server.
Fetching https://www.freeview.co.uk/api/program?sid=40&nid=64403&pid=crid://csi.digitaluk.co.uk/49b81687-12dc-4879-8fc1-09838d5c592a&start=2026-10-12T05:00:00+0000&duration=PT30M from server.
Fetching https://www.freeview.co.uk/api/program?sid=40&nid=64403&pid=crid://csi.digitaluk.co.uk/e5930a0d-4c09-4689-862a-ff7330d6927c&start=2026-10-12T05:30:00+0000&duration=PT30M from server.
Fetching https://www.freeview.co.uk/api/program?sid=40&nid=64403&pid=crid://csi.digitaluk.co.uk/7732d712-9dcb-4f15-a89a-e66991d716a7&start=2026-10-12T06:00:00+0000&duration=PT1H from server.
Fetching https://www.freeview.co.uk/api/program?sid=40&nid=64403&pid=crid://csi.digitaluk.co.uk/daa77e9c-5635-4b0b-bd31-a246605a0377&start=2026-10-12T07:00:00+0000&duration=PT30M from server.
Fetching https://www.freeview.co.uk/api/program?sid=40&nid=64403&pid=crid://csi.digitaluk.co.uk/91a130ec-40ac-4f7d-9f15-847402238140&start=2026-10-12T07:30:00+0000&duration=PT30M from server.
Fetching https://www.freeview.co.uk/api/program?sid=40&nid=64403&pid=crid://csi.digitaluk.co.uk/9d6309bc-0b15-4c92-a619-cd44ebec5388&start=2026-10-12T08:00:00+0000&duration=PT30M from server.
Fetching https://www.freeview.co.uk/api/program?sid=40&nid=64403&pid=crid://csi.digitaluk.co.uk/303607de-bd41-4274-be9e-c2e63a8dbc3e&start=2026-10-12T08:30:00+0000&duration=PT30M from server.
Fetching https://www.freeview.co.uk/api/program?sid=40&nid=64403&pid=crid://csi.digitaluk.co.uk/9390a0fa-8106-4289-a781-84da2fbb5b3d&start=2026-10-12T09:00:00+0000&duration=PT1H from server.
Fetching https://www.freeview.co.uk/api/program?sid=40&nid=64403&pid=crid://csi.digitaluk.co.uk/7fd18210-1a57-4eab-870e-2aab13b317fd&start=2026-10-12T10:00:00+0000&duration=PT1H from server.
Fetching https://www.freeview.co.uk/api/program?sid=40&nid=64403&pid=crid://csi.digitaluk.co.uk/70429839-5a6a-4f93-bfa9-292a65885d61&start=2026-10-12T11:00:00+0000&duration=PT1H from server.
Fetching https://www.freeview.co.uk/api/program?sid=40&nid=64403&pid=crid://csi.digitaluk.co.uk/d2a2a060-b34f-47b9-9236-ae0f2bdbe00a&start=2026-10-12T12:00:00+0000&duration=PT1H from server.
Fetching https://www.freeview.co.uk/api/program?sid=40&nid=64403&pid=crid://csi.digitaluk.co.uk/b41ba132-2bfa-4b8a-a949-7c46111e7804&start=2026-10-12T13:00:00+0000&duration=PT1H from server.
Fetching https://www.freeview.co.uk/api/program?sid=40&nid=64403&pid=crid://csi.digitaluk.co.uk/0d8a997e-ad97-4b04-af6a-a73c9d5cd0c8&start=2026-10-12T14:00:00+0000&duration=PT1H from server.
Fetching https://www.freeview.co.uk/api/program?sid=40&nid=64403&pid=crid://csi.digitaluk.co.uk/bfdaedf2-8874-4a71-8274-0928e82c080b&start=2026-10-12T15:00:00+0000&duration=PT1H from server.
Fetching https://www.freeview.co.uk/api/program?sid=40&nid=64403&pid=crid://csi.digitaluk.co.uk/044dbdc1-2e59-40a5-bcfc-bd57c9787722&start=2026-10-12T16:00:00+0000&duration=PT1H from server.
Fetching https://www.freeview.co.uk/api/program?sid=40&nid=64403&pid=crid://csi.digitaluk.co.uk/3d290212-01cb-4b67-9d8d-e2a845d978be&start=2026-10-12T17:00:00+0000&duration=PT1H from server.
Fetching https://www.freeview.co.uk/api/program?sid=40&nid=64403&pid=crid://csi.digitaluk.co.uk/1af051b8-b58c-409c-b66f-0b11ee16be39&start=2026-10-12T18:00:00+0000&duration=PT1H from server.
Fetching https://www.freeview.co.uk/api/program?sid=40&nid=64403&pid=crid://csi.digitaluk.co.uk/8d868dcb-df11-4c81-ba26-9134d9222101&start=2026-10-12T19:00:00+0000&duration=PT1H from server.
Fetching https://www.freeview.co.uk/api/program?sid=40&nid=64403&pid=crid://csi.digitaluk.co.uk/1d1646ab-df7c-4383-a6de-0ea837a3d179&start=2026-10-12T20:00:00+0000&duration=PT1H from server.
Fetching https://www.freeview.co.uk/api/program?sid=40&nid=64403&pid=crid://csi.digitaluk.co.uk/a7e47c35-6554-4d95-b55d-3504398e726c&start=2026-10-12T21:00:00+0000&duration=PT1H from server.
Fetching https://www.freeview.co.uk/api/program?sid=40&nid=64403&pid=crid://csi.digitaluk.co.uk/992dc1df-7986-4cc7-b451-cb89389a82c2&start=2026-10-12T22:00:00+0000&duration=PT1H from server.
Fetching https://www.freeview.co.uk/api/program?sid=40&nid=64403&pid=crid://csi.digitaluk.co.uk/ab9457dc-af38-4a83-9894-a116574cbb72&start=2026-10-12T23:00:00+0000&duration=PT1H from server.
## Wanted 23040 
Fetching https://www.freeview.co.uk/api/program?sid=43&nid=64403&pid=crid://csi.digitaluk.co.uk/b1d5efd2-cf5a-4dbc-a57f-5364478d0d84&start=2026-10-12T00:00:00+0000&duration=PT30M from server.
Fetching https://www.freeview.co.uk/api/program?sid=43&nid=64403&pid=crid://csi.digitaluk.co.uk/efee20cf-0222-4f32-88a4-d3fd44f6d967&start=2026-10-12T00:30:00+0000&duration=PT30M from server.
Fetching https://www.freeview.co.uk/api/program?sid=43&nid=64403&pid=crid://csi.digitaluk.co.uk/4f2e59cd-8411-4215-b235-8c4e8bb23574&start=2026-10-12T01:00:00+0000&duration=PT30M from server.
Fetching https://www.freeview.co.uk/api/program?sid=43&nid=64403&pid=crid://csi.digitaluk.co.uk/979a6a60-6584-4820-bcdd-95d148d7de39&start=2026-10-12T01:30:00+0000&duration=PT30M from server.
Fetching https://www.freeview.co.uk/api/program?sid=43&nid=64403&pid=crid://csi.digitaluk.co.uk/d680ed00-2d4f-4b14-bed8-0efb45763cba&start=2026-10-12T02:00:00+0000&duration=PT30M from server.
Fetching https://www.freeview.co.uk/api/program?sid=43&nid=64403&pid=crid://csi.digitaluk.co.uk/10fc4947-302d-4abd-983c-a7a11fa56604&start=2026-10-12T02:30:00+0000&duration=PT30M from server.
Fetching https://www.freeview.co.uk/api/program?sid=43&nid=64403&pid=crid://csi.digitaluk.co.uk/eb689ed9-5f19-4e1b-96e9-fff06140b83f&start=2026-10-12T03:00:00+0000&duration=PT30M from server.
Fetching https://www.freeview.co.uk/api/program?sid=43&nid=64403&pid=crid://csi.digitaluk.co.uk/afd85a7b-c7ed-4479-8642-2b9db777a93a&start=2026-10-12T03:30:00+0000&duration=PT30M from server.
Fetching https://www.freeview.co.uk/api/program?sid=43&nid=64403&pid=crid://csi.digitaluk.co.uk/c7faec72-a9f3-4b5a-a1b7-5786d65f7128&start=2026-10-12T04:00:00+0000&duration=PT30M from server.
Fetching https://www.freeview.co.uk/api/program?sid=43&nid=64403&pid=crid://csi.digitaluk.co.uk/31253639-bc98-48b8-aef1-5908ffebaf6d&start=2026-10-12T04:30:00+0000&duration=PT30M from server.
Fetching https://www.freeview.co.uk/api/program?sid=43&nid=64403&pid=crid://csi.digitaluk.co.uk/ec232008-7c8b-4f03-aa51-a9001b87e7a7&start=2026-10-12T05:00:00+0000&duration=PT30M from server.
Fetching https://www.freeview.co.uk/api/program?sid=43&nid=64403&pid=crid://csi.digitaluk.co.uk/a7aa47ce-d8c3-4e03-9fe3-e3dd6c94af3d&start=2026-10-12T05:30:00+0000&duration=PT30M from server.
Fetching https://www.freeview.co.uk/api/program?sid=43&nid=64403&pid=crid://csi.digitaluk.co.uk/e11ad500-0b38-4e21-8e9f-23f023d199e7&start=2026-10-12T06:00:00+0000&duration=PT1H from server.
Fetching https://www.freeview.co.uk/api/program?sid=43&nid=64403&pid=crid://csi.digitaluk.co.uk/24bf1c36-935b-4664-9be2-ac0a85f2abc5&start=2026-10-12T07:00:00+0000&duration=PT30M from server.
Fetching https://www.freeview.co.uk/api/program?sid=43&nid=64403&pid=crid://csi.digitaluk.co.uk/282148a2-4efb-43f2-9c7f-60900e382188&start=2026-10-12T07:30:00+0000&duration=PT30M from server.
Fetching https://www.freeview.co.uk/api/program?sid=43&nid=64403&pid=crid://csi.digitaluk.co.uk/20917933-9e76-414e-aa91-d89a6ca17134&start=2026-10-12T08:00:00+0000&duration=PT30M from server.
Fetching https://www.freeview.co.uk/api/program?sid=43&nid=64403&pid=crid://csi.digitaluk.co.uk/8c082d65-1045-4802-a05d-d3c7ac342723&start=2026-10-12T08:30:00+0000&duration=PT30M from server.
Fetching https://www.freeview.co.uk/api/program?sid=43&nid=64403&pid=crid://csi.digitaluk.co.uk/f742fcbf-285e-4bc7-8a3e-8b4f334506eb&start=2026-10-12T09:00:00+0000&duration=PT30M from server.
Fetching https://www.freeview.co.uk/api/program?sid=43&nid=64403&pid=crid://csi.digitaluk.co.uk/1e30d535-139f-486b-b187-255d18687d99&start=2026-10-12T09:30:00+0000&duration=PT30M from server.
Fetching https://www.freeview.co.uk/api/program?sid=43&nid=64403&pid=crid://csi.digitaluk.co.uk/14641f63-9f90-4d22-8656-d07019184ce1&start=2026-10-12T10:00:00+0000&duration=PT1H30M from server.
Fetching https://www.freeview.co.uk/api/program?sid=43&nid=64403&pid=crid://csi.digitaluk.co.uk/418c6c4a-e39f-48ed-a676-904b2dee7f9e&start=2026-10-12T11:30:00+0000&duration=PT30M from server.
Fetching https://www.freeview.co.uk/api/program?sid=43&nid=64403&pid=crid://csi.digitaluk.co.uk/8f95d395-1101-48a6-9aac-2e2e250b1d81&start=2026-10-12T12:00:00+0000&duration=PT30M from server.
Fetching https://www.freeview.co.uk/api/program?sid=43&nid=64403&pid=crid://csi.digitaluk.co.uk/25dec481-7ada-4d2a-9586-a89a4ab099d8&start=2026-10-12T12:30:00+0000&duration=PT30M from server.
Fetching https://www.freeview.co.uk/api/program?sid=43&nid=64403&pid=crid://csi.digitaluk.co.uk/3f0fe89d-adcf-4f6b-a8b5-4d2df5efe30f&start=2026-10-12T13:00:00+0000&duration=PT30M from server.
Fetching https://www.freeview.co.uk/api/program?sid=43&nid=64403&pid=crid://csi.digitaluk.co.uk/65f9e21d-7183-4db9-8baa-75e59089c55f&start=2026-10-12T13:30:00+0000&duration=PT30M from server.
Fetching https://www.freeview.co.uk/api/program?sid=43&nid=64403&pid=crid://csi.digitaluk.co.uk/76e30cbe-1a15-4afb-afe1-0e7b1f270182&start=2026-10-12T14:00:00+0000&duration=PT1H from server.
Fetching https://www.freeview.co.uk/api/program?sid=43&nid=64403&pid=crid://csi.digitaluk.co.uk/863349ab-0332-4145-a6ee-c192292be4f6&start=2026-10-12T15:00:00+0000&duration=PT30M from server.
Fetching https://www.freeview.co.uk/api/program?sid=43&nid=64403&pid=crid://csi.digitaluk.co.uk/b3bd99a5-9669-4320-8f7f-c00aed259712&start=2026-10-12T15:30:00+0000&duration=PT30M from server.
Fetching https://www.freeview.co.uk/api/program?sid=43&nid=64403&pid=crid://csi.digitaluk.co.uk/f4675122-53e7-43d2-90fb-89642f216e11&start=2026-10-12T16:00:00+0000&duration=PT30M from server.
Fetching https://www.freeview.co.uk/api/program?sid=43&nid=64403&pid=crid://csi.digitaluk.co.uk/3f7e15f7-4302-4218-a098-50e9fa859926&start=2026-10-12T16:30:00+0000&duration=PT30M from server.
Fetching https://www.freeview.co.uk/api/program?sid=43&nid=64403&pid=crid://csi.digitaluk.co.uk/023ed576-5fb2-43a5-9af6-9227e5ccafe8&start=2026-10-12T17:00:00+0000&duration=PT30M from server.
Fetching https://www.freeview.co.uk/api/program?sid=43&nid=64403&pid=crid://csi.digitaluk.co.uk/fb090162-7fa8-4f56-bb13-d95ca39b8cdf&start=2026-10-12T17:30:00+0000&duration=PT30M from server.
Fetching https://www.freeview.co.uk/api/program?sid=43&nid=64403&pid=crid://csi.digitaluk.co.uk/a229c9a5-463d-43e7-a752-1c74750484b4&start=2026-10-12T18:00:00+0000&duration=PT1H30M from server.
Fetching https://www.freeview.co.uk/api/program?sid=43&nid=64403&pid=crid://csi.digitaluk.co.uk/ea788169-1db9-4460-8517-33d6246bea6e&start=2026-10-12T19:30:00+0000&duration=PT30M from server.
Fetching https://www.freeview.co.uk/api/program?sid=43&nid=64403&pid=crid://csi.digitaluk.co.uk/b1733da0-d431-4247-bdfc-f59c2ad1bc38&start=2026-10-12T20:00:00+0000&duration=PT30M from server.
Fetching https://www.freeview.co.uk/api/program?sid=43&nid=64403&pid=crid://csi.digitaluk.co.uk/8834a2ef-3027-497d-9c8c-11cf1ac28381&start=2026-10-12T20:30:00+0000&duration=PT30M from server.
Fetching https://www.freeview.co.uk/api/program?sid=43&nid=64403&pid=crid://csi.digitaluk.co.uk/f0df5479-c875-4530-92d2-2a81a3c9624e&start=2026-10-12T21:00:00+0000&duration=PT30M from server.
Fetching https://www.freeview.co.uk/api/program?sid=43&nid=64403&pid=crid://csi.digitaluk.co.uk/86c44137-2261-451c-bdf6-3993c450e8fc&start=2026-10-12T21:30:00+0000&duration=PT30M from server.
Fetching https://www.freeview.co.uk/api/program?sid=43&nid=64403&pid=crid://csi.digitaluk.co.uk/3ce93f06-157d-4577-ad77-8043cc605b4c&start=2026-10-12T22:00:00+0000&duration=PT30M from server.
Fetching https://www.freeview.co.uk/api/program?sid=43&nid=64403&pid=crid://csi.digitaluk.co.uk/2cbae83f-3c88-4660-8136-de21adb642ce&start=2026-10-12T22:30:00+0000&duration=PT30M from server.
Fetching https://www.freeview.co.uk/api/program?sid=43&nid=64403&pid=crid://csi.digitaluk.co.uk/f0e675b8-0621-4b4e-b202-098c03af229c&start=2026-10-12T23:00:00+0000&duration=PT30M from server.
Fetching https://www.freeview.co.uk/api/program?sid=43&nid=64403&pid=crid://csi.digitaluk.co.uk/c15fc1d8-e0d7-4816-a8a4-979205e481b4&start=2026-10-12T23:30:00+0000&duration=PT30M from server.
### Wanted 23712 
Fetching https://www.freeview.co.uk/api/program?sid=44&nid=64403&pid=crid://csi.digitaluk.co.uk/f7938a19-005e-4063-b8a0-4ff478e96f8f&start=2026-10-12T00:00:00+0000&duration=PT1H from server.
Fetching https://www.freeview.co.uk/api/program?sid=44&nid=64403&pid=crid://csi.digitaluk.co.uk/eeeadae2-b654-488b-8a22-9be7f10e901f&start=2026-10-12T01:00:00+0000&duration=PT2H from server.
Fetching https://www.freeview.co.uk/api/program?sid=44&nid=64403&pid=crid://csi.digitaluk.co.uk/b9019b90-2e59-40dc-b637-4f3f944b60cc&start=2026-10-12T03:00:00+0000&duration=PT30M from server.
Fetching https://www.freeview.co.uk/api/program?sid=44&nid=64403&pid=crid://csi.digitaluk.co.uk/9a3975e9-60ba-4a95-a714-a0871b8c2514&start=2026-10-12T03:30:00+0000&duration=PT30M from server.
Fetching https://www.freeview.co.uk/api/program?sid=44&nid=64403&pid=crid://csi.digitaluk.co.uk/4dff1422-921b-4ade-bd0f-0fd220cf5704&start=2026-10-12T04:00:00+0000&duration=PT30M from server.
Fetching https://www.freeview.co.uk/api/program?sid=44&nid=64403&pid=crid://csi.digitaluk.co.uk/668ebd55-dba1-4d6e-aaa8-7c952d6e6d6f&start=2026-10-12T04:30:00+0000&duration=PT30M from server.
Fetching https://www.freeview.co.uk/api/program?sid=44&nid=64403&pid=crid://csi.digitaluk.co.uk/08835af7-f174-43d1-82a6-e3dc11272c96&start=2026-10-12T05:00:00+0000&duration=PT1H from server.
Fetching https://www.freeview.co.uk/api/program?sid=44&nid=64403&pid=crid://csi.digitaluk.co.uk/6e28d47a-e6af-4332-98f0-ae48440d438e&start=2026-10-12T06:00:00+0000&duration=PT1H from server.
Fetching https://www.freeview.co.uk/api/program?sid=44&nid=64403&pid=crid://csi.digitaluk.co.uk/3e75e81e-8e2e-4510-9363-1c0d76723af7&start=2026-10-12T07:00:00+0000&duration=PT1H from server.
Fetching https://www.freeview.co.uk/api/program?sid=44&nid=64403&pid=crid://csi.digitaluk.co.uk/973a740b-b6b8-493e-830b-8bd37680f317&start=2026-10-12T08:00:00+0000&duration=PT1H from server.
Fetching https://www.freeview.co.uk/api/program?sid=44&nid=64403&pid=crid://csi.digitaluk.co.uk/8de53b7a-47b2-4654-ac47-f42588e5195e&start=2026-10-12T09:00:00+0000&duration=PT1H from server.
Fetching https://www.freeview.co.uk/api/program?sid=44&nid=64403&pid=crid://csi.digitaluk.co.uk/dd0146f3-7a75-4576-b2dc-1cb4e29d6faa&start=2026-10-12T10:00:00+0000&duration=PT1H from server.
Fetching https://www.freeview.co.uk/api/program?sid=44&nid=64403&pid=crid://csi.digitaluk.co.uk/ab2f01e2-83d8-4f7f-a478-565b7feb3337&start=2026-10-12T11:00:00+0000&duration=PT1H from server.
Fetching https://www.freeview.co.uk/api/program?sid=44&nid=64403&pid=crid://csi.digitaluk.co.uk/7f8562c4-a72b-451f-9e0d-4b63be6ad5b4&start=2026-10-12T12:00:00+0000&duration=PT1H from server.
Fetching https://www.freeview.co.uk/api/program?sid=44&nid=64403&pid=crid://csi.digitaluk.co.uk/f90f9652-69a5-4a4f-a501-deb550a52364&start=2026-10-12T13:00:00+0000&duration=PT1H from server.
Fetching https://www.freeview.co.uk/api/program?sid=44&nid=64403&pid=crid://csi.digitaluk.co.uk/488a2e17-175e-4870-82dc-c2241340fb2d&start=2026-10-12T14:00:00+0000&duration=PT1H from server.
Fetching https://www.freeview.co.uk/api/program?sid=44&nid=64403&pid=crid://csi.digitaluk.co.uk/81084634-4671-4af5-98c9-b2a2f99d797c&start=2026-10-12T15:00:00+0000&duration=PT1H from server.
Fetching https://www.freeview.co.uk/api/program?sid=44&nid=64403&pid=crid://csi.digitaluk.co.uk/08c5b860-2f61-4372-9aab-387211415869&start=2026-10-12T16:00:00+0000&duration=PT1H from server.
Fetching https://www.freeview.co.uk/api/program?sid=44&nid=64403&pid=crid://csi.digitaluk.co.uk/a913fca1-01c3-48da-a80d-bcbb31d1884d&start=2026-10-12T17:00:00+0000&duration=PT1H from server.
Fetching https://www.freeview.co.uk/api/program?sid=44&nid=64403&pid=crid://csi.digitaluk.co.uk/e6a3e56b-d32a-4786-a526-cfe999be1de7&start=2026-10-12T18:00:00+0000&duration=PT1H from server.
Fetching https://www.freeview.co.uk/api/program?sid=44&nid=64403&pid=crid://csi.digitaluk.co.uk/ce6f0349-40c6-4c7f-a3ad-49c5d55da030&start=2026-10-12T19:00:00+0000&duration=PT1H from server.
Fetching https://www.freeview.co.uk/api/program?sid=44&nid=64403&pid=crid://csi.digitaluk.co.uk/e3b3e82a-d0e7-47d7-9f54-96f816f35c5f&start=2026-10-12T20:00:00+0000&duration=PT1H from server.
Fetching https://www.freeview.co.uk/api/program?sid=44&nid=64403&pid=crid://csi.digitaluk.co.uk/21dd49c7-977e-4562-870b-4a08dc9f6df2&start=2026-10-12T21:00:00+0000&duration=PT1H from server.
Fetching https://www.freeview.co.uk/api/program?sid=44&nid=64403&pid=crid://csi.digitaluk.co.uk/13e078e8-073b-4e06-92b6-b907cbc9c61a&start=2026-10-12T22:00:00+0000&duration=PT1H from server.
Fetching https://www.freeview.co.uk/api/program?sid=44&nid=64403&pid=crid://csi.digitaluk.co.uk/f9480f12-0164-4e17-98cd-a44e15fd4420&start=2026-10-12T23:00:00+0000&duration=PT1H from server.
## Wanted 20256 
Fetching https://www.freeview.co.uk/api/program?sid=46&nid=64403&pid=crid://panorama.five.tv/versions/C5478640059A&start=2026-10-12T01:10:00+0000&duration=PT1H from server.
Fetching https://www.freeview.co.uk/api/program?sid=46&nid=64403&pid=crid://panorama.five.tv/versions/C5478640060A&start=2026-10-12T02:10:00+0000&duration=PT50M from server.
Fetching https://www.freeview.co.uk/api/program?sid=46&nid=64403&pid=crid://panorama.five.tv/versions/C5266540001A&start=2026-10-12T03:00:00+0000&duration=PT2H from server.
Fetching https://www.freeview.co.uk/api/program?sid=46&nid=64403&pid=crid://panorama.five.tv/versions/C5480340001A&start=2026-10-12T05:00:00+0000&duration=PT30M from server.
Fetching https://www.freeview.co.uk/api/program?sid=46&nid=64403&pid=crid://panorama.five.tv/versions/C5326820001A&start=2026-10-12T05:30:00+0000&duration=PT30M from server.
Fetching https://www.freeview.co.uk/api/program?sid=46&nid=64403&pid=crid://panorama.five.tv/versions/C5349600001A&start=2026-10-12T06:00:00+0000&duration=PT1H from server.
Fetching https://www.freeview.co.uk/api/program?sid=46&nid=64403&pid=crid://panorama.five.tv/versions/C5349600001A&start=2026-10-12T07:00:00+0000&duration=PT1H from server.
Fetching https://www.freeview.co.uk/api/program?sid=46&nid=64403&pid=crid://panorama.five.tv/versions/C5296740004B&start=2026-10-12T08:00:00+0000&duration=PT1H from server.
Fetching https://www.freeview.co.uk/api/program?sid=46&nid=64403&pid=crid://panorama.five.tv/versions/C5296740005B&start=2026-10-12T09:00:00+0000&duration=PT1H from server.
Fetching https://www.freeview.co.uk/api/program?sid=46&nid=64403&pid=crid://panorama.five.tv/versions/C5496040003A&start=2026-10-12T10:00:00+0000&duration=PT1H from server.
Fetching https://www.freeview.co.uk/api/program?sid=46&nid=64403&pid=crid://panorama.five.tv/versions/C5496040004A&start=2026-10-12T11:00:00+0000&duration=PT1H from server.
Fetching https://www.freeview.co.uk/api/program?sid=46&nid=64403&pid=crid://panorama.five.tv/versions/C5269380005A&start=2026-10-12T12:00:00+0000&duration=PT1H from server.
Fetching https://www.freeview.co.uk/api/program?sid=46&nid=64403&pid=crid://panorama.five.tv/versions/C5269380006A&start=2026-10-12T13:00:00+0000&duration=PT1H from server.
Fetching https://www.freeview.co.uk/api/program?sid=46&nid=64403&pid=crid://panorama.five.tv/versions/C5085220001F&start=2026-10-12T14:00:00+0000&duration=PT2H from server.
Fetching https://www.freeview.co.uk/api/program?sid=46&nid=64403&pid=crid://panorama.five.tv/versions/C5172550001A&start=2026-10-12T16:00:00+0000&duration=PT1H from server.
Fetching https://www.freeview.co.uk/api/program?sid=46&nid=64403&pid=crid://panorama.five.tv/versions/C5275490002A&start=2026-10-12T17:00:00+0000&duration=PT1H from server.
Fetching https://www.freeview.co.uk/api/program?sid=46&nid=64403&pid=crid://panorama.five.tv/versions/C5496040005A&start=2026-10-12T18:00:00+0000&duration=PT1H from server.
Fetching https://www.freeview.co.uk/api/program?sid=46&nid=64403&pid=crid://panorama.five.tv/versions/C5496040006B&start=2026-10-12T19:00:00+0000&duration=PT1H from server.
Fetching https://www.freeview.co.uk/api/program?sid=46&nid=64403&pid=crid://panorama.five.tv/versions/C5509520007A&start=2026-10-12T20:00:00+0000&duration=PT1H from server.
Fetching https://www.freeview.co.uk/api/program?sid=46&nid=64403&pid=crid://panorama.five.tv/versions/C5523570036B&start=2026-10-12T21:00:00+0000&duration=PT35M from server.
Fetching https://www.freeview.co.uk/api/program?sid=46&nid=64403&pid=crid://panorama.five.tv/versions/C5523570037B&start=2026-10-12T21:35:00+0000&duration=PT25M from server.
Fetching https://www.freeview.co.uk/api/program?sid=46&nid=64403&pid=crid://panorama.five.tv/versions/C5478640066A&start=2026-10-12T22:00:00+0000&duration=PT1H from server.
Fetching https://www.freeview.co.uk/api/program?sid=46&nid=64403&pid=crid://panorama.five.tv/versions/C5478640067A&start=2026-10-12T23:00:00+0000&duration=PT1H from server.
### Wanted 8460 
Fetching https://www.freeview.co.uk/api/program?sid=49&nid=64403&pid=crid://movida.bebanjo.net/mas/version/79486/003/ASDELIVERED/C&start=2026-10-12T00:50:00+0000&duration=PT1H35M from server.
Fetching https://www.freeview.co.uk/api/program?sid=49&nid=64403&pid=crid://csi.digitaluk.co.uk/66f98dd2-75f0-40e5-be16-d8f9007e5440&start=2026-10-12T02:25:00+0000&duration=PT1H from server.
Fetching https://www.freeview.co.uk/api/program?sid=49&nid=64403&pid=crid://csi.digitaluk.co.uk/66936760-98d2-4798-b9bd-526ee0f6a4eb&start=2026-10-12T03:25:00+0000&duration=PT30M from server.
Fetching https://www.freeview.co.uk/api/program?sid=49&nid=64403&pid=crid://csi.digitaluk.co.uk/d9d6da06-14be-4b25-9c40-a80cc9eb585c&start=2026-10-12T03:55:00+0000&duration=PT2H5M from server.
Fetching https://www.freeview.co.uk/api/program?sid=49&nid=64403&pid=crid://csi.digitaluk.co.uk/b2910b5e-6cda-4ddc-98b8-cc3bc351939a&start=2026-10-12T06:00:00+0000&duration=PT2H from server.
Fetching https://www.freeview.co.uk/api/program?sid=49&nid=64403&pid=crid://csi.digitaluk.co.uk/209e6fae-3216-46e6-a1c8-e105fe81dd4e&start=2026-10-12T08:00:00+0000&duration=PT1H from server.
Fetching https://www.freeview.co.uk/api/program?sid=49&nid=64403&pid=crid://csi.digitaluk.co.uk/84ac65cd-ece2-4414-b632-8737b22a5e5d&start=2026-10-12T09:00:00+0000&duration=PT1H from server.
Fetching https://www.freeview.co.uk/api/program?sid=49&nid=64403&pid=crid://movida.bebanjo.net/mas/version/77004/025/ASDELIVERED/C&start=2026-10-12T10:00:00+0000&duration=PT1H from server.
Fetching https://www.freeview.co.uk/api/program?sid=49&nid=64403&pid=crid://csi.digitaluk.co.uk/329d5e6f-4fcc-46e1-8d78-8deae9f24d0d&start=2026-10-12T11:00:00+0000&duration=PT1H from server.
Fetching https://www.freeview.co.uk/api/program?sid=49&nid=64403&pid=crid://csi.digitaluk.co.uk/04fe3d0a-a6d3-437d-8272-bfd5e0ad8e40&start=2026-10-12T12:00:00+0000&duration=PT1H from server.
Fetching https://www.freeview.co.uk/api/program?sid=49&nid=64403&pid=crid://csi.digitaluk.co.uk/bbd0d268-40c8-4a48-abf1-ee2cd5253e24&start=2026-10-12T13:00:00+0000&duration=PT1H from server.
Fetching https://www.freeview.co.uk/api/program?sid=49&nid=64403&pid=crid://csi.digitaluk.co.uk/d207abaa-2e67-4867-9e3e-edf525a66737&start=2026-10-12T14:00:00+0000&duration=PT30M from server.
Fetching https://www.freeview.co.uk/api/program?sid=49&nid=64403&pid=crid://csi.digitaluk.co.uk/cee05c30-65fd-4b02-9186-dcc69e722fdb&start=2026-10-12T14:30:00+0000&duration=PT30M from server.
Fetching https://www.freeview.co.uk/api/program?sid=49&nid=64403&pid=crid://csi.digitaluk.co.uk/2516d449-aab4-48f2-9585-9cd1202ce19f&start=2026-10-12T15:00:00+0000&duration=PT30M from server.
Fetching https://www.freeview.co.uk/api/program?sid=49&nid=64403&pid=crid://csi.digitaluk.co.uk/21addc68-5e89-4894-9bc8-9f81b33cb825&start=2026-10-12T15:30:00+0000&duration=PT30M from server.
Fetching https://www.freeview.co.uk/api/program?sid=49&nid=64403&pid=crid://csi.digitaluk.co.uk/6d2ba0f4-7568-4438-9c62-5fa6f2a2cdf2&start=2026-10-12T16:00:00+0000&duration=PT30M from server.
Fetching https://www.freeview.co.uk/api/program?sid=49&nid=64403&pid=crid://csi.digitaluk.co.uk/b5b6c68c-cd7d-43d2-9cf6-3d72a1eff723&start=2026-10-12T16:30:00+0000&duration=PT30M from server.
Fetching https://www.freeview.co.uk/api/program?sid=49&nid=64403&pid=crid://csi.digitaluk.co.uk/998f81a3-75f1-40b6-a5b4-3116ead0aad5&start=2026-10-12T17:00:00+0000&duration=PT1H from server.
Fetching https://www.freeview.co.uk/api/program?sid=49&nid=64403&pid=crid://csi.digitaluk.co.uk/e67e7beb-c215-45f6-a607-3ea1ea9621a7&start=2026-10-12T18:00:00+0000&duration=PT1H from server.
Fetching https://www.freeview.co.uk/api/program?sid=49&nid=64403&pid=crid://movida.bebanjo.net/mas/version/65183/006/ASDELIVERED/C&start=2026-10-12T19:00:00+0000&duration=PT1H from server.
Fetching https://www.freeview.co.uk/api/program?sid=49&nid=64403&pid=crid://csi.digitaluk.co.uk/abfc8e82-7872-46b6-a9c6-be51459d9d82&start=2026-10-12T20:00:00+0000&duration=PT1H from server.
Fetching https://www.freeview.co.uk/api/program?sid=49&nid=64403&pid=crid://movida.bebanjo.net/mas/version/79486/003/ASDELIVERED/C&start=2026-10-12T21:00:00+0000&duration=PT1H35M from server.
Fetching https://www.freeview.co.uk/api/program?sid=49&nid=64403&pid=crid://movida.bebanjo.net/mas/version/78331/005/ASDELIVERED/C&start=2026-10-12T22:35:00+0000&duration=PT1H from server.
Fetching https://www.freeview.co.uk/api/program?sid=49&nid=64403&pid=crid://csi.digitaluk.co.uk/78ba549c-878c-49fa-a7dd-8470957631ca&start=2026-10-12T23:35:00+0000&duration=PT1H from server.
## Wanted 14384 
Fetching https://www.freeview.co.uk/api/program?sid=64&nid=64403&pid=crid://csi.digitaluk.co.uk/c6a3071c-71d6-41e8-8508-075e2aaa6507&start=2026-10-12T00:00:00+0000&duration=PT1H from server.
Fetching https://www.freeview.co.uk/api/program?sid=64&nid=64403&pid=crid://csi.digitaluk.co.uk/1e49a739-ba2e-47c2-a712-6c775b61cc67&start=2026-10-12T01:00:00+0000&duration=PT1H from server.
Fetching https://www.freeview.co.uk/api/program?sid=64&nid=64403&pid=crid://csi.digitaluk.co.uk/626272d2-1d92-4c5a-9e0b-eff3c4d308d2&start=2026-10-12T02:00:00+0000&duration=PT1H from server.
Fetching https://www.freeview.co.uk/api/program?sid=64&nid=64403&pid=crid://csi.digitaluk.co.uk/b683b42e-f407-42d2-bbdb-e15b49d11359&start=2026-10-12T03:00:00+0000&duration=PT1H from server.
Fetching https://www.freeview.co.uk/api/program?sid=64&nid=64403&pid=crid://csi.digitaluk.co.uk/9e91abd2-1460-4c9f-951f-9d0b1d0dc18a&start=2026-10-12T04:00:00+0000&duration=PT1H from server.
Fetching https://www.freeview.co.uk/api/program?sid=64&nid=64403&pid=crid://csi.digitaluk.co.uk/89b9d911-3d16-4628-8b86-a73dc88cb6c7&start=2026-10-12T05:00:00+0000&duration=PT45M from server.
Fetching https://www.freeview.co.uk/api/program?sid=64&nid=64403&pid=crid://csi.digitaluk.co.uk/3ed53f17-bfae-478a-89c6-4ce06e109406&start=2026-10-12T05:45:00+0000&duration=PT45M from server.
Fetching https://www.freeview.co.uk/api/program?sid=64&nid=64403&pid=crid://csi.digitaluk.co.uk/6cce23d0-3ff5-4e5b-918d-5a3af49c4fd2&start=2026-10-12T06:30:00+0000&duration=PT55M from server.
Fetching https://www.freeview.co.uk/api/program?sid=64&nid=64403&pid=crid://csi.digitaluk.co.uk/3a3c403b-2f02-4414-b79d-ed8cdf8120fd&start=2026-10-12T07:25:00+0000&duration=PT55M from server.
Fetching https://www.freeview.co.uk/api/program?sid=64&nid=64403&pid=crid://csi.digitaluk.co.uk/f552c31a-4df2-4d06-8c25-b8b3841ada89&start=2026-10-12T08:20:00+0000&duration=PT55M from server.
Fetching https://www.freeview.co.uk/api/program?sid=64&nid=64403&pid=crid://csi.digitaluk.co.uk/398374df-095d-48bb-9aab-1a820663e4da&start=2026-10-12T09:15:00+0000&duration=PT55M from server.
Fetching https://www.freeview.co.uk/api/program?sid=64&nid=64403&pid=crid://csi.digitaluk.co.uk/c50bba08-580d-48ce-9af4-291738bbe293&start=2026-10-12T10:10:00+0000&duration=PT1H from server.
Fetching https://www.freeview.co.uk/api/program?sid=64&nid=64403&pid=crid://csi.digitaluk.co.uk/e80a9d8e-8618-409d-b48f-cd26ac0291fd&start=2026-10-12T11:10:00+0000&duration=PT55M from server.
Fetching https://www.freeview.co.uk/api/program?sid=64&nid=64403&pid=crid://csi.digitaluk.co.uk/14fa1343-c09f-44f6-89b2-de5d0c9f9657&start=2026-10-12T12:05:00+0000&duration=PT1H from server.
Fetching https://www.freeview.co.uk/api/program?sid=64&nid=64403&pid=crid://csi.digitaluk.co.uk/07a88095-d68f-4ac5-9a55-fb62657ca38e&start=2026-10-12T13:05:00+0000&duration=PT30M from server.
Fetching https://www.freeview.co.uk/api/program?sid=64&nid=64403&pid=crid://csi.digitaluk.co.uk/0fba5621-417d-4081-954e-7e93af0dba32&start=2026-10-12T13:35:00+0000&duration=PT30M from server.
Fetching https://www.freeview.co.uk/api/program?sid=64&nid=64403&pid=crid://csi.digitaluk.co.uk/54e7c1c6-5dd2-49fe-aaa4-c12c2823eda1&start=2026-10-12T14:05:00+0000&duration=PT30M from server.
Fetching https://www.freeview.co.uk/api/program?sid=64&nid=64403&pid=crid://csi.digitaluk.co.uk/a47ffb16-c632-4149-b356-5d0d23e205d6&start=2026-10-12T14:35:00+0000&duration=PT30M from server.
Fetching https://www.freeview.co.uk/api/program?sid=64&nid=64403&pid=crid://csi.digitaluk.co.uk/68f5e076-9b93-4e31-916f-7de2f30cf284&start=2026-10-12T15:05:00+0000&duration=PT55M from server.
Fetching https://www.freeview.co.uk/api/program?sid=64&nid=64403&pid=crid://csi.digitaluk.co.uk/967e946d-b47e-4a68-bfaa-b861d052d20b&start=2026-10-12T16:00:00+0000&duration=PT1H from server.
Fetching https://www.freeview.co.uk/api/program?sid=64&nid=64403&pid=crid://csi.digitaluk.co.uk/d42aaa8e-16e8-4520-8428-d26eee643f4f&start=2026-10-12T17:00:00+0000&duration=PT1H from server.
Fetching https://www.freeview.co.uk/api/program?sid=64&nid=64403&pid=crid://csi.digitaluk.co.uk/a93f1a6d-f1d2-4c17-8ae8-852d344e3f52&start=2026-10-12T18:00:00+0000&duration=PT1H from server.
Fetching https://www.freeview.co.uk/api/program?sid=64&nid=64403&pid=crid://csi.digitaluk.co.uk/8c77f7c1-8033-40b9-aa72-ff4498146c38&start=2026-10-12T19:00:00+0000&duration=PT1H from server.
Fetching https://www.freeview.co.uk/api/program?sid=64&nid=64403&pid=crid://csi.digitaluk.co.uk/53e49574-0c1e-46de-a9ff-4121ed21477f&start=2026-10-12T20:00:00+0000&duration=PT1H from server.
Fetching https://www.freeview.co.uk/api/program?sid=64&nid=64403&pid=crid://csi.digitaluk.co.uk/383fe12e-6e82-46fd-807b-5f9133196ceb&start=2026-10-12T21:00:00+0000&duration=PT1H from server.
Fetching https://www.freeview.co.uk/api/program?sid=64&nid=64403&pid=crid://csi.digitaluk.co.uk/575884b6-9173-4b9e-bc58-cd9b865655f5&start=2026-10-12T22:00:00+0000&duration=PT1H from server.
Fetching https://www.freeview.co.uk/api/program?sid=64&nid=64403&pid=crid://csi.digitaluk.co.uk/e539b700-73e3-4a18-863e-fb569fb064c0&start=2026-10-12T23:00:00+0000&duration=PT1H from server.
### Wanted 17856 
Fetching https://www.freeview.co.uk/api/program?sid=103&nid=64403&pid=crid://csi.digitaluk.co.uk/5af9eff7-d96e-45cd-96f8-ff292dff778b&start=2026-10-12T02:00:00+0000&duration=PT50M from server.
Fetching https://www.freeview.co.uk/api/program?sid=103&nid=64403&pid=crid://csi.digitaluk.co.uk/390c7efc-8ecf-4af9-b616-a73a4f69f06e&start=2026-10-12T02:50:00+0000&duration=PT1H15M from server.
Fetching https://www.freeview.co.uk/api/program?sid=103&nid=64403&pid=crid://csi.digitaluk.co.uk/fbb4d999-f80a-43e0-accd-0ba705231aee&start=2026-10-12T04:05:00+0000&duration=PT55M from server.
Fetching https://www.freeview.co.uk/api/program?sid=103&nid=64403&pid=crid://csi.digitaluk.co.uk/27a3792f-b649-4c7f-a3cd-7ddbe3e116de&start=2026-10-12T05:00:00+0000&duration=PT3H30M from server.
Fetching https://www.freeview.co.uk/api/program?sid=103&nid=64403&pid=crid://csi.digitaluk.co.uk/6b9dd6f3-0daa-4585-ace1-2e9fee69809f&start=2026-10-12T08:30:00+0000&duration=PT30M from server.
Fetching https://www.freeview.co.uk/api/program?sid=103&nid=64403&pid=crid://csi.digitaluk.co.uk/d391a5c4-5087-42a4-ba96-8795e361c133&start=2026-10-12T09:00:00+0000&duration=PT2H30M from server.
Fetching https://www.freeview.co.uk/api/program?sid=103&nid=64403&pid=crid://csi.digitaluk.co.uk/a12bf5ae-cc7d-430d-9949-758c195b9a11&start=2026-10-12T11:30:00+0000&duration=PT1H from server.
Fetching https://www.freeview.co.uk/api/program?sid=103&nid=64403&pid=crid://csi.digitaluk.co.uk/a079e537-7faf-4018-b6f1-670db36220ea&start=2026-10-12T12:30:00+0000&duration=PT25M from server.
Fetching https://www.freeview.co.uk/api/program?sid=103&nid=64403&pid=crid://csi.digitaluk.co.uk/4502ce67-0523-498f-8c8d-082e179f55b3&start=2026-10-12T12:55:00+0000&duration=PT5M from server.
Fetching https://www.freeview.co.uk/api/program?sid=103&nid=64403&pid=crid://csi.digitaluk.co.uk/ba7d9882-4108-4b23-8903-65af553f6832&start=2026-10-12T13:00:00+0000&duration=PT1H from server.
Fetching https://www.freeview.co.uk/api/program?sid=103&nid=64403&pid=crid://csi.digitaluk.co.uk/bc40ede4-e7c4-49da-9e13-223bd61eeeba&start=2026-10-12T14:00:00+0000&duration=PT1H from server.
Fetching https://www.freeview.co.uk/api/program?sid=103&nid=64403&pid=crid://csi.digitaluk.co.uk/f6c15afa-0744-4e75-a073-31bf96cb7a42&start=2026-10-12T15:00:00+0000&duration=PT1H from server.
Fetching https://www.freeview.co.uk/api/program?sid=103&nid=64403&pid=crid://csi.digitaluk.co.uk/f1b948ce-f5e8-4861-801e-2b25905983cc&start=2026-10-12T16:00:00+0000&duration=PT1H from server.
Fetching https://www.freeview.co.uk/api/program?sid=103&nid=64403&pid=crid://csi.digitaluk.co.uk/06825d90-c054-4bbc-bd10-621c8084fb89&start=2026-10-12T17:00:00+0000&duration=PT30M from server.
Fetching https://www.freeview.co.uk/api/program?sid=103&nid=64403&pid=crid://csi.digitaluk.co.uk/dd16bf9b-c99f-4dd3-acda-536ae2af0348&start=2026-10-12T17:30:00+0000&duration=PT1H from server.
Fetching https://www.freeview.co.uk/api/program?sid=103&nid=64403&pid=crid://csi.digitaluk.co.uk/5d934c9f-bd75-43f9-9254-28c4294437ad&start=2026-10-12T18:30:00+0000&duration=PT30M from server.
Fetching https://www.freeview.co.uk/api/program?sid=103&nid=64403&pid=crid://www.stv.tv/programInformation/234760&start=2026-10-12T19:00:00+0000&duration=PT30M from server.
Fetching https://www.freeview.co.uk/api/program?sid=103&nid=64403&pid=crid://www.stv.tv/programInformation/234753&start=2026-10-12T19:30:00+0000&duration=PT30M from server.
Fetching https://www.freeview.co.uk/api/program?sid=103&nid=64403&pid=crid://csi.digitaluk.co.uk/c704894f-2538-4a03-9380-a170fce9c338&start=2026-10-12T20:00:00+0000&duration=PT1H from server.
Fetching https://www.freeview.co.uk/api/program?sid=103&nid=64403&pid=crid://csi.digitaluk.co.uk/5b773693-59ed-4e2c-8dad-b0beaaa75609&start=2026-10-12T21:00:00+0000&duration=PT30M from server.
Fetching https://www.freeview.co.uk/api/program?sid=103&nid=64403&pid=crid://csi.digitaluk.co.uk/2260ffef-0715-4794-a908-9df79d02f3b4&start=2026-10-12T21:30:00+0000&duration=PT10M from server.
Fetching https://www.freeview.co.uk/api/program?sid=103&nid=64403&pid=crid://csi.digitaluk.co.uk/1a53e75b-430c-453e-bd68-124e3d91cde5&start=2026-10-12T21:40:00+0000&duration=PT25M from server.
Fetching https://www.freeview.co.uk/api/program?sid=103&nid=64403&pid=crid://csi.digitaluk.co.uk/5a8db571-ddca-4cd2-9a58-78f21dbd5e25&start=2026-10-12T22:05:00+0000&duration=PT55M from server.
Fetching https://www.freeview.co.uk/api/program?sid=103&nid=64403&pid=crid://csi.digitaluk.co.uk/8a0d6ca2-bd2f-43fa-8d98-e572b3ac45ff&start=2026-10-12T23:00:00+0000&duration=PT3H from server.
## Wanted 22080 
Fetching https://www.freeview.co.uk/api/program?sid=233&nid=64403&pid=crid://csi.digitaluk.co.uk/426f8504-5a0e-4d06-babd-2b71c2c38728&start=2026-10-12T00:00:00+0000&duration=PT1H from server.
Fetching https://www.freeview.co.uk/api/program?sid=233&nid=64403&pid=crid://csi.digitaluk.co.uk/61218fe1-c805-4ae4-b56f-142baa45afb5&start=2026-10-12T01:00:00+0000&duration=PT1H from server.
Fetching https://www.freeview.co.uk/api/program?sid=233&nid=64403&pid=crid://csi.digitaluk.co.uk/81ab0dea-a42b-421f-8c10-068ec44a464c&start=2026-10-12T02:00:00+0000&duration=PT1H from server.
Fetching https://www.freeview.co.uk/api/program?sid=233&nid=64403&pid=crid://csi.digitaluk.co.uk/23266038-32fa-45c2-be68-33b0158f47fa&start=2026-10-12T03:00:00+0000&duration=PT1H from server.
Fetching https://www.freeview.co.uk/api/program?sid=233&nid=64403&pid=crid://csi.digitaluk.co.uk/5b1eae24-0125-4095-9de4-068e4a19d074&start=2026-10-12T04:00:00+0000&duration=PT1H from server.
Fetching https://www.freeview.co.uk/api/program?sid=233&nid=64403&pid=crid://csi.digitaluk.co.uk/a05c8975-fd19-4b96-95d7-e87172ffd62f&start=2026-10-12T05:00:00+0000&duration=PT30M from server.
Fetching https://www.freeview.co.uk/api/program?sid=233&nid=64403&pid=crid://csi.digitaluk.co.uk/a3d66b53-6f27-4ab9-815b-28e6d00df425&start=2026-10-12T05:30:00+0000&duration=PT30M from server.
Fetching https://www.freeview.co.uk/api/program?sid=233&nid=64403&pid=crid://csi.digitaluk.co.uk/a1d46e7d-4b6c-4cf4-99c2-a3b85e88ae20&start=2026-10-12T06:00:00+0000&duration=PT30M from server.
Fetching https://www.freeview.co.uk/api/program?sid=233&nid=64403&pid=crid://csi.digitaluk.co.uk/a5255cd9-281f-403d-9d63-a8271f0c08aa&start=2026-10-12T06:30:00+0000&duration=PT30M from server.
Fetching https://www.freeview.co.uk/api/program?sid=233&nid=64403&pid=crid://csi.digitaluk.co.uk/6d7fd751-6df9-459f-83c9-da5f737e9a46&start=2026-10-12T07:00:00+0000&duration=PT30M from server.
Fetching https://www.freeview.co.uk/api/program?sid=233&nid=64403&pid=crid://csi.digitaluk.co.uk/a6f4231f-4192-4486-ae78-74f1164d28eb&start=2026-10-12T07:30:00+0000&duration=PT30M from server.
Fetching https://www.freeview.co.uk/api/program?sid=233&nid=64403&pid=crid://csi.digitaluk.co.uk/86307567-3009-4d21-bfd4-28459bcb3692&start=2026-10-12T08:00:00+0000&duration=PT30M from server.
Fetching https://www.freeview.co.uk/api/program?sid=233&nid=64403&pid=crid://csi.digitaluk.co.uk/e6d18e96-6a70-40a0-8943-17c960728609&start=2026-10-12T08:30:00+0000&duration=PT30M from server.
Fetching https://www.freeview.co.uk/api/program?sid=233&nid=64403&pid=crid://csi.digitaluk.co.uk/fa8c0b0b-d95f-46bf-9aee-7979bafc1eac&start=2026-10-12T09:00:00+0000&duration=PT30M from server.
Fetching https://www.freeview.co.uk/api/program?sid=233&nid=64403&pid=crid://csi.digitaluk.co.uk/3a4ae3f5-857f-4b76-8b12-bce863bc1117&start=2026-10-12T09:30:00+0000&duration=PT30M from server.
Fetching https://www.freeview.co.uk/api/program?sid=233&nid=64403&pid=crid://csi.digitaluk.co.uk/aa5dd292-8f4d-4ae2-8cd0-1984d48f9635&start=2026-10-12T10:00:00+0000&duration=PT30M from server.
Fetching https://www.freeview.co.uk/api/program?sid=233&nid=64403&pid=crid://csi.digitaluk.co.uk/ba278363-8f5d-42ed-ba33-c4b803f69edf&start=2026-10-12T10:30:00+0000&duration=PT30M from server.
Fetching https://www.freeview.co.uk/api/program?sid=233&nid=64403&pid=crid://csi.digitaluk.co.uk/6a9578a9-06d0-4f2f-9376-929092542a76&start=2026-10-12T11:00:00+0000&duration=PT30M from server.
Fetching https://www.freeview.co.uk/api/program?sid=233&nid=64403&pid=crid://csi.digitaluk.co.uk/888cba11-226c-43a0-b6b8-d08e2c8ffc66&start=2026-10-12T11:30:00+0000&duration=PT30M from server.
Fetching https://www.freeview.co.uk/api/program?sid=233&nid=64403&pid=crid://csi.digitaluk.co.uk/2aeb0548-cbf1-4c55-9830-8ab6c9101eb0&start=2026-10-12T12:00:00+0000&duration=PT30M from server.
Fetching https://www.freeview.co.uk/api/program?sid=233&nid=64403&pid=crid://csi.digitaluk.co.uk/aa24fb46-53c8-4438-a4ce-a72533eac6f1&start=2026-10-12T12:30:00+0000&duration=PT30M from server.
Fetching https://www.freeview.co.uk/api/program?sid=233&nid=64403&pid=crid://csi.digitaluk.co.uk/d45aa315-61fc-49f4-9fd9-b6a38d57c637&start=2026-10-12T13:00:00+0000&duration=PT30M from server.
Fetching https://www.freeview.co.uk/api/program?sid=233&nid=64403&pid=crid://csi.digitaluk.co.uk/ee561ba7-217e-4887-9d61-2ef1d53dae7e&start=2026-10-12T13:30:00+0000&duration=PT30M from server.
Fetching https://www.freeview.co.uk/api/program?sid=233&nid=64403&pid=crid://csi.digitaluk.co.uk/30fdd6b2-05b0-4ad6-852e-e26600108966&start=2026-10-12T14:00:00+0000&duration=PT30M from server.
Fetching https://www.freeview.co.uk/api/program?sid=233&nid=64403&pid=crid://csi.digitaluk.co.uk/90ed96c6-6dca-4b86-86f3-d4468be51254&start=2026-10-12T14:30:00+0000&duration=PT30M from server.
Fetching https://www.freeview.co.uk/api/program?sid=233&nid=64403&pid=crid://csi.digitaluk.co.uk/584cea88-2567-4cb0-8caa-8b00dda20b67&start=2026-10-12T15:00:00+0000&duration=PT30M from server.
Fetching https://www.freeview.co.uk/api/program?sid=233&nid=64403&pid=crid://csi.digitaluk.co.uk/65a594e5-3a58-4e60-baf0-92f8eb25adc7&start=2026-10-12T15:30:00+0000&duration=PT30M from server.
Fetching https://www.freeview.co.uk/api/program?sid=233&nid=64403&pid=crid://csi.digitaluk.co.uk/eb65cfc3-bb59-496b-b547-45ead9b820ec&start=2026-10-12T16:00:00+0000&duration=PT30M from server.
Fetching https://www.freeview.co.uk/api/program?sid=233&nid=64403&pid=crid://csi.digitaluk.co.uk/754af4a5-0b74-4144-aee3-2bd7a4b612e2&start=2026-10-12T16:30:00+0000&duration=PT30M from server.
Fetching https://www.freeview.co.uk/api/program?sid=233&nid=64403&pid=crid://csi.digitaluk.co.uk/19b4c950-bc33-4efe-9a9e-5690cab038c6&start=2026-10-12T17:00:00+0000&duration=PT30M from server.
Fetching https://www.freeview.co.uk/api/program?sid=233&nid=64403&pid=crid://csi.digitaluk.co.uk/8945c094-1f8f-460a-b885-dca85e589a96&start=2026-10-12T17:30:00+0000&duration=PT30M from server.
Fetching https://www.freeview.co.uk/api/program?sid=233&nid=64403&pid=crid://csi.digitaluk.co.uk/1491961e-bc61-46c6-a1ff-682dfce5ee13&start=2026-10-12T18:00:00+0000&duration=PT1H from server.
Fetching https://www.freeview.co.uk/api/program?sid=233&nid=64403&pid=crid://csi.digitaluk.co.uk/7363c400-4a51-4142-b71a-4da95e37e0c0&start=2026-10-12T19:00:00+0000&duration=PT1H from server.
Fetching https://www.freeview.co.uk/api/program?sid=233&nid=64403&pid=crid://csi.digitaluk.co.uk/f99fd987-0c2a-493f-b09f-32a8cef1dace&start=2026-10-12T20:00:00+0000&duration=PT1H from server.
Fetching https://www.freeview.co.uk/api/program?sid=233&nid=64403&pid=crid://csi.digitaluk.co.uk/a559d14f-f82b-4403-9427-e2ffd3b43d44&start=2026-10-12T21:00:00+0000&duration=PT30M from server.
Fetching https://www.freeview.co.uk/api/program?sid=233&nid=64403&pid=crid://csi.digitaluk.co.uk/685ddbde-03cd-4b9d-98a9-57119414e59f&start=2026-10-12T21:30:00+0000&duration=PT30M from server.
Fetching https://www.freeview.co.uk/api/program?sid=233&nid=64403&pid=crid://csi.digitaluk.co.uk/000a19e5-4fb7-4dca-98a1-98675308f8a8&start=2026-10-12T22:00:00+0000&duration=PT30M from server.
Fetching https://www.freeview.co.uk/api/program?sid=233&nid=64403&pid=crid://csi.digitaluk.co.uk/0fa7b9ca-8fc9-41d3-9ed2-384aa552e50b&start=2026-10-12T22:30:00+0000&duration=PT30M from server.
Fetching https://www.freeview.co.uk/api/program?sid=233&nid=64403&pid=crid://csi.digitaluk.co.uk/6e72b38e-9e87-4fd2-9371-085f7649ecbe&start=2026-10-12T23:00:00+0000&duration=PT1H from server.
###
